"Låtens URI","Låtens namn","Artistens URI","Artistens namn","Albumets URI","Albumets namn","Albumartistens URI","Albumartistens namn","Albumets releasedatum","Albumets bild-URL","Skivnummer","Låtnummer","Låtlängd (ms)","Förhandsgranskning URL","Explicit","Popularitet","ISRC","Tillagd av","Tillagd vid","Artistens genrer","Dansbarhet","Energi","Tonart","Ljudstyrka","Läge","Talighet","Akustik","Instrumentalhet","Livlighet","Valens","Tempo","Taktart","Albumets genrer","Skivbolag","Upphovsrätt"
"spotify:track:5veWjt4vuWY0QyR3ReohF6","Mendigo Por Tua Culpa","spotify:artist:7gfkYbxpguEc9bm6m8TpAr","Chitãozinho & Xororó","spotify:album:5glwpMQLgEiMnbJz8vFGh6","A Força Jovem Da Música Sertaneja","spotify:artist:7gfkYbxpguEc9bm6m8TpAr","Chitãozinho & Xororó","1976","https://i.scdn.co/image/ab67616d0000b2735051d8c678d558ba60bbc302","1","4","129533","https://p.scdn.co/mp3-preview/d22e3c3f015867d597bddf24de205ee716e0380d?cid=9950ac751e34487dbbe027c4fd7f8e99","false","7","BREMI7600007","spotify:user:isak.sjoholm.","2025-07-18T13:23:32Z","sertanejo tradicional,sertanejo,agronejo","0.691","0.555","11","-8.312","1","0.0369","0.65","0","0.081","0.77","98.729","4","","EMI Music Brasil Ltda","C © 2015 EMI Records Brasil Ltda/Universal Music International Ltda, P ℗ 1976 EMI Records Brasil Ltda/Universal Music International Ltda"
"spotify:track:7FPwyt109Z0Ks5HFyXclJo","Superstafa","spotify:artist:7dnT2FUXhjirperXaH22IJ","Rita Lee","spotify:album:6ijeidJRPXQntGfec5gkFk","Entradas E Bandeiras","spotify:artist:7dnT2FUXhjirperXaH22IJ","Rita Lee","1976","https://i.scdn.co/image/ab67616d0000b2735b62b0da40cffe6538a4eb1f","1","6","218200","https://p.scdn.co/mp3-preview/efbb56d22e1b3be140f5be2cb6eae0821bee60d1?cid=9950ac751e34487dbbe027c4fd7f8e99","false","23","BREMI7600656","spotify:user:isak.sjoholm.","2025-07-18T13:23:32Z","mpb,brasiliansk rock,brasiliansk pop","0.508","0.872","2","-9.262","1","0.0686","0.0815","0.00000789","0.0529","0.829","140.944","4","","EMI Brazil","C © 2005 EMI Music Brasil Ltda, P ℗ 2005 EMI Music Brasil Ltda"
"spotify:track:0PkkPvz04LfEg1CfqZKXFv","Podes Rir","spotify:artist:0lTr2hteHyTLbCmgUpLf8J","Roberto Ribeiro","spotify:album:6hpcN2QCZogZVExfUDi5ED","Arrasta Povo","spotify:artist:0lTr2hteHyTLbCmgUpLf8J","Roberto Ribeiro","1976-06-03","https://i.scdn.co/image/ab67616d0000b273606c65b5ab378d89b970bce6","1","5","148266","https://p.scdn.co/mp3-preview/ed29ad782a8ad6b11c8dbecd4c44454cacdaec73?cid=9950ac751e34487dbbe027c4fd7f8e99","false","14","BREMI7600796","spotify:user:isak.sjoholm.","2025-07-18T13:23:32Z","samba","0.569","0.693","7","-9.023","1","0.19","0.227","0","0.079","0.73","115.315","4","","Universal Music Ltda.","C © 1976 EMI Records Brasil Ltda, P ℗ 1976 EMI Records Brasil Ltda"
"spotify:track:0iVYuh40UFDZ9yzbjvYEv4","Minha Tia - Versão Remasterizada","spotify:artist:7fAKtXSdNInWAIf0jVUz65","Roberto Carlos","spotify:album:45PcdXSUjcqVDbwqjRewhy","Roberto Carlos (1976 Remasterizado)","spotify:artist:7fAKtXSdNInWAIf0jVUz65","Roberto Carlos","1976-04-07","https://i.scdn.co/image/ab67616d0000b27331dfcf7345f1c2a37d670241","1","10","202960","https://p.scdn.co/mp3-preview/f46c7f9dfd3174b05fbff7b02279d7625d5251b2?cid=9950ac751e34487dbbe027c4fd7f8e99","false","21","BRSME7600045","spotify:user:isak.sjoholm.","2025-07-18T13:23:32Z","mpb,brega,bolero","0.641","0.445","4","-10.18","1","0.0446","0.867","0.00111","0.208","0.766","111.17","4","","Sony BMG Music Entertainment","P (P) 1976 Sony Music Entertainment Brasil Ltda"
"spotify:track:3QANqpWJKFzhUa36r9Z3T4","Pássaro","spotify:artist:7uueezfy8NlCLWlJAOQPnk","O Terco","spotify:album:5QCDjm1ZgWEMSqGqlpsQ2f","Casa Encantada","spotify:artist:7uueezfy8NlCLWlJAOQPnk","O Terco","1976-01-01","https://i.scdn.co/image/ab67616d0000b2739a90fa48abcb1d1540e3fad9","1","11","164773","https://p.scdn.co/mp3-preview/d250e9ef9029926b16c952d0c2e4d29767db3cdd?cid=9950ac751e34487dbbe027c4fd7f8e99","false","20","BREMI7600167","spotify:user:isak.sjoholm.","2025-07-18T13:23:32Z","brasiliansk rock,progressiv rock","0.527","0.298","7","-14.23","1","0.0329","0.27","0","0.0623","0.198","134.54","4","","EMI Music Brasil Ltda","C © 1976 EMI Music Brasil Ltda, P ℗ 1976 EMI Music Brasil Ltda"
"spotify:track:4MmkqnajtF0g8URN9jgBuM","Lumiar","spotify:artist:4ijgnqYvE1INXb1NSVT11m","Beto Guedes","spotify:album:2ZAQTUh2sKZs7EHtd50eWk","A Página Do Relâmpago Elétrico","spotify:artist:4ijgnqYvE1INXb1NSVT11m","Beto Guedes","1977-10-03","https://i.scdn.co/image/ab67616d0000b2736ffe8d7c6b51710d4a7cac38","1","6","205752","https://p.scdn.co/mp3-preview/0e060385e96b6562f31f3b99a8a438917106650d?cid=9950ac751e34487dbbe027c4fd7f8e99","false","43","BREMI7600026","spotify:user:isak.sjoholm.","2025-07-18T13:23:32Z","mpb","0.637","0.613","11","-9.18","0","0.0342","0.537","0","0.0324","0.664","130.072","3","","EMI","C © 1977 EMI Music Brasil Ltda, P ℗ 1977 EMI Music Brasil Ltda"
"spotify:track:60kHuNkAzdQbCLNs7oplTM","Pra Que Chorar","spotify:artist:0hPar6ePAELiu9rYMdvMEo","Alcione","spotify:album:1batFaqce8LYVmGPVY1zKP","Pra Que Chorar","spotify:artist:0hPar6ePAELiu9rYMdvMEo","Alcione","1977","https://i.scdn.co/image/ab67616d0000b273af50d905e67979bb571659ec","1","6","190666","https://p.scdn.co/mp3-preview/fc1fb5813669b10514159ba4dcb2d22fe084b925?cid=9950ac751e34487dbbe027c4fd7f8e99","false","26","BRMCA0500698","spotify:user:isak.sjoholm.","2025-07-18T13:23:32Z","samba,pagode,mpb","0.567","0.576","2","-9.495","1","0.0731","0.505","0","0.0748","0.926","154.285","4","","Universal Music Ltda.","C © 1977 Universal Music Ltda, P ℗ 1977 Universal Music Ltda"
"spotify:track:2paHT1IZMaFV3pw2Oeoa7l","Maria Solidária","spotify:artist:4ijgnqYvE1INXb1NSVT11m","Beto Guedes","spotify:album:2ZAQTUh2sKZs7EHtd50eWk","A Página Do Relâmpago Elétrico","spotify:artist:4ijgnqYvE1INXb1NSVT11m","Beto Guedes","1977-10-03","https://i.scdn.co/image/ab67616d0000b2736ffe8d7c6b51710d4a7cac38","1","2","181487","https://p.scdn.co/mp3-preview/cc70afdb61f61bef9d8ed114b9402b7342a293a8?cid=9950ac751e34487dbbe027c4fd7f8e99","false","36","BREMI7600191","spotify:user:isak.sjoholm.","2025-07-18T13:23:32Z","mpb","0.566","0.536","9","-10.612","1","0.0368","0.563","0.00142","0.36","0.889","147.06","3","","EMI","C © 1977 EMI Music Brasil Ltda, P ℗ 1977 EMI Music Brasil Ltda"
"spotify:track:26OCWJsiCtUpP7MiBVJDTM","Choveu","spotify:artist:4ijgnqYvE1INXb1NSVT11m","Beto Guedes","spotify:album:2ZAQTUh2sKZs7EHtd50eWk","A Página Do Relâmpago Elétrico","spotify:artist:4ijgnqYvE1INXb1NSVT11m","Beto Guedes","1977-10-03","https://i.scdn.co/image/ab67616d0000b2736ffe8d7c6b51710d4a7cac38","1","3","265450","","false","26","BREMI7700549","spotify:user:isak.sjoholm.","2025-07-18T13:23:32Z","mpb","0.41","0.33","7","-13.803","1","0.0328","0.228","0.0592","0.103","0.311","126.837","3","","EMI","C © 1977 EMI Music Brasil Ltda, P ℗ 1977 EMI Music Brasil Ltda"
"spotify:track:71LxUuY2VCsQFShBBXCbUR","A Página Do Relâmpago Elétrico","spotify:artist:4ijgnqYvE1INXb1NSVT11m","Beto Guedes","spotify:album:2ZAQTUh2sKZs7EHtd50eWk","A Página Do Relâmpago Elétrico","spotify:artist:4ijgnqYvE1INXb1NSVT11m","Beto Guedes","1977-10-03","https://i.scdn.co/image/ab67616d0000b2736ffe8d7c6b51710d4a7cac38","1","1","321062","https://p.scdn.co/mp3-preview/7f66b3135de09fc91db66277d52a9d27d9fd074a?cid=9950ac751e34487dbbe027c4fd7f8e99","false","26","BREMI7600027","spotify:user:isak.sjoholm.","2025-07-18T13:23:32Z","mpb","0.421","0.512","1","-12.675","1","0.0298","0.199","0.00000366","0.195","0.494","108.464","3","","EMI","C © 1977 EMI Music Brasil Ltda, P ℗ 1977 EMI Music Brasil Ltda"
"spotify:track:7xY2yPyl8dBJrMifGUbXcn","Dance and Shake Your Tambourine","spotify:artist:2o9c2U0sHi0yM1h5TwmXT9","Universal Robot Band","spotify:album:7JhuBRAiWIxLzZoAQ9ZhoL","Dance & Shake Your Tambourine","spotify:artist:2o9c2U0sHi0yM1h5TwmXT9","Universal Robot Band","1977-01-01","https://i.scdn.co/image/ab67616d0000b27302fdf85c545b2863948c1d04","1","2","380440","https://p.scdn.co/mp3-preview/38c111dc42035a5356e3f60d17022c4cb680755e?cid=9950ac751e34487dbbe027c4fd7f8e99","false","29","CAU117701653","spotify:user:isak.sjoholm.","2025-07-18T13:23:32Z","disco","0.753","0.682","9","-15.99","1","0.0424","0.000618","0.0894","0.0838","0.445","104.8","4","","UNIDISC MUSIC INC.","C 1977 Unidisc Music Inc., P 1977 Unidisc Music Inc."
"spotify:track:1llZEatbeF6aIrKyUkWMOU","Pimenta No Vatapá","spotify:artist:5gcpKqNGPhEtKW5G1ZUZPK","João Nogueira","spotify:album:2MvW79iGZn2nSlEiU3b4PK","Espelho","spotify:artist:5gcpKqNGPhEtKW5G1ZUZPK","João Nogueira","1977-01-03","https://i.scdn.co/image/ab67616d0000b2736a2d9e042d4792cedce922aa","1","1","135800","https://p.scdn.co/mp3-preview/70da9627a9d403a52422ad3e9e5b625585848ee0?cid=9950ac751e34487dbbe027c4fd7f8e99","false","0","BREMI7700113","spotify:user:isak.sjoholm.","2025-07-18T13:23:32Z","samba,mpb,pagode","0.645","0.586","9","-12.94","1","0.184","0.659","0","0.252","0.835","123.222","4","","EMI","C © 1977 EMI Music Brasil Ltda, P ℗ 1977 EMI Music Brasil Ltda"
"spotify:track:4bQayYNf3ERJ2svQ1GPH5S","A Pousada Do Bom Barão","spotify:artist:5N0w8Y3dMJdLT9KXolNngw","Os Saltimbancos","spotify:album:3O3Mt0oP2r6tpVKq9UXpro","Os Saltimbancos","spotify:artist:5N0w8Y3dMJdLT9KXolNngw","Os Saltimbancos","1977-01-01","https://i.scdn.co/image/ab67616d0000b27334e75cd6aad7bfc0e5a373ee","1","8","127106","https://p.scdn.co/mp3-preview/0ad7e51d5c0851991fc5be0abb8c1665dc2b2384?cid=9950ac751e34487dbbe027c4fd7f8e99","false","31","BRPGD7700012","spotify:user:isak.sjoholm.","2025-07-18T13:23:32Z","vaggvisa,barnmusik","0.725","0.673","2","-6.743","1","0.688","0.287","0","0.615","0.757","76.726","4","","Universal Music Ltda.","C © 1977 Universal Music Ltda, P ℗ 1977 Universal Music Ltda"
"spotify:track:4y93EKrA4fl0Kflh1Bq3kx","Nascente","spotify:artist:4ijgnqYvE1INXb1NSVT11m","Beto Guedes","spotify:album:2ZAQTUh2sKZs7EHtd50eWk","A Página Do Relâmpago Elétrico","spotify:artist:4ijgnqYvE1INXb1NSVT11m","Beto Guedes","1977-10-03","https://i.scdn.co/image/ab67616d0000b2736ffe8d7c6b51710d4a7cac38","1","8","220984","https://p.scdn.co/mp3-preview/847f7c68aac71a5e8693ff5bb4e38b773231e17a?cid=9950ac751e34487dbbe027c4fd7f8e99","false","27","BREMI7600190","spotify:user:isak.sjoholm.","2025-07-18T13:23:32Z","mpb","0.36","0.323","7","-12.883","1","0.0309","0.783","0.00048","0.159","0.106","110.98","4","","EMI","C © 1977 EMI Music Brasil Ltda, P ℗ 1977 EMI Music Brasil Ltda"
"spotify:track:4N158ATdB5ofMp9zdOlYkr","A Batalha","spotify:artist:5N0w8Y3dMJdLT9KXolNngw","Os Saltimbancos","spotify:album:3O3Mt0oP2r6tpVKq9UXpro","Os Saltimbancos","spotify:artist:5N0w8Y3dMJdLT9KXolNngw","Os Saltimbancos","1977-01-01","https://i.scdn.co/image/ab67616d0000b27334e75cd6aad7bfc0e5a373ee","1","9","118360","https://p.scdn.co/mp3-preview/02fb35b70ee079582a4ecdb0f820f5d7eada1f8e?cid=9950ac751e34487dbbe027c4fd7f8e99","false","29","BRPGD7700013","spotify:user:isak.sjoholm.","2025-07-18T13:23:32Z","vaggvisa,barnmusik","0.417","0.886","7","-7.123","1","0.482","0.511","0.0755","0.217","0.0834","90.206","4","","Universal Music Ltda.","C © 1977 Universal Music Ltda, P ℗ 1977 Universal Music Ltda"
"spotify:track:1NRq14qBXKp1ahvlaXThQH","Esconde Esconde","spotify:artist:5N0w8Y3dMJdLT9KXolNngw","Os Saltimbancos","spotify:album:3O3Mt0oP2r6tpVKq9UXpro","Os Saltimbancos","spotify:artist:5N0w8Y3dMJdLT9KXolNngw","Os Saltimbancos","1977-01-01","https://i.scdn.co/image/ab67616d0000b27334e75cd6aad7bfc0e5a373ee","1","11","171133","https://p.scdn.co/mp3-preview/3bbf2efd832dc63811a35471d3dc78d44231ffc1?cid=9950ac751e34487dbbe027c4fd7f8e99","false","31","BRPGD7700015","spotify:user:isak.sjoholm.","2025-07-18T13:23:32Z","vaggvisa,barnmusik","0.59","0.255","2","-12.909","1","0.901","0.638","0","0.363","0.382","75.912","4","","Universal Music Ltda.","C © 1977 Universal Music Ltda, P ℗ 1977 Universal Music Ltda"
"spotify:track:70CVvLgtiLQTW7kNk7kea2","Bicharia","spotify:artist:5N0w8Y3dMJdLT9KXolNngw","Os Saltimbancos","spotify:album:3O3Mt0oP2r6tpVKq9UXpro","Os Saltimbancos","spotify:artist:5N0w8Y3dMJdLT9KXolNngw","Os Saltimbancos","1977-01-01","https://i.scdn.co/image/ab67616d0000b27334e75cd6aad7bfc0e5a373ee","1","13","94400","https://p.scdn.co/mp3-preview/e6d2245d4cfdb73c22f69c3717a8c72d4733a85c?cid=9950ac751e34487dbbe027c4fd7f8e99","false","32","BRUM70600424","spotify:user:isak.sjoholm.","2025-07-18T13:23:32Z","vaggvisa,barnmusik","0.658","0.242","2","-9.72","1","0.797","0.425","0","0.0944","0.405","90.119","3","","Universal Music Ltda.","C © 1977 Universal Music Ltda, P ℗ 1977 Universal Music Ltda"
"spotify:track:5F6g1smTEfUCuE5UWHqOVb","Bandolim","spotify:artist:4ijgnqYvE1INXb1NSVT11m","Beto Guedes","spotify:album:2ZAQTUh2sKZs7EHtd50eWk","A Página Do Relâmpago Elétrico","spotify:artist:4ijgnqYvE1INXb1NSVT11m","Beto Guedes","1977-10-03","https://i.scdn.co/image/ab67616d0000b2736ffe8d7c6b51710d4a7cac38","1","7","265496","","false","21","BREMI7700551","spotify:user:isak.sjoholm.","2025-07-18T13:23:32Z","mpb","0.489","0.569","6","-13.281","0","0.0284","0.041","0.0969","0.0614","0.378","139.465","3","","EMI","C © 1977 EMI Music Brasil Ltda, P ℗ 1977 EMI Music Brasil Ltda"
"spotify:track:6h1jfESYTrRLcWy5ZvnXdK","Todos Juntos","spotify:artist:5N0w8Y3dMJdLT9KXolNngw","Os Saltimbancos","spotify:album:3O3Mt0oP2r6tpVKq9UXpro","Os Saltimbancos","spotify:artist:5N0w8Y3dMJdLT9KXolNngw","Os Saltimbancos","1977-01-01","https://i.scdn.co/image/ab67616d0000b27334e75cd6aad7bfc0e5a373ee","1","12","50666","https://p.scdn.co/mp3-preview/a5aed7f4a2379e8c6d7b9c36d1e0943b7aa385b2?cid=9950ac751e34487dbbe027c4fd7f8e99","false","28","BRUM70600423","spotify:user:isak.sjoholm.","2025-07-18T13:23:32Z","vaggvisa,barnmusik","0.715","0.585","9","-7.012","1","0.131","0.534","0","0.291","0.636","85.271","4","","Universal Music Ltda.","C © 1977 Universal Music Ltda, P ℗ 1977 Universal Music Ltda"
"spotify:track:6vozHQbR7C15KNqDsRMbwW","Começaria Tudo Outra Vez","spotify:artist:3f5VCwd57gZsqMad28jyLV","Maria Bethânia","spotify:album:4yyUZn2VH8ZTCPFsrgy5es","Pássaro Da Manhã","spotify:artist:3f5VCwd57gZsqMad28jyLV","Maria Bethânia","1977-01-01","https://i.scdn.co/image/ab67616d0000b2733c683515699d368c6fae1c09","1","4","135773","https://p.scdn.co/mp3-preview/8e9ddabc079c642f56a85559fe00155b4e35fba0?cid=9950ac751e34487dbbe027c4fd7f8e99","false","35","BRMCA7700100","spotify:user:isak.sjoholm.","2025-07-18T13:23:32Z","mpb,samba,bossa nova,axé","0.531","0.634","10","-5.822","1","0.0495","0.757","0","0.342","0.54","106.642","4","","Universal/Island Def Jam","C © 1977 Universal Music Ltda, P ℗ 1977 Universal Music Ltda"
"spotify:track:3e2zjkNstFyXAmJs4unu8X","Flor da Paisagem","spotify:artist:5hzHutt6DLPzctqvnS6Fdv","Amelinha","spotify:album:2aFKShMijeLdLcGJPQZh75","Flor Da Paisagem","spotify:artist:5hzHutt6DLPzctqvnS6Fdv","Amelinha","1977-03-15","https://i.scdn.co/image/ab67616d0000b2731fe835282360de2476c5135f","1","8","205266","https://p.scdn.co/mp3-preview/9e2736adb751f50ce54fb2fd27db32948e8d0dad?cid=9950ac751e34487dbbe027c4fd7f8e99","false","22","BRSME9700722","spotify:user:isak.sjoholm.","2025-07-18T13:23:32Z","mpb,forró tradicional,forró,brega","0.574","0.182","7","-16.946","1","0.0341","0.432","0","0.228","0.225","114.534","4","","Columbia","P (P) 1977 Sony Music Entertainment (Brasil) I.C.L."
"spotify:track:6Pg4MFuAYJGutK1v2xAu7O","Mundo bom","spotify:artist:5T2UOU9fV8RcUgLH3b6TTN","Agepê","spotify:album:3u07HLCY1Fcg0EUcRLiXwJ","Tipo exportação","spotify:artist:5T2UOU9fV8RcUgLH3b6TTN","Agepê","1977","https://i.scdn.co/image/ab67616d0000b27334c6dfb0c6da611c311bd5d6","1","1","248360","https://p.scdn.co/mp3-preview/4c1981bb26b74ac54e97e1dc6ed4efe27992083d?cid=9950ac751e34487dbbe027c4fd7f8e99","false","12","BRWMB9806115","spotify:user:isak.sjoholm.","2025-07-18T13:23:32Z","samba,pagode,mpb","0.729","0.806","5","-10.065","1","0.0674","0.381","0","0.143","0.959","148.096","4","","WM Brazil","C © 1977 Warner Music Brasil Ltda., P ℗ 1977 Warner Music Brasil Ltda."
"spotify:track:1F6Ih2V7uYLJhBg6xm0WV6","Espere Oh! Nega","spotify:artist:5gcpKqNGPhEtKW5G1ZUZPK","João Nogueira","spotify:album:2MvW79iGZn2nSlEiU3b4PK","Espelho","spotify:artist:5gcpKqNGPhEtKW5G1ZUZPK","João Nogueira","1977-01-03","https://i.scdn.co/image/ab67616d0000b2736a2d9e042d4792cedce922aa","1","4","166693","https://p.scdn.co/mp3-preview/02d99a29bed0818a9293aab32ffea351c2313450?cid=9950ac751e34487dbbe027c4fd7f8e99","false","15","BREMI7700112","spotify:user:isak.sjoholm.","2025-07-18T13:23:32Z","samba,mpb,pagode","0.706","0.439","6","-13.622","0","0.205","0.306","0","0.0751","0.884","107.783","4","","EMI","C © 1977 EMI Music Brasil Ltda, P ℗ 1977 EMI Music Brasil Ltda"
"spotify:track:5j12IWPkLUwcVSZScV5yo9","Galos De Briga","spotify:artist:3DF0ClNOUuvS3gh8V8sRJH, spotify:artist:2vxB3dcYKpHO5eQfYetGxT","João Bosco, Aldir Blanc","spotify:album:4MJVcIYQvpjgCxTDqTWcFr","Disco de Ouro","spotify:artist:3DF0ClNOUuvS3gh8V8sRJH, spotify:artist:2vxB3dcYKpHO5eQfYetGxT","João Bosco, Aldir Blanc","1977","https://i.scdn.co/image/ab67616d0000b27321ca7cde75d058b0a55d3d00","1","9","135200","https://p.scdn.co/mp3-preview/bbd5cd2c004abddbee3b6f479b4f30354fb48da0?cid=9950ac751e34487dbbe027c4fd7f8e99","false","16","BRBMG7600116","spotify:user:isak.sjoholm.","2025-07-18T13:23:32Z","mpb,samba,bossa nova,brasiliansk jazz,samba,mpb,bossa nova","0.523","0.196","9","-15.315","0","0.0663","0.699","0.00000223","0.371","0.267","112.15","4","","Sony Music Entertainment","P (P) 1977 RCA"
"spotify:track:3bVwbv9ykGANOdhgScT1zV","Preconceito (Pura Tolice)","spotify:artist:6quVEYAfHqHwpp8JujXBHt","Emílio Santiago","spotify:album:787FipuyG55mc1URIeTSCP","Comigo É Assim","spotify:artist:6quVEYAfHqHwpp8JujXBHt","Emílio Santiago","1977-05-27","https://i.scdn.co/image/ab67616d0000b2731482f8097e438b14f7984457","1","8","233400","","false","8","BRUM71301428","spotify:user:isak.sjoholm.","2025-07-18T13:23:32Z","mpb,samba,bossa nova","0.326","0.47","2","-11.472","0","0.1","0.458","0.000513","0.199","0.527","175.967","4","","Universal Music Ltda.","C © 1977 Universal Music Ltda, P ℗ 1977 Universal Music Ltda"
"spotify:track:2IsWoXLUIbth8BAtLklH5S","Desengano","spotify:artist:5gcpKqNGPhEtKW5G1ZUZPK","João Nogueira","spotify:album:2MvW79iGZn2nSlEiU3b4PK","Espelho","spotify:artist:5gcpKqNGPhEtKW5G1ZUZPK","João Nogueira","1977-01-03","https://i.scdn.co/image/ab67616d0000b2736a2d9e042d4792cedce922aa","1","12","188493","https://p.scdn.co/mp3-preview/143c4ae90c33b18f590125b6766c24c33fcd62f8?cid=9950ac751e34487dbbe027c4fd7f8e99","false","12","BREMI7700746","spotify:user:isak.sjoholm.","2025-07-18T13:23:32Z","samba,mpb,pagode","0.409","0.36","5","-13.266","1","0.0479","0.219","0.00705","0.343","0.353","71.989","4","","EMI","C © 1977 EMI Music Brasil Ltda, P ℗ 1977 EMI Music Brasil Ltda"
"spotify:track:3KiDJxfxAEG8JXRLS2ECla","Por Onde Vais?","spotify:artist:0IDEJU0SdlmJOMtybtEoiT","Vencedores por Cristo","spotify:album:7qOWp4F5lXbTnkf89uUiFd","De Vento em Popa","spotify:artist:0IDEJU0SdlmJOMtybtEoiT","Vencedores por Cristo","1977-01-01","https://i.scdn.co/image/ab67616d0000b27339b5d1038b6091539ae9ae86","1","3","143440","https://p.scdn.co/mp3-preview/d2654c35072116719076ef3098e3c390eeeb2648?cid=9950ac751e34487dbbe027c4fd7f8e99","false","18","BRVEC1700003","spotify:user:isak.sjoholm.","2025-07-18T13:23:32Z","brasiliansk gospel,gospel","0.221","0.331","7","-13.005","1","0.0291","0.408","0.000143","0.192","0.299","91.145","4","","Vencedores por Cristo","C 1977 Vencedores por Cristo, P 1977 Vencedores por Cristo"
"spotify:track:3UAiFBSuumNBcCjBz1lgUX","Batucajé","spotify:artist:5gcpKqNGPhEtKW5G1ZUZPK","João Nogueira","spotify:album:2MvW79iGZn2nSlEiU3b4PK","Espelho","spotify:artist:5gcpKqNGPhEtKW5G1ZUZPK","João Nogueira","1977-01-03","https://i.scdn.co/image/ab67616d0000b2736a2d9e042d4792cedce922aa","1","9","157506","https://p.scdn.co/mp3-preview/298d281f1c6ddbc0069bec941680e022078718fc?cid=9950ac751e34487dbbe027c4fd7f8e99","false","18","BREMI7700743","spotify:user:isak.sjoholm.","2025-07-18T13:23:32Z","samba,mpb,pagode","0.555","0.538","10","-12.906","1","0.0574","0.811","0","0.105","0.908","118.583","4","","EMI","C © 1977 EMI Music Brasil Ltda, P ℗ 1977 EMI Music Brasil Ltda"
"spotify:track:6rODaD3Qtw7AqEKkYbzUyz","P.C.J. (Partido Clementina De Jesus)","spotify:artist:6UKz2oYWzE0ZBnciztCown, spotify:artist:0tWtrXx0eO52k40JMojM0j","Clara Nunes, Clementina De Jesus","spotify:album:6lCS4sFwe1vHQh9e6JwEYL","As Forças Da Natureza","spotify:artist:6UKz2oYWzE0ZBnciztCown","Clara Nunes","1977-01-03","https://i.scdn.co/image/ab67616d0000b2732bb38cc2d5f30d239f0e72c5","1","2","160973","https://p.scdn.co/mp3-preview/7cd3db9f0abcb5cc70457b19819ce598f4626870?cid=9950ac751e34487dbbe027c4fd7f8e99","false","31","BREMI7700337","spotify:user:isak.sjoholm.","2025-07-18T13:23:32Z","samba,mpb,forró tradicional,pagode,forró,axé,samba,axé","0.563","0.493","8","-7.761","1","0.137","0.162","0","0.0515","0.932","88.977","4","","Universal Music Ltda.","C © 1977 EMI Records Brasil Ltda, P ℗ 1977 EMI Records Brasil Ltda"
"spotify:track:7dpZW336ZiUoCmT6uMZkKP","Bebida não cura paixão","spotify:artist:4oa7ETNZH1ivfzFkCGVZlR, spotify:artist:55Wn8tf8dBvfl1HRsD7Kze","Milionário & José Rico, Continental","spotify:album:4Xb24rmtIBPBxOmzGZcO2V","Volume 05 (Estrada da Vida)","spotify:artist:4oa7ETNZH1ivfzFkCGVZlR, spotify:artist:55Wn8tf8dBvfl1HRsD7Kze","Milionário & José Rico, Continental","1977","https://i.scdn.co/image/ab67616d0000b2735ec8af3cacb152963759386b","1","2","166813","https://p.scdn.co/mp3-preview/e6569e9a313eee3f683b0ccb3476be0dc2dc252f?cid=9950ac751e34487dbbe027c4fd7f8e99","false","35","BRWMB9705652","spotify:user:isak.sjoholm.","2025-07-18T13:23:32Z","sertanejo tradicional,sertanejo,sertanejo tradicional,sertanejo,brega","0.494","0.54","2","-8.624","1","0.104","0.68","0","0.382","0.881","183.339","3","","WM Brazil","C © 1977 WEA International Inc., P ℗ 2001 WEA International Inc."
"spotify:track:6pM2JS40c5EkcUtIGBtm5Y","Colagem","spotify:artist:0yFvXd36g5sNKYDi0Kkvl8","Elis Regina","spotify:album:67UdOjU4vLZx8yoHgXkNes","Elis","spotify:artist:0yFvXd36g5sNKYDi0Kkvl8","Elis Regina","1977-01-01","https://i.scdn.co/image/ab67616d0000b27314c46b8b00e78c9021de8138","1","2","257573","https://p.scdn.co/mp3-preview/e8a345cb9aa5bd26c5033562e89c7d20759d52e0?cid=9950ac751e34487dbbe027c4fd7f8e99","false","17","BRMCA7700191","spotify:user:isak.sjoholm.","2025-07-18T13:23:32Z","mpb,bossa nova,brasiliansk jazz,samba","0.352","0.211","8","-17.08","1","0.0358","0.208","0.000164","0.113","0.145","81.071","3","","Universal Music Ltda.","C © 1977 Universal Music Ltda, P ℗ 1977 Universal Music Ltda"
"spotify:track:0uBi0hdpkOVg9Sef16lqPh","Veneno","spotify:artist:559vxOLTzlAv0zB77JMcdG","Alceu Valença","spotify:album:284L2v93o2g753uSlNgZRj","Espelho Cristalino","spotify:artist:559vxOLTzlAv0zB77JMcdG","Alceu Valença","1977-01-01","https://i.scdn.co/image/ab67616d0000b273c166d9c71f161aa382dbffa5","1","4","244826","https://p.scdn.co/mp3-preview/6bc1e76ac7c685f56dd2a3924ed2842767071985?cid=9950ac751e34487dbbe027c4fd7f8e99","false","22","BRRGE9900504","spotify:user:isak.sjoholm.","2025-07-18T13:23:32Z","mpb,forró tradicional,forró","0.536","0.479","9","-11.681","1","0.168","0.061","0.00000129","0.0474","0.345","128.09","4","","Som Livre","C (C) 1977 Som Livre"
"spotify:track:2RZgd46F478w2V24koygU2","Foi Assim","spotify:artist:6n45wsxj6sDedgwEyTza6d","Fafá de Belém","spotify:album:4N3nXE457Q7ozYgakovDgE","Água","spotify:artist:6n45wsxj6sDedgwEyTza6d","Fafá de Belém","1977-03-25","https://i.scdn.co/image/ab67616d0000b273906dcf534b7b3758b279748c","1","9","256856","https://p.scdn.co/mp3-preview/fd279285f6a03e6298f5b0a769443c3a6e071ac2?cid=9950ac751e34487dbbe027c4fd7f8e99","false","29","BRPGD7700021","spotify:user:isak.sjoholm.","2025-07-18T13:23:32Z","mpb,sertanejo tradicional,brega","0.62","0.627","5","-9.596","0","0.0372","0.709","0.0462","0.291","0.761","125.489","4","","Universal Music Ltda.","C © 1977 Universal Music International, P ℗ 1977 Universal Music International"
"spotify:track:7gvfXPwAEwijXsb9KKoHBT","Texto de Fauzi Arap com fundo musical de:Jogo De Damas","spotify:artist:3f5VCwd57gZsqMad28jyLV","Maria Bethânia","spotify:album:4yyUZn2VH8ZTCPFsrgy5es","Pássaro Da Manhã","spotify:artist:3f5VCwd57gZsqMad28jyLV","Maria Bethânia","1977-01-01","https://i.scdn.co/image/ab67616d0000b2733c683515699d368c6fae1c09","1","3","245333","https://p.scdn.co/mp3-preview/aac5f9327444bb4901b01c1e3ca3482a79075c69?cid=9950ac751e34487dbbe027c4fd7f8e99","false","25","BRMCA7700207","spotify:user:isak.sjoholm.","2025-07-18T13:23:32Z","mpb,samba,bossa nova,axé","0.516","0.406","10","-8.067","0","0.363","0.788","0","0.385","0.326","81.168","4","","Universal/Island Def Jam","C © 1977 Universal Music Ltda, P ℗ 1977 Universal Music Ltda"
"spotify:track:64nNpB1qIOeV3nhwSsiD57","Bernardo, O Eremita","spotify:artist:3DF0ClNOUuvS3gh8V8sRJH, spotify:artist:2vxB3dcYKpHO5eQfYetGxT","João Bosco, Aldir Blanc","spotify:album:4MJVcIYQvpjgCxTDqTWcFr","Disco de Ouro","spotify:artist:3DF0ClNOUuvS3gh8V8sRJH, spotify:artist:2vxB3dcYKpHO5eQfYetGxT","João Bosco, Aldir Blanc","1977","https://i.scdn.co/image/ab67616d0000b27321ca7cde75d058b0a55d3d00","1","5","204906","https://p.scdn.co/mp3-preview/4a03b9e50c1bd16230a804001baca87f7c28ce63?cid=9950ac751e34487dbbe027c4fd7f8e99","false","16","BRBMG7300103","spotify:user:isak.sjoholm.","2025-07-18T13:23:32Z","mpb,samba,bossa nova,brasiliansk jazz,samba,mpb,bossa nova","0.666","0.52","7","-9.73","1","0.0578","0.737","0.0214","0.453","0.749","143.744","4","","Sony Music Entertainment","P (P) 1977 RCA"
"spotify:track:6uHawr9oWPEklYqIf69F0u","Não Me Venda Grilos (Por Direito)","spotify:artist:3kUC3a0wTkjsdkJiytULkN","Odair Jose","spotify:album:0ncxilXPaSJBxOZuaLoU41","O Filho de José e Maria","spotify:artist:3kUC3a0wTkjsdkJiytULkN","Odair Jose","1977-06-09","https://i.scdn.co/image/ab67616d0000b273f46910edd7e3bfdf3f732b09","1","2","197400","https://p.scdn.co/mp3-preview/fe7e20bb5094514c62cca26a9dbe6dfd8de0b2dd?cid=9950ac751e34487dbbe027c4fd7f8e99","false","24","BRBMG7700056","spotify:user:isak.sjoholm.","2025-07-18T13:23:32Z","brega,seresta","0.696","0.713","2","-8.05","1","0.045","0.347","0.00000693","0.14","0.609","96.502","4","","Sony Music Entertainment","P (P) 1977 RCA"
"spotify:track:6vUJa6eG37k4eP4Jix3vVk","Eu Sou Você","spotify:artist:559vxOLTzlAv0zB77JMcdG","Alceu Valença","spotify:album:284L2v93o2g753uSlNgZRj","Espelho Cristalino","spotify:artist:559vxOLTzlAv0zB77JMcdG","Alceu Valença","1977-01-01","https://i.scdn.co/image/ab67616d0000b273c166d9c71f161aa382dbffa5","1","6","211120","https://p.scdn.co/mp3-preview/263457d2f4be935edb2a69ccf7213bdf1e0a9f1a?cid=9950ac751e34487dbbe027c4fd7f8e99","false","22","BRRGE9900506","spotify:user:isak.sjoholm.","2025-07-18T13:23:32Z","mpb,forró tradicional,forró","0.419","0.449","8","-11.83","1","0.044","0.318","0.00000189","0.0341","0.183","109.248","4","","Som Livre","C (C) 1977 Som Livre"
"spotify:track:1oF4ApX9uZpAodYyDW1Acb","Chapéu De Sol","spotify:artist:4ijgnqYvE1INXb1NSVT11m","Beto Guedes","spotify:album:2ZAQTUh2sKZs7EHtd50eWk","A Página Do Relâmpago Elétrico","spotify:artist:4ijgnqYvE1INXb1NSVT11m","Beto Guedes","1977-10-03","https://i.scdn.co/image/ab67616d0000b2736ffe8d7c6b51710d4a7cac38","1","4","266100","https://p.scdn.co/mp3-preview/a55b70be99ab3e24b5bdeddfaf39eea465e852f1?cid=9950ac751e34487dbbe027c4fd7f8e99","false","20","BREMI7700550","spotify:user:isak.sjoholm.","2025-07-18T13:23:32Z","mpb","0.284","0.632","9","-12.089","0","0.0319","0.0226","0.205","0.25","0.435","89.778","3","","EMI","C © 1977 EMI Music Brasil Ltda, P ℗ 1977 EMI Music Brasil Ltda"
"spotify:track:65FF37oqwb9ZzPWT6NwHIi","Migalhas de amor","spotify:artist:4oa7ETNZH1ivfzFkCGVZlR, spotify:artist:55Wn8tf8dBvfl1HRsD7Kze","Milionário & José Rico, Continental","spotify:album:4Xb24rmtIBPBxOmzGZcO2V","Volume 05 (Estrada da Vida)","spotify:artist:4oa7ETNZH1ivfzFkCGVZlR, spotify:artist:55Wn8tf8dBvfl1HRsD7Kze","Milionário & José Rico, Continental","1977","https://i.scdn.co/image/ab67616d0000b2735ec8af3cacb152963759386b","1","7","167466","https://p.scdn.co/mp3-preview/dbe32bece6a2a9a5c6916bc56df613c12f98eaaf?cid=9950ac751e34487dbbe027c4fd7f8e99","false","38","BRWMB9705657","spotify:user:isak.sjoholm.","2025-07-18T13:23:32Z","sertanejo tradicional,sertanejo,sertanejo tradicional,sertanejo,brega","0.621","0.335","9","-8.414","1","0.0365","0.507","0","0.113","0.83","162.75","3","","WM Brazil","C © 1977 WEA International Inc., P ℗ 2001 WEA International Inc."
"spotify:track:6xRhrRWu3rLp59W4SgV7EF","Vou Chegar","spotify:artist:0IDEJU0SdlmJOMtybtEoiT","Vencedores por Cristo","spotify:album:7qOWp4F5lXbTnkf89uUiFd","De Vento em Popa","spotify:artist:0IDEJU0SdlmJOMtybtEoiT","Vencedores por Cristo","1977-01-01","https://i.scdn.co/image/ab67616d0000b27339b5d1038b6091539ae9ae86","1","7","213826","https://p.scdn.co/mp3-preview/7e72748f3fa810307afcacdfd7cfb358a2e480d1?cid=9950ac751e34487dbbe027c4fd7f8e99","false","20","BRVEC1700007","spotify:user:isak.sjoholm.","2025-07-18T13:23:32Z","brasiliansk gospel,gospel","0.409","0.526","9","-12.117","1","0.0336","0.599","0","0.0913","0.512","118.374","4","","Vencedores por Cristo","C 1977 Vencedores por Cristo, P 1977 Vencedores por Cristo"
"spotify:track:5Udo0SPfWrWdv6MueZn61i","Assobiar Ou Chupar Cana","spotify:artist:32GW4h2xb3glY99mWLjwlG","Benito Di Paula","spotify:album:3dJ7HIp5Q9Ox4A8oOMZv9f","Benito Di Paula","spotify:artist:32GW4h2xb3glY99mWLjwlG","Benito Di Paula","1977-03-01","https://i.scdn.co/image/ab67616d0000b2735e7a4e60f4b7a98910131354","1","1","223800","https://p.scdn.co/mp3-preview/13881f9e4fe485672d2b665d3776ef8981a33684?cid=9950ac751e34487dbbe027c4fd7f8e99","false","40","BREMI7700001","spotify:user:isak.sjoholm.","2025-07-18T13:23:32Z","samba,mpb,pagode,brega","0.625","0.64","4","-7.973","1","0.0457","0.513","0","0.528","0.61","128.162","4","","EMI Music Brasil Ltda","C © 1977 EMI Music Brasil Ltda, P ℗ 1977 EMI Music Brasil Ltda"
"spotify:track:5KFt8CfBcv2NATZ4Uwj2U3","A Roseira","spotify:artist:0IDEJU0SdlmJOMtybtEoiT","Vencedores por Cristo","spotify:album:7qOWp4F5lXbTnkf89uUiFd","De Vento em Popa","spotify:artist:0IDEJU0SdlmJOMtybtEoiT","Vencedores por Cristo","1977-01-01","https://i.scdn.co/image/ab67616d0000b27339b5d1038b6091539ae9ae86","1","6","183400","https://p.scdn.co/mp3-preview/12de21ac89d1e564ff29b06f96d08106846ef40b?cid=9950ac751e34487dbbe027c4fd7f8e99","false","20","BRVEC1700006","spotify:user:isak.sjoholm.","2025-07-18T13:23:32Z","brasiliansk gospel,gospel","0.288","0.336","7","-14.609","1","0.028","0.483","0.0057","0.141","0.489","98.24","4","","Vencedores por Cristo","C 1977 Vencedores por Cristo, P 1977 Vencedores por Cristo"
"spotify:track:7bt39gpRKHYpRacybWIkrr","As Forças Da Natureza","spotify:artist:6UKz2oYWzE0ZBnciztCown","Clara Nunes","spotify:album:6lCS4sFwe1vHQh9e6JwEYL","As Forças Da Natureza","spotify:artist:6UKz2oYWzE0ZBnciztCown","Clara Nunes","1977-01-03","https://i.scdn.co/image/ab67616d0000b2732bb38cc2d5f30d239f0e72c5","1","1","236253","https://p.scdn.co/mp3-preview/3febab232143557b8da2250b5e7d3a3cbef20151?cid=9950ac751e34487dbbe027c4fd7f8e99","false","36","BREMI7700015","spotify:user:isak.sjoholm.","2025-07-18T13:23:32Z","samba,mpb,forró tradicional,pagode,forró,axé","0.702","0.684","0","-7.516","1","0.0334","0.0878","0","0.201","0.887","152.639","4","","Universal Music Ltda.","C © 1977 EMI Records Brasil Ltda, P ℗ 1977 EMI Records Brasil Ltda"
"spotify:track:2iqVT0eov5sWFugeLoCkmw","Esquecido","spotify:artist:4oa7ETNZH1ivfzFkCGVZlR, spotify:artist:55Wn8tf8dBvfl1HRsD7Kze","Milionário & José Rico, Continental","spotify:album:4Xb24rmtIBPBxOmzGZcO2V","Volume 05 (Estrada da Vida)","spotify:artist:4oa7ETNZH1ivfzFkCGVZlR, spotify:artist:55Wn8tf8dBvfl1HRsD7Kze","Milionário & José Rico, Continental","1977","https://i.scdn.co/image/ab67616d0000b2735ec8af3cacb152963759386b","1","12","129560","https://p.scdn.co/mp3-preview/0a52518ca041668c0d6a137c187eb5024fbdd99c?cid=9950ac751e34487dbbe027c4fd7f8e99","false","36","BRWMB9705662","spotify:user:isak.sjoholm.","2025-07-18T13:23:32Z","sertanejo tradicional,sertanejo,sertanejo tradicional,sertanejo,brega","0.691","0.42","5","-8.274","1","0.0452","0.32","0","0.338","0.905","51.338","4","","WM Brazil","C © 1977 WEA International Inc., P ℗ 2001 WEA International Inc."
"spotify:track:3Cu37dl54yhg2ZPrEnTx0O","Que é Feito de Você","spotify:artist:0RSWHhBUwW7lhCqXqxKxWN","Cartola","spotify:album:4eg7RnkSQfHphqQKK6x0UT","Verde Que Te Quero Rosa","spotify:artist:0RSWHhBUwW7lhCqXqxKxWN","Cartola","1977-02-26","https://i.scdn.co/image/ab67616d0000b2736b77646cf7763f065918e66c","1","10","167200","https://p.scdn.co/mp3-preview/95b0f6b51c80f2e25bccc640ec640d39c5e3854b?cid=9950ac751e34487dbbe027c4fd7f8e99","false","23","BRBMG7700155","spotify:user:isak.sjoholm.","2025-07-18T13:23:32Z","samba,mpb,bossa nova","0.69","0.526","0","-10.202","1","0.0482","0.302","0.00000126","0.335","0.788","140.432","4","","RCA Records Label","P (P) 1977 Sony Music Entertainment Brasil ltda."
"spotify:track:4jaiXJPx1kFVJLl2pz1b9k","Marias","spotify:artist:5iiQvuDCnlXoK8iAhydW0u","Leci Brandao","spotify:album:45ezXhsXFqhqVYRLcxFlWB","Coisas Do Meu Pessoal","spotify:artist:5iiQvuDCnlXoK8iAhydW0u","Leci Brandao","1977-01-02","https://i.scdn.co/image/ab67616d0000b273b0ab2a26933bc81cf589513e","1","3","183000","https://p.scdn.co/mp3-preview/e025d623b9f00b47a3ba831cf55743f64ef4518b?cid=9950ac751e34487dbbe027c4fd7f8e99","false","34","BRMCA7700092","spotify:user:isak.sjoholm.","2025-07-18T13:23:32Z","samba,pagode,mpb","0.762","0.407","0","-13.34","0","0.058","0.668","0.00011","0.108","0.879","130.86","4","","Universal Music Ltda.","C © 1977 Universal Music International, P ℗ 1977 Universal Music International"
"spotify:track:35HXmbo8yX4i2vMhmOzpLm","Se Você Me Ouvisse","spotify:artist:56TkPi7rpmU8jTpkcK7FY3","Beth Carvalho","spotify:album:5jrnGYZ7bHuFqOG2GusH50","Nos Botequins Da Vida","spotify:artist:56TkPi7rpmU8jTpkcK7FY3","Beth Carvalho","1977","https://i.scdn.co/image/ab67616d0000b273dce61375acf13bb0c6cc3017","1","7","202933","https://p.scdn.co/mp3-preview/c5464d1b9cf8766d741e74f822af3b244a78f0c9?cid=9950ac751e34487dbbe027c4fd7f8e99","false","22","BRBMG7700205","spotify:user:isak.sjoholm.","2025-07-18T13:23:32Z","samba,pagode,mpb","0.59","0.57","11","-10.223","0","0.0471","0.195","0","0.348","0.788","86.989","4","","RCA Records Label","P (P) 1977 RCA"
"spotify:track:7nIDbz4sFSzDE043XTgh0A","Pra Swingar","spotify:artist:2awoASImOFH85QIP4TO8xo","Som Nosso De Cada Dia","spotify:album:4oLIkebSsHW8ztOzoJlh9K","Som Nosso","spotify:artist:2awoASImOFH85QIP4TO8xo","Som Nosso De Cada Dia","1977-03-30","https://i.scdn.co/image/ab67616d0000b27385d51e547f4438f0cbd91f43","1","1","148600","https://p.scdn.co/mp3-preview/c3c6665efb36956acbc68e5dd6dc982d554ebdbb?cid=9950ac751e34487dbbe027c4fd7f8e99","false","31","BRSME7700036","spotify:user:isak.sjoholm.","2025-07-18T13:23:32Z","brasiliansk rock,progressiv rock","0.642","0.916","7","-5.495","1","0.0495","0.0015","0.00528","0.0439","0.666","101.109","4","","Sony Music Entertainment","P (P) 1977 Sony Music Entertainment (Brasil) I.C.L."
"spotify:track:21RJ8YtgpOJOP2AnyZqaoi","Meu Amor (Monja)","spotify:artist:4VVXHJDvFOZL552QtVAKKr","Barros De Alencar","spotify:album:285ZDoerQRyNv9Ooyqsjzh","Disco de Ouro: Barros de Alencar","spotify:artist:4VVXHJDvFOZL552QtVAKKr","Barros De Alencar","1977","https://i.scdn.co/image/ab67616d0000b27380a6f2adba586c97dd882cfc","1","1","222973","https://p.scdn.co/mp3-preview/491ae701175f057265a1638907f4f14d7bc3c6a2?cid=9950ac751e34487dbbe027c4fd7f8e99","false","34","BRBMG6900046","spotify:user:isak.sjoholm.","2025-07-18T13:23:32Z","brega,seresta","0.367","0.429","10","-9.617","1","0.0307","0.137","0.0054","0.0717","0.515","185.765","3","","Sony Music Entertainment","P (P) 1977 RCA Victor"
"spotify:track:6CDunT4mXz3z49H6pfggLf","Mensagem do além","spotify:artist:4oa7ETNZH1ivfzFkCGVZlR, spotify:artist:55Wn8tf8dBvfl1HRsD7Kze","Milionário & José Rico, Continental","spotify:album:4ZbQGXevQ9j0HGv7sV6VJ2","Volume 04 (As Gargantas de Ouro do Brasil)","spotify:artist:4oa7ETNZH1ivfzFkCGVZlR, spotify:artist:55Wn8tf8dBvfl1HRsD7Kze","Milionário & José Rico, Continental","1977","https://i.scdn.co/image/ab67616d0000b273b93388aa6dd3e7c439cd0c0c","1","7","229080","https://p.scdn.co/mp3-preview/4442581e0abb033ef26d05be22514e48a8d5237f?cid=9950ac751e34487dbbe027c4fd7f8e99","false","33","BRWMB9705734","spotify:user:isak.sjoholm.","2025-07-18T13:23:32Z","sertanejo tradicional,sertanejo,sertanejo tradicional,sertanejo,brega","0.618","0.444","4","-7.218","0","0.0295","0.719","0","0.152","0.567","87.038","4","","WM Brazil","C © 1977 WEA International Inc., P ℗ 2001 WEA International Inc."
"spotify:track:0FjFkJJGKiKiLtR9AWM6yM","Arrebol","spotify:artist:1mCHLu4gizrN9PwHxKrJv4","Dominguinhos","spotify:album:6RAaZcNOk0e1mAhGtbbnDA","Oi, La Vou Eu!","spotify:artist:1mCHLu4gizrN9PwHxKrJv4","Dominguinhos","1977-08-13","https://i.scdn.co/image/ab67616d0000b2730b096e901410ed8342522b12","1","10","154087","https://p.scdn.co/mp3-preview/b604745714b4ff382c5b6cbfb3c59a447924da4a?cid=9950ac751e34487dbbe027c4fd7f8e99","false","0","QZEQU1906398","spotify:user:isak.sjoholm.","2025-07-18T13:23:32Z","forró tradicional,forró,mpb","0.72","0.703","0","-7.65","0","0.0756","0.556","0","0.139","0.96","156.395","4","","Força Cultural","C 1977 Força Cultural, P 1977 Força Cultural"
"spotify:track:6HQZvxFGBVyjfCxTOAT3iB","Desta Vez Eu Vou","spotify:artist:0RSWHhBUwW7lhCqXqxKxWN","Cartola","spotify:album:4eg7RnkSQfHphqQKK6x0UT","Verde Que Te Quero Rosa","spotify:artist:0RSWHhBUwW7lhCqXqxKxWN","Cartola","1977-02-26","https://i.scdn.co/image/ab67616d0000b2736b77646cf7763f065918e66c","1","11","148906","https://p.scdn.co/mp3-preview/9a2b8890df68972b10f6e03d29c2079398d901f2?cid=9950ac751e34487dbbe027c4fd7f8e99","false","20","BRBMG7700156","spotify:user:isak.sjoholm.","2025-07-18T13:23:32Z","samba,mpb,bossa nova","0.638","0.577","7","-10.729","1","0.0513","0.278","0.00000408","0.138","0.694","94.519","4","","RCA Records Label","P (P) 1977 Sony Music Entertainment Brasil ltda."
"spotify:track:6xeMhlnu45TUfqY9utQ0Lm","Special Girl","spotify:artist:7vr15l4ulzvj0ef7x10jrO","Pholhas","spotify:album:5hAVBSfwB7OKg54FbMJuiD","Pholhas","spotify:artist:7vr15l4ulzvj0ef7x10jrO","Pholhas","1977-09-17","https://i.scdn.co/image/ab67616d0000b273330f2ef0fb335ea0ebb6cad3","1","11","187600","https://p.scdn.co/mp3-preview/257c3946d645b502894f820c24fcf1a71ddec01d?cid=9950ac751e34487dbbe027c4fd7f8e99","false","22","BRBMG7400163","spotify:user:isak.sjoholm.","2025-07-18T13:23:32Z","","0.334","0.42","2","-11.132","0","0.0279","0.0192","0.0000125","0.123","0.0909","77.793","4","","RCA Records Label","P (P) 1994 Sony Music Entertainment -Ariola"
"spotify:track:3xrTwvIQIO7sLv9wrm9kfo","Negra Melodia","spotify:artist:11dkvirvWFnfNUsaGVvObg","Jards Macalé","spotify:album:5gNz8Yr7eaEVb04JyHM1At","Contrastes","spotify:artist:11dkvirvWFnfNUsaGVvObg","Jards Macalé","1977-01-01","https://i.scdn.co/image/ab67616d0000b273cba33c3461bdf76fc1670797","1","7","292053","https://p.scdn.co/mp3-preview/c39e5c40e65722169c884fce4a302789e91db0b9?cid=9950ac751e34487dbbe027c4fd7f8e99","false","17","BRSGL7700037","spotify:user:isak.sjoholm.","2025-07-18T13:23:32Z","mpb","0.526","0.517","9","-10.388","0","0.0784","0.785","0.0000212","0.143","0.803","83.796","4","","Som Livre","C (C) 1977 Som Livre, P (P) 1977 Som Livre"
"spotify:track:5Q8OJaA4a1cPwcdpl1fvBm","Desisto (Obrigado a desistir)","spotify:artist:5mQMEwn8ExRnlxpp3L0gHn, spotify:artist:55Wn8tf8dBvfl1HRsD7Kze","Amado Batista, Continental","spotify:album:1GQFKJlYdw1ggS3XzhXZ3k","Canta o Amor","spotify:artist:5mQMEwn8ExRnlxpp3L0gHn, spotify:artist:55Wn8tf8dBvfl1HRsD7Kze","Amado Batista, Continental","1977","https://i.scdn.co/image/ab67616d0000b273b5372b959f78acb26d807702","1","11","233066","https://p.scdn.co/mp3-preview/adadd91ac8402d9ee52c3890e1c7e1cd558981dd?cid=9950ac751e34487dbbe027c4fd7f8e99","false","39","BRWMB9700264","spotify:user:isak.sjoholm.","2025-07-18T13:23:32Z","brega,seresta,sertanejo tradicional,sertanejo,sertanejo tradicional,sertanejo,brega","0.8","0.405","9","-12.557","1","0.0341","0.554","0.00159","0.0893","0.641","106.064","4","","WM Brazil","C © 1977 WEA International Inc., P ℗ 2005 Warner Music Brazil Ltda"
"spotify:track:66Qj9g2UmufGbv9GXMFOJl","Morena da cor da bahia","spotify:artist:5T2UOU9fV8RcUgLH3b6TTN","Agepê","spotify:album:3u07HLCY1Fcg0EUcRLiXwJ","Tipo exportação","spotify:artist:5T2UOU9fV8RcUgLH3b6TTN","Agepê","1977","https://i.scdn.co/image/ab67616d0000b27334c6dfb0c6da611c311bd5d6","1","10","263053","https://p.scdn.co/mp3-preview/96de49b8597e111de307fa005aca44a4c209ac7e?cid=9950ac751e34487dbbe027c4fd7f8e99","false","3","BRWMB9806124","spotify:user:isak.sjoholm.","2025-07-18T13:23:32Z","samba,pagode,mpb","0.51","0.822","7","-10.508","1","0.115","0.282","0.000019","0.556","0.893","95.732","4","","WM Brazil","C © 1977 Warner Music Brasil Ltda., P ℗ 1977 Warner Music Brasil Ltda."
"spotify:track:6Q27olmC2D6wMqY2MAfh43","Destino cruel","spotify:artist:4oa7ETNZH1ivfzFkCGVZlR, spotify:artist:55Wn8tf8dBvfl1HRsD7Kze","Milionário & José Rico, Continental","spotify:album:4Xb24rmtIBPBxOmzGZcO2V","Volume 05 (Estrada da Vida)","spotify:artist:4oa7ETNZH1ivfzFkCGVZlR, spotify:artist:55Wn8tf8dBvfl1HRsD7Kze","Milionário & José Rico, Continental","1977","https://i.scdn.co/image/ab67616d0000b2735ec8af3cacb152963759386b","1","4","158746","https://p.scdn.co/mp3-preview/4e6af9c205c1ddf2488dfe6df72c15073f0fd4f8?cid=9950ac751e34487dbbe027c4fd7f8e99","false","36","BRWMB9705654","spotify:user:isak.sjoholm.","2025-07-18T13:23:32Z","sertanejo tradicional,sertanejo,sertanejo tradicional,sertanejo,brega","0.556","0.377","2","-6.741","1","0.0284","0.339","0","0.0572","0.896","164.691","3","","WM Brazil","C © 1977 WEA International Inc., P ℗ 2001 WEA International Inc."
"spotify:track:4wlXB0GGkIEYXsnRfXDqkS","Sete Léguas","spotify:artist:559vxOLTzlAv0zB77JMcdG","Alceu Valença","spotify:album:284L2v93o2g753uSlNgZRj","Espelho Cristalino","spotify:artist:559vxOLTzlAv0zB77JMcdG","Alceu Valença","1977-01-01","https://i.scdn.co/image/ab67616d0000b273c166d9c71f161aa382dbffa5","1","8","264720","https://p.scdn.co/mp3-preview/05979052e42ea68ee347eb0dbe12aefa11b9adc5?cid=9950ac751e34487dbbe027c4fd7f8e99","false","20","BRRGE9900507","spotify:user:isak.sjoholm.","2025-07-18T13:23:32Z","mpb,forró tradicional,forró","0.526","0.442","2","-12.771","1","0.0385","0.306","0","0.0548","0.411","109.852","4","","Som Livre","C (C) 1977 Som Livre"
"spotify:track:5z7aE8guNmQicC9qysnoZZ","I Never Did Before (Mr.X)","spotify:artist:7vr15l4ulzvj0ef7x10jrO","Pholhas","spotify:album:5hAVBSfwB7OKg54FbMJuiD","Pholhas","spotify:artist:7vr15l4ulzvj0ef7x10jrO","Pholhas","1977-09-17","https://i.scdn.co/image/ab67616d0000b273330f2ef0fb335ea0ebb6cad3","1","9","171200","https://p.scdn.co/mp3-preview/ee9c0aa301a1b41059c6b771aac8160a74dce14d?cid=9950ac751e34487dbbe027c4fd7f8e99","false","22","BRBMG7300009","spotify:user:isak.sjoholm.","2025-07-18T13:23:32Z","","0.436","0.641","5","-10.899","1","0.0326","0.0125","0.00466","0.152","0.653","152.95","4","","RCA Records Label","P (P) 1994 Sony Music Entertainment -Ariola"
"spotify:track:43NXUadISg3FzGPHpkdKEc","Adeus","spotify:artist:4oa7ETNZH1ivfzFkCGVZlR, spotify:artist:55Wn8tf8dBvfl1HRsD7Kze","Milionário & José Rico, Continental","spotify:album:4Xb24rmtIBPBxOmzGZcO2V","Volume 05 (Estrada da Vida)","spotify:artist:4oa7ETNZH1ivfzFkCGVZlR, spotify:artist:55Wn8tf8dBvfl1HRsD7Kze","Milionário & José Rico, Continental","1977","https://i.scdn.co/image/ab67616d0000b2735ec8af3cacb152963759386b","1","6","147906","https://p.scdn.co/mp3-preview/41d08305c08389d48c8373dd01ead2213151d1a8?cid=9950ac751e34487dbbe027c4fd7f8e99","false","36","BRWMB9705656","spotify:user:isak.sjoholm.","2025-07-18T13:23:32Z","sertanejo tradicional,sertanejo,sertanejo tradicional,sertanejo,brega","0.309","0.452","0","-7.196","0","0.0391","0.697","0.0000146","0.346","0.462","200.43","3","","WM Brazil","C © 1977 WEA International Inc., P ℗ 2001 WEA International Inc."
"spotify:track:78TsED9yefUzMja4mxo4PA","Domingo de Pedra e Cal","spotify:artist:65TbyndeGrDlFd4IkZNfbN","Geraldo Azevedo","spotify:album:40DxT2f44QZosW11gazbkl","Geraldo Azevedo","spotify:artist:65TbyndeGrDlFd4IkZNfbN","Geraldo Azevedo","1977-01-01","https://i.scdn.co/image/ab67616d0000b273400e1c6815482eb01a7e1372","1","3","269000","https://p.scdn.co/mp3-preview/64bb4b4152b8bb869dc74c61c0e841a00493dd5e?cid=9950ac751e34487dbbe027c4fd7f8e99","false","18","BRSGL7700021","spotify:user:isak.sjoholm.","2025-07-18T13:23:32Z","mpb,forró tradicional,forró","0.419","0.346","2","-13.523","1","0.0302","0.628","0.000182","0.1","0.319","141.745","4","","Som Livre","C (C) 1977 Som Livre"
"spotify:track:1VASQfSViiV00cMaUyCOMf","João Sem Terra","spotify:artist:4zu81iOltG3eUyrKI9esZU, spotify:artist:3SARGapmEOZgbGZxwmOYUW","Sa, Guarabyra","spotify:album:2hIqWIpUKPqWLcPxZNpNOX","Pirão de Peixe Com Pimenta","spotify:artist:4zu81iOltG3eUyrKI9esZU, spotify:artist:3SARGapmEOZgbGZxwmOYUW","Sa, Guarabyra","1977-01-01","https://i.scdn.co/image/ab67616d0000b27374874073ef4ebcb43e3e76f6","1","4","179440","https://p.scdn.co/mp3-preview/0716c462f0b33b2157ea12ec59f51a1152504328?cid=9950ac751e34487dbbe027c4fd7f8e99","false","16","BRRGE7700007","spotify:user:isak.sjoholm.","2025-07-18T13:23:32Z","mpb,brasiliansk rock,mpb,brasiliansk rock","0.637","0.558","0","-10.565","1","0.0368","0.554","0","0.0456","0.926","139.301","3","","Som Livre","C (C) 1977 Som Livre, P (P) 1977 Som Livre"
"spotify:track:1aU3p792I3xE4cbPRK5Z1L","Two Naira Fifty Kobo - Remix","spotify:artist:7HGNYPmbDrMkylWqeFCOIQ","Caetano Veloso","spotify:album:2rXCY07TM8KFD4af2u6eaV","Bicho","spotify:artist:7HGNYPmbDrMkylWqeFCOIQ","Caetano Veloso","1977-01-01","https://i.scdn.co/image/ab67616d0000b2730ca2bccc8386ae0c128662d1","1","2","303346","https://p.scdn.co/mp3-preview/78901999955193783075ef0d6e9b8c2017a8e7d4?cid=9950ac751e34487dbbe027c4fd7f8e99","false","19","BRUM70601082","spotify:user:isak.sjoholm.","2025-07-18T13:23:32Z","mpb,bossa nova,samba","0.46","0.681","5","-8.284","1","0.0829","0.0491","0.0136","0.623","0.792","83.917","4","","Universal Music Ltda.","C © 1977 Universal Music Ltda, P ℗ 1977 Universal Music Ltda"
"spotify:track:0q8UdfxPCc6W99cdaeU09a","Noites (Nachts) (Wenn Du Schlafst...)","spotify:artist:4VVXHJDvFOZL552QtVAKKr","Barros De Alencar","spotify:album:285ZDoerQRyNv9Ooyqsjzh","Disco de Ouro: Barros de Alencar","spotify:artist:4VVXHJDvFOZL552QtVAKKr","Barros De Alencar","1977","https://i.scdn.co/image/ab67616d0000b27380a6f2adba586c97dd882cfc","1","11","159173","https://p.scdn.co/mp3-preview/9b5e72ce4f8f60852eeb83b5b34bb3013bfd3849?cid=9950ac751e34487dbbe027c4fd7f8e99","false","31","BRBMG6900217","spotify:user:isak.sjoholm.","2025-07-18T13:23:32Z","brega,seresta","0.186","0.572","2","-7.911","1","0.0289","0.136","0.042","0.116","0.307","172.878","3","","Sony Music Entertainment","P (P) 1977 RCA Victor"
"spotify:track:39ltN0RS0ceAtGzVPppeIr","Ronda","spotify:artist:3cjV65izDdMmWE2LVwv2rb","Marcia","spotify:album:6i8fV6hFOnAeyuj821rWnf","Ronda","spotify:artist:3cjV65izDdMmWE2LVwv2rb","Marcia","1977-01-03","https://i.scdn.co/image/ab67616d0000b273ddd012cfd2604c6740cb2280","1","7","205360","https://p.scdn.co/mp3-preview/87706228cde609e3ae3121a7620d3adc9a9b6f61?cid=9950ac751e34487dbbe027c4fd7f8e99","false","21","BREMI7700037","spotify:user:isak.sjoholm.","2025-07-18T13:23:32Z","kizomba,seresta,zouk,samba","0.553","0.42","10","-8.525","1","0.0288","0.51","0","0.0761","0.355","106.632","4","","EMI Music Brasil Ltda","C © 1977 EMI Music Brasil Ltda, P ℗ 1977 EMI Music Brasil Ltda"
"spotify:track:4TGLliskTuXvTWGQ7z6XFy","Uma coisa puxa outra","spotify:artist:2PLF4pjm6A5eztTVbt9ou4, spotify:artist:55Wn8tf8dBvfl1HRsD7Kze","Tião Carreiro & Pardinho, Continental","spotify:album:2e0MhHiu2kw6N4gIsqTdhz","Rancho do Vale","spotify:artist:2PLF4pjm6A5eztTVbt9ou4, spotify:artist:55Wn8tf8dBvfl1HRsD7Kze","Tião Carreiro & Pardinho, Continental","1977","https://i.scdn.co/image/ab67616d0000b273ece1195314c60ca9157e5303","1","11","200626","https://p.scdn.co/mp3-preview/4d305ff960777c8b05dc9585fe424679acac92db?cid=9950ac751e34487dbbe027c4fd7f8e99","false","44","BRWMB0001046","spotify:user:isak.sjoholm.","2025-07-18T13:23:32Z","sertanejo tradicional,sertanejo,sertanejo tradicional,sertanejo,brega","0.655","0.46","4","-8.129","1","0.0378","0.836","0.00249","0.12","0.658","114.634","4","","WM Brazil","C © 1977 WEA International Inc., P ℗ 2000 WEA International Inc."
"spotify:track:44RVqUh4jrlZzkR52YYkZu","Propagas","spotify:artist:0lTr2hteHyTLbCmgUpLf8J","Roberto Ribeiro","spotify:album:2pjv7doBrHKRYxQmrat0JI","Poeira Pura","spotify:artist:0lTr2hteHyTLbCmgUpLf8J","Roberto Ribeiro","1977-11-03","https://i.scdn.co/image/ab67616d0000b2737e3c35b224abc75975cd9d3a","1","5","204732","https://p.scdn.co/mp3-preview/a86ded0e3ae5098542daea0cae4d37df5c826a21?cid=9950ac751e34487dbbe027c4fd7f8e99","false","35","BREMI7700117","spotify:user:isak.sjoholm.","2025-07-18T13:23:32Z","samba","0.584","0.716","0","-8.386","0","0.0677","0.3","0.00000139","0.0366","0.961","84.843","4","","Universal Music Ltda.","C © 1977 EMI Records Brasil Ltda, P ℗ 1977 EMI Records Brasil Ltda"
"spotify:track:66kWaglymb8H8ADTNv5qZN","Preciso te esquecer","spotify:artist:4CL2XwEN05wZBGOMbrs8Ab","Claudia Telles","spotify:album:14bAkPd9xWtvcauL99bw1r","Claudia Telles","spotify:artist:4CL2XwEN05wZBGOMbrs8Ab","Claudia Telles","1977","https://i.scdn.co/image/ab67616d0000b2738dd677ba9edf68d493aca82d","1","1","243893","https://p.scdn.co/mp3-preview/e2f0513e2efccf694ecc3179163860155aa02bc3?cid=9950ac751e34487dbbe027c4fd7f8e99","false","30","BRSME1201301","spotify:user:isak.sjoholm.","2025-07-18T13:23:32Z","bossa nova,mpb,brega","0.385","0.457","9","-6.294","1","0.0296","0.639","0","0.211","0.26","137.025","4","","Sony BMG Music Entertainment","P (P) 1977 DISCOS CBS I.C.L."
"spotify:track:0DmuJB2gOh0yLR8kRNHEKw","Decepção De Uma Porta Bandeira","spotify:artist:5iiQvuDCnlXoK8iAhydW0u","Leci Brandao","spotify:album:45ezXhsXFqhqVYRLcxFlWB","Coisas Do Meu Pessoal","spotify:artist:5iiQvuDCnlXoK8iAhydW0u","Leci Brandao","1977-01-02","https://i.scdn.co/image/ab67616d0000b273b0ab2a26933bc81cf589513e","1","10","221619","https://p.scdn.co/mp3-preview/465bdc9cbc0fe63e9a02b9011dc27827568d2520?cid=9950ac751e34487dbbe027c4fd7f8e99","false","10","BRUM71904095","spotify:user:isak.sjoholm.","2025-07-18T13:23:32Z","samba,pagode,mpb","0.581","0.346","1","-10.541","0","0.0593","0.468","0","0.16","0.556","137.172","4","","Universal Music Ltda.","C © 1977 Universal Music International, P ℗ 1977 Universal Music International"
"spotify:track:449tMHU4ai9zPHNZfjxAn1","Surfin' Bird - 2017 Remaster","spotify:artist:1co4F2pPNH8JjTutZkmgSm","Ramones","spotify:album:39H0vM2hB4QbzPHZON87t5","Rocket to Russia (2017 Remaster)","spotify:artist:1co4F2pPNH8JjTutZkmgSm","Ramones","1977-11-04","https://i.scdn.co/image/ab67616d0000b27383cea284db8b556ecd696756","1","13","157826","https://p.scdn.co/mp3-preview/d7b08f55090c4fe4687221b68fc918fc24503394?cid=9950ac751e34487dbbe027c4fd7f8e99","false","33","USRH11703074","spotify:user:isak.sjoholm.","2025-07-18T13:23:32Z","punk,proto‑punk","0.444","0.983","9","-2.409","1","0.0562","0.0867","0.0000204","0.186","0.869","193.871","4","","Rhino/Warner Records","C © 1977 Sire Records Company. All Rights Reserved., P ℗ 1977 Sire Records Company. All Rights Reserved. Marketed by Rhino Entertainment Company, a Warner Music Group Company."
"spotify:track:0StHu0G9cRmxgujhPFQmJw","Meu sofrimento","spotify:artist:4oa7ETNZH1ivfzFkCGVZlR, spotify:artist:55Wn8tf8dBvfl1HRsD7Kze","Milionário & José Rico, Continental","spotify:album:4Xb24rmtIBPBxOmzGZcO2V","Volume 05 (Estrada da Vida)","spotify:artist:4oa7ETNZH1ivfzFkCGVZlR, spotify:artist:55Wn8tf8dBvfl1HRsD7Kze","Milionário & José Rico, Continental","1977","https://i.scdn.co/image/ab67616d0000b2735ec8af3cacb152963759386b","1","3","151626","https://p.scdn.co/mp3-preview/b6ffcda27bc4699de0b39a435dc45b7ed0b57827?cid=9950ac751e34487dbbe027c4fd7f8e99","false","33","BRWMB9705653","spotify:user:isak.sjoholm.","2025-07-18T13:23:32Z","sertanejo tradicional,sertanejo,sertanejo tradicional,sertanejo,brega","0.52","0.325","0","-9.341","1","0.0282","0.253","0","0.189","0.626","160.061","3","","WM Brazil","C © 1977 WEA International Inc., P ℗ 2001 WEA International Inc."
"spotify:track:22CZLihuagB3on2ChgVR3p","Leblon via Vaz Lobo","spotify:artist:47UDFBXxSM6d5zbKvflXhv","Banda Black Rio","spotify:album:7KoQPmHEfDU7Sf61BfkhgG","Maria Fumaça (Remasterizado)","spotify:artist:47UDFBXxSM6d5zbKvflXhv","Banda Black Rio","1977","https://i.scdn.co/image/ab67616d0000b273bce8e39244bc48e3cb016b76","1","8","152493","https://p.scdn.co/mp3-preview/fa28018f3025ebce9a309415fb78bff1f065851b?cid=9950ac751e34487dbbe027c4fd7f8e99","false","28","BRWMB9705451","spotify:user:isak.sjoholm.","2025-07-18T13:23:32Z","brasiliansk jazz,jazzfunk","0.626","0.919","2","-5.356","1","0.124","0.0685","0.516","0.317","0.743","110.894","4","","WM Brazil","C © 1977 WEA International Inc., P ℗ 2001 WEA International Inc."
"spotify:track:4xbrtZ2VHNKkfx4p96NCBP","Um Frevo Novo","spotify:artist:7HGNYPmbDrMkylWqeFCOIQ","Caetano Veloso","spotify:album:5tIE9wiVkcxCioMX5YhsSv","Muitos Carnavais","spotify:artist:7HGNYPmbDrMkylWqeFCOIQ","Caetano Veloso","1977-01-01","https://i.scdn.co/image/ab67616d0000b2738c4fc01415cc45a610fd08eb","1","8","173560","https://p.scdn.co/mp3-preview/eb5a8354d81ab636381233909cd8218dd6ffd5ac?cid=9950ac751e34487dbbe027c4fd7f8e99","false","15","BRMCA7700182","spotify:user:isak.sjoholm.","2025-07-18T13:23:32Z","mpb,bossa nova,samba","0.65","0.575","2","-8.05","1","0.141","0.479","0.0000054","0.121","0.845","137.278","4","","Universal Music Ltda.","C © 1977 Universal Music Ltda, P ℗ 1977 Universal Music Ltda"
"spotify:track:7Ecn6iquWc8IgSa46ORwU7","Vingança","spotify:artist:56TkPi7rpmU8jTpkcK7FY3","Beth Carvalho","spotify:album:5jrnGYZ7bHuFqOG2GusH50","Nos Botequins Da Vida","spotify:artist:56TkPi7rpmU8jTpkcK7FY3","Beth Carvalho","1977","https://i.scdn.co/image/ab67616d0000b273dce61375acf13bb0c6cc3017","1","5","147733","https://p.scdn.co/mp3-preview/fb716e69cfca52a3012de9b5119f42a2a068ada5?cid=9950ac751e34487dbbe027c4fd7f8e99","false","18","BRBMG7700256","spotify:user:isak.sjoholm.","2025-07-18T13:23:32Z","samba,pagode,mpb","0.576","0.558","11","-9.859","0","0.129","0.135","0","0.106","0.919","91.708","4","","RCA Records Label","P (P) 1977 RCA"
"spotify:track:0NuccbxnzYLEHqSPoRop5U","Cravo Vermelho","spotify:artist:65TbyndeGrDlFd4IkZNfbN","Geraldo Azevedo","spotify:album:40DxT2f44QZosW11gazbkl","Geraldo Azevedo","spotify:artist:65TbyndeGrDlFd4IkZNfbN","Geraldo Azevedo","1977-01-01","https://i.scdn.co/image/ab67616d0000b273400e1c6815482eb01a7e1372","1","5","221973","https://p.scdn.co/mp3-preview/1b1ae4dda5e33305cda073c41fe5d963d8f8c653?cid=9950ac751e34487dbbe027c4fd7f8e99","false","18","BRSGL7700023","spotify:user:isak.sjoholm.","2025-07-18T13:23:32Z","mpb,forró tradicional,forró","0.338","0.36","2","-13.323","1","0.0323","0.658","0.0000101","0.105","0.256","98.262","4","","Som Livre","C (C) 1977 Som Livre"
"spotify:track:2FONIzWPE6n5G7v5AwFHib","Zé tambozeiro (Tambor de Angola)","spotify:artist:3pXm8H2lDUNFkmQMiJbx6F","Candeia","spotify:album:34wT3HT5r82YLYiFs4Jdgq","Enciclopédia Musical Brasileira","spotify:artist:3pXm8H2lDUNFkmQMiJbx6F","Candeia","1977-11-25","https://i.scdn.co/image/ab67616d0000b2738fb7e9e001e38597bf5cd7ea","1","7","131600","https://p.scdn.co/mp3-preview/e36ec2837699a47037bfca2b056b5c2117c1a02d?cid=9950ac751e34487dbbe027c4fd7f8e99","false","21","BRWMB9806721","spotify:user:isak.sjoholm.","2025-07-18T13:23:32Z","samba","0.574","0.644","1","-9.938","1","0.26","0.375","0","0.126","0.932","131.515","4","","WM Brazil","C © 1977/ 1978 WEA International Inc., P ℗ 2000 WEA Internacional Inc."
"spotify:track:2pBablYtOw8QgAb8ECkzyD","Senhora Das Candeias","spotify:artist:6UKz2oYWzE0ZBnciztCown","Clara Nunes","spotify:album:6lCS4sFwe1vHQh9e6JwEYL","As Forças Da Natureza","spotify:artist:6UKz2oYWzE0ZBnciztCown","Clara Nunes","1977-01-03","https://i.scdn.co/image/ab67616d0000b2732bb38cc2d5f30d239f0e72c5","1","3","235693","https://p.scdn.co/mp3-preview/c9bb9d887c69cd43ccc703e219a1d81710081e2d?cid=9950ac751e34487dbbe027c4fd7f8e99","false","21","BREMI7700643","spotify:user:isak.sjoholm.","2025-07-18T13:23:32Z","samba,mpb,forró tradicional,pagode,forró,axé","0.654","0.547","0","-8.429","1","0.0481","0.338","0","0.1","0.725","151.639","4","","Universal Music Ltda.","C © 1977 EMI Records Brasil Ltda, P ℗ 1977 EMI Records Brasil Ltda"
"spotify:track:3Z3pRjnofQsBbwIZrHuANO","Passaredo","spotify:artist:0fSXB6V1mhguJCAN7pLzu6","Francis Hime","spotify:album:7HKVDcnCVDklgG5DlFM4AO","Passaredo","spotify:artist:0fSXB6V1mhguJCAN7pLzu6","Francis Hime","1977-01-01","https://i.scdn.co/image/ab67616d0000b273ba528c42ef9167620b0ae844","1","1","188706","https://p.scdn.co/mp3-preview/648f9b2827cb1b5b987976b409321f3946b11e3b?cid=9950ac751e34487dbbe027c4fd7f8e99","false","21","BRSGL7700090","spotify:user:isak.sjoholm.","2025-07-18T13:23:32Z","bossa nova,mpb,brasiliansk jazz","0.388","0.272","6","-13.955","1","0.0447","0.932","0.00223","0.188","0.126","85.839","4","","Som Livre","C (C) 1977 Som Livre, P (P) 2006 Som Livre"
"spotify:track:720PU8mchUV2l4ytcBI47y","The Other One","spotify:artist:7vr15l4ulzvj0ef7x10jrO","Pholhas","spotify:album:5hAVBSfwB7OKg54FbMJuiD","Pholhas","spotify:artist:7vr15l4ulzvj0ef7x10jrO","Pholhas","1977-09-17","https://i.scdn.co/image/ab67616d0000b273330f2ef0fb335ea0ebb6cad3","1","3","191800","https://p.scdn.co/mp3-preview/ff0011296d72a83e39f75e4afdda25d61fc2317b?cid=9950ac751e34487dbbe027c4fd7f8e99","false","21","BRBMG7300201","spotify:user:isak.sjoholm.","2025-07-18T13:23:32Z","","0.295","0.42","5","-11.758","1","0.0311","0.162","0.409","0.0455","0.245","142.967","4","","RCA Records Label","P (P) 1994 Sony Music Entertainment -Ariola"
"spotify:track:63StAxGgsEdg0rFd1Zo9on","Nêga Olívia","spotify:artist:7s6K4YGtN6umad2vEORNM4","Bebeto","spotify:album:4XO6P2YqFUO9nacoB8imji","Esperanças Mil","spotify:artist:7s6K4YGtN6umad2vEORNM4","Bebeto","1977-07-10","https://i.scdn.co/image/ab67616d0000b273981113f8abc1196d3d3edf86","1","5","206631","https://p.scdn.co/mp3-preview/e580cbcee6b672a434b4a26f9c5781aeb5431995?cid=9950ac751e34487dbbe027c4fd7f8e99","false","48","BREMI8900142","spotify:user:isak.sjoholm.","2025-07-18T13:23:32Z","samba,mpb","0.565","0.387","2","-11.595","1","0.0462","0.355","0","0.131","0.797","116.919","4","","Universal Music Ltda.","C © 1977 EMI Records Brasil Ltda, P ℗ 1977 EMI Records Brasil Ltda"
"spotify:track:6eweqCH6Xgr7nIz2PCbzw0","História De Um Preto Velho","spotify:artist:5iiQvuDCnlXoK8iAhydW0u","Leci Brandao","spotify:album:45ezXhsXFqhqVYRLcxFlWB","Coisas Do Meu Pessoal","spotify:artist:5iiQvuDCnlXoK8iAhydW0u","Leci Brandao","1977-01-02","https://i.scdn.co/image/ab67616d0000b273b0ab2a26933bc81cf589513e","1","12","227230","https://p.scdn.co/mp3-preview/77b1a6486fb5ce92aca4f457943adf96f40af93e?cid=9950ac751e34487dbbe027c4fd7f8e99","false","12","BRUM71904107","spotify:user:isak.sjoholm.","2025-07-18T13:23:32Z","samba,pagode,mpb","0.584","0.64","10","-10.857","0","0.06","0.218","0.000004","0.0761","0.888","134.564","4","","Universal Music Ltda.","C © 1977 Universal Music International, P ℗ 1977 Universal Music International"
"spotify:track:2jcLqzfGjRhIXODfvgUnDo","Nao Pode","spotify:artist:4Eev3uY6rsEe2XheMKXWZX","Tony Bizarro","spotify:album:3naH687JWedSGAXGt9aOxM","Nesse Inverno","spotify:artist:4Eev3uY6rsEe2XheMKXWZX","Tony Bizarro","1977-03-30","https://i.scdn.co/image/ab67616d0000b273a796b8c3c2e6c0899ca29b84","1","4","191960","https://p.scdn.co/mp3-preview/533c69e7f9b9f0096088b7f88f7a65d66141032a?cid=9950ac751e34487dbbe027c4fd7f8e99","false","21","BRSME7700029","spotify:user:isak.sjoholm.","2025-07-18T13:23:32Z","","0.766","0.48","10","-10.503","1","0.478","0.686","0.0000104","0.125","0.87","167.295","4","","Columbia","P (P) 1977 Sony Music Entertainment (Brasil) I.C.L."
"spotify:track:3wYDn8NV5kLwNDpWrjdsHm","Dia de graça","spotify:artist:3pXm8H2lDUNFkmQMiJbx6F","Candeia","spotify:album:4SOl0TdVO1PJSWfizvVI4l","Mestres da MPB","spotify:artist:3pXm8H2lDUNFkmQMiJbx6F","Candeia","1977-11-25","https://i.scdn.co/image/ab67616d0000b273cb14c770767021eeff024884","1","1","192360","https://p.scdn.co/mp3-preview/23d2b1e2dbe93b67c3f9d392c4eb11fa2b71c9e6?cid=9950ac751e34487dbbe027c4fd7f8e99","false","23","BRWMB9803393","spotify:user:isak.sjoholm.","2025-07-18T13:23:32Z","samba","0.598","0.522","5","-12.934","0","0.405","0.563","0.000045","0.0932","0.848","162.613","4","","WM Brazil","C © 1992 WEA International Inc., P ℗ 1992 WEA International Inc."
"spotify:track:5XfShxH7r7jeCfdYw59EOi","Em Copacabana","spotify:artist:65TbyndeGrDlFd4IkZNfbN","Geraldo Azevedo","spotify:album:40DxT2f44QZosW11gazbkl","Geraldo Azevedo","spotify:artist:65TbyndeGrDlFd4IkZNfbN","Geraldo Azevedo","1977-01-01","https://i.scdn.co/image/ab67616d0000b273400e1c6815482eb01a7e1372","1","4","282560","https://p.scdn.co/mp3-preview/e3e39a08d77c16dfbe57d555300c18195c49c50f?cid=9950ac751e34487dbbe027c4fd7f8e99","false","17","BRSGL7700022","spotify:user:isak.sjoholm.","2025-07-18T13:23:32Z","mpb,forró tradicional,forró","0.486","0.428","1","-10.913","1","0.0319","0.73","0.000461","0.0685","0.568","141.047","4","","Som Livre","C (C) 1977 Som Livre"
"spotify:track:66zkn9eLMv6G2cyhlRKrGa","O Que É... O Que É","spotify:artist:1M507Np8dZ2dprrHC5aHsm","Moraes Moreira","spotify:album:15o6KB3uywmnThv3c0kGGZ","Cara e Coração","spotify:artist:1M507Np8dZ2dprrHC5aHsm","Moraes Moreira","1977-01-01","https://i.scdn.co/image/ab67616d0000b27307c28afd90fe84dbd9b8f0b7","1","1","135386","https://p.scdn.co/mp3-preview/9d4360a90666a7746ab2f5ff3c40a649ae53626a?cid=9950ac751e34487dbbe027c4fd7f8e99","false","20","BRRGE7700009","spotify:user:isak.sjoholm.","2025-07-18T13:23:32Z","mpb,axé","0.74","0.709","2","-13.119","1","0.0454","0.313","0.00000358","0.0782","0.976","156.362","4","","Som Livre","C (C) 1977 Som Livre"
"spotify:track:6NrQ01Y1bi9VEMzMTo1Atw","A Flor e o Espinho / Quando Eu Me Chamar Saudade","spotify:artist:5SkbH30vQhoE6abldC0AIB","Guilherme De Brito","spotify:album:6qmP5pJpulEEaQK9YQtvI2","Quatro Grandes Do Samba","spotify:artist:4fM7g0eXsUimTbBLoJeucg","Candeia\, Cavaquinho\, Medeiros & Brito","1977-08-15","https://i.scdn.co/image/ab67616d0000b2733404675f335c2de44b0f55e8","1","4","156000","https://p.scdn.co/mp3-preview/34c5b37b3d23a04ea91613a40aacf47a417ebc5e?cid=9950ac751e34487dbbe027c4fd7f8e99","false","21","BRBMG7700199","spotify:user:isak.sjoholm.","2025-07-18T13:23:32Z","samba","0.446","0.676","7","-9.369","0","0.124","0.453","0","0.181","0.81","86.958","3","","RCA Records Label","P (P) 1977 BMG Brasil Ltda"
"spotify:track:7aWTHMgZeyK9RLVBa2NX2K","Latin Lover","spotify:artist:3DF0ClNOUuvS3gh8V8sRJH, spotify:artist:2vxB3dcYKpHO5eQfYetGxT","João Bosco, Aldir Blanc","spotify:album:4MJVcIYQvpjgCxTDqTWcFr","Disco de Ouro","spotify:artist:3DF0ClNOUuvS3gh8V8sRJH, spotify:artist:2vxB3dcYKpHO5eQfYetGxT","João Bosco, Aldir Blanc","1977","https://i.scdn.co/image/ab67616d0000b27321ca7cde75d058b0a55d3d00","1","6","115760","https://p.scdn.co/mp3-preview/7019060e5eb8417c392b1e516b69e206289520f6?cid=9950ac751e34487dbbe027c4fd7f8e99","false","27","BRBMG7600040","spotify:user:isak.sjoholm.","2025-07-18T13:23:32Z","mpb,samba,bossa nova,brasiliansk jazz,samba,mpb,bossa nova","0.528","0.392","4","-11.854","0","0.116","0.726","0.00000169","0.118","0.198","89.108","4","","Sony Music Entertainment","P (P) 1977 RCA"
"spotify:track:03Wc8Crk4tLNbEN8bILI5b","Junia","spotify:artist:47UDFBXxSM6d5zbKvflXhv","Banda Black Rio","spotify:album:7KoQPmHEfDU7Sf61BfkhgG","Maria Fumaça (Remasterizado)","spotify:artist:47UDFBXxSM6d5zbKvflXhv","Banda Black Rio","1977","https://i.scdn.co/image/ab67616d0000b273bce8e39244bc48e3cb016b76","1","10","221746","https://p.scdn.co/mp3-preview/25db848aabbc4df4a86b0af8fbe62ac0cd227eaa?cid=9950ac751e34487dbbe027c4fd7f8e99","false","34","BRWMB9705453","spotify:user:isak.sjoholm.","2025-07-18T13:23:32Z","brasiliansk jazz,jazzfunk","0.513","0.489","1","-8.633","1","0.03","0.703","0.947","0.0988","0.146","117.004","4","","WM Brazil","C © 1977 WEA International Inc., P ℗ 2001 WEA International Inc."
"spotify:track:0sPZpwDNHSuLAGKQ1sfIOR","I Don't Care - 2017 Remaster","spotify:artist:1co4F2pPNH8JjTutZkmgSm","Ramones","spotify:album:39H0vM2hB4QbzPHZON87t5","Rocket to Russia (2017 Remaster)","spotify:artist:1co4F2pPNH8JjTutZkmgSm","Ramones","1977-11-04","https://i.scdn.co/image/ab67616d0000b27383cea284db8b556ecd696756","1","5","99146","https://p.scdn.co/mp3-preview/4aaabf6e8f533f768c207dd7e8ba2bc820d5fa2e?cid=9950ac751e34487dbbe027c4fd7f8e99","false","30","USRH11703066","spotify:user:isak.sjoholm.","2025-07-18T13:23:32Z","punk,proto‑punk","0.511","0.867","2","-2.527","1","0.0339","0.0348","0.0000118","0.0742","0.818","135.574","4","","Rhino/Warner Records","C © 1977 Sire Records Company. All Rights Reserved., P ℗ 1977 Sire Records Company. All Rights Reserved. Marketed by Rhino Entertainment Company, a Warner Music Group Company."
"spotify:track:3PeMd4qXdzmSGyaCSGRLUI","Santo e Demônio","spotify:artist:5hzHutt6DLPzctqvnS6Fdv","Amelinha","spotify:album:2aFKShMijeLdLcGJPQZh75","Flor Da Paisagem","spotify:artist:5hzHutt6DLPzctqvnS6Fdv","Amelinha","1977-03-15","https://i.scdn.co/image/ab67616d0000b2731fe835282360de2476c5135f","1","1","178360","https://p.scdn.co/mp3-preview/f5c36f36ef81da9e7ebc068515d5324a80fb2718?cid=9950ac751e34487dbbe027c4fd7f8e99","false","20","BRSME8200022","spotify:user:isak.sjoholm.","2025-07-18T13:23:32Z","mpb,forró tradicional,forró,brega","0.561","0.416","10","-12.519","1","0.0353","0.458","0.0000419","0.282","0.417","144.012","4","","Columbia","P (P) 1977 Sony Music Entertainment (Brasil) I.C.L."
"spotify:track:4EGBfeU6NaF8bVrVik5gAp","Por Favor, Amor (My Life)","spotify:artist:7xYYjV1mhjbgQpGB09q7tf","Jane & Herondy","spotify:album:3zjDiJmRQFXJf2i3NgayuQ","Não Se Vá","spotify:artist:7xYYjV1mhjbgQpGB09q7tf","Jane & Herondy","1977-06-22","https://i.scdn.co/image/ab67616d0000b273b5eb363fafcc18d9e5ea6ebf","1","1","221173","https://p.scdn.co/mp3-preview/7fb4c2863b8e63bed1eab5dabfca43fea3397819?cid=9950ac751e34487dbbe027c4fd7f8e99","false","29","BRBMG7700274","spotify:user:isak.sjoholm.","2025-07-18T13:23:32Z","brega,seresta","0.361","0.406","9","-5.744","0","0.0284","0.41","0","0.0818","0.397","84.225","4","","Sony Music Entertainment","P (P) 1977 RCA"
"spotify:track:6NmBeJppNNP8tV0IIo7nU8","Me Recuso","spotify:artist:1b8kpp4DUwt1hWaxTiWQhD","Gal Costa","spotify:album:73gyxoh7akWRRrv78uJC1o","Caras E Bocas","spotify:artist:1b8kpp4DUwt1hWaxTiWQhD","Gal Costa","1977-01-01","https://i.scdn.co/image/ab67616d0000b273a5e485e18fcfb94b91967ad8","1","2","252066","https://p.scdn.co/mp3-preview/f0231f4806869089761beec6c991d98e7b90a9d0?cid=9950ac751e34487dbbe027c4fd7f8e99","false","23","BRUM70600747","spotify:user:isak.sjoholm.","2025-07-18T13:23:32Z","mpb,bossa nova,brasiliansk jazz","0.677","0.364","9","-17.282","1","0.213","0.85","0.00338","0.201","0.673","74.821","4","","Universal Music Ltda.","C © 1977 Universal Music Ltda, P ℗ 1977 Universal Music Ltda"
"spotify:track:2XQ6mhzxuSQgDAtUXE8a1D","Cretin Hop - 2017 Remaster","spotify:artist:1co4F2pPNH8JjTutZkmgSm","Ramones","spotify:album:39H0vM2hB4QbzPHZON87t5","Rocket to Russia (2017 Remaster)","spotify:artist:1co4F2pPNH8JjTutZkmgSm","Ramones","1977-11-04","https://i.scdn.co/image/ab67616d0000b27383cea284db8b556ecd696756","1","1","115986","https://p.scdn.co/mp3-preview/91d6fcf923de76333b5af7089ddc79158f01fbbd?cid=9950ac751e34487dbbe027c4fd7f8e99","false","32","USRH11703062","spotify:user:isak.sjoholm.","2025-07-18T13:23:32Z","punk,proto‑punk","0.384","0.95","9","-1.818","1","0.0435","0.000132","0.000369","0.399","0.865","185.151","4","","Rhino/Warner Records","C © 1977 Sire Records Company. All Rights Reserved., P ℗ 1977 Sire Records Company. All Rights Reserved. Marketed by Rhino Entertainment Company, a Warner Music Group Company."
"spotify:track:2dF4Z7rhBvYwwEMy1lqAMZ","Só Pra Mim, Pra Mais Ninguém","spotify:artist:3kUC3a0wTkjsdkJiytULkN","Odair Jose","spotify:album:0ncxilXPaSJBxOZuaLoU41","O Filho de José e Maria","spotify:artist:3kUC3a0wTkjsdkJiytULkN","Odair Jose","1977-06-09","https://i.scdn.co/image/ab67616d0000b273f46910edd7e3bfdf3f732b09","1","3","181466","https://p.scdn.co/mp3-preview/cb9f86c0dc7f0d5346630816f11da8385ffbba60?cid=9950ac751e34487dbbe027c4fd7f8e99","false","20","BRBMG7700061","spotify:user:isak.sjoholm.","2025-07-18T13:23:32Z","brega,seresta","0.538","0.53","9","-8.445","1","0.0243","0.598","0.000798","0.149","0.623","107.562","4","","Sony Music Entertainment","P (P) 1977 RCA"
"spotify:track:4drAAET2zmPKZMMXJgtpzS","Solamente Una Vez - Versão Remasterizada","spotify:artist:7fAKtXSdNInWAIf0jVUz65","Roberto Carlos","spotify:album:5vl1VJK6vHYiQbLWbEe41d","Roberto Carlos (1977 Remasterizado)","spotify:artist:7fAKtXSdNInWAIf0jVUz65","Roberto Carlos","1977-04-07","https://i.scdn.co/image/ab67616d0000b273c47ef70685b5a9caa82b6978","1","5","176106","https://p.scdn.co/mp3-preview/0264aea00330fefc81beeefa9e6bc30090171965?cid=9950ac751e34487dbbe027c4fd7f8e99","false","25","BRSME7700126","spotify:user:isak.sjoholm.","2025-07-18T13:23:32Z","mpb,brega,bolero","0.562","0.29","9","-10.919","1","0.0277","0.653","0.0000628","0.115","0.462","92.142","4","","Sony BMG Music Entertainment","P (P) 1977 Sony Music Entertainment Brasil Ltda"
"spotify:track:4xbsZcDR7VjFgMYfqFx5pR","O Mestre Sala dos Mares","spotify:artist:3DF0ClNOUuvS3gh8V8sRJH, spotify:artist:2vxB3dcYKpHO5eQfYetGxT","João Bosco, Aldir Blanc","spotify:album:4MJVcIYQvpjgCxTDqTWcFr","Disco de Ouro","spotify:artist:3DF0ClNOUuvS3gh8V8sRJH, spotify:artist:2vxB3dcYKpHO5eQfYetGxT","João Bosco, Aldir Blanc","1977","https://i.scdn.co/image/ab67616d0000b27321ca7cde75d058b0a55d3d00","1","8","184026","https://p.scdn.co/mp3-preview/9d75023a58632e3f3e42e954bd73addfeca9e195?cid=9950ac751e34487dbbe027c4fd7f8e99","false","17","BRBMG7500119","spotify:user:isak.sjoholm.","2025-07-18T13:23:32Z","mpb,samba,bossa nova,brasiliansk jazz,samba,mpb,bossa nova","0.68","0.489","6","-12.551","0","0.0728","0.629","0.0000228","0.324","0.536","110.786","4","","Sony Music Entertainment","P (P) 1977 RCA"
"spotify:track:6zJhxNuQ3GKiOgYbqr3Hmv","Kid Cavaquinho","spotify:artist:3DF0ClNOUuvS3gh8V8sRJH, spotify:artist:2vxB3dcYKpHO5eQfYetGxT","João Bosco, Aldir Blanc","spotify:album:4MJVcIYQvpjgCxTDqTWcFr","Disco de Ouro","spotify:artist:3DF0ClNOUuvS3gh8V8sRJH, spotify:artist:2vxB3dcYKpHO5eQfYetGxT","João Bosco, Aldir Blanc","1977","https://i.scdn.co/image/ab67616d0000b27321ca7cde75d058b0a55d3d00","1","4","176893","https://p.scdn.co/mp3-preview/7220d7fec9ddfa3e7f825bc45236c53c97949cdb?cid=9950ac751e34487dbbe027c4fd7f8e99","false","17","BRBMG7500015","spotify:user:isak.sjoholm.","2025-07-18T13:23:32Z","mpb,samba,bossa nova,brasiliansk jazz,samba,mpb,bossa nova","0.614","0.681","2","-11.767","1","0.0637","0.599","0.0000177","0.0703","0.913","115.948","4","","Sony Music Entertainment","P (P) 1977 RCA"
"spotify:track:1wJNpTlVKiBWkKcOW9KPgL","Azulão do reino encantado","spotify:artist:2PLF4pjm6A5eztTVbt9ou4, spotify:artist:55Wn8tf8dBvfl1HRsD7Kze","Tião Carreiro & Pardinho, Continental","spotify:album:2e0MhHiu2kw6N4gIsqTdhz","Rancho do Vale","spotify:artist:2PLF4pjm6A5eztTVbt9ou4, spotify:artist:55Wn8tf8dBvfl1HRsD7Kze","Tião Carreiro & Pardinho, Continental","1977","https://i.scdn.co/image/ab67616d0000b273ece1195314c60ca9157e5303","1","9","215746","https://p.scdn.co/mp3-preview/81f75fdb07d96c7c750d98d0858a53d7fa16da2d?cid=9950ac751e34487dbbe027c4fd7f8e99","false","28","BRWMB0001044","spotify:user:isak.sjoholm.","2025-07-18T13:23:32Z","sertanejo tradicional,sertanejo,sertanejo tradicional,sertanejo,brega","0.675","0.649","4","-5.723","1","0.0293","0.616","0.000362","0.109","0.816","103.915","4","","WM Brazil","C © 1977 WEA International Inc., P ℗ 2000 WEA International Inc."
"spotify:track:24r1jEFV4B1IiyEE7Yl7lK","Shadow Of Love","spotify:artist:7vr15l4ulzvj0ef7x10jrO","Pholhas","spotify:album:5hAVBSfwB7OKg54FbMJuiD","Pholhas","spotify:artist:7vr15l4ulzvj0ef7x10jrO","Pholhas","1977-09-17","https://i.scdn.co/image/ab67616d0000b273330f2ef0fb335ea0ebb6cad3","1","5","200733","https://p.scdn.co/mp3-preview/89f15627c607eda1a7ce7f3731e5ee1b72bee311?cid=9950ac751e34487dbbe027c4fd7f8e99","false","21","BRBMG7200081","spotify:user:isak.sjoholm.","2025-07-18T13:23:32Z","","0.42","0.313","7","-14.269","1","0.0324","0.272","0.211","0.111","0.435","141.495","4","","RCA Records Label","P (P) 1994 Sony Music Entertainment -Ariola"
"spotify:track:2XrMKEPMNDiFVK3j7Zc7B2","Fulô do Dia","spotify:artist:65TbyndeGrDlFd4IkZNfbN","Geraldo Azevedo","spotify:album:40DxT2f44QZosW11gazbkl","Geraldo Azevedo","spotify:artist:65TbyndeGrDlFd4IkZNfbN","Geraldo Azevedo","1977-01-01","https://i.scdn.co/image/ab67616d0000b273400e1c6815482eb01a7e1372","1","6","223386","https://p.scdn.co/mp3-preview/544efda32f6a6548054860b0866d73c5ad9f9e9a?cid=9950ac751e34487dbbe027c4fd7f8e99","false","17","BRSGL7700024","spotify:user:isak.sjoholm.","2025-07-18T13:23:32Z","mpb,forró tradicional,forró","0.48","0.394","1","-13.197","1","0.0418","0.636","0","0.0808","0.563","119.793","4","","Som Livre","C (C) 1977 Som Livre"
"spotify:track:2upMPEkFzLvwpdDX4jViPo","Sentimento sertanejo","spotify:artist:4oa7ETNZH1ivfzFkCGVZlR, spotify:artist:55Wn8tf8dBvfl1HRsD7Kze","Milionário & José Rico, Continental","spotify:album:4Xb24rmtIBPBxOmzGZcO2V","Volume 05 (Estrada da Vida)","spotify:artist:4oa7ETNZH1ivfzFkCGVZlR, spotify:artist:55Wn8tf8dBvfl1HRsD7Kze","Milionário & José Rico, Continental","1977","https://i.scdn.co/image/ab67616d0000b2735ec8af3cacb152963759386b","1","5","154613","https://p.scdn.co/mp3-preview/978b16a01746d44684e5c4b4c82761dd903870da?cid=9950ac751e34487dbbe027c4fd7f8e99","false","26","BRWMB9705655","spotify:user:isak.sjoholm.","2025-07-18T13:23:32Z","sertanejo tradicional,sertanejo,sertanejo tradicional,sertanejo,brega","0.698","0.401","2","-8.891","1","0.0292","0.555","0","0.13","0.93","104.736","4","","WM Brazil","C © 1977 WEA International Inc., P ℗ 2001 WEA International Inc."
"spotify:track:455AuIEEPZLDkmTvR8FbZq","De Frente Pro Crime","spotify:artist:3DF0ClNOUuvS3gh8V8sRJH, spotify:artist:2vxB3dcYKpHO5eQfYetGxT","João Bosco, Aldir Blanc","spotify:album:4MJVcIYQvpjgCxTDqTWcFr","Disco de Ouro","spotify:artist:3DF0ClNOUuvS3gh8V8sRJH, spotify:artist:2vxB3dcYKpHO5eQfYetGxT","João Bosco, Aldir Blanc","1977","https://i.scdn.co/image/ab67616d0000b27321ca7cde75d058b0a55d3d00","1","7","129440","https://p.scdn.co/mp3-preview/aaa467e3b3714ea41be63cf3f58805a9aa67354e?cid=9950ac751e34487dbbe027c4fd7f8e99","false","17","BRBMG7500014","spotify:user:isak.sjoholm.","2025-07-18T13:23:32Z","mpb,samba,bossa nova,brasiliansk jazz,samba,mpb,bossa nova","0.71","0.801","7","-12.731","1","0.0436","0.774","0.00333","0.168","0.751","108.26","4","","Sony Music Entertainment","P (P) 1977 RCA"
"spotify:track:4jczCerG7klSIrX576o7o3","Apoteose Ao Samba","spotify:artist:5gcpKqNGPhEtKW5G1ZUZPK","João Nogueira","spotify:album:2MvW79iGZn2nSlEiU3b4PK","Espelho","spotify:artist:5gcpKqNGPhEtKW5G1ZUZPK","João Nogueira","1977-01-03","https://i.scdn.co/image/ab67616d0000b2736a2d9e042d4792cedce922aa","1","7","153533","https://p.scdn.co/mp3-preview/176d140fd52000135e62211a37cbbf40ca20c223?cid=9950ac751e34487dbbe027c4fd7f8e99","false","13","BREMI7700114","spotify:user:isak.sjoholm.","2025-07-18T13:23:32Z","samba,mpb,pagode","0.566","0.506","7","-13.491","1","0.126","0.293","0.00000701","0.165","0.583","114.779","4","","EMI","C © 1977 EMI Music Brasil Ltda, P ℗ 1977 EMI Music Brasil Ltda"
"spotify:track:59e33x5FmOoUnvIep4yBX8","Caras E Bocas","spotify:artist:1b8kpp4DUwt1hWaxTiWQhD","Gal Costa","spotify:album:73gyxoh7akWRRrv78uJC1o","Caras E Bocas","spotify:artist:1b8kpp4DUwt1hWaxTiWQhD","Gal Costa","1977-01-01","https://i.scdn.co/image/ab67616d0000b273a5e485e18fcfb94b91967ad8","1","1","247440","https://p.scdn.co/mp3-preview/c7ae8426d8df266ad0dcdbb87a50a8acec7cfdaa?cid=9950ac751e34487dbbe027c4fd7f8e99","false","19","BRUM70600746","spotify:user:isak.sjoholm.","2025-07-18T13:23:32Z","mpb,bossa nova,brasiliansk jazz","0.648","0.485","8","-16.763","1","0.0631","0.0773","0.00000607","0.0994","0.774","101.569","4","","Universal Music Ltda.","C © 1977 Universal Music Ltda, P ℗ 1977 Universal Music Ltda"
"spotify:track:0uosgrfyqoXYhsWLdDaL42","Wilson, Geraldo E Noel","spotify:artist:5gcpKqNGPhEtKW5G1ZUZPK","João Nogueira","spotify:album:2MvW79iGZn2nSlEiU3b4PK","Espelho","spotify:artist:5gcpKqNGPhEtKW5G1ZUZPK","João Nogueira","1977-01-03","https://i.scdn.co/image/ab67616d0000b2736a2d9e042d4792cedce922aa","1","8","184533","https://p.scdn.co/mp3-preview/01c49e812017dd68f19cbbadc52cedc932126329?cid=9950ac751e34487dbbe027c4fd7f8e99","false","25","BREMI7700115","spotify:user:isak.sjoholm.","2025-07-18T13:23:32Z","samba,mpb,pagode","0.693","0.492","7","-12.915","1","0.0435","0.796","0.00029","0.133","0.684","139.568","4","","EMI","C © 1977 EMI Music Brasil Ltda, P ℗ 1977 EMI Music Brasil Ltda"
"spotify:track:6fRuuP6G3hQTzrunv4VO3Z","Amor com amor se paga - Meu erro","spotify:artist:4oa7ETNZH1ivfzFkCGVZlR, spotify:artist:55Wn8tf8dBvfl1HRsD7Kze","Milionário & José Rico, Continental","spotify:album:4ZbQGXevQ9j0HGv7sV6VJ2","Volume 04 (As Gargantas de Ouro do Brasil)","spotify:artist:4oa7ETNZH1ivfzFkCGVZlR, spotify:artist:55Wn8tf8dBvfl1HRsD7Kze","Milionário & José Rico, Continental","1977","https://i.scdn.co/image/ab67616d0000b273b93388aa6dd3e7c439cd0c0c","1","9","158866","https://p.scdn.co/mp3-preview/fac224e438d281eb1a547dbc582d7b62441c167e?cid=9950ac751e34487dbbe027c4fd7f8e99","false","23","BRWMB9705736","spotify:user:isak.sjoholm.","2025-07-18T13:23:32Z","sertanejo tradicional,sertanejo,sertanejo tradicional,sertanejo,brega","0.35","0.429","3","-5.919","1","0.0338","0.42","0","0.345","0.718","80.806","4","","WM Brazil","C © 1977 WEA International Inc., P ℗ 2001 WEA International Inc."
"spotify:track:785tJSHUL0Tr0EUAHgXTZG","Juntos Novamente (Our Love)","spotify:artist:7xYYjV1mhjbgQpGB09q7tf","Jane & Herondy","spotify:album:3zjDiJmRQFXJf2i3NgayuQ","Não Se Vá","spotify:artist:7xYYjV1mhjbgQpGB09q7tf","Jane & Herondy","1977-06-22","https://i.scdn.co/image/ab67616d0000b273b5eb363fafcc18d9e5ea6ebf","1","4","233506","https://p.scdn.co/mp3-preview/e23a0659e3a848020981b7456ffb94f941492f07?cid=9950ac751e34487dbbe027c4fd7f8e99","false","27","BRBMG7700049","spotify:user:isak.sjoholm.","2025-07-18T13:23:32Z","brega,seresta","0.451","0.542","9","-5.671","0","0.025","0.318","0","0.143","0.579","93.539","4","","Sony Music Entertainment","P (P) 1977 RCA"
"spotify:track:1PiVZWnTSlSnLeErGDwpjc","É Assim...","spotify:artist:3kUC3a0wTkjsdkJiytULkN","Odair Jose","spotify:album:0ncxilXPaSJBxOZuaLoU41","O Filho de José e Maria","spotify:artist:3kUC3a0wTkjsdkJiytULkN","Odair Jose","1977-06-09","https://i.scdn.co/image/ab67616d0000b273f46910edd7e3bfdf3f732b09","1","4","179906","https://p.scdn.co/mp3-preview/178a8c8277327f877877b140c791d370737c6461?cid=9950ac751e34487dbbe027c4fd7f8e99","false","19","BRBMG1700057","spotify:user:isak.sjoholm.","2025-07-18T13:23:32Z","brega,seresta","0.674","0.682","10","-7.102","1","0.0604","0.103","0.00000399","0.241","0.566","134.345","4","","Sony Music Entertainment","P (P) 1977 RCA"
"spotify:track:42KrO09AGPMUIe56iAqLZB","Novidades","spotify:artist:4I6g6JnejcPeAxjkvEYsTT","Peninha","spotify:album:5ygHrs6PoBhDwKBDcuGduN","Sonhos","spotify:artist:4I6g6JnejcPeAxjkvEYsTT","Peninha","1977-04-04","https://i.scdn.co/image/ab67616d0000b2733380ec46fd1fc076cd86fc7f","1","5","243911","https://p.scdn.co/mp3-preview/cd67941566d904ae12540073a80365197eb5ad23?cid=9950ac751e34487dbbe027c4fd7f8e99","false","27","BRMCA7700243","spotify:user:isak.sjoholm.","2025-07-18T13:23:32Z","brega,mpb,seresta","0.627","0.771","9","-10.443","1","0.0704","0.74","0.0263","0.243","0.716","102.668","4","","Universal Music Ltda.","C © 1977 Universal Music Ltda, P ℗ 1977 Universal Music Ltda"
"spotify:track:73xqQEZlaQmIbPqDqtSl1J","O Passado Da Portela","spotify:artist:5gcpKqNGPhEtKW5G1ZUZPK","João Nogueira","spotify:album:2MvW79iGZn2nSlEiU3b4PK","Espelho","spotify:artist:5gcpKqNGPhEtKW5G1ZUZPK","João Nogueira","1977-01-03","https://i.scdn.co/image/ab67616d0000b2736a2d9e042d4792cedce922aa","1","6","171533","https://p.scdn.co/mp3-preview/754a1d0ef846fdd679a7e70b09af08307e93b9b5?cid=9950ac751e34487dbbe027c4fd7f8e99","false","17","BREMI7700506","spotify:user:isak.sjoholm.","2025-07-18T13:23:32Z","samba,mpb,pagode","0.631","0.527","0","-11.63","1","0.0748","0.303","0","0.921","0.551","113.196","4","","EMI","C © 1977 EMI Music Brasil Ltda, P ℗ 1977 EMI Music Brasil Ltda"
"spotify:track:0C6480Y91yyoVHTDrVswhx","Onde está meu bem","spotify:artist:4oa7ETNZH1ivfzFkCGVZlR, spotify:artist:55Wn8tf8dBvfl1HRsD7Kze","Milionário & José Rico, Continental","spotify:album:4ZbQGXevQ9j0HGv7sV6VJ2","Volume 04 (As Gargantas de Ouro do Brasil)","spotify:artist:4oa7ETNZH1ivfzFkCGVZlR, spotify:artist:55Wn8tf8dBvfl1HRsD7Kze","Milionário & José Rico, Continental","1977","https://i.scdn.co/image/ab67616d0000b273b93388aa6dd3e7c439cd0c0c","1","3","179746","https://p.scdn.co/mp3-preview/35f83ad5a9e2d1ade243549bdf8d885459c11425?cid=9950ac751e34487dbbe027c4fd7f8e99","false","21","BRWMB9705730","spotify:user:isak.sjoholm.","2025-07-18T13:23:32Z","sertanejo tradicional,sertanejo,sertanejo tradicional,sertanejo,brega","0.485","0.498","2","-7.074","1","0.0409","0.586","0","0.446","0.603","178.145","4","","WM Brazil","C © 1977 WEA International Inc., P ℗ 2001 WEA International Inc."
"spotify:track:0GYjv0iCcWkdc4NclS2qwg","A Grande Borboleta - Remixed Original Album","spotify:artist:7HGNYPmbDrMkylWqeFCOIQ","Caetano Veloso","spotify:album:2rXCY07TM8KFD4af2u6eaV","Bicho","spotify:artist:7HGNYPmbDrMkylWqeFCOIQ","Caetano Veloso","1977-01-01","https://i.scdn.co/image/ab67616d0000b2730ca2bccc8386ae0c128662d1","1","6","70053","https://p.scdn.co/mp3-preview/6336742e2373e90bb88f36211f5bc0a99645477a?cid=9950ac751e34487dbbe027c4fd7f8e99","false","17","BRUM70601086","spotify:user:isak.sjoholm.","2025-07-18T13:23:32Z","mpb,bossa nova,samba","0.589","0.016","11","-19.913","1","0.0685","0.97","0.000115","0.0997","0.473","77.513","1","","Universal Music Ltda.","C © 1977 Universal Music Ltda, P ℗ 1977 Universal Music Ltda"
"spotify:track:3SY5Fpmailnt3gqua0OKQ0","Urubu malandro","spotify:artist:47UDFBXxSM6d5zbKvflXhv","Banda Black Rio","spotify:album:7KoQPmHEfDU7Sf61BfkhgG","Maria Fumaça (Remasterizado)","spotify:artist:47UDFBXxSM6d5zbKvflXhv","Banda Black Rio","1977","https://i.scdn.co/image/ab67616d0000b273bce8e39244bc48e3cb016b76","1","9","151000","https://p.scdn.co/mp3-preview/f84c4be1cf91b03e9d93c0fce039c5890b3771a8?cid=9950ac751e34487dbbe027c4fd7f8e99","false","26","BRWMB9705452","spotify:user:isak.sjoholm.","2025-07-18T13:23:32Z","brasiliansk jazz,jazzfunk","0.657","0.89","2","-4.957","1","0.0634","0.0164","0.707","0.132","0.709","116.597","4","","WM Brazil","C © 1977 WEA International Inc., P ℗ 2001 WEA International Inc."
"spotify:track:3gituJ2npk0BtlXYx4hqrm","Sim Ou Não","spotify:artist:11dkvirvWFnfNUsaGVvObg","Jards Macalé","spotify:album:5gNz8Yr7eaEVb04JyHM1At","Contrastes","spotify:artist:11dkvirvWFnfNUsaGVvObg","Jards Macalé","1977-01-01","https://i.scdn.co/image/ab67616d0000b273cba33c3461bdf76fc1670797","1","5","201946","https://p.scdn.co/mp3-preview/d57888c77068b164d11f37807afef78f2c54003a?cid=9950ac751e34487dbbe027c4fd7f8e99","false","31","BRSGL7700035","spotify:user:isak.sjoholm.","2025-07-18T13:23:32Z","mpb","0.648","0.5","2","-9.117","0","0.0814","0.212","0","0.156","0.818","146.97","4","","Som Livre","C (C) 1977 Som Livre, P (P) 1977 Som Livre"
"spotify:track:4AfQuPA9g1RVxgoz0gjk53","Anymore","spotify:artist:7vr15l4ulzvj0ef7x10jrO","Pholhas","spotify:album:5hAVBSfwB7OKg54FbMJuiD","Pholhas","spotify:artist:7vr15l4ulzvj0ef7x10jrO","Pholhas","1977-09-17","https://i.scdn.co/image/ab67616d0000b273330f2ef0fb335ea0ebb6cad3","1","10","163200","https://p.scdn.co/mp3-preview/f2bfdf88bb5a764d505efb90487e14b8b856f088?cid=9950ac751e34487dbbe027c4fd7f8e99","false","20","BRBMG7500160","spotify:user:isak.sjoholm.","2025-07-18T13:23:32Z","","0.417","0.319","9","-13.817","1","0.0305","0.454","0","0.101","0.165","132.528","4","","RCA Records Label","P (P) 1994 Sony Music Entertainment -Ariola"
"spotify:track:4a6sCVumiZyhfPHgzASzsj","Doce ilusão","spotify:artist:4oa7ETNZH1ivfzFkCGVZlR, spotify:artist:55Wn8tf8dBvfl1HRsD7Kze","Milionário & José Rico, Continental","spotify:album:4Xb24rmtIBPBxOmzGZcO2V","Volume 05 (Estrada da Vida)","spotify:artist:4oa7ETNZH1ivfzFkCGVZlR, spotify:artist:55Wn8tf8dBvfl1HRsD7Kze","Milionário & José Rico, Continental","1977","https://i.scdn.co/image/ab67616d0000b2735ec8af3cacb152963759386b","1","8","134360","https://p.scdn.co/mp3-preview/58d65ec1d52e296fc3350db4eb953e04ec8ea7fa?cid=9950ac751e34487dbbe027c4fd7f8e99","false","24","BRWMB9705658","spotify:user:isak.sjoholm.","2025-07-18T13:23:32Z","sertanejo tradicional,sertanejo,sertanejo tradicional,sertanejo,brega","0.733","0.49","2","-8.609","1","0.0341","0.63","0.00000178","0.346","0.836","88.862","4","","WM Brazil","C © 1977 WEA International Inc., P ℗ 2001 WEA International Inc."
"spotify:track:4d3xren7it9WToINMxXev6","Dois Pra Lá, Dois Pra Cá","spotify:artist:3DF0ClNOUuvS3gh8V8sRJH, spotify:artist:2vxB3dcYKpHO5eQfYetGxT","João Bosco, Aldir Blanc","spotify:album:4MJVcIYQvpjgCxTDqTWcFr","Disco de Ouro","spotify:artist:3DF0ClNOUuvS3gh8V8sRJH, spotify:artist:2vxB3dcYKpHO5eQfYetGxT","João Bosco, Aldir Blanc","1977","https://i.scdn.co/image/ab67616d0000b27321ca7cde75d058b0a55d3d00","1","2","166666","https://p.scdn.co/mp3-preview/eb210413672aff37d52d59197c26eadcc2a58d8b?cid=9950ac751e34487dbbe027c4fd7f8e99","false","17","BRBMG7500023","spotify:user:isak.sjoholm.","2025-07-18T13:23:32Z","mpb,samba,bossa nova,brasiliansk jazz,samba,mpb,bossa nova","0.754","0.325","4","-14.381","0","0.0926","0.847","0.163","0.104","0.366","95.419","4","","Sony Music Entertainment","P (P) 1977 RCA"
"spotify:track:6LLl9r13U38v5HsdoeJxol","O Casamento","spotify:artist:3kUC3a0wTkjsdkJiytULkN","Odair Jose","spotify:album:0ncxilXPaSJBxOZuaLoU41","O Filho de José e Maria","spotify:artist:3kUC3a0wTkjsdkJiytULkN","Odair Jose","1977-06-09","https://i.scdn.co/image/ab67616d0000b273f46910edd7e3bfdf3f732b09","1","6","364173","https://p.scdn.co/mp3-preview/b5221f54acb4c42d812552e4139993adf4c4c6b7?cid=9950ac751e34487dbbe027c4fd7f8e99","false","15","BRBMG7700058","spotify:user:isak.sjoholm.","2025-07-18T13:23:32Z","brega,seresta","0.53","0.722","9","-6.228","1","0.0298","0.399","0.000022","0.867","0.506","121.377","4","","Sony Music Entertainment","P (P) 1977 RCA"
"spotify:track:0gzRfGVTItaLNSNjtfTeDn","Coração do Agreste (Sobre Texto de Pissica)","spotify:artist:65TbyndeGrDlFd4IkZNfbN","Geraldo Azevedo","spotify:album:40DxT2f44QZosW11gazbkl","Geraldo Azevedo","spotify:artist:65TbyndeGrDlFd4IkZNfbN","Geraldo Azevedo","1977-01-01","https://i.scdn.co/image/ab67616d0000b273400e1c6815482eb01a7e1372","1","8","181213","https://p.scdn.co/mp3-preview/30205fe0473524255928994fc2295a68966cd96d?cid=9950ac751e34487dbbe027c4fd7f8e99","false","17","BRSGL7700026","spotify:user:isak.sjoholm.","2025-07-18T13:23:32Z","mpb,forró tradicional,forró","0.49","0.479","5","-14.094","1","0.0442","0.799","0","0.249","0.742","148.892","3","","Som Livre","C (C) 1977 Som Livre"
"spotify:track:3LmfUmCO3svtB6aopxnJFG","Apenas Um Bloco De Sujo","spotify:artist:5iiQvuDCnlXoK8iAhydW0u","Leci Brandao","spotify:album:45ezXhsXFqhqVYRLcxFlWB","Coisas Do Meu Pessoal","spotify:artist:5iiQvuDCnlXoK8iAhydW0u","Leci Brandao","1977-01-02","https://i.scdn.co/image/ab67616d0000b273b0ab2a26933bc81cf589513e","1","2","190294","https://p.scdn.co/mp3-preview/7fe947e7b68acdc18548182ad305c05eb90576e4?cid=9950ac751e34487dbbe027c4fd7f8e99","false","13","BRMCA7700087","spotify:user:isak.sjoholm.","2025-07-18T13:23:32Z","samba,pagode,mpb","0.434","0.553","1","-10.002","1","0.0743","0.268","0","0.234","0.826","84.009","5","","Universal Music Ltda.","C © 1977 Universal Music International, P ℗ 1977 Universal Music International"
"spotify:track:0QaEpkzUcLBSz3cvBrhw46","Trem de Pirapora","spotify:artist:4zu81iOltG3eUyrKI9esZU, spotify:artist:3SARGapmEOZgbGZxwmOYUW","Sa, Guarabyra","spotify:album:2hIqWIpUKPqWLcPxZNpNOX","Pirão de Peixe Com Pimenta","spotify:artist:4zu81iOltG3eUyrKI9esZU, spotify:artist:3SARGapmEOZgbGZxwmOYUW","Sa, Guarabyra","1977-01-01","https://i.scdn.co/image/ab67616d0000b27374874073ef4ebcb43e3e76f6","1","3","228960","https://p.scdn.co/mp3-preview/e938226b8120f7f4df9b11429841dc37f2711051?cid=9950ac751e34487dbbe027c4fd7f8e99","false","22","BRRGE7700004","spotify:user:isak.sjoholm.","2025-07-18T13:23:32Z","mpb,brasiliansk rock,mpb,brasiliansk rock","0.49","0.526","7","-12.865","1","0.0312","0.423","0.000132","0.277","0.766","87.521","4","","Som Livre","C (C) 1977 Som Livre, P (P) 1977 Som Livre"
"spotify:track:0ryptGgASgKlXvSZA6jjnV","Ramona - 2017 Remaster","spotify:artist:1co4F2pPNH8JjTutZkmgSm","Ramones","spotify:album:39H0vM2hB4QbzPHZON87t5","Rocket to Russia (2017 Remaster)","spotify:artist:1co4F2pPNH8JjTutZkmgSm","Ramones","1977-11-04","https://i.scdn.co/image/ab67616d0000b27383cea284db8b556ecd696756","1","12","157986","https://p.scdn.co/mp3-preview/550a68fc68123ccc2e87410d3d01bb9f5cf35adf?cid=9950ac751e34487dbbe027c4fd7f8e99","false","28","USRH11703073","spotify:user:isak.sjoholm.","2025-07-18T13:23:32Z","punk,proto‑punk","0.51","0.907","0","-2.387","1","0.0555","0.018","0.000756","0.347","0.832","142.233","4","","Rhino/Warner Records","C © 1977 Sire Records Company. All Rights Reserved., P ℗ 1977 Sire Records Company. All Rights Reserved. Marketed by Rhino Entertainment Company, a Warner Music Group Company."
"spotify:track:5qqz0pUTUTenMGr9Hlr43a","A Noite Vai Chegar","spotify:artist:7lzdAzDICLFGLq6rFFy7ji","Lady Zu","spotify:album:67vB21If6Tev6AoNE2QAlJ","A Noite Vai Chegar","spotify:artist:7lzdAzDICLFGLq6rFFy7ji","Lady Zu","1978-01-01","https://i.scdn.co/image/ab67616d0000b27305fc59563e875d86b48a8972","1","6","234840","https://p.scdn.co/mp3-preview/b245ed9fcad9fff3630e65cac82d62b87dcb12ac?cid=9950ac751e34487dbbe027c4fd7f8e99","false","36","BRMCA7800037","spotify:user:isak.sjoholm.","2025-07-18T13:23:32Z","brega","0.596","0.749","1","-6.635","0","0.0381","0.07","0.00000173","0.0487","0.819","110.566","4","","Universal Music Ltda.","C © 1978 Universal Music Ltda, P ℗ 1978 Universal Music Ltda"
"spotify:track:4jd4onbdBwhWP2cq6zBOgz","Um auê com você","spotify:artist:2K5llYyoLmzpOcbVuOY1ls","Baby Do Brasil","spotify:album:5ZfWeoxAi3JbYr8c6f18Rz","Geração Pop","spotify:artist:2K5llYyoLmzpOcbVuOY1ls","Baby Do Brasil","1978-09-14","https://i.scdn.co/image/ab67616d0000b273c84b30ea9e51097307e5da2e","1","3","283600","https://p.scdn.co/mp3-preview/2d9673824683ab1a57a79958250b2b139cdcad66?cid=9950ac751e34487dbbe027c4fd7f8e99","false","35","BRWMB9705417","spotify:user:isak.sjoholm.","2025-07-18T13:23:32Z","mpb,samba,brasiliansk rock","0.432","0.658","9","-8.613","1","0.0473","0.469","0.00234","0.102","0.46","177.846","4","","WM Brazil","C © 1993 WEA International Inc., P ℗ 1998 WEA International Inc."
"spotify:track:17LiMKZ0IWfeQtenj1M05X","Fadas","spotify:artist:1zZjt7cDeeJSLWZYK34r7W","Luiz Melodia","spotify:album:1bgjgFKq8Kc51XOgVF7fUw","Mico de Circo","spotify:artist:1zZjt7cDeeJSLWZYK34r7W","Luiz Melodia","1978-01-01","https://i.scdn.co/image/ab67616d0000b273ed9c7d40318c7ea6db7cb3d1","1","10","227080","https://p.scdn.co/mp3-preview/3ebad9ba36b74f188d19a4b4a58b90bfabb430fc?cid=9950ac751e34487dbbe027c4fd7f8e99","false","31","BRRGE7800038","spotify:user:isak.sjoholm.","2025-07-18T13:23:32Z","samba,mpb","0.684","0.513","9","-8.618","0","0.0401","0.503","0","0.268","0.843","125.585","4","","Som Livre","C (C) 1978 Som Livre"
"spotify:track:2k4BTzRdyKBzOASPLwNGYh","Telúrica","spotify:artist:2K5llYyoLmzpOcbVuOY1ls","Baby Do Brasil","spotify:album:2QsRTIXx0kVVwwaRYCKKOd","2 é Demais (Volume 02)","spotify:artist:2K5llYyoLmzpOcbVuOY1ls","Baby Do Brasil","1978-09-14","https://i.scdn.co/image/ab67616d0000b273220bf4933fc4bcec4d6582d4","1","3","255720","https://p.scdn.co/mp3-preview/d6f55e0d1e8f6fda14fbe890541c02a7fad42dee?cid=9950ac751e34487dbbe027c4fd7f8e99","false","24","BRWMB9705442","spotify:user:isak.sjoholm.","2025-07-18T13:23:32Z","mpb,samba,brasiliansk rock","0.65","0.796","2","-7.23","1","0.0593","0.0484","0.0000293","0.157","0.659","85.189","4","","WM Brazil","C © 1981 / 1982 Warner Music Brazil Ltda, P ℗ 1998 Warner Music Brazil Ltda"
"spotify:track:7GUafMXarXf4f8acSZDLCD","Mãe","spotify:artist:1b8kpp4DUwt1hWaxTiWQhD","Gal Costa","spotify:album:5zxQjZTR0xhf4SdbmHJt4R","Agua Viva","spotify:artist:1b8kpp4DUwt1hWaxTiWQhD","Gal Costa","1978-01-01","https://i.scdn.co/image/ab67616d0000b273885feff7b5d469d4051d1ee2","1","5","213200","https://p.scdn.co/mp3-preview/6f88800209366a1d177cc3858ce111f506702a35?cid=9950ac751e34487dbbe027c4fd7f8e99","false","32","BRUM70600446","spotify:user:isak.sjoholm.","2025-07-18T13:23:32Z","mpb,bossa nova,brasiliansk jazz","0.466","0.324","9","-20.329","1","0.118","0.715","0.0107","0.0719","0.563","112.871","3","","Universal Music Ltda.","C © 1978 Universal Music Ltda, P ℗ 1978 Universal Music Ltda"
"spotify:track:3u476MilzTPeczItZaBYu8","O Medo De Amar É O Medo De Ser Livre","spotify:artist:4ijgnqYvE1INXb1NSVT11m","Beto Guedes","spotify:album:7sMdgODXEAGvPq490JbN1a","Amor De Índio","spotify:artist:4ijgnqYvE1INXb1NSVT11m","Beto Guedes","1978-09-16","https://i.scdn.co/image/ab67616d0000b2733ac207164ede2d88617484d8","1","8","247466","https://p.scdn.co/mp3-preview/741cdc8f44dd7acfa358ab7a4113abb96db194cb?cid=9950ac751e34487dbbe027c4fd7f8e99","false","31","BREMI7800143","spotify:user:isak.sjoholm.","2025-07-18T13:23:32Z","mpb","0.37","0.575","11","-10.262","1","0.0325","0.619","0.00000468","0.723","0.58","130.524","4","","EMI","C © 1978 EMI Records Brasil Ltda, Universal Music International, P ℗ 1978 EMI Records Brasil Ltda, Universal Music International"
"spotify:track:23CcdR3c1oOcorKJwtpNCR","Bares Da Cidade","spotify:artist:5gcpKqNGPhEtKW5G1ZUZPK","João Nogueira","spotify:album:0PSFHoSGMj8dFqkxBS0mTu","Vida Boêmia","spotify:artist:5gcpKqNGPhEtKW5G1ZUZPK","João Nogueira","1978-01-05","https://i.scdn.co/image/ab67616d0000b273f393498644d7ee2c63cea575","1","1","187415","https://p.scdn.co/mp3-preview/02a6fdb42ff1bb306743832fb65a5e32bdbb034f?cid=9950ac751e34487dbbe027c4fd7f8e99","false","32","BRUM71804390","spotify:user:isak.sjoholm.","2025-07-18T13:23:32Z","samba,mpb,pagode","0.685","0.672","5","-9.274","0","0.0565","0.384","0.00000193","0.0929","0.637","134.894","4","","Universal Music Ltda.","C © 2003 EMI Records Brasil Ltda, P ℗ 2003 EMI Records Brasil Ltda"
"spotify:track:4LdXjE5deCVrLvlDu9EftJ","A Voz De Uma Pessoa Vitoriosa","spotify:artist:3f5VCwd57gZsqMad28jyLV","Maria Bethânia","spotify:album:4hjiHP3NIIzyYUgfs145zr","Álibi","spotify:artist:3f5VCwd57gZsqMad28jyLV","Maria Bethânia","1978-01-02","https://i.scdn.co/image/ab67616d0000b27382634ad97dd029a913a146fe","1","4","163733","https://p.scdn.co/mp3-preview/cb0fa9ca9e5ffe2eb47881ac6bd71286bf133bfe?cid=9950ac751e34487dbbe027c4fd7f8e99","false","29","BRMCA7800204","spotify:user:isak.sjoholm.","2025-07-18T13:23:32Z","mpb,samba,bossa nova,axé","0.506","0.474","5","-6.794","1","0.0343","0.78","0.00000226","0.113","0.437","120.3","4","","Universal Music Ltda.","C © 1978 Universal Music International, P ℗ 1978 Universal Music International"
"spotify:track:5btTX3NirUjt7B4xb4116t","Miss Brasil 2000","spotify:artist:7dnT2FUXhjirperXaH22IJ, spotify:artist:4w4ll81d0dR8gz989jjko1","Rita Lee, Roberto De Carvalho","spotify:album:190wpSoMkzQjX1nMob0hk6","Babilônia","spotify:artist:7dnT2FUXhjirperXaH22IJ, spotify:artist:4w4ll81d0dR8gz989jjko1","Rita Lee, Roberto De Carvalho","1978","https://i.scdn.co/image/ab67616d0000b273c5241bf6f1778247aed13a00","1","1","200133","https://p.scdn.co/mp3-preview/c1b7becd0fe48c758d8f0f72e058a8543e236471?cid=9950ac751e34487dbbe027c4fd7f8e99","false","29","BREMI7800161","spotify:user:isak.sjoholm.","2025-07-18T13:23:32Z","mpb,brasiliansk rock,brasiliansk pop,mpb,brasiliansk rock","0.548","0.856","9","-10.359","1","0.0748","0.0112","0","0.336","0.581","141.937","4","","EMI Music Brasil Ltda","C © 2015 EMI Records Brasil Ltda/Universal Music International Ltda, P ℗ 1978 EMI Records Brasil Ltda/Universal Music International Ltda"
"spotify:track:2gju3qL3sUR56v7176oGxM","Querelas Do Brasil - Ao Vivo","spotify:artist:0yFvXd36g5sNKYDi0Kkvl8","Elis Regina","spotify:album:2dmjkMPkDZmhJHnYFrtfjz","Transversal Do Tempo","spotify:artist:0yFvXd36g5sNKYDi0Kkvl8","Elis Regina","1978-01-01","https://i.scdn.co/image/ab67616d0000b27350ac8e9e1b41ae3545354c00","1","9","228266","https://p.scdn.co/mp3-preview/bbcac597f51679763f0b56c5d68697647d8b586f?cid=9950ac751e34487dbbe027c4fd7f8e99","false","25","BRMCA7800194","spotify:user:isak.sjoholm.","2025-07-18T13:23:32Z","mpb,bossa nova,brasiliansk jazz,samba","0.475","0.458","0","-12.307","1","0.0595","0.805","0.00105","0.524","0.472","136.18","4","","Universal Music Ltda.","C © 1978 Universal Music Ltda, P ℗ 1978 Universal Music Ltda"
"spotify:track:1g7zo2zqE9OER0ZQrItuBv","Sai do Meu Caminho","spotify:artist:6BhM6KMEMCo4ifiEpRKh6i","Carlos Alexandre","spotify:album:2iYJWFIpfKqhaVleO3gV2m","Carlos Alexandre (1978)","spotify:artist:6BhM6KMEMCo4ifiEpRKh6i","Carlos Alexandre","1978-01-01","https://i.scdn.co/image/ab67616d0000b27329f8847deae1bb621346480f","1","3","151333","https://p.scdn.co/mp3-preview/449760d3327f96b59808749c41c1f1869b7f9069?cid=9950ac751e34487dbbe027c4fd7f8e99","false","29","BRRGE7800041","spotify:user:isak.sjoholm.","2025-07-18T13:23:32Z","brega,seresta","0.704","0.651","7","-10.686","0","0.0404","0.123","0.00000192","0.285","0.959","137.581","4","","Som Livre","C (C) 1978 Som Livre"
"spotify:track:5pcI282Q5A5v1D5mnBjJ6N","Volta ao Primeiro Amor","spotify:artist:6ZrEc5xxZQvThMNTPsyuOn","Ozéias de Paula","spotify:album:52qoZsxUdzyBkzQXv4tAL0","Deus Sabe o Que Faz","spotify:artist:6ZrEc5xxZQvThMNTPsyuOn","Ozéias de Paula","1978","https://i.scdn.co/image/ab67616d0000b273d59c307854a1c5d957679bad","1","4","168698","https://p.scdn.co/mp3-preview/b5a0e6618b1a02f297a04604f8a074a590e4b11e?cid=9950ac751e34487dbbe027c4fd7f8e99","false","35","QZ5AB1614991","spotify:user:isak.sjoholm.","2025-07-18T13:23:32Z","pentecostal,gospel,brasiliansk gospel","0.546","0.485","9","-6.408","1","0.0333","0.651","0.00000518","0.433","0.366","77.923","4","","Rocha Eterna","C 2016 Rocha Eterna, P 1978 Rocha Eterna"
"spotify:track:1wFIrb4w6k3dY0fEH7AUrV","Eu E Meu Gato","spotify:artist:7dnT2FUXhjirperXaH22IJ, spotify:artist:4w4ll81d0dR8gz989jjko1","Rita Lee, Roberto De Carvalho","spotify:album:190wpSoMkzQjX1nMob0hk6","Babilônia","spotify:artist:7dnT2FUXhjirperXaH22IJ, spotify:artist:4w4ll81d0dR8gz989jjko1","Rita Lee, Roberto De Carvalho","1978","https://i.scdn.co/image/ab67616d0000b273c5241bf6f1778247aed13a00","1","8","254626","https://p.scdn.co/mp3-preview/a887da5be47f085991cbb2f79cdbf11180993a5f?cid=9950ac751e34487dbbe027c4fd7f8e99","false","34","BREMI7800663","spotify:user:isak.sjoholm.","2025-07-18T13:23:32Z","mpb,brasiliansk rock,brasiliansk pop,mpb,brasiliansk rock","0.413","0.706","2","-10.98","1","0.15","0.0653","0.00000186","0.0765","0.367","151.678","4","","EMI Music Brasil Ltda","C © 2015 EMI Records Brasil Ltda/Universal Music International Ltda, P ℗ 1978 EMI Records Brasil Ltda/Universal Music International Ltda"
"spotify:track:13JZvJUrA1rCxFSmaXGVwF","Deus Sabe o Que Faz","spotify:artist:6ZrEc5xxZQvThMNTPsyuOn","Ozéias de Paula","spotify:album:52qoZsxUdzyBkzQXv4tAL0","Deus Sabe o Que Faz","spotify:artist:6ZrEc5xxZQvThMNTPsyuOn","Ozéias de Paula","1978","https://i.scdn.co/image/ab67616d0000b273d59c307854a1c5d957679bad","1","2","201090","https://p.scdn.co/mp3-preview/4327e959b379ce44fafc03dc43e2f983ad1ebf5a?cid=9950ac751e34487dbbe027c4fd7f8e99","false","30","QZ5AB1614989","spotify:user:isak.sjoholm.","2025-07-18T13:23:32Z","pentecostal,gospel,brasiliansk gospel","0.533","0.505","5","-6.281","1","0.0271","0.577","0","0.355","0.559","106.995","3","","Rocha Eterna","C 2016 Rocha Eterna, P 1978 Rocha Eterna"
"spotify:track:4U1SUHjlfu7GyAG8gIrzEs","Desafio Da Escopa","spotify:artist:5vY559DZMyUwsSYRGDZd7U, spotify:artist:0RH5ov2sTEWBO9tqCk7MGL","Teixeirinha, Mary Terezinha","spotify:album:59cB82C27eO0Tg8dwSJb7A","O Melhor Do Desafio","spotify:artist:5vY559DZMyUwsSYRGDZd7U, spotify:artist:0RH5ov2sTEWBO9tqCk7MGL","Teixeirinha, Mary Terezinha","1978","https://i.scdn.co/image/ab67616d0000b2732abc57dd4698d748e2febf7f","1","3","192840","https://p.scdn.co/mp3-preview/4b679ad2f45b950282430bcf52a7a7e57f74dbcb?cid=9950ac751e34487dbbe027c4fd7f8e99","false","17","BREMI7800592","spotify:user:isak.sjoholm.","2025-07-18T13:23:32Z","sertanejo tradicional,chamamé,sertanejo tradicional","0.815","0.668","2","-9.688","1","0.285","0.712","0","0.302","0.916","113.063","4","","EMI Brazil","C © 1978 EMI Records Brasil Ltda, P ℗ 1978 EMI Records Brasil Ltda"
"spotify:track:54LZdK1ME6f9r5HmP5YI3Q","Paula E Bebeto","spotify:artist:1b8kpp4DUwt1hWaxTiWQhD","Gal Costa","spotify:album:5zxQjZTR0xhf4SdbmHJt4R","Agua Viva","spotify:artist:1b8kpp4DUwt1hWaxTiWQhD","Gal Costa","1978-01-01","https://i.scdn.co/image/ab67616d0000b273885feff7b5d469d4051d1ee2","1","7","126666","https://p.scdn.co/mp3-preview/71ef5dcb193ec21f7287df963e582a0bdc72bf0c?cid=9950ac751e34487dbbe027c4fd7f8e99","false","30","BRMCA7800201","spotify:user:isak.sjoholm.","2025-07-18T13:23:32Z","mpb,bossa nova,brasiliansk jazz","0.662","0.476","7","-17.342","1","0.128","0.77","0.00156","0.0853","0.679","136.601","4","","Universal Music Ltda.","C © 1978 Universal Music Ltda, P ℗ 1978 Universal Music Ltda"
"spotify:track:1OWfD3LgGcjyD78U0tBmdT","Novena","spotify:artist:4ijgnqYvE1INXb1NSVT11m","Beto Guedes","spotify:album:7sMdgODXEAGvPq490JbN1a","Amor De Índio","spotify:artist:4ijgnqYvE1INXb1NSVT11m","Beto Guedes","1978-09-16","https://i.scdn.co/image/ab67616d0000b2733ac207164ede2d88617484d8","1","2","240400","https://p.scdn.co/mp3-preview/d49af396303be4d700c89123fc55a1b2f764f93f?cid=9950ac751e34487dbbe027c4fd7f8e99","false","19","BREMI7800567","spotify:user:isak.sjoholm.","2025-07-18T13:23:32Z","mpb","0.574","0.431","2","-10.944","0","0.0275","0.612","0.00000193","0.127","0.349","123.646","3","","EMI","C © 1978 EMI Records Brasil Ltda, Universal Music International, P ℗ 1978 EMI Records Brasil Ltda, Universal Music International"
"spotify:track:0UwbRM54niBObvqpYZBCiJ","Canário malandrinho","spotify:artist:2nyp615W8UwgHGdkrqmjwk","Tião Carreiro & Paraíso","spotify:album:3ZjyjUN6H2ffQQaleK4GWM","Tá do Jeito Que Eu Queria (Viola Divina)","spotify:artist:2nyp615W8UwgHGdkrqmjwk","Tião Carreiro & Paraíso","1978","https://i.scdn.co/image/ab67616d0000b273aa50107046e89a1fe261ea40","1","1","154826","https://p.scdn.co/mp3-preview/637458daa59b543a2bd60036425dc889f18deb46?cid=9950ac751e34487dbbe027c4fd7f8e99","false","16","BRWMB0000164","spotify:user:isak.sjoholm.","2025-07-18T13:23:32Z","sertanejo tradicional,sertanejo","0.712","0.874","4","-1.626","1","0.034","0.733","0","0.0953","0.916","104.604","4","","WM Brazil","C © 1978 WEA International Inc., P ℗ 2000 WEA International Inc."
"spotify:track:44injw1uO8PwXwHwlH0fYT","Sem Mêdo","spotify:artist:5gcpKqNGPhEtKW5G1ZUZPK","João Nogueira","spotify:album:0PSFHoSGMj8dFqkxBS0mTu","Vida Boêmia","spotify:artist:5gcpKqNGPhEtKW5G1ZUZPK","João Nogueira","1978-01-05","https://i.scdn.co/image/ab67616d0000b273f393498644d7ee2c63cea575","1","10","211930","https://p.scdn.co/mp3-preview/21abbd6dcc5f6de996ea284e6201f427892e1b30?cid=9950ac751e34487dbbe027c4fd7f8e99","false","22","BRUM71804392","spotify:user:isak.sjoholm.","2025-07-18T13:23:32Z","samba,mpb,pagode","0.849","0.49","7","-10.496","0","0.0403","0.48","0.000298","0.294","0.603","117.54","4","","Universal Music Ltda.","C © 2003 EMI Records Brasil Ltda, P ℗ 2003 EMI Records Brasil Ltda"
"spotify:track:0fiQ1YCrGflV5WBXKuVSuv","Só Primavera","spotify:artist:4ijgnqYvE1INXb1NSVT11m","Beto Guedes","spotify:album:7sMdgODXEAGvPq490JbN1a","Amor De Índio","spotify:artist:4ijgnqYvE1INXb1NSVT11m","Beto Guedes","1978-09-16","https://i.scdn.co/image/ab67616d0000b2733ac207164ede2d88617484d8","1","3","145240","https://p.scdn.co/mp3-preview/1811a6c630c25ee1e8bd83291a5d2eb879ef89fb?cid=9950ac751e34487dbbe027c4fd7f8e99","false","20","BREMI7800146","spotify:user:isak.sjoholm.","2025-07-18T13:23:32Z","mpb","0.552","0.588","11","-10.457","0","0.0259","0.251","0","0.124","0.686","97.924","4","","EMI","C © 1978 EMI Records Brasil Ltda, Universal Music International, P ℗ 1978 EMI Records Brasil Ltda, Universal Music International"
"spotify:track:1uPth8yGR2GjTqqK1PWj1B","Dancin' Days","spotify:artist:0fvtTgGadhxwdCTQx82HUu","Frenéticas","spotify:album:7BK57ww6caXFMMLyl24yP6","Sempre Frenéticas","spotify:artist:0fvtTgGadhxwdCTQx82HUu","Frenéticas","1978-09-04","https://i.scdn.co/image/ab67616d0000b27361d25da5d5c106d476bf103c","1","4","347040","https://p.scdn.co/mp3-preview/6518ff8874facae1fb30d6d19785b52fcd2e86ad?cid=9950ac751e34487dbbe027c4fd7f8e99","false","24","BRWMB9705444","spotify:user:isak.sjoholm.","2025-07-18T13:23:32Z","brega","0.567","0.769","4","-10.498","0","0.0898","0.0153","0.0359","0.35","0.809","126.119","4","","WM Brazil","C © 2006 Warner Music Brazil Ltda, P ℗ 2006 Warner Music Brazil Ltda"
"spotify:track:2uU1qUnUehPET3swKDQDmV","Cristo","spotify:artist:6ZrEc5xxZQvThMNTPsyuOn","Ozéias de Paula","spotify:album:52qoZsxUdzyBkzQXv4tAL0","Deus Sabe o Que Faz","spotify:artist:6ZrEc5xxZQvThMNTPsyuOn","Ozéias de Paula","1978","https://i.scdn.co/image/ab67616d0000b273d59c307854a1c5d957679bad","1","5","201430","https://p.scdn.co/mp3-preview/a1a4f3237d51ed6f357bf37fae566f94a12857ab?cid=9950ac751e34487dbbe027c4fd7f8e99","false","10","QZ5AB1614992","spotify:user:isak.sjoholm.","2025-07-18T13:23:32Z","pentecostal,gospel,brasiliansk gospel","0.467","0.564","5","-6.368","1","0.0422","0.565","0","0.137","0.56","155.03","4","","Rocha Eterna","C 2016 Rocha Eterna, P 1978 Rocha Eterna"
"spotify:track:3gaT2mkVAZbO4Ily8n5lLW","Samba Dobrado","spotify:artist:5rrmaoBXZ7Jcs4Qb77j0YA","Djavan","spotify:album:6nNxchWJHFDd31sbiWlKPC","Djavan","spotify:artist:5rrmaoBXZ7Jcs4Qb77j0YA","Djavan","1978-01-01","https://i.scdn.co/image/ab67616d0000b273906b2e5d11cef03ba171dd18","1","10","210000","https://p.scdn.co/mp3-preview/0de5af751c0c6215adc89ea3518b3ac11867e553?cid=9950ac751e34487dbbe027c4fd7f8e99","false","0","BREMI8400022","spotify:user:isak.sjoholm.","2025-07-18T13:23:32Z","mpb,bossa nova","0.514","0.551","1","-13.182","1","0.0537","0.172","0","0.137","0.727","77.566","4","","EMI Brazil","C © 1978 EMI Music Brasil Ltda, P ℗ 1978 EMI Music Brasil Ltda"
"spotify:track:4FGJUXVN594vh7PBxFKoDW","E Daí (A Queda)","spotify:artist:3Bnq7jiU506HcPjRgQ43TM","Milton Nascimento","spotify:album:4mywaTqTdSJUikLyiVqjjX","Clube Da Esquina 2","spotify:artist:3Bnq7jiU506HcPjRgQ43TM","Milton Nascimento","1978-01-02","https://i.scdn.co/image/ab67616d0000b273bfbfbf3201ecd4d56ac3c155","1","11","314906","https://p.scdn.co/mp3-preview/abb11705efd65958c9fa0cd980f46e38ac1c67bb?cid=9950ac751e34487dbbe027c4fd7f8e99","false","25","BREMI7800174","spotify:user:isak.sjoholm.","2025-07-18T13:23:32Z","mpb,bossa nova,brasiliansk jazz","0.433","0.319","3","-11.279","1","0.0302","0.492","0","0.119","0.257","126.898","3","","EMI Music Brasil Ltda","C © 1978 EMI Music Brasil Ltda, P ℗ 1978 EMI Music Brasil Ltda"
"spotify:track:52k5cXQLLSnycWm8FU6ewZ","Na Casa de Dona Anita","spotify:artist:5K7Lb9vcR9bBDxsCQfv1lF","Oswaldinho do Acordeon","spotify:album:67S4YiLD7NJuFXu1lyyyK7","Lágrimas de Namorados","spotify:artist:5K7Lb9vcR9bBDxsCQfv1lF","Oswaldinho do Acordeon","1978","https://i.scdn.co/image/ab67616d0000b27309085e1dc0aa26cedc0ee777","1","4","160705","https://p.scdn.co/mp3-preview/20d98667c452fb8d718cf453c3337ae8e0e79f53?cid=9950ac751e34487dbbe027c4fd7f8e99","false","35","US7VG1697249","spotify:user:isak.sjoholm.","2025-07-18T13:23:32Z","forró tradicional,forró","0.747","0.806","10","-6.235","1","0.046","0.789","0.865","0.0696","0.929","103.608","4","","Força Cultural","C 1978 Força Cultural, P 1978 Força Cultural"
"spotify:track:3KWpMAnksWe3UBGYC4qLl8","Quarto de Mansão","spotify:artist:4Tw3UU2ze55lD5jUQLFHib","Paulo de Paula","spotify:album:68ZoH59xYCHziCKwjtkH29","Realidade","spotify:artist:4Tw3UU2ze55lD5jUQLFHib","Paulo de Paula","1978-04-26","","1","6","187933","https://p.scdn.co/mp3-preview/570bd967e8acc268e12c2c4620680bb15d3145c1?cid=9950ac751e34487dbbe027c4fd7f8e99","false","0","BRSGL7700004","spotify:user:isak.sjoholm.","2025-07-18T13:23:32Z","brega,seresta","0.286","0.474","2","-11.882","1","0.0605","0.59","0","0.386","0.756","208.944","4","","Som Livre",""
"spotify:track:5mVlmsqLocXe6ridVyT6m3","Disco Voador","spotify:artist:7dnT2FUXhjirperXaH22IJ, spotify:artist:4w4ll81d0dR8gz989jjko1","Rita Lee, Roberto De Carvalho","spotify:album:190wpSoMkzQjX1nMob0hk6","Babilônia","spotify:artist:7dnT2FUXhjirperXaH22IJ, spotify:artist:4w4ll81d0dR8gz989jjko1","Rita Lee, Roberto De Carvalho","1978","https://i.scdn.co/image/ab67616d0000b273c5241bf6f1778247aed13a00","1","2","187600","https://p.scdn.co/mp3-preview/6ac360b17f281b8788fde540a8341f0ef9aba579?cid=9950ac751e34487dbbe027c4fd7f8e99","false","29","BREMI7800659","spotify:user:isak.sjoholm.","2025-07-18T13:23:32Z","mpb,brasiliansk rock,brasiliansk pop,mpb,brasiliansk rock","0.53","0.543","7","-15.664","1","0.0455","0.039","0.00000514","0.105","0.604","118.189","4","","EMI Music Brasil Ltda","C © 2015 EMI Records Brasil Ltda/Universal Music International Ltda, P ℗ 1978 EMI Records Brasil Ltda/Universal Music International Ltda"
"spotify:track:0wN7ifkiRuspYs6ptO4w7i","Debaixo Dos Caracóis Dos Seus Cabelos","spotify:artist:64KVQ4YupSZYrGNLduVtj3","Nara Leão","spotify:album:2AYQG3PZBMDiDRPuIf8BXj","... E Que Tudo Mais Vá Pro Inferno","spotify:artist:64KVQ4YupSZYrGNLduVtj3","Nara Leão","1978-10-05","https://i.scdn.co/image/ab67616d0000b27381212a1038fc4603d5ac2768","1","9","187373","https://p.scdn.co/mp3-preview/2ecafceb1e67ef23ad3d88664621799888b7747c?cid=9950ac751e34487dbbe027c4fd7f8e99","false","23","BRMCA7800135","spotify:user:isak.sjoholm.","2025-07-18T13:23:32Z","bossa nova,mpb,brasiliansk jazz","0.666","0.323","2","-13.055","1","0.0429","0.425","0","0.14","0.64","131.873","4","","Universal Music Ltda.","C © 1978 Universal Music Ltda, P ℗ 1978 Universal Music Ltda"
"spotify:track:1DiQCG9osAvsyzSQ1Cm1Hu","Olho D'água","spotify:artist:3Bnq7jiU506HcPjRgQ43TM, spotify:artist:63JvcgSMzXyy4fwvJckreI","Milton Nascimento, Canarinhos de Petrópolis","spotify:album:4mywaTqTdSJUikLyiVqjjX","Clube Da Esquina 2","spotify:artist:3Bnq7jiU506HcPjRgQ43TM","Milton Nascimento","1978-01-02","https://i.scdn.co/image/ab67616d0000b273bfbfbf3201ecd4d56ac3c155","1","6","271800","https://p.scdn.co/mp3-preview/f7c3bc0ad3ca30015fa1909bfab1d65b30800e6e?cid=9950ac751e34487dbbe027c4fd7f8e99","false","27","BREMI7800172","spotify:user:isak.sjoholm.","2025-07-18T13:23:32Z","mpb,bossa nova,brasiliansk jazz","0.288","0.273","0","-11.478","0","0.03","0.858","0.000143","0.104","0.142","124.615","3","","EMI Music Brasil Ltda","C © 1978 EMI Music Brasil Ltda, P ℗ 1978 EMI Music Brasil Ltda"
"spotify:track:1dCGiVC7XGt94tHHrezCo7","Murmúrio","spotify:artist:0jOs0wnXCu1bGGP7kh5uIu","Tim Maia","spotify:album:5D5OGW1c4enqcI9fqs1XWt","Disco Club","spotify:artist:0jOs0wnXCu1bGGP7kh5uIu","Tim Maia","1978-01-01","https://i.scdn.co/image/ab67616d0000b2733ff282363373b033cc541e52","1","6","202733","https://p.scdn.co/mp3-preview/95c4425a984a7c8f50cf51f3fec73352b513a965?cid=9950ac751e34487dbbe027c4fd7f8e99","false","26","BRWMB9802486","spotify:user:isak.sjoholm.","2025-07-18T13:23:32Z","mpb","0.568","0.536","9","-7.499","1","0.026","0.77","0.00168","0.0801","0.189","136.257","4","","WM Brazil","C © 1978 WEA International Inc., P ℗ 1978 WEA International Inc."
"spotify:track:6HLJ7Avz6rwAUvDc9gOnex","Estória De Cantador","spotify:artist:5rrmaoBXZ7Jcs4Qb77j0YA","Djavan","spotify:album:6nNxchWJHFDd31sbiWlKPC","Djavan","spotify:artist:5rrmaoBXZ7Jcs4Qb77j0YA","Djavan","1978-01-01","https://i.scdn.co/image/ab67616d0000b273906b2e5d11cef03ba171dd18","1","8","255000","https://p.scdn.co/mp3-preview/cfa8b3df56a4b619dafdb647b2e1d9f0aaf3647c?cid=9950ac751e34487dbbe027c4fd7f8e99","false","0","BREMI7800033","spotify:user:isak.sjoholm.","2025-07-18T13:23:32Z","mpb,bossa nova","0.528","0.278","7","-12.696","1","0.0261","0.611","0.00000961","0.104","0.322","101.787","4","","EMI Brazil","C © 1978 EMI Music Brasil Ltda, P ℗ 1978 EMI Music Brasil Ltda"
"spotify:track:6p5wwltf9XiNZIODGGSoSe","Nosso Amor Virou Lixo","spotify:artist:6BhM6KMEMCo4ifiEpRKh6i","Carlos Alexandre","spotify:album:2iYJWFIpfKqhaVleO3gV2m","Carlos Alexandre (1978)","spotify:artist:6BhM6KMEMCo4ifiEpRKh6i","Carlos Alexandre","1978-01-01","https://i.scdn.co/image/ab67616d0000b27329f8847deae1bb621346480f","1","5","150400","https://p.scdn.co/mp3-preview/1daa8308e96476889b8bcbd1d493fc041e041c8d?cid=9950ac751e34487dbbe027c4fd7f8e99","false","26","BRRGE7800043","spotify:user:isak.sjoholm.","2025-07-18T13:23:32Z","brega,seresta","0.789","0.748","1","-9.074","1","0.0672","0.514","0.0000211","0.218","0.966","120.92","4","","Som Livre","C (C) 1978 Som Livre"
"spotify:track:5hkcSB14ASud72GFwydIAl","Calmo, Sereno, Tranquilo","spotify:artist:3khdS9g3YyzzOeb7rUDKL7","Grupo Elo","spotify:album:6ij6Kne6EfpGnw2Dt6Yoxv","Calmo, Sereno, Tranquilo","spotify:artist:0LyfQWJT6nXafLPZqxe9Of","Blandade Artister","2008-08-21","https://i.scdn.co/image/ab67616d0000b2732fbd5036e15fba6222c6fec8","1","7","149093","https://p.scdn.co/mp3-preview/b2a756a50a7f50ac685ae7e337270a6c2bf360e6?cid=9950ac751e34487dbbe027c4fd7f8e99","false","34","ushm20870993","spotify:user:isak.sjoholm.","2025-07-18T13:23:32Z","brasiliansk gospel,gospel","0.643","0.126","3","-15.366","1","0.0354","0.89","0","0.109","0.392","88.922","4","","Elo Media Productions","C (C) 1978 Elo Media Productions, P (P) 1978 Editora Musical Elo"
"spotify:track:1LA8S0RMjPVBl88MiMYKoH","Love Love Love","spotify:artist:7HGNYPmbDrMkylWqeFCOIQ","Caetano Veloso","spotify:album:2cgr7ZBd3X3gs99433bgES","Muito (Dentro Da Estrela Azulada)","spotify:artist:7HGNYPmbDrMkylWqeFCOIQ","Caetano Veloso","1978-01-23","https://i.scdn.co/image/ab67616d0000b273433133eade52024fbef808a4","1","8","179160","https://p.scdn.co/mp3-preview/b8fe6f935232bd5880323b16faf9ea68962c709a?cid=9950ac751e34487dbbe027c4fd7f8e99","false","25","BRMCA7800176","spotify:user:isak.sjoholm.","2025-07-18T13:23:32Z","mpb,bossa nova,samba","0.678","0.44","2","-13.001","1","0.083","0.291","0.00000552","0.104","0.728","82.066","4","","Universal Music Ltda.","C © 1978 Universal Music International, P ℗ 1978 Universal Music International"
"spotify:track:31A4af3l49Juq1GXzVM346","Recado Ao Poeta","spotify:artist:5gcpKqNGPhEtKW5G1ZUZPK","João Nogueira","spotify:album:0PSFHoSGMj8dFqkxBS0mTu","Vida Boêmia","spotify:artist:5gcpKqNGPhEtKW5G1ZUZPK","João Nogueira","1978-01-05","https://i.scdn.co/image/ab67616d0000b273f393498644d7ee2c63cea575","1","5","195976","https://p.scdn.co/mp3-preview/88bfa470c9226e18fe7cd135e2bf408cdc88e300?cid=9950ac751e34487dbbe027c4fd7f8e99","false","26","BREMI7800181","spotify:user:isak.sjoholm.","2025-07-18T13:23:32Z","samba,mpb,pagode","0.626","0.672","8","-8.653","1","0.0889","0.457","0.0000113","0.183","0.842","105.052","4","","Universal Music Ltda.","C © 2003 EMI Records Brasil Ltda, P ℗ 2003 EMI Records Brasil Ltda"
"spotify:track:1ydqGa34wWtA8IgHnFjewc","Álibi","spotify:artist:5rrmaoBXZ7Jcs4Qb77j0YA","Djavan","spotify:album:6nNxchWJHFDd31sbiWlKPC","Djavan","spotify:artist:5rrmaoBXZ7Jcs4Qb77j0YA","Djavan","1978-01-01","https://i.scdn.co/image/ab67616d0000b273906b2e5d11cef03ba171dd18","1","4","142666","https://p.scdn.co/mp3-preview/0a23b893973b68ebb1471f48799dbc1deaba809b?cid=9950ac751e34487dbbe027c4fd7f8e99","false","0","BREMI7800019","spotify:user:isak.sjoholm.","2025-07-18T13:23:32Z","mpb,bossa nova","0.356","0.305","0","-12.686","1","0.0312","0.293","0","0.153","0.0982","138.798","4","","EMI Brazil","C © 1978 EMI Music Brasil Ltda, P ℗ 1978 EMI Music Brasil Ltda"
"spotify:track:3yycI9ek9rqNzIVxDm0FXc","Casamiento De Negros","spotify:artist:3Bnq7jiU506HcPjRgQ43TM","Milton Nascimento","spotify:album:4mywaTqTdSJUikLyiVqjjX","Clube Da Esquina 2","spotify:artist:3Bnq7jiU506HcPjRgQ43TM","Milton Nascimento","1978-01-02","https://i.scdn.co/image/ab67616d0000b273bfbfbf3201ecd4d56ac3c155","1","5","232426","https://p.scdn.co/mp3-preview/58155ade7e88c4e9da65042679ce52f3ed6c5882?cid=9950ac751e34487dbbe027c4fd7f8e99","false","26","BREMI7800171","spotify:user:isak.sjoholm.","2025-07-18T13:23:32Z","mpb,bossa nova,brasiliansk jazz","0.746","0.761","2","-9.687","1","0.0524","0.422","0.000073","0.112","0.854","123.557","3","","EMI Music Brasil Ltda","C © 1978 EMI Music Brasil Ltda, P ℗ 1978 EMI Music Brasil Ltda"
"spotify:track:0PBgPUWUO8tKCihqEEi1ST","Desafio Dos Bambas","spotify:artist:5vY559DZMyUwsSYRGDZd7U, spotify:artist:0RH5ov2sTEWBO9tqCk7MGL","Teixeirinha, Mary Terezinha","spotify:album:59cB82C27eO0Tg8dwSJb7A","O Melhor Do Desafio","spotify:artist:5vY559DZMyUwsSYRGDZd7U, spotify:artist:0RH5ov2sTEWBO9tqCk7MGL","Teixeirinha, Mary Terezinha","1978","https://i.scdn.co/image/ab67616d0000b2732abc57dd4698d748e2febf7f","1","4","261626","https://p.scdn.co/mp3-preview/b6c7c6209ec0677fa3e61e07c6361577019791e1?cid=9950ac751e34487dbbe027c4fd7f8e99","false","20","BREMI7800593","spotify:user:isak.sjoholm.","2025-07-18T13:23:32Z","sertanejo tradicional,chamamé,sertanejo tradicional","0.845","0.501","11","-12.045","1","0.121","0.899","0","0.727","0.967","113.08","4","","EMI Brazil","C © 1978 EMI Records Brasil Ltda, P ℗ 1978 EMI Records Brasil Ltda"
"spotify:track:0z3A2wqHp6R8GfbaOWszoa","Coração Noturno","spotify:artist:6u5P4S3NSj4EDNegDlOevO","Edu Lobo","spotify:album:39ZEYbqEDuMbqxtEvdPk74","Camaleão","spotify:artist:6u5P4S3NSj4EDNegDlOevO","Edu Lobo","1978-01-01","https://i.scdn.co/image/ab67616d0000b27334bb263598d08e4011f9770d","1","3","276000","https://p.scdn.co/mp3-preview/7b9bff178472ff3fe01fc3355eb076955741432c?cid=9950ac751e34487dbbe027c4fd7f8e99","false","17","BRUM70600844","spotify:user:isak.sjoholm.","2025-07-18T13:23:32Z","bossa nova,brasiliansk jazz,mpb","0.627","0.204","10","-21.57","0","0.0304","0.719","0.204","0.086","0.557","102.433","4","","Universal Music Ltda.","C © 1978 Universal Music Ltda, P ℗ 1978 Universal Music Ltda"
"spotify:track:4ZAuZvTRzaKjbbEn0P1qcZ","I'd Rather Hurt Myself","spotify:artist:0dShkX2ndCmxuIinp3ruh0","Randy Brown","spotify:album:5iXIn1mk1CZTe103GEvNHl","Welcome To My Room","spotify:artist:0dShkX2ndCmxuIinp3ruh0","Randy Brown","1978-06-15","https://i.scdn.co/image/ab67616d0000b27313b0742be8338a42473f04f7","1","6","227533","https://p.scdn.co/mp3-preview/e9589f9c416f896b4c5e8fe077e90249a460feab?cid=9950ac751e34487dbbe027c4fd7f8e99","false","30","USUMG0000313","spotify:user:isak.sjoholm.","2025-07-18T13:23:32Z","northern soul","0.341","0.478","11","-9.507","1","0.0429","0.757","0.000248","0.162","0.353","136.535","4","","Mercury Records","C © 1978 UMG Recordings, Inc., P ℗ 1978 UMG Recordings, Inc."
"spotify:track:79EjkQYQmmIzIHJ4MKIUcF","Apaixonado","spotify:artist:4oa7ETNZH1ivfzFkCGVZlR, spotify:artist:55Wn8tf8dBvfl1HRsD7Kze","Milionário & José Rico, Continental","spotify:album:11REV2SSozSjfWKAhN0dZK","Volume 07 (Caminhos da Vida)","spotify:artist:4oa7ETNZH1ivfzFkCGVZlR, spotify:artist:55Wn8tf8dBvfl1HRsD7Kze","Milionário & José Rico, Continental","1978","https://i.scdn.co/image/ab67616d0000b273dc306efa8d0804bbd2c92453","1","10","183813","https://p.scdn.co/mp3-preview/b79194bf1ea111f77cf992a57af10e4784243792?cid=9950ac751e34487dbbe027c4fd7f8e99","false","44","BRWMB9801935","spotify:user:isak.sjoholm.","2025-07-18T13:23:32Z","sertanejo tradicional,sertanejo,sertanejo tradicional,sertanejo,brega","0.731","0.594","11","-6.705","1","0.0342","0.368","0.00000223","0.0995","0.93","135.824","3","","WM Brazil","C © 1978 WEA International Inc., P ℗ 2001 WEA International Inc."
"spotify:track:1MmRgApemmOLsGHd94m1e1","Ta-hi (Pra Você Gostar de Mim)","spotify:artist:4gKqxjR0MkEKjqvO3Ctvpg","Os Originais Do Samba","spotify:album:6fjqueupkXmq4YTCEBCcT6","Aniversário do Tarzan","spotify:artist:4gKqxjR0MkEKjqvO3Ctvpg","Os Originais Do Samba","1978-07-14","https://i.scdn.co/image/ab67616d0000b273d9607f855922b3810b27392b","1","9","174466","https://p.scdn.co/mp3-preview/f12255edb6c1d644ff49911445f80d12961f032f?cid=9950ac751e34487dbbe027c4fd7f8e99","false","19","BRBMG1200173","spotify:user:isak.sjoholm.","2025-07-18T13:23:32Z","samba,pagode","0.624","0.782","1","-7.53","1","0.163","0.0977","0","0.336","0.816","135.745","4","","Sony Music Entertainment","P (P) 1978 RCA"
"spotify:track:6a8KTva76eMOxFq4zE35Lj","Baile No Elite","spotify:artist:5gcpKqNGPhEtKW5G1ZUZPK","João Nogueira","spotify:album:0PSFHoSGMj8dFqkxBS0mTu","Vida Boêmia","spotify:artist:5gcpKqNGPhEtKW5G1ZUZPK","João Nogueira","1978-01-05","https://i.scdn.co/image/ab67616d0000b273f393498644d7ee2c63cea575","1","3","151745","https://p.scdn.co/mp3-preview/a0dc152ca7651fd6e4af418f2c02afc8fcadc46d?cid=9950ac751e34487dbbe027c4fd7f8e99","false","37","BREMI7800193","spotify:user:isak.sjoholm.","2025-07-18T13:23:32Z","samba,mpb,pagode","0.742","0.743","2","-8.624","1","0.338","0.657","0","0.138","0.821","121.743","4","","Universal Music Ltda.","C © 2003 EMI Records Brasil Ltda, P ℗ 2003 EMI Records Brasil Ltda"
"spotify:track:76MAoip34jS1rfj3vk29pp","Frete - (Bônus) [Remasterizado]","spotify:artist:0FIgaYFg1Vp5TSLm2xwtLI","Renato Teixeira","spotify:album:05AFF9Z6JpVY9nIeyduR06","Renato Teixeira Obra Completa na RCA de 1978 a 1982 (Remasterizado)","spotify:artist:0FIgaYFg1Vp5TSLm2xwtLI","Renato Teixeira","1978","https://i.scdn.co/image/ab67616d0000b2735bb129c85077fe2bd8da1a92","2","13","194440","https://p.scdn.co/mp3-preview/4f8165e95fcb075af5bc95f514fd6c0699358e43?cid=9950ac751e34487dbbe027c4fd7f8e99","false","24","BRSME1401265","spotify:user:isak.sjoholm.","2025-07-18T13:23:32Z","sertanejo tradicional,mpb,sertanejo","0.657","0.404","5","-9.042","1","0.0329","0.551","0","0.113","0.437","108.251","4","","Sony Music Entertainment","P (P) 1978 Sony Music Entertainment Brasil Ltda./(P) 1979 Sony Music Entertainment Brasil Ltda./(P) 1980 Sony Music Entertainment Brasil Ltda./(P) 1981 Sony Music Entertainment Brasil Ltda./(P) 1982 Sony Music Entertainment Brasil Ltda."
"spotify:track:2RcO6miIYBdHaiEwLbaMfP","Bate-Boca","spotify:artist:5gcpKqNGPhEtKW5G1ZUZPK","João Nogueira","spotify:album:0PSFHoSGMj8dFqkxBS0mTu","Vida Boêmia","spotify:artist:5gcpKqNGPhEtKW5G1ZUZPK","João Nogueira","1978-01-05","https://i.scdn.co/image/ab67616d0000b273f393498644d7ee2c63cea575","1","4","185342","https://p.scdn.co/mp3-preview/2518f15c36cf74d064e52b46e15a28b26a11609d?cid=9950ac751e34487dbbe027c4fd7f8e99","false","21","BREMI7800196","spotify:user:isak.sjoholm.","2025-07-18T13:23:32Z","samba,mpb,pagode","0.73","0.755","7","-10.491","1","0.241","0.334","0.000153","0.153","0.672","97.915","4","","Universal Music Ltda.","C © 2003 EMI Records Brasil Ltda, P ℗ 2003 EMI Records Brasil Ltda"
"spotify:track:0kFsKjVUnkpDUhEWkPj12z","Retórica sentimental","spotify:artist:0C8HhyOa7zfzIl3gmPjY52","Belchior","spotify:album:5QSbln2MGvN6cZRl9x1SRb","2 é Demais","spotify:artist:0C8HhyOa7zfzIl3gmPjY52","Belchior","1978-06-12","https://i.scdn.co/image/ab67616d0000b27300d3395dd09bc957d6b89853","1","11","184106","https://p.scdn.co/mp3-preview/0f0cd9ce388951e1add4df7f2b3bf38a6b2cc911?cid=9950ac751e34487dbbe027c4fd7f8e99","false","32","BRWMB9600691","spotify:user:isak.sjoholm.","2025-07-18T13:23:32Z","mpb","0.49","0.548","6","-8.438","0","0.0524","0.547","0","0.101","0.773","178.662","3","","WM Brazil","C © 1977 / 1979 WEA International Inc., P ℗ 1996 WEA International Inc."
"spotify:track:0om1TX9orV6oceorrj8h4Y","Pão E Água","spotify:artist:3Bnq7jiU506HcPjRgQ43TM, spotify:artist:1mZbRiSVb2ExneAlDbBiiT","Milton Nascimento, Lô Borges","spotify:album:4mywaTqTdSJUikLyiVqjjX","Clube Da Esquina 2","spotify:artist:3Bnq7jiU506HcPjRgQ43TM","Milton Nascimento","1978-01-02","https://i.scdn.co/image/ab67616d0000b273bfbfbf3201ecd4d56ac3c155","1","10","156293","https://p.scdn.co/mp3-preview/611400b4d7fa0bc7f2499ed82b2be200c48bd535?cid=9950ac751e34487dbbe027c4fd7f8e99","false","25","BREMI7800115","spotify:user:isak.sjoholm.","2025-07-18T13:23:32Z","mpb,bossa nova,brasiliansk jazz,mpb,brasiliansk jazz","0.587","0.634","10","-11.253","0","0.0409","0.63","0","0.333","0.836","138.998","3","","EMI Music Brasil Ltda","C © 1978 EMI Music Brasil Ltda, P ℗ 1978 EMI Music Brasil Ltda"
"spotify:track:5Pdovj27Zb8KpjvA5Zijtd","Todo sujo de batom","spotify:artist:0C8HhyOa7zfzIl3gmPjY52","Belchior","spotify:album:5QSbln2MGvN6cZRl9x1SRb","2 é Demais","spotify:artist:0C8HhyOa7zfzIl3gmPjY52","Belchior","1978-06-12","https://i.scdn.co/image/ab67616d0000b27300d3395dd09bc957d6b89853","1","3","258320","https://p.scdn.co/mp3-preview/8b58c9b474bee03ea234a1cdf17497c62fc1ca4e?cid=9950ac751e34487dbbe027c4fd7f8e99","false","33","BRWMB9600683","spotify:user:isak.sjoholm.","2025-07-18T13:23:32Z","mpb","0.435","0.583","2","-7.453","1","0.0437","0.643","0","0.296","0.598","105.574","4","","WM Brazil","C © 1977 / 1979 WEA International Inc., P ℗ 1996 WEA International Inc."
"spotify:track:1NWkgj8y2R6Tq48ZpWjoiQ","As Forças Da Natureza","spotify:artist:5gcpKqNGPhEtKW5G1ZUZPK","João Nogueira","spotify:album:0PSFHoSGMj8dFqkxBS0mTu","Vida Boêmia","spotify:artist:5gcpKqNGPhEtKW5G1ZUZPK","João Nogueira","1978-01-05","https://i.scdn.co/image/ab67616d0000b273f393498644d7ee2c63cea575","1","6","204231","https://p.scdn.co/mp3-preview/ca6f43de08c2161050d962e4aee765b37667225c?cid=9950ac751e34487dbbe027c4fd7f8e99","false","38","BREMI7800197","spotify:user:isak.sjoholm.","2025-07-18T13:23:32Z","samba,mpb,pagode","0.57","0.583","7","-10.404","1","0.0587","0.612","0.00011","0.279","0.736","83.625","4","","Universal Music Ltda.","C © 2003 EMI Records Brasil Ltda, P ℗ 2003 EMI Records Brasil Ltda"
"spotify:track:1XTm7iuEQmI1kegG1gZ3m3","Interior","spotify:artist:3f5VCwd57gZsqMad28jyLV","Maria Bethânia","spotify:album:4hjiHP3NIIzyYUgfs145zr","Álibi","spotify:artist:3f5VCwd57gZsqMad28jyLV","Maria Bethânia","1978-01-02","https://i.scdn.co/image/ab67616d0000b27382634ad97dd029a913a146fe","1","11","159733","https://p.scdn.co/mp3-preview/b275aea3f1a186452fe1e1f99304a1c87ca03010?cid=9950ac751e34487dbbe027c4fd7f8e99","false","27","BRMCA7800205","spotify:user:isak.sjoholm.","2025-07-18T13:23:32Z","mpb,samba,bossa nova,axé","0.422","0.0793","2","-18.989","1","0.0371","0.878","0.000103","0.213","0.377","146.039","4","","Universal Music Ltda.","C © 1978 Universal Music International, P ℗ 1978 Universal Music International"
"spotify:track:31fzHMNDSpgOPJ2uvaI1wq","Malacaxeta","spotify:artist:3XLeGN8GPEzQarxiDoQURu","Pepeu Gomes","spotify:album:2dELNEVo5hpHrGaKjTH2ns","Geração de som","spotify:artist:3XLeGN8GPEzQarxiDoQURu","Pepeu Gomes","1978-02-10","https://i.scdn.co/image/ab67616d0000b2730fde9741fd6667e9f40b9013","1","7","270800","https://p.scdn.co/mp3-preview/217c10db29bf3ebeabcad7b58a13e0dbe388aa4f?cid=9950ac751e34487dbbe027c4fd7f8e99","false","17","BRSME1201054","spotify:user:isak.sjoholm.","2025-07-18T13:23:32Z","mpb,brasiliansk pop,axé,brasiliansk rock","0.627","0.899","2","-4.299","1","0.0542","0.233","0.00256","0.0463","0.52","110.106","4","","Sony Music Entertainment","P (P) 1978 DISCOS CBS I.C.L."
"spotify:track:4KQvzHxfN0IhkkUkpBtyta","Tanto","spotify:artist:3Bnq7jiU506HcPjRgQ43TM","Milton Nascimento","spotify:album:4mywaTqTdSJUikLyiVqjjX","Clube Da Esquina 2","spotify:artist:3Bnq7jiU506HcPjRgQ43TM","Milton Nascimento","1978-01-02","https://i.scdn.co/image/ab67616d0000b273bfbfbf3201ecd4d56ac3c155","2","3","215733","https://p.scdn.co/mp3-preview/e382f086829f6d5b9f558ae362fb87b6d6d353d5?cid=9950ac751e34487dbbe027c4fd7f8e99","false","24","BREMI7800108","spotify:user:isak.sjoholm.","2025-07-18T13:23:32Z","mpb,bossa nova,brasiliansk jazz","0.31","0.553","3","-10.259","0","0.0374","0.366","0.000272","0.365","0.416","137.901","3","","EMI Music Brasil Ltda","C © 1978 EMI Music Brasil Ltda, P ℗ 1978 EMI Music Brasil Ltda"
"spotify:track:6QuP0VvM0gK4xKXIWrNYq2","Respire Fundo","spotify:artist:6aLemnshGuFMCTnUNGA87o","Walter Franco","spotify:album:77izNRwmKHQ5SvZsBU7nJc","Respire Fundo","spotify:artist:6aLemnshGuFMCTnUNGA87o","Walter Franco","1978","https://i.scdn.co/image/ab67616d0000b27380c61aae82931f632ed7628d","1","1","246240","https://p.scdn.co/mp3-preview/fa2c137cba7b633266a117962be7313a82d54044?cid=9950ac751e34487dbbe027c4fd7f8e99","false","19","BRSME7800198","spotify:user:isak.sjoholm.","2025-07-18T13:23:32Z","mpb,brasiliansk rock","0.336","0.539","4","-9.719","0","0.0314","0.188","0.00000257","0.0712","0.411","111.035","4","","Sony Music Entertainment","P (P) 1978 DISCOS CBS I.C.L."
"spotify:track:0jZgHLYiqnDpWFfs02HPVu","Que Bom, Amigo","spotify:artist:3Bnq7jiU506HcPjRgQ43TM","Milton Nascimento","spotify:album:4mywaTqTdSJUikLyiVqjjX","Clube Da Esquina 2","spotify:artist:3Bnq7jiU506HcPjRgQ43TM","Milton Nascimento","1978-01-02","https://i.scdn.co/image/ab67616d0000b273bfbfbf3201ecd4d56ac3c155","2","12","173600","https://p.scdn.co/mp3-preview/f509c0e7831d3909c7633314aa18b227b43b186a?cid=9950ac751e34487dbbe027c4fd7f8e99","false","22","BREMI7800177","spotify:user:isak.sjoholm.","2025-07-18T13:23:32Z","mpb,bossa nova,brasiliansk jazz","0.527","0.36","1","-13.451","1","0.0315","0.903","0.00444","0.0786","0.775","116.341","4","","EMI Music Brasil Ltda","C © 1978 EMI Music Brasil Ltda, P ℗ 1978 EMI Music Brasil Ltda"
"spotify:track:4lrZGxc4NhOMdwgynfm6hP","Sorrir e cantar como na Bahia","spotify:artist:4QQhCQb2SoHYUQclFsQqGm","Baby Consuelo e Os Novos Baianos","spotify:album:2QsRTIXx0kVVwwaRYCKKOd","2 é Demais (Volume 02)","spotify:artist:2K5llYyoLmzpOcbVuOY1ls","Baby Do Brasil","1978-09-14","https://i.scdn.co/image/ab67616d0000b273220bf4933fc4bcec4d6582d4","1","1","308826","https://p.scdn.co/mp3-preview/2013c7d1a002899118cce8dff54f56f4dee208c0?cid=9950ac751e34487dbbe027c4fd7f8e99","false","14","BRWMB9705411","spotify:user:isak.sjoholm.","2025-07-18T13:23:32Z","","0.672","0.527","2","-11.867","0","0.141","0.301","0","0.256","0.891","86.933","4","","WM Brazil","C © 1981 / 1982 Warner Music Brazil Ltda, P ℗ 1998 Warner Music Brazil Ltda"
"spotify:track:5R3mdh8s2o2GU1xm0oGk64","Feliz Serás","spotify:artist:3HqmT1Y7XPUUqD0R0n9iYN","Denise","spotify:album:5nYHpuFr63IK2BMQGbFEVQ","Confiando Vencerei","spotify:artist:3HqmT1Y7XPUUqD0R0n9iYN","Denise","1978-05-05","https://i.scdn.co/image/ab67616d0000b273d8ab9857ca8196a617febfc3","1","1","156866","https://p.scdn.co/mp3-preview/4eba2b336a38d30c9e3be13aff894536059b0653?cid=9950ac751e34487dbbe027c4fd7f8e99","false","39","BRBOP0400072","spotify:user:isak.sjoholm.","2025-07-18T13:23:32Z","schlager,schlagerfest,brasiliansk gospel","0.56","0.114","7","-11.438","1","0.0281","0.953","0.00422","0.116","0.158","80.983","3","","Bompastor","C 1978 Bompastor, P 1978 Bompastor"
"spotify:track:0EDzEe8qoaout0Q6LelQsp","Todo mês de maio na maior","spotify:artist:3LNTNOb2Bhh0g0etnZEyNE","Guilherme Arantes","spotify:album:6yXnE4XbDqbalUJW9SOrIX","25 Anos","spotify:artist:3LNTNOb2Bhh0g0etnZEyNE","Guilherme Arantes","1978-03-28","https://i.scdn.co/image/ab67616d0000b27341dd849ee85e09dc127a96a8","1","8","255933","https://p.scdn.co/mp3-preview/ae607dfd46525e0a5723b2b7e4971e4be48e045f?cid=9950ac751e34487dbbe027c4fd7f8e99","false","24","BRWMB9600628","spotify:user:isak.sjoholm.","2025-07-18T13:23:32Z","mpb,brasiliansk pop,brasiliansk rock","0.283","0.41","1","-12.209","0","0.0277","0.643","0.11","0.283","0.365","89.772","4","","WM Brazil","C © 2006 Warner Music Brazil Ltda, P ℗ 2006 Warner Music Brazil Ltda"
"spotify:track:3G6yeBgRPqlqJOcyoQkG6z","Pequeno mapa do tempo","spotify:artist:0C8HhyOa7zfzIl3gmPjY52","Belchior","spotify:album:5QSbln2MGvN6cZRl9x1SRb","2 é Demais","spotify:artist:0C8HhyOa7zfzIl3gmPjY52","Belchior","1978-06-12","https://i.scdn.co/image/ab67616d0000b27300d3395dd09bc957d6b89853","1","5","294866","https://p.scdn.co/mp3-preview/8743e69df191da65a30fc53ba738d2eef89eced3?cid=9950ac751e34487dbbe027c4fd7f8e99","false","30","BRWMB9600685","spotify:user:isak.sjoholm.","2025-07-18T13:23:32Z","mpb","0.645","0.37","2","-8.54","1","0.0285","0.746","0.0000478","0.193","0.243","117.455","4","","WM Brazil","C © 1977 / 1979 WEA International Inc., P ℗ 1996 WEA International Inc."
"spotify:track:4uIPXcaz6ucxbKlMi3g7xi","Briga Bonita","spotify:artist:5vY559DZMyUwsSYRGDZd7U, spotify:artist:0RH5ov2sTEWBO9tqCk7MGL","Teixeirinha, Mary Terezinha","spotify:album:59cB82C27eO0Tg8dwSJb7A","O Melhor Do Desafio","spotify:artist:5vY559DZMyUwsSYRGDZd7U, spotify:artist:0RH5ov2sTEWBO9tqCk7MGL","Teixeirinha, Mary Terezinha","1978","https://i.scdn.co/image/ab67616d0000b2732abc57dd4698d748e2febf7f","1","5","288173","https://p.scdn.co/mp3-preview/4ae11b778a201fe45460f40012fffa8c91e96bff?cid=9950ac751e34487dbbe027c4fd7f8e99","false","20","BREMI7800594","spotify:user:isak.sjoholm.","2025-07-18T13:23:32Z","sertanejo tradicional,chamamé,sertanejo tradicional","0.705","0.579","8","-9.519","1","0.0677","0.712","0","0.637","0.963","116.201","4","","EMI Brazil","C © 1978 EMI Records Brasil Ltda, P ℗ 1978 EMI Records Brasil Ltda"
"spotify:track:6wylN93Hu4OWAw91jCgV7T","Voz da américa","spotify:artist:0C8HhyOa7zfzIl3gmPjY52","Belchior","spotify:album:5QSbln2MGvN6cZRl9x1SRb","2 é Demais","spotify:artist:0C8HhyOa7zfzIl3gmPjY52","Belchior","1978-06-12","https://i.scdn.co/image/ab67616d0000b27300d3395dd09bc957d6b89853","1","17","179040","https://p.scdn.co/mp3-preview/5264a6c7d7bfbb477a00ecaacd44d8ab99a49b65?cid=9950ac751e34487dbbe027c4fd7f8e99","false","31","BRWMB9600697","spotify:user:isak.sjoholm.","2025-07-18T13:23:32Z","mpb","0.582","0.565","9","-6.727","1","0.0411","0.646","0","0.218","0.579","122.37","4","","WM Brazil","C © 1977 / 1979 WEA International Inc., P ℗ 1996 WEA International Inc."
"spotify:track:7EXspA0gIBRQ3Og39TSQ9v","Canção de um amor distante (Canto al Paraguay)","spotify:artist:4oa7ETNZH1ivfzFkCGVZlR, spotify:artist:55Wn8tf8dBvfl1HRsD7Kze","Milionário & José Rico, Continental","spotify:album:11REV2SSozSjfWKAhN0dZK","Volume 07 (Caminhos da Vida)","spotify:artist:4oa7ETNZH1ivfzFkCGVZlR, spotify:artist:55Wn8tf8dBvfl1HRsD7Kze","Milionário & José Rico, Continental","1978","https://i.scdn.co/image/ab67616d0000b273dc306efa8d0804bbd2c92453","1","3","184560","https://p.scdn.co/mp3-preview/def6e8a632906febdc1b2e0c8de71a8da8eb2b1f?cid=9950ac751e34487dbbe027c4fd7f8e99","false","29","BRWMB0000992","spotify:user:isak.sjoholm.","2025-07-18T13:23:32Z","sertanejo tradicional,sertanejo,sertanejo tradicional,sertanejo,brega","0.533","0.57","9","-6.66","0","0.119","0.462","0","0.0386","0.762","104.502","4","","WM Brazil","C © 1978 WEA International Inc., P ℗ 2001 WEA International Inc."
"spotify:track:0xV4O9qqUE1WquWMiWWc0O","Berço de Deus","spotify:artist:4oa7ETNZH1ivfzFkCGVZlR, spotify:artist:55Wn8tf8dBvfl1HRsD7Kze","Milionário & José Rico, Continental","spotify:album:11REV2SSozSjfWKAhN0dZK","Volume 07 (Caminhos da Vida)","spotify:artist:4oa7ETNZH1ivfzFkCGVZlR, spotify:artist:55Wn8tf8dBvfl1HRsD7Kze","Milionário & José Rico, Continental","1978","https://i.scdn.co/image/ab67616d0000b273dc306efa8d0804bbd2c92453","1","7","204413","https://p.scdn.co/mp3-preview/87f6f67d2093cee58d8f180e5edae174756aa29b?cid=9950ac751e34487dbbe027c4fd7f8e99","false","37","BRWMB9800296","spotify:user:isak.sjoholm.","2025-07-18T13:23:32Z","sertanejo tradicional,sertanejo,sertanejo tradicional,sertanejo,brega","0.675","0.568","7","-9.133","1","0.0433","0.413","0","0.458","0.561","94.965","3","","WM Brazil","C © 1978 WEA International Inc., P ℗ 2001 WEA International Inc."
"spotify:track:2vRqx7pLAdsCyke3BZ7SML","Bicho de 7 Cabeças","spotify:artist:7JoWcJHDOG58JYTe6d400S","Zé Ramalho","spotify:album:4Qne4oiv308eCB3LMNam98","Zé Ramalho (Versão com Faixas Bônus)","spotify:artist:7JoWcJHDOG58JYTe6d400S","Zé Ramalho","1978","https://i.scdn.co/image/ab67616d0000b27304d0a9c55750694d2359f301","1","6","143586","https://p.scdn.co/mp3-preview/2f11a59943e1c32350c90431f50a856d86753e04?cid=9950ac751e34487dbbe027c4fd7f8e99","false","29","BRSME7800160","spotify:user:isak.sjoholm.","2025-07-18T13:23:32Z","mpb,forró tradicional,sertanejo tradicional,forró","0.531","0.421","0","-12.709","1","0.106","0.243","0.933","0.0876","0.944","155.507","4","","Sony Music Entertainment","P (P) 1978 Sony Music Entertainment Brasil ltda."
"spotify:track:52Up6NzHNjw0NEBT6vj7Y5","Leo","spotify:artist:3Bnq7jiU506HcPjRgQ43TM","Milton Nascimento","spotify:album:4mywaTqTdSJUikLyiVqjjX","Clube Da Esquina 2","spotify:artist:3Bnq7jiU506HcPjRgQ43TM","Milton Nascimento","1978-01-02","https://i.scdn.co/image/ab67616d0000b273bfbfbf3201ecd4d56ac3c155","2","7","245133","https://p.scdn.co/mp3-preview/60e954846cb05e3b5464fb8e0eeb6623f57ab79e?cid=9950ac751e34487dbbe027c4fd7f8e99","false","27","BREMI7800114","spotify:user:isak.sjoholm.","2025-07-18T13:23:32Z","mpb,bossa nova,brasiliansk jazz","0.329","0.312","8","-11.937","1","0.031","0.501","0.00163","0.227","0.281","122.538","4","","EMI Music Brasil Ltda","C © 1978 EMI Music Brasil Ltda, P ℗ 1978 EMI Music Brasil Ltda"
"spotify:track:6VOwqQzgNNPRL8O0AZlRK3","A Noite Preta","spotify:artist:7JoWcJHDOG58JYTe6d400S","Zé Ramalho","spotify:album:4Qne4oiv308eCB3LMNam98","Zé Ramalho (Versão com Faixas Bônus)","spotify:artist:7JoWcJHDOG58JYTe6d400S","Zé Ramalho","1978","https://i.scdn.co/image/ab67616d0000b27304d0a9c55750694d2359f301","1","4","212200","https://p.scdn.co/mp3-preview/8d513aa7ea87c472db450934098b4bd37084f80e?cid=9950ac751e34487dbbe027c4fd7f8e99","false","27","BRSME7800159","spotify:user:isak.sjoholm.","2025-07-18T13:23:32Z","mpb,forró tradicional,sertanejo tradicional,forró","0.335","0.74","7","-9.709","1","0.0513","0.0413","0.00000481","0.281","0.931","163.861","4","","Sony Music Entertainment","P (P) 1978 Sony Music Entertainment Brasil ltda."
"spotify:track:3nMWK1TKSKs7KVfGxOgfwJ","São João, Xangô Menino","spotify:artist:7HGNYPmbDrMkylWqeFCOIQ","Caetano Veloso","spotify:album:2cgr7ZBd3X3gs99433bgES","Muito (Dentro Da Estrela Azulada)","spotify:artist:7HGNYPmbDrMkylWqeFCOIQ","Caetano Veloso","1978-01-23","https://i.scdn.co/image/ab67616d0000b273433133eade52024fbef808a4","1","10","165773","https://p.scdn.co/mp3-preview/407b37ac7748e46463d17fd68579fe13e29823c3?cid=9950ac751e34487dbbe027c4fd7f8e99","false","22","BRMCA7800178","spotify:user:isak.sjoholm.","2025-07-18T13:23:32Z","mpb,bossa nova,samba","0.706","0.491","9","-9.111","1","0.0417","0.344","0","0.113","0.785","124.497","4","","Universal Music Ltda.","C © 1978 Universal Music International, P ℗ 1978 Universal Music International"
"spotify:track:72lfXOkicB9OvjANb3SjNh","Favela","spotify:artist:0lTr2hteHyTLbCmgUpLf8J","Roberto Ribeiro","spotify:album:76byBzsSDV2af469zG5In4","Roberto Ribeiro","spotify:artist:0lTr2hteHyTLbCmgUpLf8J","Roberto Ribeiro","1978-04-03","https://i.scdn.co/image/ab67616d0000b27393cc74d296bfef77e7ba43d6","1","2","176933","https://p.scdn.co/mp3-preview/15273caa269f22e264ae9ecce3455858236cfb36?cid=9950ac751e34487dbbe027c4fd7f8e99","false","30","BREMI7800201","spotify:user:isak.sjoholm.","2025-07-18T13:23:32Z","samba","0.681","0.894","11","-6.442","0","0.0661","0.0608","0.000352","0.0679","0.898","87.761","4","","Universal Music Ltda.","C © 1978 EMI Records Brasil Ltda, P ℗ 1978 EMI Records Brasil Ltda"
"spotify:track:7IFuU1lCo8G6k5rEM2Hxkp","Bom Dia, Boa Tarde, Boa Noite","spotify:artist:5JYtpnUKxAzXfHEYpOeeit","Jorge Ben Jor","spotify:album:2C94EAIFBPnTcq7z8Xj7oe","A Banda do Zé Pretinho","spotify:artist:5JYtpnUKxAzXfHEYpOeeit","Jorge Ben Jor","1978","https://i.scdn.co/image/ab67616d0000b273f670793d7129b4f65a84a889","1","3","231893","https://p.scdn.co/mp3-preview/22b2b56dd3db7166b7ccf855e97587cc27707ad5?cid=9950ac751e34487dbbe027c4fd7f8e99","false","38","BRSGL0400048","spotify:user:isak.sjoholm.","2025-07-18T13:23:32Z","mpb,bossa nova,samba,brasiliansk jazz","0.692","0.683","0","-11.677","1","0.11","0.138","0.000123","0.112","0.941","86.131","4","","Som Livre","C (C) 1978 Som Livre"
"spotify:track:404c5bkPjK8B29jOPT8O4s","Amor De Fato","spotify:artist:5gcpKqNGPhEtKW5G1ZUZPK","João Nogueira","spotify:album:0PSFHoSGMj8dFqkxBS0mTu","Vida Boêmia","spotify:artist:5gcpKqNGPhEtKW5G1ZUZPK","João Nogueira","1978-01-05","https://i.scdn.co/image/ab67616d0000b273f393498644d7ee2c63cea575","1","9","158926","https://p.scdn.co/mp3-preview/3c0742291074ed7aaa2cf8e9634e1472674c4672?cid=9950ac751e34487dbbe027c4fd7f8e99","false","22","BRUM71804391","spotify:user:isak.sjoholm.","2025-07-18T13:23:32Z","samba,mpb,pagode","0.681","0.664","0","-10.706","1","0.291","0.75","0.00000862","0.0782","0.891","112.961","4","","Universal Music Ltda.","C © 2003 EMI Records Brasil Ltda, P ℗ 2003 EMI Records Brasil Ltda"
"spotify:track:6qzvE8iqr0NsdomwJ4EJBA","Espacial","spotify:artist:0C8HhyOa7zfzIl3gmPjY52","Belchior","spotify:album:5QSbln2MGvN6cZRl9x1SRb","2 é Demais","spotify:artist:0C8HhyOa7zfzIl3gmPjY52","Belchior","1978-06-12","https://i.scdn.co/image/ab67616d0000b27300d3395dd09bc957d6b89853","1","18","194560","https://p.scdn.co/mp3-preview/7c7687381681aadf36be525b3d88ae880911c1fb?cid=9950ac751e34487dbbe027c4fd7f8e99","false","31","BRWMB9600698","spotify:user:isak.sjoholm.","2025-07-18T13:23:32Z","mpb","0.468","0.445","7","-8.086","1","0.027","0.678","0","0.276","0.29","91.514","4","","WM Brazil","C © 1977 / 1979 WEA International Inc., P ℗ 1996 WEA International Inc."
"spotify:track:2DifSNpEnfbStnTsJEfk22","Amei Demais","spotify:artist:0lTr2hteHyTLbCmgUpLf8J","Roberto Ribeiro","spotify:album:76byBzsSDV2af469zG5In4","Roberto Ribeiro","spotify:artist:0lTr2hteHyTLbCmgUpLf8J","Roberto Ribeiro","1978-04-03","https://i.scdn.co/image/ab67616d0000b27393cc74d296bfef77e7ba43d6","1","7","226066","https://p.scdn.co/mp3-preview/338e8e75f56ee3f6fb7d06afd4afe6b46080c64c?cid=9950ac751e34487dbbe027c4fd7f8e99","false","27","BREMI7800182","spotify:user:isak.sjoholm.","2025-07-18T13:23:32Z","samba","0.668","0.898","8","-7.772","1","0.0685","0.0576","0.00676","0.326","0.933","155.668","4","","Universal Music Ltda.","C © 1978 EMI Records Brasil Ltda, P ℗ 1978 EMI Records Brasil Ltda"
"spotify:track:3mVcyfuIGiQlsyDgnGQJYd","Agoniza Mas Não Morre","spotify:artist:56TkPi7rpmU8jTpkcK7FY3","Beth Carvalho","spotify:album:2QxzAhXKjoUuiVO2sqMjP6","De Pé No Chão","spotify:artist:56TkPi7rpmU8jTpkcK7FY3","Beth Carvalho","1978-09-21","https://i.scdn.co/image/ab67616d0000b2730c6a11e043825fa8bd0052be","1","12","203626","https://p.scdn.co/mp3-preview/128be6eadeb210f74141af04fcc13cd6ef81410b?cid=9950ac751e34487dbbe027c4fd7f8e99","false","27","BRBMG7800178","spotify:user:isak.sjoholm.","2025-07-18T13:23:32Z","samba,pagode,mpb","0.429","0.527","0","-11.895","1","0.0502","0.346","0","0.0522","0.962","96.817","4","","Sony Music Entertainment","P (P) 1978 Bmg Ariola Discos Ltda."
"spotify:track:40p8YrqgBuoLat9Xzqf4vc","Deus Lhe Pague - Ao Vivo","spotify:artist:0yFvXd36g5sNKYDi0Kkvl8","Elis Regina","spotify:album:2dmjkMPkDZmhJHnYFrtfjz","Transversal Do Tempo","spotify:artist:0yFvXd36g5sNKYDi0Kkvl8","Elis Regina","1978-01-01","https://i.scdn.co/image/ab67616d0000b27350ac8e9e1b41ae3545354c00","1","3","207440","https://p.scdn.co/mp3-preview/fee1f44ad1ae3f51135707719259121864d0bd71?cid=9950ac751e34487dbbe027c4fd7f8e99","false","21","BRMCA7800186","spotify:user:isak.sjoholm.","2025-07-18T13:23:32Z","mpb,bossa nova,brasiliansk jazz,samba","0.415","0.832","9","-10.934","0","0.0892","0.564","0.000022","0.792","0.743","149.765","4","","Universal Music Ltda.","C © 1978 Universal Music Ltda, P ℗ 1978 Universal Music Ltda"
"spotify:track:534OzvGjr9jhhaBXvH1uDS","Foi Assim","spotify:artist:5iL3uIM3tR6INAO0r16uIj","Paulo César Da Silva","spotify:album:6ij6Kne6EfpGnw2Dt6Yoxv","Calmo, Sereno, Tranquilo","spotify:artist:0LyfQWJT6nXafLPZqxe9Of","Blandade Artister","2008-08-21","https://i.scdn.co/image/ab67616d0000b2732fbd5036e15fba6222c6fec8","1","2","123826","https://p.scdn.co/mp3-preview/811d37a5045e68dcb0c0c0c8d609976b2892c462?cid=9950ac751e34487dbbe027c4fd7f8e99","false","32","ushm20870988","spotify:user:isak.sjoholm.","2025-07-18T13:23:32Z","brasiliansk gospel","0.533","0.249","0","-14.647","1","0.0341","0.807","0","0.171","0.29","126.447","4","","Elo Media Productions","C (C) 1978 Elo Media Productions, P (P) 1978 Editora Musical Elo"
"spotify:track:0OsW25IEaiQCGaYl4SGG8p","A noite","spotify:artist:3LNTNOb2Bhh0g0etnZEyNE","Guilherme Arantes","spotify:album:4vKNaNBIU2zEW5aHFec9Iw","Dois Momentos","spotify:artist:3LNTNOb2Bhh0g0etnZEyNE","Guilherme Arantes","1978-03-28","https://i.scdn.co/image/ab67616d0000b2735bed55e79b3b2df81451a56b","1","2","278826","https://p.scdn.co/mp3-preview/b7d9139c014a98c8a44f4a14c1ff5529c7bbfe84?cid=9950ac751e34487dbbe027c4fd7f8e99","false","21","BRWMB9801616","spotify:user:isak.sjoholm.","2025-07-18T13:23:32Z","mpb,brasiliansk pop,brasiliansk rock","0.559","0.6","0","-10.1","0","0.0302","0.49","0.00019","0.0934","0.317","128.402","4","","WM Brazil","C © 2006 Warner Music Brazil Ltda, P ℗ 2006 Warner Music Brazil Ltda"
"spotify:track:6PnlE5q0cUNGkUBQ0MPgKi","Meu cordial brasileiro","spotify:artist:0C8HhyOa7zfzIl3gmPjY52","Belchior","spotify:album:5QSbln2MGvN6cZRl9x1SRb","2 é Demais","spotify:artist:0C8HhyOa7zfzIl3gmPjY52","Belchior","1978-06-12","https://i.scdn.co/image/ab67616d0000b27300d3395dd09bc957d6b89853","1","19","185466","https://p.scdn.co/mp3-preview/515ed6134fe4b927c71f766565aa6f5cb5bc7c5d?cid=9950ac751e34487dbbe027c4fd7f8e99","false","35","BRWMB9600699","spotify:user:isak.sjoholm.","2025-07-18T13:23:32Z","mpb","0.71","0.736","10","-6.884","1","0.0384","0.771","0","0.218","0.569","129.722","4","","WM Brazil","C © 1977 / 1979 WEA International Inc., P ℗ 1996 WEA International Inc."
"spotify:track:1yzfkhHyrOcwMWpAs1LOmn","Canudos","spotify:artist:6u5P4S3NSj4EDNegDlOevO","Edu Lobo","spotify:album:39ZEYbqEDuMbqxtEvdPk74","Camaleão","spotify:artist:6u5P4S3NSj4EDNegDlOevO","Edu Lobo","1978-01-01","https://i.scdn.co/image/ab67616d0000b27334bb263598d08e4011f9770d","1","4","248826","https://p.scdn.co/mp3-preview/803f010ec62c5b4fc78d538f7b495ca42b3abd76?cid=9950ac751e34487dbbe027c4fd7f8e99","false","16","BRUM70600845","spotify:user:isak.sjoholm.","2025-07-18T13:23:32Z","bossa nova,brasiliansk jazz,mpb","0.653","0.513","7","-18.936","1","0.0567","0.749","0.00461","0.106","0.914","122.145","4","","Universal Music Ltda.","C © 1978 Universal Music Ltda, P ℗ 1978 Universal Music Ltda"
"spotify:track:7LR63S03gCqPMHOsCrP58l","Além Do Horizonte","spotify:artist:64KVQ4YupSZYrGNLduVtj3","Nara Leão","spotify:album:2AYQG3PZBMDiDRPuIf8BXj","... E Que Tudo Mais Vá Pro Inferno","spotify:artist:64KVQ4YupSZYrGNLduVtj3","Nara Leão","1978-10-05","https://i.scdn.co/image/ab67616d0000b27381212a1038fc4603d5ac2768","1","3","253840","https://p.scdn.co/mp3-preview/5d129058b370d0d8eff5f23726bf3799a7c2b9c3?cid=9950ac751e34487dbbe027c4fd7f8e99","false","32","BRMCA7800131","spotify:user:isak.sjoholm.","2025-07-18T13:23:32Z","bossa nova,mpb,brasiliansk jazz","0.636","0.456","2","-17.923","1","0.0674","0.171","0.000594","0.08","0.748","88.238","4","","Universal Music Ltda.","C © 1978 Universal Music Ltda, P ℗ 1978 Universal Music Ltda"
"spotify:track:3K3nansvwCZaAj9R88rrgJ","Os Can Cans Do Desafio","spotify:artist:5vY559DZMyUwsSYRGDZd7U, spotify:artist:0RH5ov2sTEWBO9tqCk7MGL","Teixeirinha, Mary Terezinha","spotify:album:59cB82C27eO0Tg8dwSJb7A","O Melhor Do Desafio","spotify:artist:5vY559DZMyUwsSYRGDZd7U, spotify:artist:0RH5ov2sTEWBO9tqCk7MGL","Teixeirinha, Mary Terezinha","1978","https://i.scdn.co/image/ab67616d0000b2732abc57dd4698d748e2febf7f","1","1","302333","https://p.scdn.co/mp3-preview/c3d8b49c6352806807f3b17840447d431e76234a?cid=9950ac751e34487dbbe027c4fd7f8e99","false","28","BREMI7800590","spotify:user:isak.sjoholm.","2025-07-18T13:23:32Z","sertanejo tradicional,chamamé,sertanejo tradicional","0.748","0.466","5","-9.932","1","0.0848","0.144","0","0.534","0.946","120.85","4","","EMI Brazil","C © 1978 EMI Records Brasil Ltda, P ℗ 1978 EMI Records Brasil Ltda"
"spotify:track:3i9ghKjqkAJXyto6vUgajH","De Onde Vem O Baião","spotify:artist:1b8kpp4DUwt1hWaxTiWQhD","Gal Costa","spotify:album:5zxQjZTR0xhf4SdbmHJt4R","Agua Viva","spotify:artist:1b8kpp4DUwt1hWaxTiWQhD","Gal Costa","1978-01-01","https://i.scdn.co/image/ab67616d0000b273885feff7b5d469d4051d1ee2","1","3","188866","https://p.scdn.co/mp3-preview/4bbf11382c6f4bc770e6c82b2bb08a458f84aec1?cid=9950ac751e34487dbbe027c4fd7f8e99","false","28","BRMCA7800199","spotify:user:isak.sjoholm.","2025-07-18T13:23:32Z","mpb,bossa nova,brasiliansk jazz","0.535","0.56","3","-17.399","1","0.332","0.735","0.000276","0.051","0.966","189.91","4","","Universal Music Ltda.","C © 1978 Universal Music Ltda, P ℗ 1978 Universal Music Ltda"
"spotify:track:3VsBKVL9ctZ7KpRcrzWdie","Meu Menino","spotify:artist:3Bnq7jiU506HcPjRgQ43TM","Milton Nascimento","spotify:album:4mywaTqTdSJUikLyiVqjjX","Clube Da Esquina 2","spotify:artist:3Bnq7jiU506HcPjRgQ43TM","Milton Nascimento","1978-01-02","https://i.scdn.co/image/ab67616d0000b273bfbfbf3201ecd4d56ac3c155","2","9","158600","https://p.scdn.co/mp3-preview/cd11824ff9c16df820731d6dab44db1e34e4e980?cid=9950ac751e34487dbbe027c4fd7f8e99","false","24","BREMI7800110","spotify:user:isak.sjoholm.","2025-07-18T13:23:32Z","mpb,bossa nova,brasiliansk jazz","0.314","0.258","1","-8.849","1","0.029","0.593","0.0000236","0.282","0.211","69.497","4","","EMI Music Brasil Ltda","C © 1978 EMI Music Brasil Ltda, P ℗ 1978 EMI Music Brasil Ltda"
"spotify:track:2MxnWKhBVuaPlUcdmEV63M","Paralelas","spotify:artist:0C8HhyOa7zfzIl3gmPjY52","Belchior","spotify:album:5QSbln2MGvN6cZRl9x1SRb","2 é Demais","spotify:artist:0C8HhyOa7zfzIl3gmPjY52","Belchior","1978-06-12","https://i.scdn.co/image/ab67616d0000b27300d3395dd09bc957d6b89853","1","2","258200","https://p.scdn.co/mp3-preview/9b714ec08bfd6fec4a50a9e55dc90b22692d6a32?cid=9950ac751e34487dbbe027c4fd7f8e99","false","31","BRWMB9600682","spotify:user:isak.sjoholm.","2025-07-18T13:23:32Z","mpb","0.27","0.225","9","-11.024","1","0.0342","0.801","0.00285","0.0955","0.169","93.546","1","","WM Brazil","C © 1977 / 1979 WEA International Inc., P ℗ 1996 WEA International Inc."
"spotify:track:2rWeK0b1s6fLW3RLFdIFMm","Testamento","spotify:artist:3Bnq7jiU506HcPjRgQ43TM","Milton Nascimento","spotify:album:4mywaTqTdSJUikLyiVqjjX","Clube Da Esquina 2","spotify:artist:3Bnq7jiU506HcPjRgQ43TM","Milton Nascimento","1978-01-02","https://i.scdn.co/image/ab67616d0000b273bfbfbf3201ecd4d56ac3c155","2","5","236733","https://p.scdn.co/mp3-preview/35c56c9d1650b577da6c26eb9dbde298d3094dba?cid=9950ac751e34487dbbe027c4fd7f8e99","false","23","BREMI7800176","spotify:user:isak.sjoholm.","2025-07-18T13:23:32Z","mpb,bossa nova,brasiliansk jazz","0.628","0.448","3","-12.406","1","0.0518","0.802","0.0000216","0.0626","0.714","115.867","3","","EMI Music Brasil Ltda","C © 1978 EMI Music Brasil Ltda, P ℗ 1978 EMI Music Brasil Ltda"
"spotify:track:0iT6kNe6wavYHoY3tkXMm2","Camaleão","spotify:artist:6u5P4S3NSj4EDNegDlOevO","Edu Lobo","spotify:album:39ZEYbqEDuMbqxtEvdPk74","Camaleão","spotify:artist:6u5P4S3NSj4EDNegDlOevO","Edu Lobo","1978-01-01","https://i.scdn.co/image/ab67616d0000b27334bb263598d08e4011f9770d","1","5","200906","https://p.scdn.co/mp3-preview/43668dc4ade64f6e1beab42e2362b517125eb659?cid=9950ac751e34487dbbe027c4fd7f8e99","false","15","BRUM70600846","spotify:user:isak.sjoholm.","2025-07-18T13:23:32Z","bossa nova,brasiliansk jazz,mpb","0.537","0.53","9","-18.079","0","0.0476","0.679","0.928","0.106","0.729","115.167","4","","Universal Music Ltda.","C © 1978 Universal Music Ltda, P ℗ 1978 Universal Music Ltda"
"spotify:track:1AqoGZTZ7ZQmkvhkCg0A1e","Desafio Do Grenal","spotify:artist:5vY559DZMyUwsSYRGDZd7U, spotify:artist:0RH5ov2sTEWBO9tqCk7MGL","Teixeirinha, Mary Terezinha","spotify:album:59cB82C27eO0Tg8dwSJb7A","O Melhor Do Desafio","spotify:artist:5vY559DZMyUwsSYRGDZd7U, spotify:artist:0RH5ov2sTEWBO9tqCk7MGL","Teixeirinha, Mary Terezinha","1978","https://i.scdn.co/image/ab67616d0000b2732abc57dd4698d748e2febf7f","1","2","288760","https://p.scdn.co/mp3-preview/c647d6058ebee9b75f5bcb144fbd24882e45fff2?cid=9950ac751e34487dbbe027c4fd7f8e99","false","30","BREMI7800591","spotify:user:isak.sjoholm.","2025-07-18T13:23:32Z","sertanejo tradicional,chamamé,sertanejo tradicional","0.899","0.444","11","-10.09","1","0.0812","0.553","0","0.638","0.991","120.843","4","","EMI Brazil","C © 1978 EMI Records Brasil Ltda, P ℗ 1978 EMI Records Brasil Ltda"
"spotify:track:0I51ao062eJ2DacFhy33IK","Dreamin'","spotify:artist:5MHQO0sz5J0VX7jjuL2dUg","Liverpool Express","spotify:album:0fNoQ0f8OxBzcJbU9rBYt9","Dreamin","spotify:artist:5MHQO0sz5J0VX7jjuL2dUg","Liverpool Express","1978-01-01","https://i.scdn.co/image/ab67616d0000b2739938b685d63ef326a6eb9f71","1","8","215720","https://p.scdn.co/mp3-preview/2aab9c15b1e138ebe28f6b70a8f272597db6f497?cid=9950ac751e34487dbbe027c4fd7f8e99","false","32","GBAHT1600049","spotify:user:isak.sjoholm.","2025-07-18T13:23:32Z","","0.534","0.473","5","-10.022","1","0.0363","0.468","0.00738","0.13","0.419","115.976","4","","Rhino","C © 2018 Warner Music UK Ltd, P ℗ 2018 Warner Music UK Ltd"
"spotify:track:37UKosCGPxuNvLQ7vxpIS9","Gabriel","spotify:artist:4ijgnqYvE1INXb1NSVT11m","Beto Guedes","spotify:album:7sMdgODXEAGvPq490JbN1a","Amor De Índio","spotify:artist:4ijgnqYvE1INXb1NSVT11m","Beto Guedes","1978-09-16","https://i.scdn.co/image/ab67616d0000b2733ac207164ede2d88617484d8","1","5","157400","https://p.scdn.co/mp3-preview/7570e5224e192384205f29ce59086c3f210568ba?cid=9950ac751e34487dbbe027c4fd7f8e99","false","34","BREMI7800736","spotify:user:isak.sjoholm.","2025-07-18T13:23:32Z","mpb","0.326","0.273","0","-12.514","1","0.0281","0.758","0.0000976","0.139","0.263","96.891","4","","EMI","C © 1978 EMI Records Brasil Ltda, Universal Music International, P ℗ 1978 EMI Records Brasil Ltda, Universal Music International"
"spotify:track:4k2HyyKrBxuJ7lKUVs94cr","Esta Noite Eu Sonhei","spotify:artist:6BhM6KMEMCo4ifiEpRKh6i","Carlos Alexandre","spotify:album:2iYJWFIpfKqhaVleO3gV2m","Carlos Alexandre (1978)","spotify:artist:6BhM6KMEMCo4ifiEpRKh6i","Carlos Alexandre","1978-01-01","https://i.scdn.co/image/ab67616d0000b27329f8847deae1bb621346480f","1","9","172440","https://p.scdn.co/mp3-preview/80f4d4da0a7867657e3a615633855d47264f4350?cid=9950ac751e34487dbbe027c4fd7f8e99","false","22","BRRGE7800005","spotify:user:isak.sjoholm.","2025-07-18T13:23:32Z","brega,seresta","0.639","0.467","5","-11.399","1","0.0512","0.455","0.0000439","0.155","0.806","122.064","4","","Som Livre","C (C) 1978 Som Livre"
"spotify:track:74T9EvwMxpZEQSxXDRHd00","Dona Olimpia","spotify:artist:3Bnq7jiU506HcPjRgQ43TM","Milton Nascimento","spotify:album:4mywaTqTdSJUikLyiVqjjX","Clube Da Esquina 2","spotify:artist:3Bnq7jiU506HcPjRgQ43TM","Milton Nascimento","1978-01-02","https://i.scdn.co/image/ab67616d0000b273bfbfbf3201ecd4d56ac3c155","2","4","160360","https://p.scdn.co/mp3-preview/f461306f60fd8f89dbc2549787e6feb6f51ca0dc?cid=9950ac751e34487dbbe027c4fd7f8e99","false","23","BREMI7800175","spotify:user:isak.sjoholm.","2025-07-18T13:23:32Z","mpb,bossa nova,brasiliansk jazz","0.274","0.374","10","-10.742","0","0.035","0.613","0.0000301","0.24","0.301","123.055","4","","EMI Music Brasil Ltda","C © 1978 EMI Music Brasil Ltda, P ℗ 1978 EMI Music Brasil Ltda"
"spotify:track:0mQH0v3HzfZKMGz6rBV1Wi","Com A Perna No Mundo","spotify:artist:1LOFaxDBvn3YuvarTldGAe","Gonzaguinha","spotify:album:1etsYR0pytoCPh6IenIHuF","Gozanguinha Da Vida","spotify:artist:1LOFaxDBvn3YuvarTldGAe","Gonzaguinha","1978-01-03","https://i.scdn.co/image/ab67616d0000b273c857040804d0c3c56bb88450","1","2","226066","https://p.scdn.co/mp3-preview/42f089ddab8d4d20a8588bcd7c7bf33ecefc19a8?cid=9950ac751e34487dbbe027c4fd7f8e99","false","31","BREMI7800010","spotify:user:isak.sjoholm.","2025-07-18T13:23:32Z","mpb,samba","0.595","0.415","10","-14.17","0","0.0579","0.327","0.0000351","0.295","0.693","111.406","4","","Universal Music Ltda.","C © 1978 EMI Records Brasil Ltda, P ℗ 1978 EMI Records Brasil Ltda"
"spotify:track:3I3sEW9VjzA3yjsCL7CKiC","Brincando com a vida","spotify:artist:0C8HhyOa7zfzIl3gmPjY52","Belchior","spotify:album:6KA1TpOgkI2qS7Vp6baoah","Todos os Sentidos","spotify:artist:0C8HhyOa7zfzIl3gmPjY52","Belchior","1978-06-12","https://i.scdn.co/image/ab67616d0000b27335bb3911a862abfa6bec5dd7","1","3","222522","https://p.scdn.co/mp3-preview/a90257b3eea8faa30b6a046c2224195cae1e3adb?cid=9950ac751e34487dbbe027c4fd7f8e99","false","31","BRWMB9806495","spotify:user:isak.sjoholm.","2025-07-18T13:23:32Z","mpb","0.439","0.535","11","-6.581","0","0.0408","0.475","0","0.137","0.388","127.127","3","","WM Brazil","C © 1978 Warner Music Brasil Ltda., P ℗ 1978 Warner Music Brasil Ltda."
"spotify:track:3jr3mTA8ySgM5WNkJ9fwJ7","Cara De Índio","spotify:artist:5rrmaoBXZ7Jcs4Qb77j0YA","Djavan","spotify:album:6nNxchWJHFDd31sbiWlKPC","Djavan","spotify:artist:5rrmaoBXZ7Jcs4Qb77j0YA","Djavan","1978-01-01","https://i.scdn.co/image/ab67616d0000b273906b2e5d11cef03ba171dd18","1","1","189333","https://p.scdn.co/mp3-preview/be146ace37e5064f051fb4ad406d6d89ba1fe64c?cid=9950ac751e34487dbbe027c4fd7f8e99","false","0","BREMI7800202","spotify:user:isak.sjoholm.","2025-07-18T13:23:32Z","mpb,bossa nova","0.85","0.354","1","-15.401","0","0.0401","0.532","0.0000252","0.0701","0.884","115.087","4","","EMI Brazil","C © 1978 EMI Music Brasil Ltda, P ℗ 1978 EMI Music Brasil Ltda"
"spotify:track:3wA4NBLlbilVdROGygQDbI","Crazy","spotify:artist:4etuCZVdP8yiNPn4xf0ie5","Julio Iglesias","spotify:album:5OvmdnDqpZDSQD3N2uWyPE","Ma Vie: Mes Plus Grands Succès","spotify:artist:4etuCZVdP8yiNPn4xf0ie5","Julio Iglesias","1978","https://i.scdn.co/image/ab67616d0000b2736a0ab62ba7a85cd199b90b92","2","5","195466","https://p.scdn.co/mp3-preview/f0ab08bd124c8964681e378f49ee0d3dd5722848?cid=9950ac751e34487dbbe027c4fd7f8e99","false","20","NLB639490004","spotify:user:isak.sjoholm.","2025-07-18T13:23:32Z","bolero","0.432","0.205","5","-15.53","0","0.0327","0.772","0.0209","0.255","0.176","106.609","3","","Columbia","P (P) 1978, 1979, 1980, 1981, 1982, 1984, 1988, 1989, 1990, 1992, 1994, 1995, 1996, 1998 Sony Music Entertainment (Holland) B.V."
"spotify:track:57inOfVDCkzcTpaZfBEQsF","Memórias De Marta Sare","spotify:artist:6u5P4S3NSj4EDNegDlOevO","Edu Lobo","spotify:album:39ZEYbqEDuMbqxtEvdPk74","Camaleão","spotify:artist:6u5P4S3NSj4EDNegDlOevO","Edu Lobo","1978-01-01","https://i.scdn.co/image/ab67616d0000b27334bb263598d08e4011f9770d","1","10","286000","https://p.scdn.co/mp3-preview/3736ecd63c0ee69921d5c5ab8fcd99de3bd89fcd?cid=9950ac751e34487dbbe027c4fd7f8e99","false","15","BRMCA7800106","spotify:user:isak.sjoholm.","2025-07-18T13:23:32Z","bossa nova,brasiliansk jazz,mpb","0.431","0.384","7","-18.269","1","0.0339","0.696","0.194","0.537","0.552","109.644","4","","Universal Music Ltda.","C © 1978 Universal Music Ltda, P ℗ 1978 Universal Music Ltda"
"spotify:track:7rIcmPnGL4WCYkybKMk4Bl","Baque De Luanda","spotify:artist:75wilejqUnDckN02LdU5Ie","Quinteto Armorial","spotify:album:7tAT6R4cBA0Kxsrs1vgNXV","Quinteto Armorial","spotify:artist:75wilejqUnDckN02LdU5Ie","Quinteto Armorial","1978-08-05","https://i.scdn.co/image/ab67616d0000b2730ff92d39c3e8c406359d2dc7","1","1","236333","https://p.scdn.co/mp3-preview/c9560d647a736cb5030f6ec510e3d0d715be2bde?cid=9950ac751e34487dbbe027c4fd7f8e99","false","20","BRUM71902266","spotify:user:isak.sjoholm.","2025-07-18T13:23:32Z","traditionell folk","0.593","0.364","8","-13.318","0","0.0412","0.723","0.266","0.123","0.381","99.763","4","","Universal Music Ltda.","C © 1978 EMI Records Brasil Ltda, P ℗ 1978 EMI Records Brasil Ltda"
"spotify:track:4LJqdRyxUIOQ9py1xnbMPk","Carro velho","spotify:artist:4oa7ETNZH1ivfzFkCGVZlR, spotify:artist:55Wn8tf8dBvfl1HRsD7Kze","Milionário & José Rico, Continental","spotify:album:0PMcbOe2oT6wxIgrSVVn5Z","Volume 06 (Rei Sem Trono)","spotify:artist:4oa7ETNZH1ivfzFkCGVZlR, spotify:artist:55Wn8tf8dBvfl1HRsD7Kze","Milionário & José Rico, Continental","1978","https://i.scdn.co/image/ab67616d0000b2730aa0ccde39588abff20ebd64","1","3","147840","https://p.scdn.co/mp3-preview/339ea3487e946bae6b09e2eea25f92107c8f920e?cid=9950ac751e34487dbbe027c4fd7f8e99","false","41","BRWMB9803861","spotify:user:isak.sjoholm.","2025-07-18T13:23:32Z","sertanejo tradicional,sertanejo,sertanejo tradicional,sertanejo,brega","0.576","0.559","11","-4.73","1","0.0384","0.11","0.00000916","0.356","0.545","80.678","4","","WM Brazil","C © 1978 WEA International Inc., P ℗ 2001 WEA International Inc."
"spotify:track:0tRnknK4MKqoepHqeCVCNP","Amora - Remasterizado","spotify:artist:0FIgaYFg1Vp5TSLm2xwtLI","Renato Teixeira","spotify:album:05AFF9Z6JpVY9nIeyduR06","Renato Teixeira Obra Completa na RCA de 1978 a 1982 (Remasterizado)","spotify:artist:0FIgaYFg1Vp5TSLm2xwtLI","Renato Teixeira","1978","https://i.scdn.co/image/ab67616d0000b2735bb129c85077fe2bd8da1a92","2","1","211906","https://p.scdn.co/mp3-preview/32747d2c0d9e70c9d9b560ad19634b4f5e7e21ea?cid=9950ac751e34487dbbe027c4fd7f8e99","false","16","BRSME1401243","spotify:user:isak.sjoholm.","2025-07-18T13:23:32Z","sertanejo tradicional,mpb,sertanejo","0.417","0.291","2","-9.306","1","0.0295","0.453","0","0.352","0.3","79.81","4","","Sony Music Entertainment","P (P) 1978 Sony Music Entertainment Brasil Ltda./(P) 1979 Sony Music Entertainment Brasil Ltda./(P) 1980 Sony Music Entertainment Brasil Ltda./(P) 1981 Sony Music Entertainment Brasil Ltda./(P) 1982 Sony Music Entertainment Brasil Ltda."
"spotify:track:4vKsqvirdlj1ZeoAUdUTfB","O Futuro Me Absolve","spotify:artist:7dnT2FUXhjirperXaH22IJ, spotify:artist:4w4ll81d0dR8gz989jjko1","Rita Lee, Roberto De Carvalho","spotify:album:190wpSoMkzQjX1nMob0hk6","Babilônia","spotify:artist:7dnT2FUXhjirperXaH22IJ, spotify:artist:4w4ll81d0dR8gz989jjko1","Rita Lee, Roberto De Carvalho","1978","https://i.scdn.co/image/ab67616d0000b273c5241bf6f1778247aed13a00","1","5","182640","https://p.scdn.co/mp3-preview/a755218ee03b0db6a8d40acd6f4b1d9448acbc44?cid=9950ac751e34487dbbe027c4fd7f8e99","false","22","BREMI7800600","spotify:user:isak.sjoholm.","2025-07-18T13:23:32Z","mpb,brasiliansk rock,brasiliansk pop,mpb,brasiliansk rock","0.675","0.829","6","-15.03","0","0.0487","0.028","0.000467","0.245","0.609","108.726","4","","EMI Music Brasil Ltda","C © 2015 EMI Records Brasil Ltda/Universal Music International Ltda, P ℗ 1978 EMI Records Brasil Ltda/Universal Music International Ltda"
"spotify:track:5eTi3MkFrppaemwZUhQWcc","Quem Cochicha O Rabo Espicha","spotify:artist:7HGNYPmbDrMkylWqeFCOIQ","Caetano Veloso","spotify:album:2cgr7ZBd3X3gs99433bgES","Muito (Dentro Da Estrela Azulada)","spotify:artist:7HGNYPmbDrMkylWqeFCOIQ","Caetano Veloso","1978-01-23","https://i.scdn.co/image/ab67616d0000b273433133eade52024fbef808a4","1","4","227920","https://p.scdn.co/mp3-preview/a994d8477029aab7f92b56b363b0551956d5d7cd?cid=9950ac751e34487dbbe027c4fd7f8e99","false","19","BRMCA7800173","spotify:user:isak.sjoholm.","2025-07-18T13:23:32Z","mpb,bossa nova,samba","0.618","0.736","5","-9.255","1","0.0393","0.41","0","0.167","0.896","100.506","4","","Universal Music Ltda.","C © 1978 Universal Music International, P ℗ 1978 Universal Music International"
"spotify:track:04ddcBQgaTC0rUfbSjqYKK","Medo de avião II","spotify:artist:0C8HhyOa7zfzIl3gmPjY52","Belchior","spotify:album:5QSbln2MGvN6cZRl9x1SRb","2 é Demais","spotify:artist:0C8HhyOa7zfzIl3gmPjY52","Belchior","1978-06-12","https://i.scdn.co/image/ab67616d0000b27300d3395dd09bc957d6b89853","1","20","235466","https://p.scdn.co/mp3-preview/9cfaeacb6b8a666c19c1302b153729fd7110ca3a?cid=9950ac751e34487dbbe027c4fd7f8e99","false","31","BRWMB9600700","spotify:user:isak.sjoholm.","2025-07-18T13:23:32Z","mpb","0.585","0.549","2","-8.497","1","0.0274","0.723","0","0.277","0.508","128.96","4","","WM Brazil","C © 1977 / 1979 WEA International Inc., P ℗ 1996 WEA International Inc."
"spotify:track:6GLzxjoZwceg0dLkXyhTxe","Que Loucura","spotify:artist:7dnT2FUXhjirperXaH22IJ, spotify:artist:4w4ll81d0dR8gz989jjko1","Rita Lee, Roberto De Carvalho","spotify:album:190wpSoMkzQjX1nMob0hk6","Babilônia","spotify:artist:7dnT2FUXhjirperXaH22IJ, spotify:artist:4w4ll81d0dR8gz989jjko1","Rita Lee, Roberto De Carvalho","1978","https://i.scdn.co/image/ab67616d0000b273c5241bf6f1778247aed13a00","1","7","189973","https://p.scdn.co/mp3-preview/1f3edbb30bb4f0a7a52c60795a2140f756a9fbfd?cid=9950ac751e34487dbbe027c4fd7f8e99","false","24","BREMI7800662","spotify:user:isak.sjoholm.","2025-07-18T13:23:32Z","mpb,brasiliansk rock,brasiliansk pop,mpb,brasiliansk rock","0.693","0.646","4","-12.015","1","0.0651","0.0506","0","0.0793","0.947","125.836","4","","EMI Music Brasil Ltda","C © 2015 EMI Records Brasil Ltda/Universal Music International Ltda, P ℗ 1978 EMI Records Brasil Ltda/Universal Music International Ltda"
"spotify:track:6V0gsIDGh35m7HwLsm9Znb","Sanha Na Mandinga","spotify:artist:6u5P4S3NSj4EDNegDlOevO","Edu Lobo","spotify:album:39ZEYbqEDuMbqxtEvdPk74","Camaleão","spotify:artist:6u5P4S3NSj4EDNegDlOevO","Edu Lobo","1978-01-01","https://i.scdn.co/image/ab67616d0000b27334bb263598d08e4011f9770d","1","6","247293","https://p.scdn.co/mp3-preview/6101c6d925abba5a29246f6e88b5f6824d0b6441?cid=9950ac751e34487dbbe027c4fd7f8e99","false","15","BRUM70600847","spotify:user:isak.sjoholm.","2025-07-18T13:23:32Z","bossa nova,brasiliansk jazz,mpb","0.512","0.712","4","-17.112","1","0.0708","0.439","0.0000267","0.0861","0.882","116.032","4","","Universal Music Ltda.","C © 1978 Universal Music Ltda, P ℗ 1978 Universal Music Ltda"
"spotify:track:0CkXN48yXofXvuvBjbArEj","Caso comum de trânsito","spotify:artist:0C8HhyOa7zfzIl3gmPjY52","Belchior","spotify:album:5QSbln2MGvN6cZRl9x1SRb","2 é Demais","spotify:artist:0C8HhyOa7zfzIl3gmPjY52","Belchior","1978-06-12","https://i.scdn.co/image/ab67616d0000b27300d3395dd09bc957d6b89853","1","4","177000","https://p.scdn.co/mp3-preview/4565ccdbbeb3b930fa30dbcf4c3ac86af8f6e7d9?cid=9950ac751e34487dbbe027c4fd7f8e99","false","30","BRWMB9600684","spotify:user:isak.sjoholm.","2025-07-18T13:23:32Z","mpb","0.66","0.759","4","-10.352","0","0.0817","0.169","0.000128","0.343","0.892","124.517","4","","WM Brazil","C © 1977 / 1979 WEA International Inc., P ℗ 1996 WEA International Inc."
"spotify:track:0tULXRroPvrFVYH8k6uwdE","Adeus Segunda-Feira Cinzenta","spotify:artist:7JoWcJHDOG58JYTe6d400S","Zé Ramalho","spotify:album:4Qne4oiv308eCB3LMNam98","Zé Ramalho (Versão com Faixas Bônus)","spotify:artist:7JoWcJHDOG58JYTe6d400S","Zé Ramalho","1978","https://i.scdn.co/image/ab67616d0000b27304d0a9c55750694d2359f301","1","7","281200","https://p.scdn.co/mp3-preview/f459d7527032881dff6d51cdfa998bf3b12f18f8?cid=9950ac751e34487dbbe027c4fd7f8e99","false","24","BRSME7800161","spotify:user:isak.sjoholm.","2025-07-18T13:23:32Z","mpb,forró tradicional,sertanejo tradicional,forró","0.63","0.349","2","-11.015","0","0.0336","0.827","0.00000693","0.104","0.718","96.45","4","","Sony Music Entertainment","P (P) 1978 Sony Music Entertainment Brasil ltda."
"spotify:track:1K04Q8y0Lw7neKkeEUNHf6","Diga Lá, Coração / Música Incidental: ""Espere Por Mim, Morena""","spotify:artist:1LOFaxDBvn3YuvarTldGAe","Gonzaguinha","spotify:album:1etsYR0pytoCPh6IenIHuF","Gozanguinha Da Vida","spotify:artist:1LOFaxDBvn3YuvarTldGAe","Gonzaguinha","1978-01-03","https://i.scdn.co/image/ab67616d0000b273c857040804d0c3c56bb88450","1","3","258466","https://p.scdn.co/mp3-preview/a6222d0724c3178d053bae05c1217a927bf632a0?cid=9950ac751e34487dbbe027c4fd7f8e99","false","34","BREMI7800271","spotify:user:isak.sjoholm.","2025-07-18T13:23:32Z","mpb,samba","0.263","0.238","11","-12.74","1","0.0315","0.934","0.000127","0.133","0.366","90.055","3","","Universal Music Ltda.","C © 1978 EMI Records Brasil Ltda, P ℗ 1978 EMI Records Brasil Ltda"
"spotify:track:2tBM1gxVmn8lhpi10tMFWV","Branca Dias","spotify:artist:6u5P4S3NSj4EDNegDlOevO","Edu Lobo","spotify:album:39ZEYbqEDuMbqxtEvdPk74","Camaleão","spotify:artist:6u5P4S3NSj4EDNegDlOevO","Edu Lobo","1978-01-01","https://i.scdn.co/image/ab67616d0000b27334bb263598d08e4011f9770d","1","7","218466","https://p.scdn.co/mp3-preview/483e13295d52120e73010351fcd8f3b66ab9b8f2?cid=9950ac751e34487dbbe027c4fd7f8e99","false","11","BRUM70600848","spotify:user:isak.sjoholm.","2025-07-18T13:23:32Z","bossa nova,brasiliansk jazz,mpb","0.279","0.0654","2","-23.954","0","0.0371","0.968","0.632","0.12","0.0764","131.953","4","","Universal Music Ltda.","C © 1978 Universal Music Ltda, P ℗ 1978 Universal Music Ltda"
"spotify:track:667atHur3HG9TR403Duaub","Sinal Fechado - Live","spotify:artist:0yFvXd36g5sNKYDi0Kkvl8","Elis Regina","spotify:album:2dmjkMPkDZmhJHnYFrtfjz","Transversal Do Tempo","spotify:artist:0yFvXd36g5sNKYDi0Kkvl8","Elis Regina","1978-01-01","https://i.scdn.co/image/ab67616d0000b27350ac8e9e1b41ae3545354c00","1","2","206773","https://p.scdn.co/mp3-preview/e81c904408575c3d97e84be9bf368f86310bf33c?cid=9950ac751e34487dbbe027c4fd7f8e99","false","18","BRMCA7800185","spotify:user:isak.sjoholm.","2025-07-18T13:23:32Z","mpb,bossa nova,brasiliansk jazz,samba","0.487","0.107","9","-15.939","0","0.0386","0.972","0.00233","0.396","0.236","84.353","4","","Universal Music Ltda.","C © 1978 Universal Music Ltda, P ℗ 1978 Universal Music Ltda"
"spotify:track:7GGhqSq0dBkLzWbfJjN24d","Guerreira","spotify:artist:6UKz2oYWzE0ZBnciztCown","Clara Nunes","spotify:album:06xbYxEIoOfZRlYRlZhRG8","Guerreira","spotify:artist:6UKz2oYWzE0ZBnciztCown","Clara Nunes","1978-03-03","https://i.scdn.co/image/ab67616d0000b2731f4339786b4c5ed4ab9eef04","1","1","145493","https://p.scdn.co/mp3-preview/9d0d1bd7436f1205d2cf6c3123d311f4b8f2f2f2?cid=9950ac751e34487dbbe027c4fd7f8e99","false","35","BREMI7800148","spotify:user:isak.sjoholm.","2025-07-18T13:23:32Z","samba,mpb,forró tradicional,pagode,forró,axé","0.756","0.63","10","-9.721","0","0.217","0.227","0","0.0849","0.784","119.319","4","","EMI Brazil","C © 1978 EMI Music Brasil Ltda, P ℗ 2003 EMI Music Brasil Ltda"
"spotify:track:1aL0KpAkolZPXSpBpM0hYp","Cá-Já","spotify:artist:7HGNYPmbDrMkylWqeFCOIQ","Caetano Veloso","spotify:album:2cgr7ZBd3X3gs99433bgES","Muito (Dentro Da Estrela Azulada)","spotify:artist:7HGNYPmbDrMkylWqeFCOIQ","Caetano Veloso","1978-01-23","https://i.scdn.co/image/ab67616d0000b273433133eade52024fbef808a4","1","9","364093","https://p.scdn.co/mp3-preview/a76ddca59f48a08d8783c464ec45f3c4461965f4?cid=9950ac751e34487dbbe027c4fd7f8e99","false","18","BRMCA7800177","spotify:user:isak.sjoholm.","2025-07-18T13:23:32Z","mpb,bossa nova,samba","0.512","0.27","5","-12.347","1","0.0271","0.216","0","0.163","0.188","103.405","5","","Universal Music Ltda.","C © 1978 Universal Music International, P ℗ 1978 Universal Music International"
"spotify:track:4hT1XEpK9nSef0n8ETR4Mt","Androginismo","spotify:artist:7ECreycgdoV4ilULrQCBjf","Almôndegas","spotify:album:0655eRJW1cgnNHzPgE8zYV","Circo De Marionetes","spotify:artist:7ECreycgdoV4ilULrQCBjf","Almôndegas","1978-01-01","https://i.scdn.co/image/ab67616d0000b273c3e620fd2fb203864a1acbd7","1","5","154600","https://p.scdn.co/mp3-preview/4f1ca2cab935a9020a05f7819c1df88b2d2a7c46?cid=9950ac751e34487dbbe027c4fd7f8e99","false","32","BRMCA7700116","spotify:user:isak.sjoholm.","2025-07-18T13:23:32Z","brasiliansk rock,mpb","0.644","0.584","11","-7.926","0","0.128","0.328","0","0.443","0.826","141.138","4","","Universal Music Ltda.","C © 1978 Universal Music Ltda, P ℗ 1978 Universal Music Ltda"
"spotify:track:4j8d6azsJOmIciky4leAh2","A Sede Do Peixe (Para O Que Não Tem Solução)","spotify:artist:3Bnq7jiU506HcPjRgQ43TM","Milton Nascimento","spotify:album:4mywaTqTdSJUikLyiVqjjX","Clube Da Esquina 2","spotify:artist:3Bnq7jiU506HcPjRgQ43TM","Milton Nascimento","1978-01-02","https://i.scdn.co/image/ab67616d0000b273bfbfbf3201ecd4d56ac3c155","2","6","146200","https://p.scdn.co/mp3-preview/25c32f6c61ce6ab5ecb44640b541bc5360539053?cid=9950ac751e34487dbbe027c4fd7f8e99","false","22","BREMI7800113","spotify:user:isak.sjoholm.","2025-07-18T13:23:32Z","mpb,bossa nova,brasiliansk jazz","0.554","0.439","3","-11.019","1","0.028","0.566","0.000209","0.131","0.783","146.565","4","","EMI Music Brasil Ltda","C © 1978 EMI Music Brasil Ltda, P ℗ 1978 EMI Music Brasil Ltda"
"spotify:track:0j0eOVcC3fNzy47Mx7RGDV","Magia tropical","spotify:artist:0H8k2AiKxhmf33OalpJb53","A Cor Do Som","spotify:album:4kktmFzHb3JYGR6LglpzU9","Magia Tropical","spotify:artist:0H8k2AiKxhmf33OalpJb53","A Cor Do Som","1978-07-27","https://i.scdn.co/image/ab67616d0000b273292a3befd882db340c6fa0ab","1","1","187826","https://p.scdn.co/mp3-preview/71d3785a3f7aa2b1a836f47636a83d68201fb51a?cid=9950ac751e34487dbbe027c4fd7f8e99","false","27","BRWMB9705396","spotify:user:isak.sjoholm.","2025-07-18T13:23:32Z","mpb,brasiliansk pop,axé","0.587","0.618","11","-11.818","0","0.0551","0.115","0.0000163","0.325","0.783","112.152","4","","WM Brazil","C © 1982 WEA International Inc., P ℗ 1998 WEA International Inc."
"spotify:track:2rtt69efVAcnmHqdWy2C1M","Presente Cotidiano","spotify:artist:1zZjt7cDeeJSLWZYK34r7W","Luiz Melodia","spotify:album:1bgjgFKq8Kc51XOgVF7fUw","Mico de Circo","spotify:artist:1zZjt7cDeeJSLWZYK34r7W","Luiz Melodia","1978-01-01","https://i.scdn.co/image/ab67616d0000b273ed9c7d40318c7ea6db7cb3d1","1","3","278813","https://p.scdn.co/mp3-preview/d18c7d511e436d9a27aaa7f7e6e686822ef147e7?cid=9950ac751e34487dbbe027c4fd7f8e99","false","19","BRSGL7900009","spotify:user:isak.sjoholm.","2025-07-18T13:23:32Z","samba,mpb","0.677","0.694","11","-9.831","1","0.0734","0.383","0.0000537","0.123","0.771","87.447","3","","Som Livre","C (C) 1978 Som Livre"
"spotify:track:5Zppp8FSrAoWlY7vxcA497","Galos, noites e quintais","spotify:artist:0C8HhyOa7zfzIl3gmPjY52","Belchior","spotify:album:5QSbln2MGvN6cZRl9x1SRb","2 é Demais","spotify:artist:0C8HhyOa7zfzIl3gmPjY52","Belchior","1978-06-12","https://i.scdn.co/image/ab67616d0000b27300d3395dd09bc957d6b89853","1","6","188933","https://p.scdn.co/mp3-preview/66d9e6084c2a514c3b62de453175da9020ebfcce?cid=9950ac751e34487dbbe027c4fd7f8e99","false","29","BRWMB9600686","spotify:user:isak.sjoholm.","2025-07-18T13:23:32Z","mpb","0.656","0.836","9","-8.275","1","0.078","0.121","0.00000324","0.146","0.766","139.031","4","","WM Brazil","C © 1977 / 1979 WEA International Inc., P ℗ 1996 WEA International Inc."
"spotify:track:634t256Xgi8TOt7MZi41Rr","És","spotify:artist:0aHvaPM7uNerG6jIlMquje","Vitorino Silva","spotify:album:142cBBTOFge7uuYt9dS4ne","És","spotify:artist:0aHvaPM7uNerG6jIlMquje","Vitorino Silva","1978-10-06","https://i.scdn.co/image/ab67616d0000b273edc071f97326b5f7970623a6","1","1","189754","https://p.scdn.co/mp3-preview/7948913e5254660a5ebe6a0ed4954cf7d6720407?cid=9950ac751e34487dbbe027c4fd7f8e99","false","9","BRGVR1901088","spotify:user:isak.sjoholm.","2025-07-18T13:23:32Z","pentecostal,gospel","0.33","0.544","0","-6.697","0","0.0394","0.0961","0.00474","0.203","0.13","169.277","3","","Gravadora Doce Harmonia","C 1978 Gravadora Doce Harmonia, P 1978 Gravadora Doce Harmonia"
"spotify:track:1mkA4EKfJtlQNvnFYPAW1S","Reis E Rainhas Do Maracatu","spotify:artist:3Bnq7jiU506HcPjRgQ43TM","Milton Nascimento","spotify:album:4mywaTqTdSJUikLyiVqjjX","Clube Da Esquina 2","spotify:artist:3Bnq7jiU506HcPjRgQ43TM","Milton Nascimento","1978-01-02","https://i.scdn.co/image/ab67616d0000b273bfbfbf3201ecd4d56ac3c155","2","11","159600","https://p.scdn.co/mp3-preview/42fc87d8c2d848713d657b10fd8f1407a3f7354c?cid=9950ac751e34487dbbe027c4fd7f8e99","false","22","BREMI7800028","spotify:user:isak.sjoholm.","2025-07-18T13:23:32Z","mpb,bossa nova,brasiliansk jazz","0.703","0.676","9","-10.105","0","0.0943","0.151","0.00027","0.346","0.815","115.091","4","","EMI Music Brasil Ltda","C © 1978 EMI Music Brasil Ltda, P ℗ 1978 EMI Music Brasil Ltda"
"spotify:track:3A2T8N7fo5cU8uVDjxYxE1","Rei sem trono","spotify:artist:4oa7ETNZH1ivfzFkCGVZlR, spotify:artist:55Wn8tf8dBvfl1HRsD7Kze","Milionário & José Rico, Continental","spotify:album:0PMcbOe2oT6wxIgrSVVn5Z","Volume 06 (Rei Sem Trono)","spotify:artist:4oa7ETNZH1ivfzFkCGVZlR, spotify:artist:55Wn8tf8dBvfl1HRsD7Kze","Milionário & José Rico, Continental","1978","https://i.scdn.co/image/ab67616d0000b2730aa0ccde39588abff20ebd64","1","1","186973","https://p.scdn.co/mp3-preview/53dbc5f52e9f4f8ae41b3238f536760bfcedd1c3?cid=9950ac751e34487dbbe027c4fd7f8e99","false","21","BRWMB0001029","spotify:user:isak.sjoholm.","2025-07-18T13:23:32Z","sertanejo tradicional,sertanejo,sertanejo tradicional,sertanejo,brega","0.668","0.499","10","-3.982","1","0.0412","0.666","0.00000285","0.17","0.671","97.622","3","","WM Brazil","C © 1978 WEA International Inc., P ℗ 2001 WEA International Inc."
"spotify:track:3DvsJOCuLC72FKCRaOwKQT","Ária (Cantilenas De Bachianas Brasileiras No. 5)","spotify:artist:75wilejqUnDckN02LdU5Ie","Quinteto Armorial","spotify:album:7tAT6R4cBA0Kxsrs1vgNXV","Quinteto Armorial","spotify:artist:75wilejqUnDckN02LdU5Ie","Quinteto Armorial","1978-08-05","https://i.scdn.co/image/ab67616d0000b2730ff92d39c3e8c406359d2dc7","1","5","269600","https://p.scdn.co/mp3-preview/957d06e26f778c5912216221a232f5c2681752e1?cid=9950ac751e34487dbbe027c4fd7f8e99","false","19","BRUM71902270","spotify:user:isak.sjoholm.","2025-07-18T13:23:32Z","traditionell folk","0.49","0.249","5","-13.001","1","0.0487","0.951","0.743","0.108","0.277","150.677","4","","Universal Music Ltda.","C © 1978 EMI Records Brasil Ltda, P ℗ 1978 EMI Records Brasil Ltda"
"spotify:track:4FFDhzWVlhcg0Y6ujrYsm0","Pensando Nela","spotify:artist:7yuXKHgZGdEX0z4Fvx4laa","Don Beto","spotify:album:5xigVAuBgDEeKPJMdEu3n9","Nossa Imaginação","spotify:artist:7yuXKHgZGdEX0z4Fvx4laa","Don Beto","1978-02-02","https://i.scdn.co/image/ab67616d0000b273c2978ce47b44ead4a31e9cf8","1","12","216333","https://p.scdn.co/mp3-preview/6676e6bb71d2b31ffd15dea792cd17d520e5248a?cid=9950ac751e34487dbbe027c4fd7f8e99","false","30","BRSGL7700012","spotify:user:isak.sjoholm.","2025-07-18T13:23:32Z","","0.687","0.545","7","-9.056","1","0.0252","0.43","0.00128","0.117","0.547","101.959","4","","Som Livre","C (C) 1978 Som Livre"
"spotify:track:4h2CIeBYJOmjPPc2uHGERR","Eu Te Amo","spotify:artist:7HGNYPmbDrMkylWqeFCOIQ","Caetano Veloso","spotify:album:2cgr7ZBd3X3gs99433bgES","Muito (Dentro Da Estrela Azulada)","spotify:artist:7HGNYPmbDrMkylWqeFCOIQ","Caetano Veloso","1978-01-23","https://i.scdn.co/image/ab67616d0000b273433133eade52024fbef808a4","1","11","240800","https://p.scdn.co/mp3-preview/c4b8d02a2e866798b702eefe084756f81e7a6b10?cid=9950ac751e34487dbbe027c4fd7f8e99","false","19","BRMCA7800179","spotify:user:isak.sjoholm.","2025-07-18T13:23:32Z","mpb,bossa nova,samba","0.403","0.0157","0","-17.917","1","0.0377","0.941","0.0000144","0.132","0.0832","136.671","3","","Universal Music Ltda.","C © 1978 Universal Music International, P ℗ 1978 Universal Music International"
"spotify:track:6y4VoumOLsRhVAXZ7tzc1F","O Maior Mistério - Remasterizado","spotify:artist:0FIgaYFg1Vp5TSLm2xwtLI","Renato Teixeira","spotify:album:05AFF9Z6JpVY9nIeyduR06","Renato Teixeira Obra Completa na RCA de 1978 a 1982 (Remasterizado)","spotify:artist:0FIgaYFg1Vp5TSLm2xwtLI","Renato Teixeira","1978","https://i.scdn.co/image/ab67616d0000b2735bb129c85077fe2bd8da1a92","4","6","161200","https://p.scdn.co/mp3-preview/a82752e87e18a363634b146a38010e2c873b1d3d?cid=9950ac751e34487dbbe027c4fd7f8e99","false","13","BRSME1401270","spotify:user:isak.sjoholm.","2025-07-18T13:23:32Z","sertanejo tradicional,mpb,sertanejo","0.502","0.582","9","-9.277","0","0.0376","0.392","0.0000162","0.215","0.613","105.16","4","","Sony Music Entertainment","P (P) 1978 Sony Music Entertainment Brasil Ltda./(P) 1979 Sony Music Entertainment Brasil Ltda./(P) 1980 Sony Music Entertainment Brasil Ltda./(P) 1981 Sony Music Entertainment Brasil Ltda./(P) 1982 Sony Music Entertainment Brasil Ltda."
"spotify:track:0WFlavIIyMgGmnZGhUAxhb","Meninas de Albarã","spotify:artist:7JoWcJHDOG58JYTe6d400S","Zé Ramalho","spotify:album:4Qne4oiv308eCB3LMNam98","Zé Ramalho (Versão com Faixas Bônus)","spotify:artist:7JoWcJHDOG58JYTe6d400S","Zé Ramalho","1978","https://i.scdn.co/image/ab67616d0000b27304d0a9c55750694d2359f301","1","8","272893","https://p.scdn.co/mp3-preview/43cc6902e14b5ec0225c31cd9ace65b2c096edc8?cid=9950ac751e34487dbbe027c4fd7f8e99","false","24","BRSME7800162","spotify:user:isak.sjoholm.","2025-07-18T13:23:32Z","mpb,forró tradicional,sertanejo tradicional,forró","0.538","0.635","4","-8.864","0","0.0334","0.727","0.00243","0.0903","0.7","154.041","3","","Sony Music Entertainment","P (P) 1978 Sony Music Entertainment Brasil ltda."
"spotify:track:2rxMXVQrDNNB4J4IrcYKlH","Olhos Verdes","spotify:artist:1b8kpp4DUwt1hWaxTiWQhD","Gal Costa","spotify:album:5zxQjZTR0xhf4SdbmHJt4R","Agua Viva","spotify:artist:1b8kpp4DUwt1hWaxTiWQhD","Gal Costa","1978-01-01","https://i.scdn.co/image/ab67616d0000b273885feff7b5d469d4051d1ee2","1","1","191906","https://p.scdn.co/mp3-preview/75a15ea73005984db8e912d3e01a1aa1a8e586bd?cid=9950ac751e34487dbbe027c4fd7f8e99","false","28","BRPGD7800008","spotify:user:isak.sjoholm.","2025-07-18T13:23:32Z","mpb,bossa nova,brasiliansk jazz","0.571","0.512","5","-18.144","0","0.0795","0.639","0.399","0.0572","0.754","113.595","4","","Universal Music Ltda.","C © 1978 Universal Music Ltda, P ℗ 1978 Universal Music Ltda"
"spotify:track:7JFxp41Pm8DJTSFNkHmcZc","Descompassado","spotify:artist:6u5P4S3NSj4EDNegDlOevO","Edu Lobo","spotify:album:39ZEYbqEDuMbqxtEvdPk74","Camaleão","spotify:artist:6u5P4S3NSj4EDNegDlOevO","Edu Lobo","1978-01-01","https://i.scdn.co/image/ab67616d0000b27334bb263598d08e4011f9770d","1","9","262640","https://p.scdn.co/mp3-preview/59f0a491af052e95c13f09390f9226bc4021e73c?cid=9950ac751e34487dbbe027c4fd7f8e99","false","12","BRUM70600850","spotify:user:isak.sjoholm.","2025-07-18T13:23:32Z","bossa nova,brasiliansk jazz,mpb","0.32","0.155","6","-21.842","0","0.0332","0.916","0.453","0.0868","0.171","136.183","4","","Universal Music Ltda.","C © 1978 Universal Music Ltda, P ℗ 1978 Universal Music Ltda"
"spotify:track:1awpY6jgFhRIljaT9F1UqN","Bom De Bola","spotify:artist:5vY559DZMyUwsSYRGDZd7U, spotify:artist:0RH5ov2sTEWBO9tqCk7MGL","Teixeirinha, Mary Terezinha","spotify:album:59cB82C27eO0Tg8dwSJb7A","O Melhor Do Desafio","spotify:artist:5vY559DZMyUwsSYRGDZd7U, spotify:artist:0RH5ov2sTEWBO9tqCk7MGL","Teixeirinha, Mary Terezinha","1978","https://i.scdn.co/image/ab67616d0000b2732abc57dd4698d748e2febf7f","1","6","261093","https://p.scdn.co/mp3-preview/046d86a66ffa2a67dd93dfb03b39f8eacb51e593?cid=9950ac751e34487dbbe027c4fd7f8e99","false","13","BREMI7800595","spotify:user:isak.sjoholm.","2025-07-18T13:23:32Z","sertanejo tradicional,chamamé,sertanejo tradicional","0.774","0.507","7","-10.564","1","0.059","0.723","0","0.253","0.948","118.445","4","","EMI Brazil","C © 1978 EMI Records Brasil Ltda, P ℗ 1978 EMI Records Brasil Ltda"
"spotify:track:3bqk5dgWeQabo7OhQqdpbA","Dupla Traição","spotify:artist:5rrmaoBXZ7Jcs4Qb77j0YA","Djavan","spotify:album:6nNxchWJHFDd31sbiWlKPC","Djavan","spotify:artist:5rrmaoBXZ7Jcs4Qb77j0YA","Djavan","1978-01-01","https://i.scdn.co/image/ab67616d0000b273906b2e5d11cef03ba171dd18","1","11","179866","https://p.scdn.co/mp3-preview/949285c016beadf5b9e6f5612ba96fe753998805?cid=9950ac751e34487dbbe027c4fd7f8e99","false","0","BREMI7800102","spotify:user:isak.sjoholm.","2025-07-18T13:23:32Z","mpb,bossa nova","0.221","0.336","6","-13.489","0","0.0316","0.549","0.000765","0.294","0.0798","82.811","4","","EMI Brazil","C © 1978 EMI Music Brasil Ltda, P ℗ 1978 EMI Music Brasil Ltda"
"spotify:track:4AXEoQ2gIKZ5hFN3nelxMB","African Friend","spotify:artist:28AyklUmMECPwdfo8NEsV0","Jimmy Buffett","spotify:album:56JCyRFdBu8cTxla0VrGLK","Son Of A Son Of A Sailor","spotify:artist:28AyklUmMECPwdfo8NEsV0","Jimmy Buffett","1978-01-01","https://i.scdn.co/image/ab67616d0000b273b065002ec760593ec9dbe305","1","9","244440","https://p.scdn.co/mp3-preview/4f77f57169e6655820c9728d25e00262b9fb2a2e?cid=9950ac751e34487dbbe027c4fd7f8e99","false","33","USMC17800106","spotify:user:isak.sjoholm.","2025-07-18T13:23:32Z","","0.545","0.0444","7","-20.072","1","0.0352","0.918","0.000187","0.0926","0.397","94.014","4","","Geffen","C © 1987 MCA Records Inc., P ℗ 1978 UMG Recordings, Inc."
"spotify:track:0qyDeyNHSRy6G3ENYIwGkU","Sem Cerimônia","spotify:artist:7dnT2FUXhjirperXaH22IJ, spotify:artist:4w4ll81d0dR8gz989jjko1","Rita Lee, Roberto De Carvalho","spotify:album:190wpSoMkzQjX1nMob0hk6","Babilônia","spotify:artist:7dnT2FUXhjirperXaH22IJ, spotify:artist:4w4ll81d0dR8gz989jjko1","Rita Lee, Roberto De Carvalho","1978","https://i.scdn.co/image/ab67616d0000b273c5241bf6f1778247aed13a00","1","6","206960","https://p.scdn.co/mp3-preview/de85d4de0e1202e499bdb2e6eef6f0961191e8ee?cid=9950ac751e34487dbbe027c4fd7f8e99","false","22","BREMI7800661","spotify:user:isak.sjoholm.","2025-07-18T13:23:32Z","mpb,brasiliansk rock,brasiliansk pop,mpb,brasiliansk rock","0.638","0.647","2","-13.07","1","0.0732","0.0152","0.00000411","0.0377","0.697","111.571","4","","EMI Music Brasil Ltda","C © 2015 EMI Records Brasil Ltda/Universal Music International Ltda, P ℗ 1978 EMI Records Brasil Ltda/Universal Music International Ltda"
"spotify:track:19bxea26tIS3V9J1tKkQWv","Goiabada Cascão","spotify:artist:56TkPi7rpmU8jTpkcK7FY3","Beth Carvalho","spotify:album:2QxzAhXKjoUuiVO2sqMjP6","De Pé No Chão","spotify:artist:56TkPi7rpmU8jTpkcK7FY3","Beth Carvalho","1978-09-21","https://i.scdn.co/image/ab67616d0000b2730c6a11e043825fa8bd0052be","1","6","195093","https://p.scdn.co/mp3-preview/111336fc53390e6975a0b90dbbb2174df7e51a3e?cid=9950ac751e34487dbbe027c4fd7f8e99","false","23","BRBMG7800025","spotify:user:isak.sjoholm.","2025-07-18T13:23:32Z","samba,pagode,mpb","0.636","0.721","2","-9.52","1","0.0678","0.254","0","0.0589","0.983","100.115","4","","Sony Music Entertainment","P (P) 1978 Bmg Ariola Discos Ltda."
"spotify:track:4NzY5auu3oohqRKDPZxKEF","Refazenda","spotify:artist:7oEkUINVIj1Nr3Wnj8tzqr","Gilberto Gil","spotify:album:1hoogSOvsrpNEEycTHaqmX","Refazenda","spotify:artist:7oEkUINVIj1Nr3Wnj8tzqr","Gilberto Gil","1977","https://i.scdn.co/image/ab67616d0000b273df4b6a84cc237355d4460069","1","3","190133","https://p.scdn.co/mp3-preview/a34a24bb87723ff20e7e3d0fbf7fd7e83b3432b0?cid=9950ac751e34487dbbe027c4fd7f8e99","false","54","BRWMB9701569","spotify:user:isak.sjoholm.","2025-07-18T13:23:32Z","mpb,bossa nova,forró tradicional,samba,brasiliansk jazz","0.59","0.742","2","-6.628","1","0.0311","0.452","0","0.0976","0.932","136.725","4","","WM Brazil","C © 1977 Warner Music Brasil Ltda., P ℗ 1977 Warner Music Brasil Ltda."
"spotify:track:6pxYLrq62hxOHzU5XL6S2x","Lamento sertanejo - Forró do Dominguinhos","spotify:artist:7oEkUINVIj1Nr3Wnj8tzqr","Gilberto Gil","spotify:album:1hoogSOvsrpNEEycTHaqmX","Refazenda","spotify:artist:7oEkUINVIj1Nr3Wnj8tzqr","Gilberto Gil","1977","https://i.scdn.co/image/ab67616d0000b273df4b6a84cc237355d4460069","1","10","262053","https://p.scdn.co/mp3-preview/b2f13ff0da29b59fc0f944b92ca565889a264264?cid=9950ac751e34487dbbe027c4fd7f8e99","false","42","BRWMB9701867","spotify:user:isak.sjoholm.","2025-07-18T13:23:32Z","mpb,bossa nova,forró tradicional,samba,brasiliansk jazz","0.708","0.404","2","-8.469","0","0.0312","0.851","0.0000116","0.0898","0.196","100.624","4","","WM Brazil","C © 1977 Warner Music Brasil Ltda., P ℗ 1977 Warner Music Brasil Ltda."
"spotify:track:40W9AklWZJFU4slVMCUtjf","O julgamento","spotify:artist:5mQMEwn8ExRnlxpp3L0gHn, spotify:artist:55Wn8tf8dBvfl1HRsD7Kze","Amado Batista, Continental","spotify:album:1eCtqD8bzSD63QCTdh3T4l","O Amor Não é Só de Rosas","spotify:artist:5mQMEwn8ExRnlxpp3L0gHn, spotify:artist:55Wn8tf8dBvfl1HRsD7Kze","Amado Batista, Continental","1979","https://i.scdn.co/image/ab67616d0000b2731de723b5686ade365f4d0de2","1","1","231040","https://p.scdn.co/mp3-preview/fb1894ac5425e5fee4dd7ada39ad811b8327b567?cid=9950ac751e34487dbbe027c4fd7f8e99","false","40","BRWMB9700244","spotify:user:isak.sjoholm.","2025-07-18T13:23:32Z","brega,seresta,sertanejo tradicional,sertanejo,sertanejo tradicional,sertanejo,brega","0.367","0.568","0","-8.233","1","0.0871","0.576","0","0.34","0.644","166.983","4","","WM Brazil","C © 1979 WEA International Inc., P ℗ 1996 WEA International Inc."
"spotify:track:16RMmNXgBhIdtM59aLePi8","Sentado na praça","spotify:artist:5mQMEwn8ExRnlxpp3L0gHn, spotify:artist:55Wn8tf8dBvfl1HRsD7Kze","Amado Batista, Continental","spotify:album:1eCtqD8bzSD63QCTdh3T4l","O Amor Não é Só de Rosas","spotify:artist:5mQMEwn8ExRnlxpp3L0gHn, spotify:artist:55Wn8tf8dBvfl1HRsD7Kze","Amado Batista, Continental","1979","https://i.scdn.co/image/ab67616d0000b2731de723b5686ade365f4d0de2","1","3","183506","","false","29","BRWMB9700246","spotify:user:isak.sjoholm.","2025-07-18T13:23:32Z","brega,seresta,sertanejo tradicional,sertanejo,sertanejo tradicional,sertanejo,brega","0.787","0.617","2","-6.621","1","0.0382","0.649","0","0.198","0.722","109.687","4","","WM Brazil","C © 1979 WEA International Inc., P ℗ 1996 WEA International Inc."
"spotify:track:1KUAQejqLmMNXm4cIxAke6","Tenho sede","spotify:artist:7oEkUINVIj1Nr3Wnj8tzqr","Gilberto Gil","spotify:album:1hoogSOvsrpNEEycTHaqmX","Refazenda","spotify:artist:7oEkUINVIj1Nr3Wnj8tzqr","Gilberto Gil","1977","https://i.scdn.co/image/ab67616d0000b273df4b6a84cc237355d4460069","1","2","228293","https://p.scdn.co/mp3-preview/a2c04bfbaba93a235468326acfaafc59e264f2c0?cid=9950ac751e34487dbbe027c4fd7f8e99","false","38","BRWMB9701578","spotify:user:isak.sjoholm.","2025-07-18T13:23:32Z","mpb,bossa nova,forró tradicional,samba,brasiliansk jazz","0.393","0.441","5","-8.111","1","0.0293","0.394","0","0.113","0.322","184.486","3","","WM Brazil","C © 1977 Warner Music Brasil Ltda., P ℗ 1977 Warner Music Brasil Ltda."
"spotify:track:70ctQzBQmXnX5lnHfm2EFp","Ela","spotify:artist:7oEkUINVIj1Nr3Wnj8tzqr","Gilberto Gil","spotify:album:1hoogSOvsrpNEEycTHaqmX","Refazenda","spotify:artist:7oEkUINVIj1Nr3Wnj8tzqr","Gilberto Gil","1977","https://i.scdn.co/image/ab67616d0000b273df4b6a84cc237355d4460069","1","1","175760","https://p.scdn.co/mp3-preview/2630f988b62615244f1a6c4a3ba578ef56620354?cid=9950ac751e34487dbbe027c4fd7f8e99","false","38","BRWMB9701861","spotify:user:isak.sjoholm.","2025-07-18T13:23:32Z","mpb,bossa nova,forró tradicional,samba,brasiliansk jazz","0.643","0.886","0","-8.651","1","0.0536","0.226","0","0.0461","0.961","86.247","4","","WM Brazil","C © 1977 Warner Music Brasil Ltda., P ℗ 1977 Warner Music Brasil Ltda."
"spotify:track:3Jtaja2yLqux9D7PHQnlQh","Logo Agora","spotify:artist:6quVEYAfHqHwpp8JujXBHt","Emílio Santiago","spotify:album:4MnQJofXPMuZEsy3SfBp7X","O Canto Crescente De Emílio Santiago","spotify:artist:6quVEYAfHqHwpp8JujXBHt","Emílio Santiago","1979-02-02","https://i.scdn.co/image/ab67616d0000b273f8e800cee2e37b764aa148ae","1","5","287266","https://p.scdn.co/mp3-preview/bbda2eacab1e6092b5112d5fdbaf709c758351c2?cid=9950ac751e34487dbbe027c4fd7f8e99","false","35","BRMCA7900223","spotify:user:isak.sjoholm.","2025-07-18T13:23:32Z","mpb,samba,bossa nova","0.751","0.429","7","-10.692","1","0.0415","0.769","0.0000371","0.176","0.718","121.935","4","","Universal Music Ltda.","C © 1979 Universal Music Ltda, P ℗ 1979 Universal Music Ltda"
"spotify:track:7hnkJ0iOMDmBv26XkYh0pZ","Pai e mãe","spotify:artist:7oEkUINVIj1Nr3Wnj8tzqr","Gilberto Gil","spotify:album:1hoogSOvsrpNEEycTHaqmX","Refazenda","spotify:artist:7oEkUINVIj1Nr3Wnj8tzqr","Gilberto Gil","1977","https://i.scdn.co/image/ab67616d0000b273df4b6a84cc237355d4460069","1","4","234480","https://p.scdn.co/mp3-preview/c79b6f04858a515efcc7d12607cae5da15e467aa?cid=9950ac751e34487dbbe027c4fd7f8e99","false","32","BRWMB9701571","spotify:user:isak.sjoholm.","2025-07-18T13:23:32Z","mpb,bossa nova,forró tradicional,samba,brasiliansk jazz","0.494","0.307","2","-11.181","1","0.0288","0.758","0.0000031","0.378","0.61","78.603","4","","WM Brazil","C © 1977 Warner Music Brasil Ltda., P ℗ 1977 Warner Music Brasil Ltda."
"spotify:track:2RO5os5qZHxyLWJvvt5DdZ","Emília, a boneca gente - Versão infantil Turma do Pirlimpimpim","spotify:artist:2K5llYyoLmzpOcbVuOY1ls","Baby Do Brasil","spotify:album:5tMZQs4tAx4HFFiNo3U1tc","Pra enlouquecer","spotify:artist:2K5llYyoLmzpOcbVuOY1ls","Baby Do Brasil","1979-01-01","https://i.scdn.co/image/ab67616d0000b273cf6159dae22d2e7334b4a9dd","1","12","236573","https://p.scdn.co/mp3-preview/e1acb9c1995f38f395f2af983e14c717e95ca09c?cid=9950ac751e34487dbbe027c4fd7f8e99","false","37","BRSGL8200073","spotify:user:isak.sjoholm.","2025-07-18T13:23:32Z","mpb,samba,brasiliansk rock","0.61","0.944","7","-7.857","1","0.0915","0.433","0","0.199","0.841","152.297","4","","WM Brazil","C © 1979 Warner Music Brasil Ltda., P ℗ 1979 Warner Music Brasil Ltda."
"spotify:track:4m50HRfae0bLJnbnJZexyn","Retiros espirituais","spotify:artist:7oEkUINVIj1Nr3Wnj8tzqr","Gilberto Gil","spotify:album:1hoogSOvsrpNEEycTHaqmX","Refazenda","spotify:artist:7oEkUINVIj1Nr3Wnj8tzqr","Gilberto Gil","1977","https://i.scdn.co/image/ab67616d0000b273df4b6a84cc237355d4460069","1","8","293226","https://p.scdn.co/mp3-preview/86af8119efe5c278d549877fea26fa1b5a7312e6?cid=9950ac751e34487dbbe027c4fd7f8e99","false","30","BRWMB9701865","spotify:user:isak.sjoholm.","2025-07-18T13:23:32Z","mpb,bossa nova,forró tradicional,samba,brasiliansk jazz","0.47","0.359","9","-10.877","1","0.0289","0.562","0.00137","0.113","0.63","93.94","4","","WM Brazil","C © 1977 Warner Music Brasil Ltda., P ℗ 1977 Warner Music Brasil Ltda."
"spotify:track:2zqDnKKewT9yOGBxuNOktN","Jeca total","spotify:artist:7oEkUINVIj1Nr3Wnj8tzqr","Gilberto Gil","spotify:album:1hoogSOvsrpNEEycTHaqmX","Refazenda","spotify:artist:7oEkUINVIj1Nr3Wnj8tzqr","Gilberto Gil","1977","https://i.scdn.co/image/ab67616d0000b273df4b6a84cc237355d4460069","1","5","175346","https://p.scdn.co/mp3-preview/ed76e700c9550948cf2d7cf1d32604ea3d17da89?cid=9950ac751e34487dbbe027c4fd7f8e99","false","28","BRWMB9701862","spotify:user:isak.sjoholm.","2025-07-18T13:23:32Z","mpb,bossa nova,forró tradicional,samba,brasiliansk jazz","0.832","0.392","7","-11.266","1","0.0941","0.636","0","0.183","0.924","130.161","4","","WM Brazil","C © 1977 Warner Music Brasil Ltda., P ℗ 1977 Warner Music Brasil Ltda."
"spotify:track:0RMwfczx6A7dYUB4Q4q2nf","Ê, povo, ê","spotify:artist:7oEkUINVIj1Nr3Wnj8tzqr","Gilberto Gil","spotify:album:1hoogSOvsrpNEEycTHaqmX","Refazenda","spotify:artist:7oEkUINVIj1Nr3Wnj8tzqr","Gilberto Gil","1977","https://i.scdn.co/image/ab67616d0000b273df4b6a84cc237355d4460069","1","7","253026","https://p.scdn.co/mp3-preview/eb7760806297e3377cbc0c9afc9be6acfc70cf10?cid=9950ac751e34487dbbe027c4fd7f8e99","false","28","BRWMB9701864","spotify:user:isak.sjoholm.","2025-07-18T13:23:32Z","mpb,bossa nova,forró tradicional,samba,brasiliansk jazz","0.395","0.825","8","-7.109","1","0.0291","0.456","0","0.111","0.949","94.074","4","","WM Brazil","C © 1977 Warner Music Brasil Ltda., P ℗ 1977 Warner Music Brasil Ltda."
"spotify:track:0XaX67K7N1T8973AZK2lAD","O rouxinol","spotify:artist:7oEkUINVIj1Nr3Wnj8tzqr","Gilberto Gil","spotify:album:1hoogSOvsrpNEEycTHaqmX","Refazenda","spotify:artist:7oEkUINVIj1Nr3Wnj8tzqr","Gilberto Gil","1977","https://i.scdn.co/image/ab67616d0000b273df4b6a84cc237355d4460069","1","9","160986","https://p.scdn.co/mp3-preview/612d7c4864a84856e59213a23caad1236cb45b1f?cid=9950ac751e34487dbbe027c4fd7f8e99","false","27","BRWMB9701866","spotify:user:isak.sjoholm.","2025-07-18T13:23:32Z","mpb,bossa nova,forró tradicional,samba,brasiliansk jazz","0.524","0.333","3","-10.384","1","0.0588","0.878","0.000986","0.145","0.328","174.003","4","","WM Brazil","C © 1977 Warner Music Brasil Ltda., P ℗ 1977 Warner Music Brasil Ltda."
"spotify:track:0oKdRo3PnJEblu8B6gW3bY","Essa é pra tocar no rádio","spotify:artist:7oEkUINVIj1Nr3Wnj8tzqr","Gilberto Gil","spotify:album:1hoogSOvsrpNEEycTHaqmX","Refazenda","spotify:artist:7oEkUINVIj1Nr3Wnj8tzqr","Gilberto Gil","1977","https://i.scdn.co/image/ab67616d0000b273df4b6a84cc237355d4460069","1","6","185053","https://p.scdn.co/mp3-preview/4e910a41a452ca609715a28890e8413e338bb836?cid=9950ac751e34487dbbe027c4fd7f8e99","false","26","BRWMB9701863","spotify:user:isak.sjoholm.","2025-07-18T13:23:32Z","mpb,bossa nova,forró tradicional,samba,brasiliansk jazz","0.672","0.933","6","-6.547","0","0.183","0.483","0.00102","0.108","0.749","142.844","4","","WM Brazil","C © 1977 Warner Music Brasil Ltda., P ℗ 1977 Warner Music Brasil Ltda."
"spotify:track:3ABQnERMh5FrAlh35ZPIYM","Chuva Da Montanha","spotify:artist:1mZbRiSVb2ExneAlDbBiiT","Lô Borges","spotify:album:77l2jnLwCyD9yvAiDCWadA","A Via-Láctea","spotify:artist:1mZbRiSVb2ExneAlDbBiiT","Lô Borges","1979-03-09","https://i.scdn.co/image/ab67616d0000b2736ff10222b78957e691147c05","1","8","165653","https://p.scdn.co/mp3-preview/4feb1eca02a8e575132e94c6ed5f2d743bc83073?cid=9950ac751e34487dbbe027c4fd7f8e99","false","36","BREMI7900148","spotify:user:isak.sjoholm.","2025-07-18T13:23:32Z","mpb,brasiliansk jazz","0.467","0.517","7","-8.371","1","0.03","0.563","0.000538","0.115","0.409","67.135","5","","EMI Brazil","C © 1979 EMI Records Brasil Ltda, P ℗ 1979 EMI Records Brasil Ltda"
"spotify:track:0rxzpsZEb53dEgqIATOnRY","Meditação","spotify:artist:7oEkUINVIj1Nr3Wnj8tzqr","Gilberto Gil","spotify:album:1hoogSOvsrpNEEycTHaqmX","Refazenda","spotify:artist:7oEkUINVIj1Nr3Wnj8tzqr","Gilberto Gil","1977","https://i.scdn.co/image/ab67616d0000b273df4b6a84cc237355d4460069","1","11","112546","https://p.scdn.co/mp3-preview/9f98a746cfd151e98f8f829c1b8ed458f866cfd8?cid=9950ac751e34487dbbe027c4fd7f8e99","false","25","BRWMB9701868","spotify:user:isak.sjoholm.","2025-07-18T13:23:32Z","mpb,bossa nova,forró tradicional,samba,brasiliansk jazz","0.45","0.128","9","-17.988","1","0.355","0.941","0.0312","0.1","0.272","193.364","4","","WM Brazil","C © 1977 Warner Music Brasil Ltda., P ℗ 1977 Warner Music Brasil Ltda."
"spotify:track:2VKfhU2I3YyfO9wFiue6Hp","Cheirando A Amor","spotify:artist:4oqEOTTnqopPdYFYz0i61Y","Angela Ro Ro","spotify:album:5b9KqfZmD65KQNs6vD4VBd","Angela Roro","spotify:artist:4oqEOTTnqopPdYFYz0i61Y","Angela Ro Ro","1979-03-16","https://i.scdn.co/image/ab67616d0000b273cc9018510ea03599a37413f4","1","1","161653","https://p.scdn.co/mp3-preview/da21813d7790c12897f22c891dfc1343a9087cac?cid=9950ac751e34487dbbe027c4fd7f8e99","false","42","BRMCA7900124","spotify:user:isak.sjoholm.","2025-07-18T13:23:32Z","mpb","0.56","0.309","8","-12.397","1","0.0414","0.822","0.0134","0.134","0.124","124.311","3","","Universal Music Ltda.","C © 1979 Universal Music Ltda, P ℗ 1979 Universal Music Ltda"
"spotify:track:4UnKRGcf66ccGqsGpHxgQC","A Manga Rosa","spotify:artist:3ADrIjXLfh308ALr2WQXkI","Ednardo","spotify:album:43HOllgEQbIKcufyK05h9c","Ednardo","spotify:artist:3ADrIjXLfh308ALr2WQXkI","Ednardo","1979-03-30","https://i.scdn.co/image/ab67616d0000b2739a2c17365342704d93b3ba38","1","1","182493","https://p.scdn.co/mp3-preview/2eb01beb7bf49486fb846e8fd0c17f6e143ee90a?cid=9950ac751e34487dbbe027c4fd7f8e99","false","24","BRSME7900033","spotify:user:isak.sjoholm.","2025-07-18T13:23:32Z","mpb","0.497","0.744","9","-10.678","0","0.062","0.631","0","0.323","0.833","90.434","4","","Sony BMG Music Entertainment","P 1979 SONY MUSIC ENTERTAINMENT (BRASIL) I.C.L."
"spotify:track:7l8c2Y4rsD5ZoAERceEanT","Djaniras","spotify:artist:0Pn49e9KBqcekfXpSAGgAM","Cátia de França","spotify:album:1ZBQq9OK0WC1Ti35wLNhgi","Vinte Palavras ao Redor do Sol","spotify:artist:0Pn49e9KBqcekfXpSAGgAM","Cátia de França","1979","https://i.scdn.co/image/ab67616d0000b2732e96a5d77c3c50c7512a5f79","1","4","222066","https://p.scdn.co/mp3-preview/759fde000e322fb49dd84a8e19f863bd2084c05a?cid=9950ac751e34487dbbe027c4fd7f8e99","false","29","BRSME1701100","spotify:user:isak.sjoholm.","2025-07-18T13:23:32Z","","0.7","0.856","6","-5.504","0","0.058","0.748","0.0000817","0.523","0.861","83.455","4","","Sony Music Entertainment","P (P) 1979 Sony Music Entertainment Brasil ltda."
"spotify:track:4xOvuxE2iQeNemuB0NicB4","Na rodoviária","spotify:artist:7jrRQZg4FZq6dwpi3baKcu","Raul Seixas","spotify:album:1ntieTtY7pWoS3iDryOvt0","Por Quem os Sinos Dobram","spotify:artist:7jrRQZg4FZq6dwpi3baKcu","Raul Seixas","1979","https://i.scdn.co/image/ab67616d0000b2730d6640060d49b1a3499557de","1","4","188533","https://p.scdn.co/mp3-preview/18f1e5e369346ed17909869fd41e24a08f3f8c0e?cid=9950ac751e34487dbbe027c4fd7f8e99","false","36","BRWMB9600834","spotify:user:isak.sjoholm.","2025-07-18T13:23:32Z","brasiliansk rock,mpb,brasiliansk pop","0.586","0.624","0","-9.298","1","0.0699","0.449","0","0.238","0.645","119.417","3","","WM Brazil","C © 1979 Warner Music Brazil Ltda, P ℗ 1979 Warner Music Brazil Ltda"
"spotify:track:2M1Db8O8LCY7k4K2JlEPEG","Ide a mim dada","spotify:artist:7jrRQZg4FZq6dwpi3baKcu","Raul Seixas","spotify:album:1ntieTtY7pWoS3iDryOvt0","Por Quem os Sinos Dobram","spotify:artist:7jrRQZg4FZq6dwpi3baKcu","Raul Seixas","1979","https://i.scdn.co/image/ab67616d0000b2730d6640060d49b1a3499557de","1","1","201200","https://p.scdn.co/mp3-preview/645890a99cb0564425f0c6189627839a66cd1638?cid=9950ac751e34487dbbe027c4fd7f8e99","false","31","BRWMB9701911","spotify:user:isak.sjoholm.","2025-07-18T13:23:32Z","brasiliansk rock,mpb,brasiliansk pop","0.696","0.573","7","-10.991","1","0.0885","0.566","0","0.356","0.851","82.681","4","","WM Brazil","C © 1979 Warner Music Brazil Ltda, P ℗ 1979 Warner Music Brazil Ltda"
"spotify:track:69qusshXv4dZpQM5gB29Eo","Jardim das Acácias","spotify:artist:7JoWcJHDOG58JYTe6d400S","Zé Ramalho","spotify:album:605ySuPUpIfb7BTkc6hQZD","A Peleja do Diabo com o Dono do Céu (Versão com Faixas Bônus)","spotify:artist:7JoWcJHDOG58JYTe6d400S","Zé Ramalho","1979","https://i.scdn.co/image/ab67616d0000b273518b81d1dfc901d65fe264a3","1","8","311173","https://p.scdn.co/mp3-preview/97b4a9cc4d356b33331819d1a88ddb692faa42e1?cid=9950ac751e34487dbbe027c4fd7f8e99","false","40","BRSME7900107","spotify:user:isak.sjoholm.","2025-07-18T13:23:32Z","mpb,forró tradicional,sertanejo tradicional,forró","0.373","0.686","4","-9.976","0","0.035","0.412","0.0000276","0.116","0.571","149.067","4","","Sony Music Entertainment","P (P) 1979 Sony Music Entertainment (Brasil) I.C.L"
"spotify:track:3vNruclXuxX2QbzxOw8fhu","Eu Sou O Carnaval","spotify:artist:1M507Np8dZ2dprrHC5aHsm","Moraes Moreira","spotify:album:5PiK7cp7HuskLGgJSAsRvX","Lá Vem o Brasil Descendo a Ladeira","spotify:artist:1M507Np8dZ2dprrHC5aHsm","Moraes Moreira","1979-01-01","https://i.scdn.co/image/ab67616d0000b273a277ce217745b5202e9b0722","1","3","158800","https://p.scdn.co/mp3-preview/f0c0049fbf51c477b57c65835c343df9c9699109?cid=9950ac751e34487dbbe027c4fd7f8e99","false","28","BRSGL7900054","spotify:user:isak.sjoholm.","2025-07-18T13:23:32Z","mpb,axé","0.736","0.868","4","-6.369","1","0.067","0.709","0","0.545","0.962","119.304","4","","Som Livre","C (C) 1979 Som Livre, P (P) 2006 Som Livre"
"spotify:track:7bWdjaIW9tPNNP3YutYHWZ","A Boiada","spotify:artist:0cSC1GvvgLumHovn2rgSHj","Sérgio Reis","spotify:album:0v4IPdjpf5N8FDofCNWFKw","Linha 3 - Disco de Ouro Vol.2","spotify:artist:0cSC1GvvgLumHovn2rgSHj","Sérgio Reis","1979","https://i.scdn.co/image/ab67616d0000b273090b0e9c640596f4e8422b09","1","14","186266","https://p.scdn.co/mp3-preview/3b21a3eeda4ec6beed70e1ee92dafbc24eab0180?cid=9950ac751e34487dbbe027c4fd7f8e99","false","7","BRBMG7800023","spotify:user:isak.sjoholm.","2025-07-18T13:23:32Z","sertanejo tradicional,sertanejo,brega","0.615","0.594","0","-7.532","1","0.0291","0.698","0.00000331","0.29","0.872","91.142","4","","Sony Music Entertainment","P (P) 1979 RCA"
"spotify:track:6g93uyoF99dIcyYI9RJyjj","O Pecado Não Dói","spotify:artist:4RS0cca2Ex2L93NJ2MZaaN","Jair Pires","spotify:album:1aK63tyk8RWdZKmQTKPFbZ","Eu Sei Perfil, Vol. 11","spotify:artist:4RS0cca2Ex2L93NJ2MZaaN","Jair Pires","1979-04-10","https://i.scdn.co/image/ab67616d0000b273988eba7df192c5a14f46f04f","1","7","173532","https://p.scdn.co/mp3-preview/40c428597d43e631ebd234181d1b9b182be6e409?cid=9950ac751e34487dbbe027c4fd7f8e99","false","30","BRGVR0500095","spotify:user:isak.sjoholm.","2025-07-18T13:23:32Z","brasiliansk gospel,pentecostal,gospel","0.788","0.732","9","-9.45","1","0.0283","0.355","0.000012","0.163","0.961","125.416","4","","Gravadora Doce Harmonia","C 1979 Gravadora Doce Harmonia, P 1979 Gravadora Doce Harmonia"
"spotify:track:701HcsNuBdvsyHakam2yqq","Tudo outra vez","spotify:artist:0C8HhyOa7zfzIl3gmPjY52","Belchior","spotify:album:5GjRzygj2zscprD7zPYSt0","Belchior ou era uma vez um homem e seu tempo","spotify:artist:0C8HhyOa7zfzIl3gmPjY52","Belchior","1979-01-01","https://i.scdn.co/image/ab67616d0000b273c11f8fbab584abf1f8913cb2","1","5","220269","https://p.scdn.co/mp3-preview/1ddf261afc386bc3c5900d34fe8115cded4d1c8b?cid=9950ac751e34487dbbe027c4fd7f8e99","false","30","BRWMB9600694","spotify:user:isak.sjoholm.","2025-07-18T13:23:32Z","mpb","0.621","0.515","6","-9.036","1","0.0577","0.37","0","0.104","0.383","120.711","4","","WM Brazil","C © 2017 Warner Music Brasil Ltda., P ℗ 2017 Warner Music Brasil Ltda."
"spotify:track:0UwDUMNIp0TzS8qfSiVjds","Clube Da Esquina 2","spotify:artist:1hQT9TlJXMBP6Dy4lExSKn","Nana Caymmi","spotify:album:3qsUH3fsHSc1oHKqxY8VsL","Nana Caymmi","spotify:artist:1hQT9TlJXMBP6Dy4lExSKn","Nana Caymmi","1979-04-05","https://i.scdn.co/image/ab67616d0000b273e71d4560f9ff228ad24f0713","1","3","230893","https://p.scdn.co/mp3-preview/dc05a1cc31cfeb9ca8f912ca7ac3f798aa477dab?cid=9950ac751e34487dbbe027c4fd7f8e99","false","43","BREMI7900457","spotify:user:isak.sjoholm.","2025-07-18T13:23:32Z","mpb,bossa nova,bolero","0.563","0.582","2","-8.857","1","0.0264","0.316","0.0000107","0.101","0.708","137.632","4","","EMI Music Brasil Ltda","C © 1979 EMI Music Brasil Ltda, P ℗ 1979 EMI Music Brasil Ltda"
"spotify:track:1srsXOn87xtWh6DT9aOXmB","Consertando o Altar","spotify:artist:4RS0cca2Ex2L93NJ2MZaaN","Jair Pires","spotify:album:0H6cPL1QPdKQwBMccMGnhM","O Pecado Não Doi Perfil, Vol. 3","spotify:artist:4RS0cca2Ex2L93NJ2MZaaN","Jair Pires","1979-04-10","https://i.scdn.co/image/ab67616d0000b273cd28e14ecc46601180f59812","1","3","202214","https://p.scdn.co/mp3-preview/4ad48d0089c4944d62c6d1d81b590086b465ca46?cid=9950ac751e34487dbbe027c4fd7f8e99","false","33","BRGVR0500097","spotify:user:isak.sjoholm.","2025-07-18T13:23:32Z","brasiliansk gospel,pentecostal,gospel","0.573","0.413","10","-8.238","1","0.0292","0.604","0","0.367","0.733","77.558","3","","Gravadora Doce Harmonia","C 1979 Gravadora Doce Harmonia, P 1979 Gravadora Doce Harmonia"
"spotify:track:5o4MYd5rva1Z9042zjKodc","Apenas 3 Minutos","spotify:artist:4VVXHJDvFOZL552QtVAKKr","Barros De Alencar","spotify:album:0D47KERCzX4hTIK1azvaBX","Sentimental","spotify:artist:4VVXHJDvFOZL552QtVAKKr","Barros De Alencar","1979","https://i.scdn.co/image/ab67616d0000b2734e35c6c008f105b3a73f41e9","1","7","257093","https://p.scdn.co/mp3-preview/3be8dbd3e337d9e6445a3ca9cb35b2f9c3e83b18?cid=9950ac751e34487dbbe027c4fd7f8e99","false","37","BRBMG7900085","spotify:user:isak.sjoholm.","2025-07-18T13:23:32Z","brega,seresta","0.486","0.394","4","-13.679","1","0.0397","0.441","0.38","0.18","0.505","135.959","4","","Sony Music Entertainment","P (P) 1979 RCA Victor"
"spotify:track:67BWo64c12t9x3108BEILo","O relógio atrasou","spotify:artist:5mQMEwn8ExRnlxpp3L0gHn, spotify:artist:55Wn8tf8dBvfl1HRsD7Kze","Amado Batista, Continental","spotify:album:1eCtqD8bzSD63QCTdh3T4l","O Amor Não é Só de Rosas","spotify:artist:5mQMEwn8ExRnlxpp3L0gHn, spotify:artist:55Wn8tf8dBvfl1HRsD7Kze","Amado Batista, Continental","1979","https://i.scdn.co/image/ab67616d0000b2731de723b5686ade365f4d0de2","1","10","189200","","false","25","BRWMB9700253","spotify:user:isak.sjoholm.","2025-07-18T13:23:32Z","brega,seresta,sertanejo tradicional,sertanejo,sertanejo tradicional,sertanejo,brega","0.73","0.556","2","-8.097","1","0.0269","0.602","0.0000248","0.109","0.845","107.24","4","","WM Brazil","C © 1979 WEA International Inc., P ℗ 1996 WEA International Inc."
"spotify:track:2my9iH6oriGzy7kaW8BusN","Intuição","spotify:artist:1nv813b9IAJBc2354wQodV","Oswaldo Montenegro","spotify:album:3oKX8S8M4ORXh1Qgv5TNdK","2 é demais!","spotify:artist:1nv813b9IAJBc2354wQodV","Oswaldo Montenegro","1979","https://i.scdn.co/image/ab67616d0000b2738322ebf6d11dffa939b2ed21","1","18","260826","https://p.scdn.co/mp3-preview/06a2c4733f50e665a940b0ff0ca68569dc3bf56e?cid=9950ac751e34487dbbe027c4fd7f8e99","false","28","BRWMB9600586","spotify:user:isak.sjoholm.","2025-07-18T13:23:32Z","mpb","0.376","0.396","4","-12.126","1","0.038","0.741","0","0.102","0.485","104.808","4","","WM Brazil","C © 1979 Warner Music Brasil Ltda., P ℗ 1979 Warner Music Brasil Ltda."
"spotify:track:6wXKVwv9OBiiEOS5W3Ylhw","Noites Cariocas (Minhas Noites Sem Sono)","spotify:artist:1b8kpp4DUwt1hWaxTiWQhD","Gal Costa","spotify:album:1Vjf7xPNvBhqKnAR4rAXR2","Gal Tropical","spotify:artist:1b8kpp4DUwt1hWaxTiWQhD","Gal Costa","1979-01-08","https://i.scdn.co/image/ab67616d0000b273de4828d89731083b45eb1521","1","2","190666","https://p.scdn.co/mp3-preview/9c54cc11438d409a5d2126481c5c982a5ea6d48b?cid=9950ac751e34487dbbe027c4fd7f8e99","false","33","BRMCA7900002","spotify:user:isak.sjoholm.","2025-07-18T13:23:32Z","mpb,bossa nova,brasiliansk jazz","0.513","0.668","11","-12.475","0","0.0996","0.407","0","0.101","0.914","177.433","4","","Universal Music Ltda.","C © 1979 Universal Music International, P ℗ 1979 Universal Music International"
"spotify:track:2J73aXEJt6qdKCDdROf5Zg","Conheço o meu lugar","spotify:artist:0C8HhyOa7zfzIl3gmPjY52","Belchior","spotify:album:5GjRzygj2zscprD7zPYSt0","Belchior ou era uma vez um homem e seu tempo","spotify:artist:0C8HhyOa7zfzIl3gmPjY52","Belchior","1979-01-01","https://i.scdn.co/image/ab67616d0000b273c11f8fbab584abf1f8913cb2","1","6","182007","https://p.scdn.co/mp3-preview/e0e67f3e3b9cb98a29d2ab65e28dcd3c2772ba84?cid=9950ac751e34487dbbe027c4fd7f8e99","false","24","BRWMB9600695","spotify:user:isak.sjoholm.","2025-07-18T13:23:32Z","mpb","0.562","0.438","4","-7.219","0","0.0291","0.782","0.0000039","0.144","0.601","121.701","3","","WM Brazil","C © 2017 Warner Music Brasil Ltda., P ℗ 2017 Warner Music Brasil Ltda."
"spotify:track:5BlMkekvWKm7KrQkJE8XMg","Súplica Cearense","spotify:artist:2ZofT7n9AlTKf7KDCoHGgD","Luiz Gonzaga","spotify:album:78WFV2aVPjjCtVzorjubPI","Luiz Gonzaga ""Eu E Meu Pai""","spotify:artist:2ZofT7n9AlTKf7KDCoHGgD","Luiz Gonzaga","1979-02-27","https://i.scdn.co/image/ab67616d0000b2736f0b1f63009a02d24f0e31fb","1","3","129240","https://p.scdn.co/mp3-preview/3005ae145534b53a29523e81b381c3c5e28af41a?cid=9950ac751e34487dbbe027c4fd7f8e99","false","41","BRBMG7900258","spotify:user:isak.sjoholm.","2025-07-18T13:23:32Z","forró tradicional,forró,mpb","0.529","0.572","5","-7.257","0","0.0362","0.232","0","0.272","0.817","79.066","4","","RCA Records Label","P 1979 BMG BRASIL LTDA"
"spotify:track:2hu9sGWZzvSWHRO02WI62u","Coito das Araras","spotify:artist:0Pn49e9KBqcekfXpSAGgAM","Cátia de França","spotify:album:1ZBQq9OK0WC1Ti35wLNhgi","Vinte Palavras ao Redor do Sol","spotify:artist:0Pn49e9KBqcekfXpSAGgAM","Cátia de França","1979","https://i.scdn.co/image/ab67616d0000b2732e96a5d77c3c50c7512a5f79","1","9","260306","https://p.scdn.co/mp3-preview/5fdcb66af4c1374c202817a2f341ea87178c9ebb?cid=9950ac751e34487dbbe027c4fd7f8e99","false","29","BRSME1701105","spotify:user:isak.sjoholm.","2025-07-18T13:23:32Z","","0.404","0.635","2","-5.467","1","0.0305","0.786","0.00000149","0.171","0.649","134.264","3","","Sony Music Entertainment","P (P) 1979 Sony Music Entertainment Brasil ltda."
"spotify:track:4TWWjMp3swnL2vBPDRi0pD","Flora","spotify:artist:3ADrIjXLfh308ALr2WQXkI","Ednardo","spotify:album:43HOllgEQbIKcufyK05h9c","Ednardo","spotify:artist:3ADrIjXLfh308ALr2WQXkI","Ednardo","1979-03-30","https://i.scdn.co/image/ab67616d0000b2739a2c17365342704d93b3ba38","1","3","140866","https://p.scdn.co/mp3-preview/ccfa27c2514a695705d3251ab1729db4d844721b?cid=9950ac751e34487dbbe027c4fd7f8e99","false","34","BRSME7900035","spotify:user:isak.sjoholm.","2025-07-18T13:23:32Z","mpb","0.35","0.411","7","-9.775","1","0.0299","0.665","0.0000137","0.123","0.389","69.978","4","","Sony BMG Music Entertainment","P 1979 SONY MUSIC ENTERTAINMENT (BRASIL) I.C.L."
"spotify:track:1Fy3m205wBnBh71I7JlM0o","Minha Gente Do Morro","spotify:artist:6UKz2oYWzE0ZBnciztCown","Clara Nunes","spotify:album:1w0vpzwKGWVcoWYP4EZIa4","Esperança","spotify:artist:6UKz2oYWzE0ZBnciztCown","Clara Nunes","1979-05-22","https://i.scdn.co/image/ab67616d0000b27385c21a856d005e244de2b610","1","6","224306","https://p.scdn.co/mp3-preview/0891db6b5eab95d7ed3deb8ae071e2382cc5063f?cid=9950ac751e34487dbbe027c4fd7f8e99","false","18","BREMI0300691","spotify:user:isak.sjoholm.","2025-07-18T13:23:32Z","samba,mpb,forró tradicional,pagode,forró,axé","0.541","0.715","1","-8.042","0","0.14","0.438","0","0.122","0.909","159.68","4","","EMI Music Brasil Ltda","C © 1979 EMI Music Brasil Ltda, P ℗ 1979 EMI Music Brasil Ltda"
"spotify:track:2Aau4V56YL4xeIIzN1EmFF","Requien para uma flor","spotify:artist:7jrRQZg4FZq6dwpi3baKcu","Raul Seixas","spotify:album:1ntieTtY7pWoS3iDryOvt0","Por Quem os Sinos Dobram","spotify:artist:7jrRQZg4FZq6dwpi3baKcu","Raul Seixas","1979","https://i.scdn.co/image/ab67616d0000b2730d6640060d49b1a3499557de","1","9","133866","https://p.scdn.co/mp3-preview/6e47b96b0260e0c6d44462f8629745975f1251af?cid=9950ac751e34487dbbe027c4fd7f8e99","false","29","BRWMB9600839","spotify:user:isak.sjoholm.","2025-07-18T13:23:32Z","brasiliansk rock,mpb,brasiliansk pop","0.467","0.186","9","-18.298","1","0.0296","0.874","0.242","0.125","0.327","104.321","4","","WM Brazil","C © 1979 Warner Music Brazil Ltda, P ℗ 1979 Warner Music Brazil Ltda"
"spotify:track:5BPqp0r09MnCDwcEzDhEFL","História De Um Amor (Historia De Un Amor)","spotify:artist:2XTYcXhn9BltqTvX02gVCy, spotify:artist:3Y8OICFo7f4ZgUMVST81I0","Carmen Silva, Lindomar Castilho","spotify:album:5dXLvQAwPvXigwSVeSoCfW","Alma Latina: Carmen Silva e Lindomar Castilho","spotify:artist:2XTYcXhn9BltqTvX02gVCy, spotify:artist:3Y8OICFo7f4ZgUMVST81I0","Carmen Silva, Lindomar Castilho","1979","https://i.scdn.co/image/ab67616d0000b27347aa899509fde89404411815","1","2","207143","https://p.scdn.co/mp3-preview/b1e0f1f991f139ecd31e62efe02038d2bc403378?cid=9950ac751e34487dbbe027c4fd7f8e99","false","30","BRBMG1801187","spotify:user:isak.sjoholm.","2025-07-18T13:23:32Z","brega,seresta,brega,seresta","0.46","0.521","0","-7.386","0","0.0272","0.0436","0","0.326","0.366","95.351","4","","Sony Music Entertainment","P (P) 1979 RCA"
"spotify:track:0DJvmpvbh1BBBYjAj89XfK","A Mim E A Mais Ninguém","spotify:artist:4oqEOTTnqopPdYFYz0i61Y","Angela Ro Ro","spotify:album:5b9KqfZmD65KQNs6vD4VBd","Angela Roro","spotify:artist:4oqEOTTnqopPdYFYz0i61Y","Angela Ro Ro","1979-03-16","https://i.scdn.co/image/ab67616d0000b273cc9018510ea03599a37413f4","1","11","185040","https://p.scdn.co/mp3-preview/7e537334d1940f7615835cc54a40d1eb1b1634fb?cid=9950ac751e34487dbbe027c4fd7f8e99","false","43","BRMCA7900134","spotify:user:isak.sjoholm.","2025-07-18T13:23:32Z","mpb","0.481","0.701","0","-7.638","1","0.107","0.233","0","0.0641","0.728","138.106","4","","Universal Music Ltda.","C © 1979 Universal Music Ltda, P ℗ 1979 Universal Music Ltda"
"spotify:track:2IkSBOHn9edo009eIYmgTG","Essa mulher","spotify:artist:0yFvXd36g5sNKYDi0Kkvl8","Elis Regina","spotify:album:0hb1fhxAqcZrsdhHl5ikWr","Essa Mulher","spotify:artist:0yFvXd36g5sNKYDi0Kkvl8","Elis Regina","1979-05-17","https://i.scdn.co/image/ab67616d0000b273544730415c9d4bdb11f09fd2","1","3","230284","https://p.scdn.co/mp3-preview/35308d3b3ed73da0de8a57520a721454c5b92bbd?cid=9950ac751e34487dbbe027c4fd7f8e99","false","25","BRWMB9701652","spotify:user:isak.sjoholm.","2025-07-18T13:23:32Z","mpb,bossa nova,brasiliansk jazz,samba","0.295","0.297","9","-9.934","1","0.0421","0.887","0.0000338","0.151","0.0903","176.183","3","","WM Brazil","C © 1979 WEA International Inc., P ℗ 1979 WEA International Inc."
"spotify:track:5weAras27h66B5Em51khU0","Brasileiramente linda","spotify:artist:0C8HhyOa7zfzIl3gmPjY52","Belchior","spotify:album:5GjRzygj2zscprD7zPYSt0","Belchior ou era uma vez um homem e seu tempo","spotify:artist:0C8HhyOa7zfzIl3gmPjY52","Belchior","1979-01-01","https://i.scdn.co/image/ab67616d0000b273c11f8fbab584abf1f8913cb2","1","3","215406","https://p.scdn.co/mp3-preview/a3ebde123b954dca9a2ad4e410d3b7a9c802653f?cid=9950ac751e34487dbbe027c4fd7f8e99","false","25","BRWMB9600692","spotify:user:isak.sjoholm.","2025-07-18T13:23:32Z","mpb","0.504","0.672","2","-7.299","1","0.0324","0.475","0.00000703","0.16","0.441","82.611","4","","WM Brazil","C © 2017 Warner Music Brasil Ltda., P ℗ 2017 Warner Music Brasil Ltda."
"spotify:track:5Q6EMcGsEE00d0Zpv1zGEk","Na Linha Do Mar","spotify:artist:6UKz2oYWzE0ZBnciztCown","Clara Nunes","spotify:album:1w0vpzwKGWVcoWYP4EZIa4","Esperança","spotify:artist:6UKz2oYWzE0ZBnciztCown","Clara Nunes","1979-05-22","https://i.scdn.co/image/ab67616d0000b27385c21a856d005e244de2b610","1","3","181666","https://p.scdn.co/mp3-preview/d60c80a28e7f5610466524556e43239eec52e934?cid=9950ac751e34487dbbe027c4fd7f8e99","false","38","BREMI7900020","spotify:user:isak.sjoholm.","2025-07-18T13:23:32Z","samba,mpb,forró tradicional,pagode,forró,axé","0.607","0.745","7","-7.213","1","0.0549","0.288","0","0.12","0.848","105.139","4","","EMI Music Brasil Ltda","C © 1979 EMI Music Brasil Ltda, P ℗ 1979 EMI Music Brasil Ltda"
"spotify:track:6XpYLPnZFT6800kCse0eld","Boca De Sapo","spotify:artist:0tWtrXx0eO52k40JMojM0j, spotify:artist:3DF0ClNOUuvS3gh8V8sRJH","Clementina De Jesus, João Bosco","spotify:album:1kwn6LeXg0odra40qi2AxZ","Clementina E Convidados","spotify:artist:0tWtrXx0eO52k40JMojM0j","Clementina De Jesus","1979-01-01","https://i.scdn.co/image/ab67616d0000b273f2b05190925f476386fdcbe8","1","5","206466","https://p.scdn.co/mp3-preview/97f4dca25149749bcff7bd644db5e6eec010c51c?cid=9950ac751e34487dbbe027c4fd7f8e99","false","27","BREMI7900033","spotify:user:isak.sjoholm.","2025-07-18T13:23:32Z","samba,axé,mpb,samba,bossa nova,brasiliansk jazz","0.744","0.553","0","-10.219","1","0.309","0.3","0","0.0683","0.903","101.257","4","","EMI","C © 1979 EMI Music Brasil Ltda, P ℗ 1979 EMI Music Brasil Ltda"
"spotify:track:471oimJgx0be0xNAc5bLpW","Natural","spotify:artist:4cz8toptnAtxffn7ghNjyp","14 Bis","spotify:album:5PHFRCFYGxddKUOAt4FKFi","14 Bis","spotify:artist:4cz8toptnAtxffn7ghNjyp","14 Bis","1979-01-01","https://i.scdn.co/image/ab67616d0000b273d4e56d5716a1b584af302dcf","1","6","217760","https://p.scdn.co/mp3-preview/4c5864ad3cf31579e7d25acdce6a72441e9cb854?cid=9950ac751e34487dbbe027c4fd7f8e99","false","35","BREMI7900016","spotify:user:isak.sjoholm.","2025-07-18T13:23:32Z","mpb,brasiliansk rock,brasiliansk pop","0.619","0.885","7","-5.606","1","0.032","0.31","0.00000133","0.117","0.882","139.136","4","","Universal Music Ltda.","C © 1979 EMI Records Brasil Ltda, P ℗ 1979 EMI Records Brasil Ltda"
"spotify:track:3f1NtMuyRupFh331lfhWDP","Contrato De Separação","spotify:artist:1hQT9TlJXMBP6Dy4lExSKn","Nana Caymmi","spotify:album:3qsUH3fsHSc1oHKqxY8VsL","Nana Caymmi","spotify:artist:1hQT9TlJXMBP6Dy4lExSKn","Nana Caymmi","1979-04-05","https://i.scdn.co/image/ab67616d0000b273e71d4560f9ff228ad24f0713","1","9","175040","https://p.scdn.co/mp3-preview/5569c179d37cf08bc38e02632d51df90676933be?cid=9950ac751e34487dbbe027c4fd7f8e99","false","31","BREMI7900202","spotify:user:isak.sjoholm.","2025-07-18T13:23:32Z","mpb,bossa nova,bolero","0.317","0.248","7","-10.582","0","0.0287","0.853","0","0.0813","0.292","83.537","3","","EMI Music Brasil Ltda","C © 1979 EMI Music Brasil Ltda, P ℗ 1979 EMI Music Brasil Ltda"
"spotify:track:2swRPS7Kri7xGXJFjZSanu","Samba Rasgado","spotify:artist:1b8kpp4DUwt1hWaxTiWQhD","Gal Costa","spotify:album:1Vjf7xPNvBhqKnAR4rAXR2","Gal Tropical","spotify:artist:1b8kpp4DUwt1hWaxTiWQhD","Gal Costa","1979-01-08","https://i.scdn.co/image/ab67616d0000b273de4828d89731083b45eb1521","1","1","186533","https://p.scdn.co/mp3-preview/63f974c9e2eb09f236c516d556bc31567b9b5a49?cid=9950ac751e34487dbbe027c4fd7f8e99","false","30","BRMCA7900154","spotify:user:isak.sjoholm.","2025-07-18T13:23:32Z","mpb,bossa nova,brasiliansk jazz","0.672","0.709","1","-13.132","0","0.165","0.478","0","0.0413","0.94","103.163","4","","Universal Music Ltda.","C © 1979 Universal Music International, P ℗ 1979 Universal Music International"
"spotify:track:7p7cexYUuJIOehfUA5zPSe","Itabaiana","spotify:artist:0Pn49e9KBqcekfXpSAGgAM","Cátia de França","spotify:album:1ZBQq9OK0WC1Ti35wLNhgi","Vinte Palavras ao Redor do Sol","spotify:artist:0Pn49e9KBqcekfXpSAGgAM","Cátia de França","1979","https://i.scdn.co/image/ab67616d0000b2732e96a5d77c3c50c7512a5f79","1","6","243906","https://p.scdn.co/mp3-preview/2d071846879cade984234b13c9d616b4bbbc2d6f?cid=9950ac751e34487dbbe027c4fd7f8e99","false","25","BRSME1701102","spotify:user:isak.sjoholm.","2025-07-18T13:23:32Z","","0.656","0.94","7","-5.344","1","0.0614","0.549","0.00000954","0.112","0.95","119.526","4","","Sony Music Entertainment","P (P) 1979 Sony Music Entertainment Brasil ltda."
"spotify:track:3j2BTUBg4h5eGPnB7EjgGy","Família de Deus","spotify:artist:6ZrEc5xxZQvThMNTPsyuOn","Ozéias de Paula","spotify:album:20qXT5wKZHTBFHZBepO6x8","O Amor É Tudo","spotify:artist:6ZrEc5xxZQvThMNTPsyuOn","Ozéias de Paula","1979-03-13","https://i.scdn.co/image/ab67616d0000b27394a1df51f99bc53eafe30e0a","1","10","242548","https://p.scdn.co/mp3-preview/162d93e980b65c323aa18c09609f7775292982ea?cid=9950ac751e34487dbbe027c4fd7f8e99","false","32","uscgj1860660","spotify:user:isak.sjoholm.","2025-07-18T13:23:32Z","pentecostal,gospel,brasiliansk gospel","0.295","0.414","7","-9.096","1","0.0272","0.336","0","0.26","0.441","176.927","3","","Bandeira Branca por Baby Planet Digital","C 1979 Gravadora Bandeira Branca - Marcos Correa, P 1979 Gravadora Bandeira Branca - Marcos Correa"
"spotify:track:4AbqfqhLGsJAX0Wi6M88md","Embala Eu","spotify:artist:6UKz2oYWzE0ZBnciztCown, spotify:artist:0tWtrXx0eO52k40JMojM0j","Clara Nunes, Clementina De Jesus","spotify:album:1kwn6LeXg0odra40qi2AxZ","Clementina E Convidados","spotify:artist:0tWtrXx0eO52k40JMojM0j","Clementina De Jesus","1979-01-01","https://i.scdn.co/image/ab67616d0000b273f2b05190925f476386fdcbe8","1","2","183160","https://p.scdn.co/mp3-preview/ce393bb9205ae8b7457182e75f889dc5fad3f4a4?cid=9950ac751e34487dbbe027c4fd7f8e99","false","22","BREMI7900030","spotify:user:isak.sjoholm.","2025-07-18T13:23:32Z","samba,mpb,forró tradicional,pagode,forró,axé,samba,axé","0.522","0.464","9","-11.112","1","0.867","0.773","0","0.167","0.785","179.509","4","","EMI","C © 1979 EMI Music Brasil Ltda, P ℗ 1979 EMI Music Brasil Ltda"
"spotify:track:2xLy3AqFLL3MROrzot3UYD","Sustenta a Pisada","spotify:artist:0Pn49e9KBqcekfXpSAGgAM","Cátia de França","spotify:album:1ZBQq9OK0WC1Ti35wLNhgi","Vinte Palavras ao Redor do Sol","spotify:artist:0Pn49e9KBqcekfXpSAGgAM","Cátia de França","1979","https://i.scdn.co/image/ab67616d0000b2732e96a5d77c3c50c7512a5f79","1","11","232693","https://p.scdn.co/mp3-preview/7bd373e23ef926ac601e4d65ba4f489e2c5bbc0d?cid=9950ac751e34487dbbe027c4fd7f8e99","false","30","BRSME1701107","spotify:user:isak.sjoholm.","2025-07-18T13:23:32Z","","0.664","0.873","1","-6.071","0","0.125","0.777","0","0.0921","0.803","97.216","4","","Sony Music Entertainment","P (P) 1979 Sony Music Entertainment Brasil ltda."
"spotify:track:3CEis7uw0G1JQHSnCUDben","Moça","spotify:artist:5JYtpnUKxAzXfHEYpOeeit","Jorge Ben Jor","spotify:album:0LOy0Q27F8JLmTHVb8b51g","Ben","spotify:artist:5JYtpnUKxAzXfHEYpOeeit","Jorge Ben Jor","1979-01-08","https://i.scdn.co/image/ab67616d0000b273c9c338f9a6e31c1374464880","1","4","299600","https://p.scdn.co/mp3-preview/8922fda67d6702a3e9546b759235f7897e20c9d3?cid=9950ac751e34487dbbe027c4fd7f8e99","false","41","BRMCA7200144","spotify:user:isak.sjoholm.","2025-07-18T13:23:32Z","mpb,bossa nova,samba,brasiliansk jazz","0.347","0.709","11","-6.404","1","0.0387","0.552","0.00611","0.126","0.406","108.39","4","","Universal Music Ltda.","C © 1979 Universal Music International, P ℗ 1979 Universal Music International"
"spotify:track:0PfSSRiQl3EZLhb5g5jWqf","Rude Cruz","spotify:artist:4RS0cca2Ex2L93NJ2MZaaN","Jair Pires","spotify:album:3OHP42I3ecNU7zsRUzQiBM","Jair e a Harpa Perfil, Vol. 17","spotify:artist:4RS0cca2Ex2L93NJ2MZaaN","Jair Pires","1979-04-10","https://i.scdn.co/image/ab67616d0000b273f16b0afb264c064053dca115","1","2","336719","https://p.scdn.co/mp3-preview/638d141c906a47df0a110c1885c4ac05e4e78c6a?cid=9950ac751e34487dbbe027c4fd7f8e99","false","28","BRGVR1700077","spotify:user:isak.sjoholm.","2025-07-18T13:23:32Z","brasiliansk gospel,pentecostal,gospel","0.28","0.225","9","-13.812","1","0.0294","0.889","0.0000339","0.074","0.275","80.243","3","","Gravadora Doce Harmonia","C 1979 Gravadora Doce Harmonia, P 1979 Gravadora Doce Harmonia"
"spotify:track:2i45RgJjTTqbRbf5WrbyeC","Maravilhoso É","spotify:artist:4RS0cca2Ex2L93NJ2MZaaN","Jair Pires","spotify:album:2WRdyDz1cO4s0A0eHPvflQ","O Homem Rico Perfil, Vol. 1","spotify:artist:4RS0cca2Ex2L93NJ2MZaaN","Jair Pires","1979-04-10","https://i.scdn.co/image/ab67616d0000b273bf7803ae0f16f84d9224eae5","1","4","195186","https://p.scdn.co/mp3-preview/68cd2e50af3ede6bf7625ef1fe98774d37420f7a?cid=9950ac751e34487dbbe027c4fd7f8e99","false","25","BRGVR0400025","spotify:user:isak.sjoholm.","2025-07-18T13:23:32Z","brasiliansk gospel,pentecostal,gospel","0.647","0.467","9","-7.076","1","0.0259","0.707","0.000153","0.146","0.588","82.62","4","","Gravadora Doce Harmonia","C 1979 Gravadora Doce Harmonia, P 1979 Gravadora Doce Harmonia"
"spotify:track:5NypuLGU8bfq0X0qCUPtvs","O Circo Chegou","spotify:artist:5JYtpnUKxAzXfHEYpOeeit","Jorge Ben Jor","spotify:album:0LOy0Q27F8JLmTHVb8b51g","Ben","spotify:artist:5JYtpnUKxAzXfHEYpOeeit","Jorge Ben Jor","1979-01-08","https://i.scdn.co/image/ab67616d0000b273c9c338f9a6e31c1374464880","1","2","164893","https://p.scdn.co/mp3-preview/fc4c50f8a1538f57abef30d3b71d382e88f61be3?cid=9950ac751e34487dbbe027c4fd7f8e99","false","28","BRMCA7200142","spotify:user:isak.sjoholm.","2025-07-18T13:23:32Z","mpb,bossa nova,samba,brasiliansk jazz","0.571","0.81","6","-6.428","1","0.0688","0.836","0","0.105","0.903","159.504","4","","Universal Music Ltda.","C © 1979 Universal Music International, P ℗ 1979 Universal Music International"
"spotify:track:7jii1d85nvskMEVV0OSWbf","Não Sonho Mais","spotify:artist:4ph6Bt1mkDlmf32PSvRa8A","Elba Ramalho","spotify:album:5DEdOdJ0f87Nse5e946Fvc","Ave de Prata","spotify:artist:4ph6Bt1mkDlmf32PSvRa8A","Elba Ramalho","1979-03-30","https://i.scdn.co/image/ab67616d0000b2731233b0f8f2b8aad85c2df970","1","2","125200","https://p.scdn.co/mp3-preview/e470fc00e5d86a948f2fa4c8646304220ce9f8ee?cid=9950ac751e34487dbbe027c4fd7f8e99","false","24","BRSME7900029","spotify:user:isak.sjoholm.","2025-07-18T13:23:32Z","forró tradicional,forró,mpb,samba","0.635","0.859","8","-7.752","0","0.0536","0.721","0","0.179","0.84","105.427","4","","Epic","P (P) 1979 Sony Music Entertainment (Brasil) I.C.L."
"spotify:track:0sdxjDl5TANHG0KDk9EUAW","Pela Claridade Da Nossa Casa","spotify:artist:4ijgnqYvE1INXb1NSVT11m","Beto Guedes","spotify:album:2VGeXHIkR1iUn9YsUNSUaf","Sol De Primavera","spotify:artist:4ijgnqYvE1INXb1NSVT11m","Beto Guedes","1979-01-29","https://i.scdn.co/image/ab67616d0000b273357048dd81a0a413b7dfbf1d","1","8","169227","https://p.scdn.co/mp3-preview/f87df963574d4b9c22aea21895537543ac61e68f?cid=9950ac751e34487dbbe027c4fd7f8e99","false","23","BREMI7900141","spotify:user:isak.sjoholm.","2025-07-18T13:23:32Z","mpb","0.383","0.642","7","-7.054","0","0.0361","0.485","0.002","0.547","0.308","76.872","4","","EMI","C © 1979 EMI Music Brasil Ltda, P ℗ 1979 EMI Music Brasil Ltda"
"spotify:track:1SjjEWAJvT6yI2ANLdA2Bj","Dá-lhe que dá","spotify:artist:7jrRQZg4FZq6dwpi3baKcu","Raul Seixas","spotify:album:1ntieTtY7pWoS3iDryOvt0","Por Quem os Sinos Dobram","spotify:artist:7jrRQZg4FZq6dwpi3baKcu","Raul Seixas","1979","https://i.scdn.co/image/ab67616d0000b2730d6640060d49b1a3499557de","1","7","128773","https://p.scdn.co/mp3-preview/63895a03c4048c27c15843175f19a5e496c9efd6?cid=9950ac751e34487dbbe027c4fd7f8e99","false","29","BRWMB9701917","spotify:user:isak.sjoholm.","2025-07-18T13:23:32Z","brasiliansk rock,mpb,brasiliansk pop","0.559","0.947","2","-8.379","1","0.0385","0.189","0.0000691","0.0536","0.825","137.662","4","","WM Brazil","C © 1979 Warner Music Brazil Ltda, P ℗ 1979 Warner Music Brazil Ltda"
"spotify:track:1bgZYCpejrfJcnQwmBLlLK","Pequeno perfil de um cidadão comum","spotify:artist:0C8HhyOa7zfzIl3gmPjY52","Belchior","spotify:album:5GjRzygj2zscprD7zPYSt0","Belchior ou era uma vez um homem e seu tempo","spotify:artist:0C8HhyOa7zfzIl3gmPjY52","Belchior","1979-01-01","https://i.scdn.co/image/ab67616d0000b273c11f8fbab584abf1f8913cb2","1","4","236818","https://p.scdn.co/mp3-preview/8ebc4bb377ae2db7debbce6053331591184369d7?cid=9950ac751e34487dbbe027c4fd7f8e99","false","25","BRWMB9600693","spotify:user:isak.sjoholm.","2025-07-18T13:23:32Z","mpb","0.605","0.515","4","-7.987","0","0.026","0.0603","0.0000076","0.118","0.323","134.215","4","","WM Brazil","C © 2017 Warner Music Brasil Ltda., P ℗ 2017 Warner Music Brasil Ltda."
"spotify:track:2XNOX43RojgKRDjm0nLLL7","Olha","spotify:artist:1b8kpp4DUwt1hWaxTiWQhD","Gal Costa","spotify:album:1Vjf7xPNvBhqKnAR4rAXR2","Gal Tropical","spotify:artist:1b8kpp4DUwt1hWaxTiWQhD","Gal Costa","1979-01-08","https://i.scdn.co/image/ab67616d0000b273de4828d89731083b45eb1521","1","8","171600","https://p.scdn.co/mp3-preview/32d5591072695441f5d8945a96326a3fea62f61a?cid=9950ac751e34487dbbe027c4fd7f8e99","false","38","BRMCA7900239","spotify:user:isak.sjoholm.","2025-07-18T13:23:32Z","mpb,bossa nova,brasiliansk jazz","0.687","0.479","2","-14.132","1","0.0277","0.566","0.0000709","0.122","0.48","106.112","4","","Universal Music Ltda.","C © 1979 Universal Music International, P ℗ 1979 Universal Music International"
"spotify:track:2lTvTPqP6FH1UNj11hZ56r","Ela","spotify:artist:1mZbRiSVb2ExneAlDbBiiT","Lô Borges","spotify:album:77l2jnLwCyD9yvAiDCWadA","A Via-Láctea","spotify:artist:1mZbRiSVb2ExneAlDbBiiT","Lô Borges","1979-03-09","https://i.scdn.co/image/ab67616d0000b2736ff10222b78957e691147c05","1","2","207240","https://p.scdn.co/mp3-preview/a33da00e369a7f008bdcd53711813edcf11caeed?cid=9950ac751e34487dbbe027c4fd7f8e99","false","27","BREMI7900152","spotify:user:isak.sjoholm.","2025-07-18T13:23:32Z","mpb,brasiliansk jazz","0.398","0.556","2","-8.712","1","0.0263","0.269","0.00000617","0.283","0.615","135.53","3","","EMI Brazil","C © 1979 EMI Records Brasil Ltda, P ℗ 1979 EMI Records Brasil Ltda"
"spotify:track:2EhOShZM5vnPzRNhj8KerL","Pelas Capitais","spotify:artist:1M507Np8dZ2dprrHC5aHsm","Moraes Moreira","spotify:album:5PiK7cp7HuskLGgJSAsRvX","Lá Vem o Brasil Descendo a Ladeira","spotify:artist:1M507Np8dZ2dprrHC5aHsm","Moraes Moreira","1979-01-01","https://i.scdn.co/image/ab67616d0000b273a277ce217745b5202e9b0722","1","2","176360","https://p.scdn.co/mp3-preview/132d0a95b308c8795f58f64cc325299099c2c14d?cid=9950ac751e34487dbbe027c4fd7f8e99","false","16","BRSGL7900053","spotify:user:isak.sjoholm.","2025-07-18T13:23:32Z","mpb,axé","0.704","0.903","7","-6.793","1","0.0941","0.202","0","0.0659","0.914","143.324","4","","Som Livre","C (C) 1979 Som Livre, P (P) 2006 Som Livre"
"spotify:track:5Q1oOegoUj8HuV5IId8aQ7","Garoto de Aluguel (Taxi Boy)","spotify:artist:7JoWcJHDOG58JYTe6d400S","Zé Ramalho","spotify:album:605ySuPUpIfb7BTkc6hQZD","A Peleja do Diabo com o Dono do Céu (Versão com Faixas Bônus)","spotify:artist:7JoWcJHDOG58JYTe6d400S","Zé Ramalho","1979","https://i.scdn.co/image/ab67616d0000b273518b81d1dfc901d65fe264a3","1","5","184560","https://p.scdn.co/mp3-preview/8b6844ee2f05bcda4428ea78ec73eea838b586f0?cid=9950ac751e34487dbbe027c4fd7f8e99","false","26","BRSME7900105","spotify:user:isak.sjoholm.","2025-07-18T13:23:32Z","mpb,forró tradicional,sertanejo tradicional,forró","0.415","0.379","9","-11.097","0","0.0268","0.91","0.000811","0.208","0.428","82.766","4","","Sony Music Entertainment","P (P) 1979 Sony Music Entertainment (Brasil) I.C.L"
"spotify:track:0PtFTJeBN5KRLOV4pv4xQc","Os Galos","spotify:artist:0Pn49e9KBqcekfXpSAGgAM","Cátia de França","spotify:album:1ZBQq9OK0WC1Ti35wLNhgi","Vinte Palavras ao Redor do Sol","spotify:artist:0Pn49e9KBqcekfXpSAGgAM","Cátia de França","1979","https://i.scdn.co/image/ab67616d0000b2732e96a5d77c3c50c7512a5f79","1","10","160066","https://p.scdn.co/mp3-preview/5f5bd72cb5049d0680a7804ade9d08baa2639393?cid=9950ac751e34487dbbe027c4fd7f8e99","false","28","BRSME1701106","spotify:user:isak.sjoholm.","2025-07-18T13:23:32Z","","0.525","0.819","9","-6.876","1","0.0579","0.894","0.00159","0.144","0.92","86.649","4","","Sony Music Entertainment","P (P) 1979 Sony Music Entertainment Brasil ltda."
"spotify:track:3YYkp1Opq4aPrk87vmA5UX","Mote das Amplidões","spotify:artist:7JoWcJHDOG58JYTe6d400S","Zé Ramalho","spotify:album:605ySuPUpIfb7BTkc6hQZD","A Peleja do Diabo com o Dono do Céu (Versão com Faixas Bônus)","spotify:artist:7JoWcJHDOG58JYTe6d400S","Zé Ramalho","1979","https://i.scdn.co/image/ab67616d0000b273518b81d1dfc901d65fe264a3","1","7","238560","https://p.scdn.co/mp3-preview/d8834bdb6cf9b045428466bdbc03394ecce531b1?cid=9950ac751e34487dbbe027c4fd7f8e99","false","26","BRSME7900106","spotify:user:isak.sjoholm.","2025-07-18T13:23:32Z","mpb,forró tradicional,sertanejo tradicional,forró","0.494","0.937","1","-9.173","0","0.0476","0.432","0.00000973","0.107","0.96","111.957","4","","Sony Music Entertainment","P (P) 1979 Sony Music Entertainment (Brasil) I.C.L"
"spotify:track:6lTKw8Ke2BqGMgkpqjacCb","Uma Estrela Vai Brilhar","spotify:artist:5PlCTeDFyaaPTPyDkbncyU","Ricardo Braga","spotify:album:3fPqQF5Le0FEhrw9i8OixF","Uma Estrela Vai Brilhar","spotify:artist:5PlCTeDFyaaPTPyDkbncyU","Ricardo Braga","1979","https://i.scdn.co/image/ab67616d0000b273a6151c5577ac7720c6b5bc63","1","1","172000","https://p.scdn.co/mp3-preview/7a8f6601a15dfd74df9f03dccf2b9e025df1e18a?cid=9950ac751e34487dbbe027c4fd7f8e99","false","33","BRBMG7900088","spotify:user:isak.sjoholm.","2025-07-18T13:23:32Z","brega,seresta,tecnobrega","0.687","0.534","10","-9.778","1","0.0336","0.532","0","0.0791","0.931","99.406","4","","Sony Music Entertainment","P (P) 1979 RCA Victor"
"spotify:track:5ItmIBSBfuyIceee2KIeo0","Falas do Povo","spotify:artist:7JoWcJHDOG58JYTe6d400S","Zé Ramalho","spotify:album:605ySuPUpIfb7BTkc6hQZD","A Peleja do Diabo com o Dono do Céu (Versão com Faixas Bônus)","spotify:artist:7JoWcJHDOG58JYTe6d400S","Zé Ramalho","1979","https://i.scdn.co/image/ab67616d0000b273518b81d1dfc901d65fe264a3","1","3","252200","https://p.scdn.co/mp3-preview/ad5ce2770162c2533e9155dc2efc0c9ca1c4e3bd?cid=9950ac751e34487dbbe027c4fd7f8e99","false","26","BRSME7900104","spotify:user:isak.sjoholm.","2025-07-18T13:23:32Z","mpb,forró tradicional,sertanejo tradicional,forró","0.338","0.484","4","-10.576","0","0.0453","0.0598","0","0.213","0.595","131.246","3","","Sony Music Entertainment","P (P) 1979 Sony Music Entertainment (Brasil) I.C.L"
"spotify:track:7JFmDgRCZMxWLD9LkmLFtW","Macapá - Bonus Track","spotify:artist:7oEkUINVIj1Nr3Wnj8tzqr","Gilberto Gil","spotify:album:7dBoyhnlxf1DvmWxtgQPLr","Realce","spotify:artist:7oEkUINVIj1Nr3Wnj8tzqr","Gilberto Gil","1979-08-15","https://i.scdn.co/image/ab67616d0000b273e0a1e9e985f9b3a12c95250f","1","10","225226","https://p.scdn.co/mp3-preview/dec292e503dc2f07033aecc288e5856637851d13?cid=9950ac751e34487dbbe027c4fd7f8e99","false","22","BRGPG7900010","spotify:user:isak.sjoholm.","2025-07-18T13:23:32Z","mpb,bossa nova,forró tradicional,samba,brasiliansk jazz","0.63","0.887","2","-8.682","1","0.0435","0.059","0.00065","0.0597","0.731","122.073","4","","Palco","C 1979 Gege Producoes Artisticas, P 1979 Gege Producoes Artisticas"
"spotify:track:14k5pR5hYOutQr9qQyEVsm","Altos e baixos","spotify:artist:0yFvXd36g5sNKYDi0Kkvl8","Elis Regina","spotify:album:0hb1fhxAqcZrsdhHl5ikWr","Essa Mulher","spotify:artist:0yFvXd36g5sNKYDi0Kkvl8","Elis Regina","1979-05-17","https://i.scdn.co/image/ab67616d0000b273544730415c9d4bdb11f09fd2","1","7","209667","https://p.scdn.co/mp3-preview/0e0a8c2ced0a0a9c8c40d23c900f0fd43ed90342?cid=9950ac751e34487dbbe027c4fd7f8e99","false","26","BRWMB9701656","spotify:user:isak.sjoholm.","2025-07-18T13:23:32Z","mpb,bossa nova,brasiliansk jazz,samba","0.291","0.314","2","-10.755","1","0.0536","0.865","0.000146","0.112","0.0608","90.278","3","","WM Brazil","C © 1979 WEA International Inc., P ℗ 1979 WEA International Inc."
"spotify:track:2FcTHT7YIsJuJNbVYk3n19","Juventude Transviada","spotify:artist:1b8kpp4DUwt1hWaxTiWQhD","Gal Costa","spotify:album:1Vjf7xPNvBhqKnAR4rAXR2","Gal Tropical","spotify:artist:1b8kpp4DUwt1hWaxTiWQhD","Gal Costa","1979-01-08","https://i.scdn.co/image/ab67616d0000b273de4828d89731083b45eb1521","1","9","220373","https://p.scdn.co/mp3-preview/1e99706802c68b505aa9014a1ff05d6277e5c8c3?cid=9950ac751e34487dbbe027c4fd7f8e99","false","30","BRMCA7900075","spotify:user:isak.sjoholm.","2025-07-18T13:23:32Z","mpb,bossa nova,brasiliansk jazz","0.741","0.482","2","-11.966","1","0.0845","0.305","0","0.108","0.407","107.776","4","","Universal Music Ltda.","C © 1979 Universal Music International, P ℗ 1979 Universal Music International"
"spotify:track:1HWfUGHBuK6xypIQw4Kneq","Pra longe do Paranoá","spotify:artist:1nv813b9IAJBc2354wQodV","Oswaldo Montenegro","spotify:album:3oKX8S8M4ORXh1Qgv5TNdK","2 é demais!","spotify:artist:1nv813b9IAJBc2354wQodV","Oswaldo Montenegro","1979","https://i.scdn.co/image/ab67616d0000b2738322ebf6d11dffa939b2ed21","1","19","186573","https://p.scdn.co/mp3-preview/69ea77b33cb5d80baf6f8e3c8299e720067b1146?cid=9950ac751e34487dbbe027c4fd7f8e99","false","24","BRWMB9600587","spotify:user:isak.sjoholm.","2025-07-18T13:23:32Z","mpb","0.787","0.546","9","-12.123","1","0.104","0.572","0","0.133","0.791","106.876","4","","WM Brazil","C © 1979 Warner Music Brasil Ltda., P ℗ 1979 Warner Music Brasil Ltda."
"spotify:track:0FUhAOOeOu2RbZxGrJYxpZ","Paz E Arroz","spotify:artist:5JYtpnUKxAzXfHEYpOeeit","Jorge Ben Jor","spotify:album:0LOy0Q27F8JLmTHVb8b51g","Ben","spotify:artist:5JYtpnUKxAzXfHEYpOeeit","Jorge Ben Jor","1979-01-08","https://i.scdn.co/image/ab67616d0000b273c9c338f9a6e31c1374464880","1","3","124506","https://p.scdn.co/mp3-preview/381922dc537cf7eca7841cd572d4896db57d3b80?cid=9950ac751e34487dbbe027c4fd7f8e99","false","27","BRMCA7200143","spotify:user:isak.sjoholm.","2025-07-18T13:23:32Z","mpb,bossa nova,samba,brasiliansk jazz","0.518","0.945","7","-4.725","1","0.143","0.495","0","0.115","0.722","93.042","4","","Universal Music Ltda.","C © 1979 Universal Music International, P ℗ 1979 Universal Music International"
"spotify:track:3LDilb4hGRyUdlX1zpWUBX","Conto De Fada","spotify:artist:3DF0ClNOUuvS3gh8V8sRJH","João Bosco","spotify:album:5hP8pHRsoC1ySE4wVc9wcH","Linha De Passe","spotify:artist:3DF0ClNOUuvS3gh8V8sRJH","João Bosco","1979-10-01","https://i.scdn.co/image/ab67616d0000b2739c3d86578b8e716e86721c77","1","2","184253","https://p.scdn.co/mp3-preview/3891d983911be0727156b94ccf8926f30887954b?cid=9950ac751e34487dbbe027c4fd7f8e99","false","17","BRBMG7900313","spotify:user:isak.sjoholm.","2025-07-18T13:23:32Z","mpb,samba,bossa nova,brasiliansk jazz","0.333","0.357","2","-10.629","1","0.0363","0.883","0.0252","0.134","0.144","81.243","4","","RCA Records Label","P (P) 2004 Sony Music Entertainment Brasil ltda."
"spotify:track:3UeVERxrM0Wc1iJz2Tpowo","O Crente Fiel","spotify:artist:4RS0cca2Ex2L93NJ2MZaaN","Jair Pires","spotify:album:0H6cPL1QPdKQwBMccMGnhM","O Pecado Não Doi Perfil, Vol. 3","spotify:artist:4RS0cca2Ex2L93NJ2MZaaN","Jair Pires","1979-04-10","https://i.scdn.co/image/ab67616d0000b273cd28e14ecc46601180f59812","1","10","210339","https://p.scdn.co/mp3-preview/afcb323028a7977f176e4c1012d5863533fca082?cid=9950ac751e34487dbbe027c4fd7f8e99","false","26","BRGVR0500104","spotify:user:isak.sjoholm.","2025-07-18T13:23:32Z","brasiliansk gospel,pentecostal,gospel","0.639","0.477","4","-9.555","1","0.0248","0.307","0.0000018","0.221","0.627","89.287","4","","Gravadora Doce Harmonia","C 1979 Gravadora Doce Harmonia, P 1979 Gravadora Doce Harmonia"
"spotify:track:49YEDwEUdf3O5bZ2RF7TKW","Um Gago Apaixonado","spotify:artist:73gbBVz7ei7Pg9TCCsm3xB","Moreira Da Silva","spotify:album:5QgpNsoWYfA7Eq6t9zNXcF","O Jovem Moreira","spotify:artist:73gbBVz7ei7Pg9TCCsm3xB","Moreira Da Silva","1979-08-21","https://i.scdn.co/image/ab67616d0000b273861516ae7d18763d1108a02e","1","6","98466","https://p.scdn.co/mp3-preview/1e8162e50ccff1c780f90d8ea4a28b48494a78ac?cid=9950ac751e34487dbbe027c4fd7f8e99","false","26","BRMCA7900246","spotify:user:isak.sjoholm.","2025-07-18T13:23:32Z","samba","0.718","0.791","7","-9.877","1","0.192","0.499","0","0.147","0.909","91.49","4","","Universal Music Ltda.","C © 1979 Universal Music International, P ℗ 1979 Universal Music International"
"spotify:track:0QkZsv0vOfWtNvYqZkGXeH","Uma Vez Por Mês","spotify:artist:41fjoh5NjJhlDHYIUb9Hsk","Trio Parada Dura","spotify:album:43WWtaOVjNaRb1YQXTXax3","Beco Sem Saída","spotify:artist:41fjoh5NjJhlDHYIUb9Hsk","Trio Parada Dura","1979-07-19","https://i.scdn.co/image/ab67616d0000b2738a74f82fc9321fe7d0ccf07b","1","4","192426","https://p.scdn.co/mp3-preview/498fd732e06ff8893558dc9444e49dfa237e6858?cid=9950ac751e34487dbbe027c4fd7f8e99","false","38","BREMI7900072","spotify:user:isak.sjoholm.","2025-07-18T13:23:32Z","sertanejo tradicional,sertanejo","0.687","0.368","11","-7.598","1","0.0265","0.652","0","0.0748","0.729","102.189","4","","Universal Music Ltda.","C © 1979 EMI Records Brasil Ltda, P ℗ 1979 EMI Records Brasil Ltda"
"spotify:track:26mQUporRtgMlCg8rI4bsR","O Amor É Tudo","spotify:artist:6ZrEc5xxZQvThMNTPsyuOn","Ozéias de Paula","spotify:album:35zWxOW3nfhltwbymSfhwR","O Amor É Tudo","spotify:artist:6ZrEc5xxZQvThMNTPsyuOn","Ozéias de Paula","1979-07-02","https://i.scdn.co/image/ab67616d0000b2736116a27e7f9fd82028d19e23","1","1","195059","https://p.scdn.co/mp3-preview/274e9a741e545787939c47d4eb1dacb9b7145876?cid=9950ac751e34487dbbe027c4fd7f8e99","false","19","US7VG1523924","spotify:user:isak.sjoholm.","2025-07-18T13:23:32Z","pentecostal,gospel,brasiliansk gospel","0.259","0.445","9","-7.075","1","0.028","0.237","0","0.12","0.264","172.333","3","","Ozéias de Paula","C 1979 Ozéias de Paula, P 1979 Ozéias de Paula"
"spotify:track:2dOunDuIHl1rLqtAljCT3J","Meu Sexto Sentido","spotify:artist:56TkPi7rpmU8jTpkcK7FY3","Beth Carvalho","spotify:album:2uBX8Y56Tud8On8rnShgZV","No Pagode","spotify:artist:56TkPi7rpmU8jTpkcK7FY3","Beth Carvalho","1979-09-28","https://i.scdn.co/image/ab67616d0000b27397ac3c36d4210b6d6ad155a5","1","9","180093","https://p.scdn.co/mp3-preview/721fea0f3d5dac2d8a1fe310e92375aa6a8a03eb?cid=9950ac751e34487dbbe027c4fd7f8e99","false","25","BRBMG7900303","spotify:user:isak.sjoholm.","2025-07-18T13:23:32Z","samba,pagode,mpb","0.631","0.512","1","-11.633","0","0.0368","0.532","0","0.358","0.923","159.766","4","","Sony Music Entertainment","P 1979 BMG ARIOLA DISCOS LTDA."
"spotify:track:3X1bbcUYqdVfGLuN8kqYXL","El Reloj / Cuando Estoy Contigo","spotify:artist:1F8mRUp3abFvF2GBaFw13b","Altemar Dutra","spotify:album:2UxB7aKWkAXbPwdxphieD0","Siempre Romantico","spotify:artist:1F8mRUp3abFvF2GBaFw13b","Altemar Dutra","1979-03-15","https://i.scdn.co/image/ab67616d0000b27352ecae294ac06a7f4f2feee5","1","9","199800","https://p.scdn.co/mp3-preview/765f3fc4615312376e2e0f70cf800dab10dedfe5?cid=9950ac751e34487dbbe027c4fd7f8e99","false","20","BRBMG7900294","spotify:user:isak.sjoholm.","2025-07-18T13:23:32Z","seresta,brega,bolero","0.664","0.283","11","-13.232","0","0.0359","0.757","0","0.258","0.558","91.993","4","","RCA Records Label","P (P) 1979 BMG Brasil Ltda."
"spotify:track:7pqx0hlVVWGbTxd5oX9oA5","No Alto Da Colina","spotify:artist:41fjoh5NjJhlDHYIUb9Hsk","Trio Parada Dura","spotify:album:7Ao1P5cMUctqxHEO4nE6Sb","Homem De Pedra","spotify:artist:41fjoh5NjJhlDHYIUb9Hsk","Trio Parada Dura","1979-01-01","https://i.scdn.co/image/ab67616d0000b27334646ad9bb2abd6398da2769","1","8","172306","https://p.scdn.co/mp3-preview/050cb8167da77f84297cf798336039ae92f1e670?cid=9950ac751e34487dbbe027c4fd7f8e99","false","22","BREMI7900272","spotify:user:isak.sjoholm.","2025-07-18T13:23:32Z","sertanejo tradicional,sertanejo","0.408","0.323","9","-9.351","1","0.028","0.194","0","0.0758","0.502","169.531","4","","EMI Brazil","C © 1979 EMI Music Brasil Ltda, P ℗ 1979 EMI Music Brasil Ltda"
"spotify:track:0ROvpJhHA5HDYAcymZ1B5d","Who Were You With In The Moonlight","spotify:artist:7AvR99Z6y7N5BWF7VdY3bo","Dollar","spotify:album:2g5Tf538NLHnAKLQhHyVZL","Shooting Stars (Remastered & Expanded)","spotify:artist:7AvR99Z6y7N5BWF7VdY3bo","Dollar","1979-09-01","https://i.scdn.co/image/ab67616d0000b27335d35bf793df94069b7dfa42","1","5","247053","https://p.scdn.co/mp3-preview/26462caf19bf746c2582add5284629805928361d?cid=9950ac751e34487dbbe027c4fd7f8e99","false","40","GBBLY1903462","spotify:user:isak.sjoholm.","2025-07-18T13:23:32Z","hi-nrg","0.703","0.519","9","-7.809","1","0.0292","0.00772","0.00333","0.104","0.91","111.739","4","","Cherry Pop","C © 2019 Cherry Red Records Ltd, P ℗ 1979 David Van Day & Thereza Bazar"
"spotify:track:2dB2wge8dJ3OV29cSipg9v","Soca Pilão","spotify:artist:41fjoh5NjJhlDHYIUb9Hsk","Trio Parada Dura","spotify:album:5HUr54xPaRaFIAGjhvhhow","Mineiro Não Perde Trem","spotify:artist:41fjoh5NjJhlDHYIUb9Hsk","Trio Parada Dura","1979-05-02","https://i.scdn.co/image/ab67616d0000b273933477aaa706bc95174298d7","1","2","162400","https://p.scdn.co/mp3-preview/0ae96026822719f8dfa7f141af6678f67444c48d?cid=9950ac751e34487dbbe027c4fd7f8e99","false","25","BREMI7900070","spotify:user:isak.sjoholm.","2025-07-18T13:23:32Z","sertanejo tradicional,sertanejo","0.829","0.387","2","-7.835","1","0.0604","0.667","0","0.0286","0.89","98.74","4","","EMI Music Brasil Ltda","C © 1979 EMI Music Brasil Ltda, P ℗ 1979 EMI Music Brasil Ltda"
"spotify:track:2zd5NHZz5szIgHiCdBNSVh","Salve Simpatia","spotify:artist:5JYtpnUKxAzXfHEYpOeeit","Jorge Ben Jor","spotify:album:3BnyTufnkSjPhllw6xIw3U","Salve Simpatia","spotify:artist:5JYtpnUKxAzXfHEYpOeeit","Jorge Ben Jor","1979-12-09","https://i.scdn.co/image/ab67616d0000b2737929fff46ec30800c842042d","1","5","247560","https://p.scdn.co/mp3-preview/750f5eb763a215f8f1858a41e399c296e4497303?cid=9950ac751e34487dbbe027c4fd7f8e99","false","26","BRSGL7900022","spotify:user:isak.sjoholm.","2025-07-18T13:23:32Z","mpb,bossa nova,samba,brasiliansk jazz","0.724","0.814","6","-8.306","0","0.242","0.0985","0","0.0721","0.887","125.039","4","","Som Livre","C (C) 1979 Som Livre, P (P) 1979 Som Livre"
"spotify:track:3K3x6lloSGzOafetniQFUx","Medo de avião","spotify:artist:0C8HhyOa7zfzIl3gmPjY52","Belchior","spotify:album:5GjRzygj2zscprD7zPYSt0","Belchior ou era uma vez um homem e seu tempo","spotify:artist:0C8HhyOa7zfzIl3gmPjY52","Belchior","1979-01-01","https://i.scdn.co/image/ab67616d0000b273c11f8fbab584abf1f8913cb2","1","1","149019","https://p.scdn.co/mp3-preview/05d12a27d694c495a4cb6e2f151378fad35176eb?cid=9950ac751e34487dbbe027c4fd7f8e99","false","21","BRWMB9701745","spotify:user:isak.sjoholm.","2025-07-18T13:23:32Z","mpb","0.461","0.677","7","-5.255","1","0.0316","0.461","0","0.263","0.576","86.78","4","","WM Brazil","C © 2017 Warner Music Brasil Ltda., P ℗ 2017 Warner Music Brasil Ltda."
"spotify:track:4EBZHa1s8Qr8YIsvgEfcxf","Senhor da Ceifa Chama","spotify:artist:4RS0cca2Ex2L93NJ2MZaaN","Jair Pires","spotify:album:3OHP42I3ecNU7zsRUzQiBM","Jair e a Harpa Perfil, Vol. 17","spotify:artist:4RS0cca2Ex2L93NJ2MZaaN","Jair Pires","1979-04-10","https://i.scdn.co/image/ab67616d0000b273f16b0afb264c064053dca115","1","10","239700","https://p.scdn.co/mp3-preview/cf178391a68dd22743c9edd9e907946888a2eb6f?cid=9950ac751e34487dbbe027c4fd7f8e99","false","20","BRGVR1500113","spotify:user:isak.sjoholm.","2025-07-18T13:23:32Z","brasiliansk gospel,pentecostal,gospel","0.392","0.245","7","-12.181","1","0.0271","0.747","0","0.489","0.46","72.495","4","","Gravadora Doce Harmonia","C 1979 Gravadora Doce Harmonia, P 1979 Gravadora Doce Harmonia"
"spotify:track:1p0lwwLR4cdR4343yC6aBP","Frevo Mulher","spotify:artist:7JoWcJHDOG58JYTe6d400S","Zé Ramalho","spotify:album:605ySuPUpIfb7BTkc6hQZD","A Peleja do Diabo com o Dono do Céu (Versão com Faixas Bônus)","spotify:artist:7JoWcJHDOG58JYTe6d400S","Zé Ramalho","1979","https://i.scdn.co/image/ab67616d0000b273518b81d1dfc901d65fe264a3","1","10","278200","https://p.scdn.co/mp3-preview/8b6cf0f77cb497f0eaf58f91c650fc9339287c74?cid=9950ac751e34487dbbe027c4fd7f8e99","false","24","BRSME7900108","spotify:user:isak.sjoholm.","2025-07-18T13:23:32Z","mpb,forró tradicional,sertanejo tradicional,forró","0.482","0.901","4","-8.086","0","0.167","0.134","0","0.298","0.547","131.667","4","","Sony Music Entertainment","P (P) 1979 Sony Music Entertainment (Brasil) I.C.L"
"spotify:track:0H9v2o2o5OT5QFZKqHnald","Porto de Cabedelo","spotify:artist:0Pn49e9KBqcekfXpSAGgAM","Cátia de França","spotify:album:1ZBQq9OK0WC1Ti35wLNhgi","Vinte Palavras ao Redor do Sol","spotify:artist:0Pn49e9KBqcekfXpSAGgAM","Cátia de França","1979","https://i.scdn.co/image/ab67616d0000b2732e96a5d77c3c50c7512a5f79","1","7","183026","https://p.scdn.co/mp3-preview/3bf0511d6cfa7fa7e7e789214e3eebb00c1b971b?cid=9950ac751e34487dbbe027c4fd7f8e99","false","24","BRSME1701103","spotify:user:isak.sjoholm.","2025-07-18T13:23:32Z","","0.543","0.394","4","-8.976","0","0.0309","0.823","0.000132","0.125","0.365","98.421","4","","Sony Music Entertainment","P (P) 1979 Sony Music Entertainment Brasil ltda."
"spotify:track:0bBUbl97Vhd2XrnWTyrKLx","Como Nunca","spotify:artist:4ijgnqYvE1INXb1NSVT11m","Beto Guedes","spotify:album:2VGeXHIkR1iUn9YsUNSUaf","Sol De Primavera","spotify:artist:4ijgnqYvE1INXb1NSVT11m","Beto Guedes","1979-01-29","https://i.scdn.co/image/ab67616d0000b273357048dd81a0a413b7dfbf1d","1","2","255582","https://p.scdn.co/mp3-preview/a2f375c7d1bdc376726f150d4a7815c2e4374c8d?cid=9950ac751e34487dbbe027c4fd7f8e99","false","23","BREMI7900464","spotify:user:isak.sjoholm.","2025-07-18T13:23:32Z","mpb","0.255","0.745","4","-7.36","0","0.0474","0.239","0.00131","0.107","0.337","163.751","4","","EMI","C © 1979 EMI Music Brasil Ltda, P ℗ 1979 EMI Music Brasil Ltda"
"spotify:track:1bF1XtGmqeWPFrIy3PY4Tf","A Rosa","spotify:artist:5rrmaoBXZ7Jcs4Qb77j0YA, spotify:artist:6tOsSffQQIXmK8TqsDck8t","Djavan, Chico Buarque","spotify:album:36jzUff862vun1dSzTpxP9","Alumbramento","spotify:artist:5rrmaoBXZ7Jcs4Qb77j0YA","Djavan","1980-03-01","https://i.scdn.co/image/ab67616d0000b273d32e0dc1fa50a3d7cd6d8c5d","1","4","262360","https://p.scdn.co/mp3-preview/e8373e73519fd73ce89205e375950086d7f80a81?cid=9950ac751e34487dbbe027c4fd7f8e99","false","34","BREMI7900027","spotify:user:isak.sjoholm.","2025-07-18T13:23:32Z","mpb,bossa nova,mpb,bossa nova,samba,brasiliansk jazz","0.57","0.823","11","-12.665","0","0.104","0.256","0","0.366","0.683","107.116","4","","Universal Music Ltda.","C © 1980 EMI Records Brasil Ltda, P ℗ 1980 EMI Records Brasil Ltda"
"spotify:track:6B9l7FKxJmpEQDLhlEoUzo","Não Há Cabeça","spotify:artist:4oqEOTTnqopPdYFYz0i61Y","Angela Ro Ro","spotify:album:5b9KqfZmD65KQNs6vD4VBd","Angela Roro","spotify:artist:4oqEOTTnqopPdYFYz0i61Y","Angela Ro Ro","1979-03-16","https://i.scdn.co/image/ab67616d0000b273cc9018510ea03599a37413f4","1","4","230093","https://p.scdn.co/mp3-preview/c73bebd77b4a04b2c14276c1c91f0078ba7492bb?cid=9950ac751e34487dbbe027c4fd7f8e99","false","32","BRMCA7900127","spotify:user:isak.sjoholm.","2025-07-18T13:23:32Z","mpb","0.351","0.224","0","-10.541","1","0.032","0.927","0.00000438","0.356","0.21","90.791","4","","Universal Music Ltda.","C © 1979 Universal Music Ltda, P ℗ 1979 Universal Music Ltda"
"spotify:track:6yJcP5o5cZxiMFVMlVA14u","Aquele Um","spotify:artist:5rrmaoBXZ7Jcs4Qb77j0YA","Djavan","spotify:album:36jzUff862vun1dSzTpxP9","Alumbramento","spotify:artist:5rrmaoBXZ7Jcs4Qb77j0YA","Djavan","1980-03-01","https://i.scdn.co/image/ab67616d0000b273d32e0dc1fa50a3d7cd6d8c5d","1","7","185306","https://p.scdn.co/mp3-preview/25e33e413cbdaab784fb2f0b0a6343d352d3017c?cid=9950ac751e34487dbbe027c4fd7f8e99","false","33","BREMI7900067","spotify:user:isak.sjoholm.","2025-07-18T13:23:32Z","mpb,bossa nova","0.696","0.758","0","-11.286","1","0.0449","0.0407","0.00364","0.295","0.893","94.328","4","","Universal Music Ltda.","C © 1980 EMI Records Brasil Ltda, P ℗ 1980 EMI Records Brasil Ltda"
"spotify:track:7fhT8faa8c9jXnEB71GO6N","Linda Cidade","spotify:artist:4RS0cca2Ex2L93NJ2MZaaN","Jair Pires","spotify:album:0H6cPL1QPdKQwBMccMGnhM","O Pecado Não Doi Perfil, Vol. 3","spotify:artist:4RS0cca2Ex2L93NJ2MZaaN","Jair Pires","1979-04-10","https://i.scdn.co/image/ab67616d0000b273cd28e14ecc46601180f59812","1","4","139312","https://p.scdn.co/mp3-preview/878944970b1f079cf20dacf338aadcf323481217?cid=9950ac751e34487dbbe027c4fd7f8e99","false","28","BRGVR0500098","spotify:user:isak.sjoholm.","2025-07-18T13:23:32Z","brasiliansk gospel,pentecostal,gospel","0.646","0.523","2","-10.28","1","0.0267","0.19","0","0.106","0.545","93.572","4","","Gravadora Doce Harmonia","C 1979 Gravadora Doce Harmonia, P 1979 Gravadora Doce Harmonia"
"spotify:track:07DhbhOBF2CL4vBaiOvWq1","Cama Fria","spotify:artist:6f2aiUbNtkJaxz9lZsD3ih","André & Andrade","spotify:album:0lt0RhUtYDZRMQCJZeMGG4","Cama Fria, Vol. 2","spotify:artist:6f2aiUbNtkJaxz9lZsD3ih","André & Andrade","1979-07-19","https://i.scdn.co/image/ab67616d0000b273dc51d79cd613c5bc90a2b7d3","1","1","157701","https://p.scdn.co/mp3-preview/a251473faea136ef528cf5d3310444083822057f?cid=9950ac751e34487dbbe027c4fd7f8e99","false","39","QZ5AB1775710","spotify:user:isak.sjoholm.","2025-07-18T13:23:32Z","sertanejo tradicional,sertanejo","0.514","0.581","2","-4.262","1","0.0281","0.713","0.0157","0.208","0.701","110.882","4","","André & Andrade","C 1979 - Independente, P 1979 - Independente"
"spotify:track:1h9JFubxa3Qlm71C4cJwpr","Retórica sentimental","spotify:artist:0C8HhyOa7zfzIl3gmPjY52","Belchior","spotify:album:5GjRzygj2zscprD7zPYSt0","Belchior ou era uma vez um homem e seu tempo","spotify:artist:0C8HhyOa7zfzIl3gmPjY52","Belchior","1979-01-01","https://i.scdn.co/image/ab67616d0000b273c11f8fbab584abf1f8913cb2","1","2","185388","https://p.scdn.co/mp3-preview/30bbc949489b48a0b043021b5f550d4bd135d443?cid=9950ac751e34487dbbe027c4fd7f8e99","false","22","BRWMB9600691","spotify:user:isak.sjoholm.","2025-07-18T13:23:32Z","mpb","0.655","0.556","6","-7.725","0","0.0455","0.541","0.00000364","0.0911","0.787","59.531","4","","WM Brazil","C © 2017 Warner Music Brasil Ltda., P ℗ 2017 Warner Music Brasil Ltda."
"spotify:track:6vyh22SeQ2mDklr90rfgs6","Santa Tereza","spotify:artist:5hzHutt6DLPzctqvnS6Fdv","Amelinha","spotify:album:48nwSoJS9YsQ1f8OotMNUg","Frevo Mulher","spotify:artist:5hzHutt6DLPzctqvnS6Fdv","Amelinha","2010-03-12","https://i.scdn.co/image/ab67616d0000b27346c44b3161345089e8df6cde","1","2","150600","https://p.scdn.co/mp3-preview/ed6f46d727eec2be7e8978237aa0a04f281dced7?cid=9950ac751e34487dbbe027c4fd7f8e99","false","21","BRSME8500076","spotify:user:isak.sjoholm.","2025-07-18T13:23:32Z","mpb,forró tradicional,forró,brega","0.542","0.478","7","-10.827","1","0.0323","0.588","0","0.252","0.899","150.041","3","","Columbia","P Compilation (P) 1979, 1984, 1985, 1997 Sony Music Entertainment (Brasil) I.C.L."
"spotify:track:02I5U6Hwv0jojcoJaFYPw5","Dez Anos","spotify:artist:1b8kpp4DUwt1hWaxTiWQhD","Gal Costa","spotify:album:1Vjf7xPNvBhqKnAR4rAXR2","Gal Tropical","spotify:artist:1b8kpp4DUwt1hWaxTiWQhD","Gal Costa","1979-01-08","https://i.scdn.co/image/ab67616d0000b273de4828d89731083b45eb1521","1","6","201040","https://p.scdn.co/mp3-preview/02e1e374c4f4e2d668ff963c0b2d9018f4567aa4?cid=9950ac751e34487dbbe027c4fd7f8e99","false","27","BRMCA7900074","spotify:user:isak.sjoholm.","2025-07-18T13:23:32Z","mpb,bossa nova,brasiliansk jazz","0.542","0.505","5","-12.265","1","0.0657","0.714","0.00000392","0.294","0.657","111.208","4","","Universal Music Ltda.","C © 1979 Universal Music International, P ℗ 1979 Universal Music International"
"spotify:track:0h6fftQAMn7tZAnUgoCj80","Just When I Needed You Most","spotify:artist:3nwZKsmOiJjn7x0fS3L5ZR","Tony Wilson","spotify:album:3PO8Uv9zfXL06UuIyokhNK","Catch One","spotify:artist:3nwZKsmOiJjn7x0fS3L5ZR","Tony Wilson","1979","https://i.scdn.co/image/ab67616d0000b2737562b0c3b188cf28fb3ec1f8","1","4","209026","https://p.scdn.co/mp3-preview/8c5c30cc94b27c2e61e297dc445646bbeda6929a?cid=9950ac751e34487dbbe027c4fd7f8e99","false","27","USRH10721843","spotify:user:isak.sjoholm.","2025-07-18T13:23:32Z","","0.544","0.226","9","-19.371","1","0.0423","0.598","0","0.0979","0.438","101.531","4","","Rhino","C © 1979 Bearsville Records, P ℗ 1979 Bearsville Records, manufactured and distributed in the U.S. and Canada by Rhino Entertainment Company, a Warner Music Group company"
"spotify:track:24vbhh9g7c4Nc9pLmnZwVw","Força Estranha / Café da Manhã","spotify:artist:76Qh9PRO4QkVjRmTSw9T0G","Orquestra Românticos de Cuba","spotify:album:6zElEgYcNN9SNn0msvtje2","Sucessos de Roberto Carlos","spotify:artist:76Qh9PRO4QkVjRmTSw9T0G","Orquestra Românticos de Cuba","1979","https://i.scdn.co/image/ab67616d0000b273f42a0d453a00ea0cd57b4bb3","1","1","198826","https://p.scdn.co/mp3-preview/73c2a919a5e6a7e8ee81d139cd190bc3f8c9375a?cid=9950ac751e34487dbbe027c4fd7f8e99","false","27","BRHHC1000024","spotify:user:isak.sjoholm.","2025-07-18T13:23:32Z","orkester,bolero","0.505","0.6","7","-13.102","1","0.0305","0.0176","0.872","0.0855","0.727","133.812","4","","Musidisc","C 2013 Musidisc, P 1979 Musidisc"
"spotify:track:2ZgeYsGelMoeTt8djqLDhx","Arrumação","spotify:artist:22u7Wgb2zIKO46gOYWCs7v","Elomar","spotify:album:4OLEMUXUFrfhHE6lRwRBLf","Na Quadrada das Águas Perdidas","spotify:artist:22u7Wgb2zIKO46gOYWCs7v","Elomar","1979-01-01","https://i.scdn.co/image/ab67616d0000b2739f82c109644abf078d3db9bf","1","4","259813","https://p.scdn.co/mp3-preview/c479a17a45fed2e5612555dbbfc188e65cc94f1f?cid=9950ac751e34487dbbe027c4fd7f8e99","false","0","BR2501600004","spotify:user:isak.sjoholm.","2025-07-18T13:23:32Z","mpb","0.641","0.239","6","-11.777","1","0.0317","0.898","0.0854","0.0859","0.473","106.074","4","","Elomar Figueira Mello","C 1979 Elomar Figueira Mello, P 1979 Elomar Figueira Mello"
"spotify:track:4JAYlA0SgKbs4Xo15uqEV4","Cai dentro","spotify:artist:0yFvXd36g5sNKYDi0Kkvl8","Elis Regina","spotify:album:0hb1fhxAqcZrsdhHl5ikWr","Essa Mulher","spotify:artist:0yFvXd36g5sNKYDi0Kkvl8","Elis Regina","1979-05-17","https://i.scdn.co/image/ab67616d0000b273544730415c9d4bdb11f09fd2","1","1","160499","https://p.scdn.co/mp3-preview/6f50ec4c74e1b5bc5e0fe1af141b84f43604e290?cid=9950ac751e34487dbbe027c4fd7f8e99","false","26","BRWMB9701650","spotify:user:isak.sjoholm.","2025-07-18T13:23:32Z","mpb,bossa nova,brasiliansk jazz,samba","0.596","0.95","7","-7.265","1","0.14","0.276","0","0.162","0.738","137.509","4","","WM Brazil","C © 1979 WEA International Inc., P ℗ 1979 WEA International Inc."
"spotify:track:5giAGx6dxfvvQwbotv2cNL","Naquele Tempo","spotify:artist:6Pgku3Ax3RLiZq4NRG9Aml","Tavito","spotify:album:0JRpi4EPTtJCrnQugdzzVT","Tavito","spotify:artist:6Pgku3Ax3RLiZq4NRG9Aml","Tavito","1979-03-30","https://i.scdn.co/image/ab67616d0000b273958e25345c0b673188064811","1","6","219933","https://p.scdn.co/mp3-preview/f954334716e4d12569e055a8dacf50d3bd1e0062?cid=9950ac751e34487dbbe027c4fd7f8e99","false","23","BRSME7900018","spotify:user:isak.sjoholm.","2025-07-18T13:23:32Z","mpb,brasiliansk pop","0.389","0.583","6","-6.845","0","0.0533","0.29","0.000154","0.276","0.53","141.67","4","","Sony BMG Music Entertainment","P (P) 1979 SONY MUSIC ENTERTAINMENT (BRASIL) I.C.L."
"spotify:track:61tB8L2UpnyPPUOPot5gqD","As Rosas Eram Todas Amarelas","spotify:artist:5JYtpnUKxAzXfHEYpOeeit","Jorge Ben Jor","spotify:album:0LOy0Q27F8JLmTHVb8b51g","Ben","spotify:artist:5JYtpnUKxAzXfHEYpOeeit","Jorge Ben Jor","1979-01-08","https://i.scdn.co/image/ab67616d0000b273c9c338f9a6e31c1374464880","1","10","232733","https://p.scdn.co/mp3-preview/4154e681232eb23c1297311070f331d9400c21ea?cid=9950ac751e34487dbbe027c4fd7f8e99","false","28","BRMCA7200149","spotify:user:isak.sjoholm.","2025-07-18T13:23:32Z","mpb,bossa nova,samba,brasiliansk jazz","0.553","0.531","6","-7.005","1","0.031","0.589","0.000102","0.0544","0.559","125.227","4","","Universal Music Ltda.","C © 1979 Universal Music International, P ℗ 1979 Universal Music International"
"spotify:track:6yXyCrAZROGM7cRfar6IBB","Me Acalmo Danando","spotify:artist:4oqEOTTnqopPdYFYz0i61Y","Angela Ro Ro","spotify:album:5b9KqfZmD65KQNs6vD4VBd","Angela Roro","spotify:artist:4oqEOTTnqopPdYFYz0i61Y","Angela Ro Ro","1979-03-16","https://i.scdn.co/image/ab67616d0000b273cc9018510ea03599a37413f4","1","6","194560","https://p.scdn.co/mp3-preview/bfa1cbb1f9737e02c0026ff9da77968792fc3e10?cid=9950ac751e34487dbbe027c4fd7f8e99","false","30","BRMCA7900129","spotify:user:isak.sjoholm.","2025-07-18T13:23:32Z","mpb","0.526","0.209","4","-12.396","0","0.047","0.985","0.0192","0.235","0.385","55.002","4","","Universal Music Ltda.","C © 1979 Universal Music Ltda, P ℗ 1979 Universal Music Ltda"
"spotify:track:1LirSJfU8omHXKVpSAlYSI","Sempre Viva","spotify:artist:1mZbRiSVb2ExneAlDbBiiT","Lô Borges","spotify:album:77l2jnLwCyD9yvAiDCWadA","A Via-Láctea","spotify:artist:1mZbRiSVb2ExneAlDbBiiT","Lô Borges","1979-03-09","https://i.scdn.co/image/ab67616d0000b2736ff10222b78957e691147c05","1","1","214226","https://p.scdn.co/mp3-preview/37159f3e86cfb4409eee3a4c2ce11ee52dd2d22c?cid=9950ac751e34487dbbe027c4fd7f8e99","false","25","BREMI7900149","spotify:user:isak.sjoholm.","2025-07-18T13:23:32Z","mpb,brasiliansk jazz","0.555","0.833","2","-8.473","1","0.0301","0.519","0","0.138","0.657","136.287","3","","EMI Brazil","C © 1979 EMI Records Brasil Ltda, P ℗ 1979 EMI Records Brasil Ltda"
"spotify:track:2K3eAxcOTRbt2IWRmkVz38","Lagoa De Aluá","spotify:artist:3ADrIjXLfh308ALr2WQXkI","Ednardo","spotify:album:43HOllgEQbIKcufyK05h9c","Ednardo","spotify:artist:3ADrIjXLfh308ALr2WQXkI","Ednardo","1979-03-30","https://i.scdn.co/image/ab67616d0000b2739a2c17365342704d93b3ba38","1","7","172573","https://p.scdn.co/mp3-preview/1ae94ac62e2e622bf1161da9c62e0a2d63177c4f?cid=9950ac751e34487dbbe027c4fd7f8e99","false","29","BRSME7900039","spotify:user:isak.sjoholm.","2025-07-18T13:23:32Z","mpb","0.692","0.481","2","-9.416","1","0.0444","0.34","0","0.18","0.881","138.599","4","","Sony BMG Music Entertainment","P 1979 SONY MUSIC ENTERTAINMENT (BRASIL) I.C.L."
"spotify:track:3kSha4UNVxt0OvQOXrUF5k","Mares Da Espanha","spotify:artist:4oqEOTTnqopPdYFYz0i61Y","Angela Ro Ro","spotify:album:5b9KqfZmD65KQNs6vD4VBd","Angela Roro","spotify:artist:4oqEOTTnqopPdYFYz0i61Y","Angela Ro Ro","1979-03-16","https://i.scdn.co/image/ab67616d0000b273cc9018510ea03599a37413f4","1","8","196333","https://p.scdn.co/mp3-preview/2fc15354ce421896c1df5bc2820e23748793939e?cid=9950ac751e34487dbbe027c4fd7f8e99","false","32","BRMCA7900131","spotify:user:isak.sjoholm.","2025-07-18T13:23:32Z","mpb","0.528","0.444","4","-8.115","0","0.0499","0.641","0","0.318","0.29","110.569","4","","Universal Music Ltda.","C © 1979 Universal Music Ltda, P ℗ 1979 Universal Music Ltda"
"spotify:track:0BH4aYGcDVR6CVAmfjaRXB","Sonho Meu","spotify:artist:0tWtrXx0eO52k40JMojM0j, spotify:artist:6Q1U3z1hge970f3QhrPKcW","Clementina De Jesus, Dona Ivone Lara","spotify:album:1kwn6LeXg0odra40qi2AxZ","Clementina E Convidados","spotify:artist:0tWtrXx0eO52k40JMojM0j","Clementina De Jesus","1979-01-01","https://i.scdn.co/image/ab67616d0000b273f2b05190925f476386fdcbe8","1","9","203240","https://p.scdn.co/mp3-preview/c4750261018fea55fe0a4b3d78cda1e62fef7681?cid=9950ac751e34487dbbe027c4fd7f8e99","false","26","BREMI7900034","spotify:user:isak.sjoholm.","2025-07-18T13:23:32Z","samba,axé,samba,pagode,mpb","0.7","0.584","5","-8.836","1","0.0431","0.223","0","0.117","0.973","161.989","4","","EMI","C © 1979 EMI Music Brasil Ltda, P ℗ 1979 EMI Music Brasil Ltda"
"spotify:track:0qzMnZCKraZLROfETzhQp8","Mineiro Não Perde O Trêm","spotify:artist:41fjoh5NjJhlDHYIUb9Hsk","Trio Parada Dura","spotify:album:5HUr54xPaRaFIAGjhvhhow","Mineiro Não Perde Trem","spotify:artist:41fjoh5NjJhlDHYIUb9Hsk","Trio Parada Dura","1979-05-02","https://i.scdn.co/image/ab67616d0000b273933477aaa706bc95174298d7","1","5","162493","https://p.scdn.co/mp3-preview/eca649864238a48d0f966f9d9e5d4397d711a380?cid=9950ac751e34487dbbe027c4fd7f8e99","false","13","BREMI7900208","spotify:user:isak.sjoholm.","2025-07-18T13:23:32Z","sertanejo tradicional,sertanejo","0.677","0.436","8","-8.155","1","0.0799","0.484","0","0.268","0.815","152.681","4","","EMI Music Brasil Ltda","C © 1979 EMI Music Brasil Ltda, P ℗ 1979 EMI Music Brasil Ltda"
"spotify:track:11Y90nePOOx6KiEQ2SVAAf","Coraçao Vadio","spotify:artist:4cn4gMq0KXORHeYA45PcBi","Elza Soares","spotify:album:4Ju0uPsPQWLNq6vL4gS8Wa","Senhora da Terra","spotify:artist:4cn4gMq0KXORHeYA45PcBi","Elza Soares","1979","https://i.scdn.co/image/ab67616d0000b273f267c3573f2fbc7c47b3f11c","1","2","176226","https://p.scdn.co/mp3-preview/9d7e1c9df84e2ba37eac725ff5676f56841cbb52?cid=9950ac751e34487dbbe027c4fd7f8e99","false","8","BRSME7900231","spotify:user:isak.sjoholm.","2025-07-18T13:23:32Z","samba,mpb,bossa nova,nova mpb","0.574","0.533","0","-7.178","0","0.098","0.792","0","0.183","0.889","125.776","4","","Sony Music Entertainment","P (P) 1979 Discos CBS"
"spotify:track:2sOp8WCqIS08NUD8NoCiP8","Morre O Burro, Fica O Homem","spotify:artist:5JYtpnUKxAzXfHEYpOeeit","Jorge Ben Jor","spotify:album:0LOy0Q27F8JLmTHVb8b51g","Ben","spotify:artist:5JYtpnUKxAzXfHEYpOeeit","Jorge Ben Jor","1979-01-08","https://i.scdn.co/image/ab67616d0000b273c9c338f9a6e31c1374464880","1","1","126733","https://p.scdn.co/mp3-preview/b105a50180b348f19797158a21e737beb7f970c4?cid=9950ac751e34487dbbe027c4fd7f8e99","false","28","BRPGD7200011","spotify:user:isak.sjoholm.","2025-07-18T13:23:32Z","mpb,bossa nova,samba,brasiliansk jazz","0.555","0.896","11","-4.472","1","0.0791","0.339","0.0000387","0.647","0.752","97.615","4","","Universal Music Ltda.","C © 1979 Universal Music International, P ℗ 1979 Universal Music International"
"spotify:track:4tkQYvT5W6SfFAsD1cqFOl","Incompatibilidade","spotify:artist:1nv813b9IAJBc2354wQodV","Oswaldo Montenegro","spotify:album:3oKX8S8M4ORXh1Qgv5TNdK","2 é demais!","spotify:artist:1nv813b9IAJBc2354wQodV","Oswaldo Montenegro","1979","https://i.scdn.co/image/ab67616d0000b2738322ebf6d11dffa939b2ed21","1","21","303733","https://p.scdn.co/mp3-preview/ca60b42f8d1d0a358cef09b3b77da3003d1025bd?cid=9950ac751e34487dbbe027c4fd7f8e99","false","18","BRWMB9600589","spotify:user:isak.sjoholm.","2025-07-18T13:23:32Z","mpb","0.669","0.646","7","-10.2","1","0.214","0.325","0","0.109","0.714","110.503","4","","WM Brazil","C © 1979 Warner Music Brasil Ltda., P ℗ 1979 Warner Music Brasil Ltda."
"spotify:track:0KYlAgIODgz0K57K0AJ0pc","Bolero de satã (feat. Cauby Peixoto)","spotify:artist:0yFvXd36g5sNKYDi0Kkvl8, spotify:artist:1j081CNX8swtqfQCXGUc4v","Elis Regina, Cauby Peixoto","spotify:album:0hb1fhxAqcZrsdhHl5ikWr","Essa Mulher","spotify:artist:0yFvXd36g5sNKYDi0Kkvl8","Elis Regina","1979-05-17","https://i.scdn.co/image/ab67616d0000b273544730415c9d4bdb11f09fd2","1","8","212676","https://p.scdn.co/mp3-preview/962ef3d71937ea5c95457bd6e4c65231dc5b5504?cid=9950ac751e34487dbbe027c4fd7f8e99","false","33","BRWMB9701657","spotify:user:isak.sjoholm.","2025-07-18T13:23:32Z","mpb,bossa nova,brasiliansk jazz,samba,seresta,bossa nova,brega,mpb,bolero","0.468","0.474","2","-7.34","1","0.0325","0.762","0.00000199","0.105","0.0739","95.935","4","","WM Brazil","C © 1979 WEA International Inc., P ℗ 1979 WEA International Inc."
"spotify:track:0h4ZsKwK8JuYFF4H4PWCPb","Cavalgada / Outra Vez","spotify:artist:76Qh9PRO4QkVjRmTSw9T0G","Orquestra Românticos de Cuba","spotify:album:6zElEgYcNN9SNn0msvtje2","Sucessos de Roberto Carlos","spotify:artist:76Qh9PRO4QkVjRmTSw9T0G","Orquestra Românticos de Cuba","1979","https://i.scdn.co/image/ab67616d0000b273f42a0d453a00ea0cd57b4bb3","1","2","311706","https://p.scdn.co/mp3-preview/d1807b2bf625be6a31057cb8741b5b05fb28948e?cid=9950ac751e34487dbbe027c4fd7f8e99","false","28","BRHHC1000025","spotify:user:isak.sjoholm.","2025-07-18T13:23:32Z","orkester,bolero","0.224","0.497","3","-13.041","1","0.0284","0.05","0.903","0.0556","0.391","89.999","4","","Musidisc","C 2013 Musidisc, P 1979 Musidisc"
"spotify:track:1oVD2ZhWsiRcFYV6ibWRjP","Tudo Que Você Podia Ser","spotify:artist:1mZbRiSVb2ExneAlDbBiiT","Lô Borges","spotify:album:77l2jnLwCyD9yvAiDCWadA","A Via-Láctea","spotify:artist:1mZbRiSVb2ExneAlDbBiiT","Lô Borges","1979-03-09","https://i.scdn.co/image/ab67616d0000b2736ff10222b78957e691147c05","1","9","225813","https://p.scdn.co/mp3-preview/39287b30fae6ae28efc28c34104233e99bf5fa0a?cid=9950ac751e34487dbbe027c4fd7f8e99","false","44","BREMI7900146","spotify:user:isak.sjoholm.","2025-07-18T13:23:32Z","mpb,brasiliansk jazz","0.432","0.734","2","-9.57","0","0.0427","0.522","0.000995","0.415","0.547","110.329","4","","EMI Brazil","C © 1979 EMI Records Brasil Ltda, P ℗ 1979 EMI Records Brasil Ltda"
"spotify:track:20dH9CgqNc3Rga0Da2KWH7","O amor não é só de rosas","spotify:artist:5mQMEwn8ExRnlxpp3L0gHn, spotify:artist:55Wn8tf8dBvfl1HRsD7Kze","Amado Batista, Continental","spotify:album:1eCtqD8bzSD63QCTdh3T4l","O Amor Não é Só de Rosas","spotify:artist:5mQMEwn8ExRnlxpp3L0gHn, spotify:artist:55Wn8tf8dBvfl1HRsD7Kze","Amado Batista, Continental","1979","https://i.scdn.co/image/ab67616d0000b2731de723b5686ade365f4d0de2","1","5","152026","","false","25","BRWMB9700248","spotify:user:isak.sjoholm.","2025-07-18T13:23:32Z","brega,seresta,sertanejo tradicional,sertanejo,sertanejo tradicional,sertanejo,brega","0.701","0.634","4","-7.356","1","0.0279","0.528","0.00000757","0.252","0.836","127.432","4","","WM Brazil","C © 1979 WEA International Inc., P ℗ 1996 WEA International Inc."
"spotify:track:78J8b2YnaFrsCflgemM6mU","A Noite","spotify:artist:64neTfIIdYKNhJ9zxoz3jF","Ivan Lins","spotify:album:2wEO2XCf7yhfSIimNXOvi9","A Noite","spotify:artist:64neTfIIdYKNhJ9zxoz3jF","Ivan Lins","1979-01-01","https://i.scdn.co/image/ab67616d0000b2736f0ce1d5f2fa95229ed5fdc4","1","1","209826","https://p.scdn.co/mp3-preview/b6cca9a50ef3adae69e9fe4f4e7250f56d48b3dc?cid=9950ac751e34487dbbe027c4fd7f8e99","false","20","BREMI7900043","spotify:user:isak.sjoholm.","2025-07-18T13:23:32Z","mpb,samba,latinamerikansk jazz,brasiliansk jazz,bossa nova","0.349","0.584","1","-7.66","0","0.029","0.699","0.00965","0.154","0.314","73.022","4","","EMI","C © 1979 EMI Music Brasil Ltda, P ℗ 1979 EMI Music Brasil Ltda"
"spotify:track:052aelzpn96BiGSHLfblmZ","O Bater Do Tambor","spotify:artist:1b8kpp4DUwt1hWaxTiWQhD","Gal Costa","spotify:album:1Vjf7xPNvBhqKnAR4rAXR2","Gal Tropical","spotify:artist:1b8kpp4DUwt1hWaxTiWQhD","Gal Costa","1979-01-08","https://i.scdn.co/image/ab67616d0000b273de4828d89731083b45eb1521","1","11","180160","https://p.scdn.co/mp3-preview/030c38be9bc86364b2a9d7f2b41de585df4bc7fd?cid=9950ac751e34487dbbe027c4fd7f8e99","false","24","BRUM70500228","spotify:user:isak.sjoholm.","2025-07-18T13:23:32Z","mpb,bossa nova,brasiliansk jazz","0.473","0.668","1","-10.787","0","0.216","0.0972","0","0.344","0.868","144.322","4","","Universal Music Ltda.","C © 1979 Universal Music International, P ℗ 1979 Universal Music International"
"spotify:track:3guga1AVcVCsNaofwAuc9Z","Agito E Uso","spotify:artist:4oqEOTTnqopPdYFYz0i61Y","Angela Ro Ro","spotify:album:5b9KqfZmD65KQNs6vD4VBd","Angela Roro","spotify:artist:4oqEOTTnqopPdYFYz0i61Y","Angela Ro Ro","1979-03-16","https://i.scdn.co/image/ab67616d0000b273cc9018510ea03599a37413f4","1","7","155493","https://p.scdn.co/mp3-preview/0d8cf5fb4db8272b527a453f53f716aa7ff0ddd6?cid=9950ac751e34487dbbe027c4fd7f8e99","false","28","BRMCA7900130","spotify:user:isak.sjoholm.","2025-07-18T13:23:32Z","mpb","0.34","0.868","0","-6.073","1","0.2","0.762","0.000053","0.234","0.513","216.185","4","","Universal Music Ltda.","C © 1979 Universal Music Ltda, P ℗ 1979 Universal Music Ltda"
"spotify:track:6EPCujegvlnXtytt0JogYm","Sobre as Ondas do Mar","spotify:artist:4RS0cca2Ex2L93NJ2MZaaN","Jair Pires","spotify:album:3OHP42I3ecNU7zsRUzQiBM","Jair e a Harpa Perfil, Vol. 17","spotify:artist:4RS0cca2Ex2L93NJ2MZaaN","Jair Pires","1979-04-10","https://i.scdn.co/image/ab67616d0000b273f16b0afb264c064053dca115","1","9","165643","https://p.scdn.co/mp3-preview/9b8d934beeaea9e271b44df099416c717616e8aa?cid=9950ac751e34487dbbe027c4fd7f8e99","false","24","BRGVR1700079","spotify:user:isak.sjoholm.","2025-07-18T13:23:32Z","brasiliansk gospel,pentecostal,gospel","0.431","0.332","7","-12.685","1","0.0328","0.782","0","0.141","0.681","155.086","3","","Gravadora Doce Harmonia","C 1979 Gravadora Doce Harmonia, P 1979 Gravadora Doce Harmonia"
"spotify:track:6jBbwohnRTLJTATcHNXrIX","A Preta Do Acarajé","spotify:artist:1b8kpp4DUwt1hWaxTiWQhD","Gal Costa","spotify:album:1Vjf7xPNvBhqKnAR4rAXR2","Gal Tropical","spotify:artist:1b8kpp4DUwt1hWaxTiWQhD","Gal Costa","1979-01-08","https://i.scdn.co/image/ab67616d0000b273de4828d89731083b45eb1521","1","5","247800","https://p.scdn.co/mp3-preview/62b7ef1f40e715dc12dbd2883f97fc14c262bf25?cid=9950ac751e34487dbbe027c4fd7f8e99","false","25","BRMCA7900107","spotify:user:isak.sjoholm.","2025-07-18T13:23:32Z","mpb,bossa nova,brasiliansk jazz","0.447","0.443","9","-13.699","0","0.247","0.63","0","0.102","0.371","97.181","4","","Universal Music Ltda.","C © 1979 Universal Music International, P ℗ 1979 Universal Music International"
"spotify:track:6uKb1LicF0A6GvVUXopCfl","Zumbido","spotify:artist:0t2xdTxRXnffsmpMamH8Ls","Paulinho Da Viola","spotify:album:0UjZGgSyiCpjXfVLVLcqD3","Zumbido","spotify:artist:0t2xdTxRXnffsmpMamH8Ls","Paulinho Da Viola","1979","https://i.scdn.co/image/ab67616d0000b273ac85729cf00d94805486ed06","1","12","203973","https://p.scdn.co/mp3-preview/6557e82af29ad0d0f7c37d622e19d3b98fb00183?cid=9950ac751e34487dbbe027c4fd7f8e99","false","14","BREMI1200225","spotify:user:isak.sjoholm.","2025-07-18T13:23:32Z","samba,mpb,bossa nova,pagode","0.778","0.503","6","-10.814","0","0.346","0.858","0.0498","0.066","0.966","170.152","4","","EMI","C © 1979 EMI Records Brasil Ltda, P ℗ 1979 EMI Records Brasil Ltda"
"spotify:track:085mCcYQFtnOLFgVrAQcpd","Um Pendão Real","spotify:artist:4RS0cca2Ex2L93NJ2MZaaN","Jair Pires","spotify:album:3OHP42I3ecNU7zsRUzQiBM","Jair e a Harpa Perfil, Vol. 17","spotify:artist:4RS0cca2Ex2L93NJ2MZaaN","Jair Pires","1979-04-10","https://i.scdn.co/image/ab67616d0000b273f16b0afb264c064053dca115","1","8","161385","https://p.scdn.co/mp3-preview/decaadfe8dcc7105cd9805cdb94690413e190613?cid=9950ac751e34487dbbe027c4fd7f8e99","false","25","BRGVR1700078","spotify:user:isak.sjoholm.","2025-07-18T13:23:32Z","brasiliansk gospel,pentecostal,gospel","0.647","0.31","9","-12.75","1","0.0333","0.844","0","0.194","0.588","117.887","4","","Gravadora Doce Harmonia","C 1979 Gravadora Doce Harmonia, P 1979 Gravadora Doce Harmonia"
"spotify:track:3jtxmYMMUb7IhQZ9BfIbWx","Do You Wanna Go Party","spotify:artist:3mQBpAOMWYqAZyxtyeo4Lo","KC & The Sunshine Band","spotify:album:3veSKEBvveTdMZk35f6QBs","Do You Wanna Go Party","spotify:artist:3mQBpAOMWYqAZyxtyeo4Lo","KC & The Sunshine Band","1979","https://i.scdn.co/image/ab67616d0000b2736332e2da57a38ffee8e8fb41","1","7","450000","https://p.scdn.co/mp3-preview/edf33abb911637e8e52580c78f184ae3561fc5ea?cid=9950ac751e34487dbbe027c4fd7f8e99","false","32","GBAYE7900016","spotify:user:isak.sjoholm.","2025-07-18T13:23:32Z","disco","0.593","0.884","10","-7.059","1","0.128","0.0684","0.000787","0.736","0.774","121.794","4","","Rhino","C © 1979 Parlophone Records Ltd, a Warner Music Group Company, P ℗ 1979 Parlophone Records Ltd, a Warner Music Group Company"
"spotify:track:4H7ZAVZ6BFG5XlTfpFxzD1","Voz da américa","spotify:artist:0C8HhyOa7zfzIl3gmPjY52","Belchior","spotify:album:5GjRzygj2zscprD7zPYSt0","Belchior ou era uma vez um homem e seu tempo","spotify:artist:0C8HhyOa7zfzIl3gmPjY52","Belchior","1979-01-01","https://i.scdn.co/image/ab67616d0000b273c11f8fbab584abf1f8913cb2","1","8","181305","https://p.scdn.co/mp3-preview/3d5a66b6c3a8c496d22cb2823abac78c340869af?cid=9950ac751e34487dbbe027c4fd7f8e99","false","21","BRWMB9600697","spotify:user:isak.sjoholm.","2025-07-18T13:23:32Z","mpb","0.614","0.588","9","-6.067","1","0.0394","0.602","0","0.244","0.614","122.339","4","","WM Brazil","C © 2017 Warner Music Brasil Ltda., P ℗ 2017 Warner Music Brasil Ltda."
"spotify:track:5zvrHL1fITX3gJkQnGYuGX","Senhor Delegado - Bonus Track","spotify:artist:7oEkUINVIj1Nr3Wnj8tzqr","Gilberto Gil","spotify:album:7dBoyhnlxf1DvmWxtgQPLr","Realce","spotify:artist:7oEkUINVIj1Nr3Wnj8tzqr","Gilberto Gil","1979-08-15","https://i.scdn.co/image/ab67616d0000b273e0a1e9e985f9b3a12c95250f","1","12","158000","https://p.scdn.co/mp3-preview/24e858e07ac3e1e0f1fee21d73bad06c91d72487?cid=9950ac751e34487dbbe027c4fd7f8e99","false","20","BRGPG7900012","spotify:user:isak.sjoholm.","2025-07-18T13:23:32Z","mpb,bossa nova,forró tradicional,samba,brasiliansk jazz","0.525","0.94","0","-10.727","1","0.0423","0.703","0.0125","0.204","0.809","98.687","4","","Palco","C 1979 Gege Producoes Artisticas, P 1979 Gege Producoes Artisticas"
"spotify:track:6alubKMnC1Nn5RIN1QNODQ","Noche De Ronda/Escandalo","spotify:artist:1F8mRUp3abFvF2GBaFw13b","Altemar Dutra","spotify:album:2UxB7aKWkAXbPwdxphieD0","Siempre Romantico","spotify:artist:1F8mRUp3abFvF2GBaFw13b","Altemar Dutra","1979-03-15","https://i.scdn.co/image/ab67616d0000b27352ecae294ac06a7f4f2feee5","1","10","203840","https://p.scdn.co/mp3-preview/b466b9d0d4499ed03c3438d37dc2649a2c7b2625?cid=9950ac751e34487dbbe027c4fd7f8e99","false","20","BRBMG7900295","spotify:user:isak.sjoholm.","2025-07-18T13:23:32Z","seresta,brega,bolero","0.701","0.287","11","-12.33","1","0.0326","0.675","0.00000259","0.125","0.519","99.989","4","","RCA Records Label","P (P) 1979 BMG Brasil Ltda."
"spotify:track:25JazX6so4l221WXsQcciF","Coito Das Araras","spotify:artist:5hzHutt6DLPzctqvnS6Fdv","Amelinha","spotify:album:48nwSoJS9YsQ1f8OotMNUg","Frevo Mulher","spotify:artist:5hzHutt6DLPzctqvnS6Fdv","Amelinha","2010-03-12","https://i.scdn.co/image/ab67616d0000b27346c44b3161345089e8df6cde","1","7","260106","https://p.scdn.co/mp3-preview/0f781cc603c9eed1cdc0125ed61c82f6f5ae4430?cid=9950ac751e34487dbbe027c4fd7f8e99","false","22","BRSME7900054","spotify:user:isak.sjoholm.","2025-07-18T13:23:32Z","mpb,forró tradicional,forró,brega","0.449","0.794","2","-11.747","1","0.0431","0.492","0","0.0969","0.875","150.884","3","","Columbia","P Compilation (P) 1979, 1984, 1985, 1997 Sony Music Entertainment (Brasil) I.C.L."
"spotify:track:40JlXx8UhS2V0N6LUm6hgA","Banho De Manjericão","spotify:artist:6UKz2oYWzE0ZBnciztCown","Clara Nunes","spotify:album:1w0vpzwKGWVcoWYP4EZIa4","Esperança","spotify:artist:6UKz2oYWzE0ZBnciztCown","Clara Nunes","1979-05-22","https://i.scdn.co/image/ab67616d0000b27385c21a856d005e244de2b610","1","1","189093","https://p.scdn.co/mp3-preview/4525ff61a5d848fbfaf58747bb53651b1851b00d?cid=9950ac751e34487dbbe027c4fd7f8e99","false","29","BREMI0300687","spotify:user:isak.sjoholm.","2025-07-18T13:23:32Z","samba,mpb,forró tradicional,pagode,forró,axé","0.538","0.919","7","-5.913","1","0.133","0.312","0","0.108","0.908","128.417","4","","EMI Music Brasil Ltda","C © 1979 EMI Music Brasil Ltda, P ℗ 1979 EMI Music Brasil Ltda"
"spotify:track:43C64L5aTS1lpzBBcyptak","Meu cordial brasileiro","spotify:artist:0C8HhyOa7zfzIl3gmPjY52","Belchior","spotify:album:5GjRzygj2zscprD7zPYSt0","Belchior ou era uma vez um homem e seu tempo","spotify:artist:0C8HhyOa7zfzIl3gmPjY52","Belchior","1979-01-01","https://i.scdn.co/image/ab67616d0000b273c11f8fbab584abf1f8913cb2","1","10","187074","https://p.scdn.co/mp3-preview/89690717513e186b06c02ad8f18efdb8ff2a26c2?cid=9950ac751e34487dbbe027c4fd7f8e99","false","20","BRWMB9600699","spotify:user:isak.sjoholm.","2025-07-18T13:23:32Z","mpb","0.734","0.744","10","-5.761","1","0.0358","0.734","0","0.218","0.538","129.727","4","","WM Brazil","C © 2017 Warner Music Brasil Ltda., P ℗ 2017 Warner Music Brasil Ltda."
"spotify:track:3rIdq9ozT0UKFGAnSKMxsV","Escurinho - Bonus Track","spotify:artist:7oEkUINVIj1Nr3Wnj8tzqr","Gilberto Gil","spotify:album:7dBoyhnlxf1DvmWxtgQPLr","Realce","spotify:artist:7oEkUINVIj1Nr3Wnj8tzqr","Gilberto Gil","1979-08-15","https://i.scdn.co/image/ab67616d0000b273e0a1e9e985f9b3a12c95250f","1","13","215826","https://p.scdn.co/mp3-preview/36c4628031c398a3b0aadaac9043dd4f09d69142?cid=9950ac751e34487dbbe027c4fd7f8e99","false","20","BRGPG7900013","spotify:user:isak.sjoholm.","2025-07-18T13:23:32Z","mpb,bossa nova,forró tradicional,samba,brasiliansk jazz","0.521","0.874","0","-9.851","1","0.0485","0.745","0.888","0.104","0.923","92.714","4","","Palco","C 1979 Gege Producoes Artisticas, P 1979 Gege Producoes Artisticas"
"spotify:track:0YcWpk5SATSTWOitul30df","Última lembrança","spotify:artist:5mQMEwn8ExRnlxpp3L0gHn, spotify:artist:55Wn8tf8dBvfl1HRsD7Kze","Amado Batista, Continental","spotify:album:1eCtqD8bzSD63QCTdh3T4l","O Amor Não é Só de Rosas","spotify:artist:5mQMEwn8ExRnlxpp3L0gHn, spotify:artist:55Wn8tf8dBvfl1HRsD7Kze","Amado Batista, Continental","1979","https://i.scdn.co/image/ab67616d0000b2731de723b5686ade365f4d0de2","1","7","159093","","false","21","BRWMB9700250","spotify:user:isak.sjoholm.","2025-07-18T13:23:32Z","brega,seresta,sertanejo tradicional,sertanejo,sertanejo tradicional,sertanejo,brega","0.72","0.544","9","-8.818","1","0.0269","0.577","0.000502","0.167","0.859","109.045","4","","WM Brazil","C © 1979 WEA International Inc., P ℗ 1996 WEA International Inc."
"spotify:track:0sUnjbDbBycm34h34HULXb","Amor Em Segredo","spotify:artist:41fjoh5NjJhlDHYIUb9Hsk","Trio Parada Dura","spotify:album:7Ao1P5cMUctqxHEO4nE6Sb","Homem De Pedra","spotify:artist:41fjoh5NjJhlDHYIUb9Hsk","Trio Parada Dura","1979-01-01","https://i.scdn.co/image/ab67616d0000b27334646ad9bb2abd6398da2769","1","12","235320","https://p.scdn.co/mp3-preview/05e5338a96eedc614637212a794828a4b9cd25ab?cid=9950ac751e34487dbbe027c4fd7f8e99","false","18","BREMI7900276","spotify:user:isak.sjoholm.","2025-07-18T13:23:32Z","sertanejo tradicional,sertanejo","0.814","0.274","4","-9.678","1","0.037","0.329","0","0.0406","0.932","95.275","4","","EMI Brazil","C © 1979 EMI Music Brasil Ltda, P ℗ 1979 EMI Music Brasil Ltda"
"spotify:track:22IML1VBAVKFohP9RBIhVG","Do mundo nada se leva","spotify:artist:4oa7ETNZH1ivfzFkCGVZlR, spotify:artist:55Wn8tf8dBvfl1HRsD7Kze","Milionário & José Rico, Continental","spotify:album:5HfS9U5BN9hWBJv57EaE8L","Volume 08 (Realidade)","spotify:artist:4oa7ETNZH1ivfzFkCGVZlR, spotify:artist:55Wn8tf8dBvfl1HRsD7Kze","Milionário & José Rico, Continental","1979","https://i.scdn.co/image/ab67616d0000b27314dc89ba82494e618eb614d7","1","3","166733","https://p.scdn.co/mp3-preview/051a445797f51d9e33f757a84d1ec52e13f44411?cid=9950ac751e34487dbbe027c4fd7f8e99","false","26","BRWMB9705665","spotify:user:isak.sjoholm.","2025-07-18T13:23:32Z","sertanejo tradicional,sertanejo,sertanejo tradicional,sertanejo,brega","0.668","0.526","7","-5.309","1","0.0329","0.592","0","0.202","0.846","120.527","3","","WM Brazil","C © 1979 WEA International Inc., P ℗ 2001 WEA International Inc."
"spotify:track:7dDbosatOEKO4Ln6qXzNst","Eu hein, rosa!","spotify:artist:0yFvXd36g5sNKYDi0Kkvl8","Elis Regina","spotify:album:0hb1fhxAqcZrsdhHl5ikWr","Essa Mulher","spotify:artist:0yFvXd36g5sNKYDi0Kkvl8","Elis Regina","1979-05-17","https://i.scdn.co/image/ab67616d0000b273544730415c9d4bdb11f09fd2","1","6","214306","https://p.scdn.co/mp3-preview/765e7eecb0b069b97d271140cd4342aa0288125e?cid=9950ac751e34487dbbe027c4fd7f8e99","false","24","BRWMB9701655","spotify:user:isak.sjoholm.","2025-07-18T13:23:32Z","mpb,bossa nova,brasiliansk jazz,samba","0.624","0.928","6","-8.612","0","0.0719","0.573","0.00000226","0.687","0.761","118.475","4","","WM Brazil","C © 1979 WEA International Inc., P ℗ 1979 WEA International Inc."
"spotify:track:7h7KQK7GJQ1jE7glZ6QzpR","Fruto Do Amor","spotify:artist:41fjoh5NjJhlDHYIUb9Hsk","Trio Parada Dura","spotify:album:5vY15onpUaPQHFy9qPKjDF","Casa Da Avenida","spotify:artist:41fjoh5NjJhlDHYIUb9Hsk","Trio Parada Dura","1979-01-02","https://i.scdn.co/image/ab67616d0000b273be461f49b0a337c8c7f67ce2","1","1","188533","https://p.scdn.co/mp3-preview/81b28233081c54495a2de6bcc6a986ab96a8c00c?cid=9950ac751e34487dbbe027c4fd7f8e99","false","14","BREMI7900541","spotify:user:isak.sjoholm.","2025-07-18T13:23:32Z","sertanejo tradicional,sertanejo","0.681","0.411","9","-5.408","1","0.0527","0.112","0","0.116","0.625","88.865","4","","EMI Music Brasil Ltda","C © 1979 EMI Music Brasil Ltda, P ℗ 1979 EMI Music Brasil Ltda"
"spotify:track:6N6gUD8EXCyU0EUR4y5lyh","Olhai Pro Cordeiro","spotify:artist:4RS0cca2Ex2L93NJ2MZaaN","Jair Pires","spotify:album:3OHP42I3ecNU7zsRUzQiBM","Jair e a Harpa Perfil, Vol. 17","spotify:artist:4RS0cca2Ex2L93NJ2MZaaN","Jair Pires","1979-04-10","https://i.scdn.co/image/ab67616d0000b273f16b0afb264c064053dca115","1","3","172200","https://p.scdn.co/mp3-preview/e0946dd339e9ff674e8486e6197cf4ffdc7ea58a?cid=9950ac751e34487dbbe027c4fd7f8e99","false","16","BRGVR0900339","spotify:user:isak.sjoholm.","2025-07-18T13:23:32Z","brasiliansk gospel,pentecostal,gospel","0.659","0.357","7","-10.766","1","0.0265","0.821","0","0.154","0.844","108.147","4","","Gravadora Doce Harmonia","C 1979 Gravadora Doce Harmonia, P 1979 Gravadora Doce Harmonia"
"spotify:track:7jk09xr896c172jTNJFqjY","Ela é Carioca / Garota de Ipanema","spotify:artist:67Hc7bfMwfqkyOUCjQgRkf","Milton Banana Trio","spotify:album:1TyXfG04QDAly0DkfXJxI8","Ao Meu Amigo Tom","spotify:artist:67Hc7bfMwfqkyOUCjQgRkf","Milton Banana Trio","1979-07-28","https://i.scdn.co/image/ab67616d0000b27328a89d19eee2cb9901b3d462","1","4","127826","https://p.scdn.co/mp3-preview/5a710d14dc1502f52257340e9b859f9bc0f99120?cid=9950ac751e34487dbbe027c4fd7f8e99","false","17","BRBMG7900067","spotify:user:isak.sjoholm.","2025-07-18T13:23:32Z","brasiliansk jazz,bossa nova,latinamerikansk jazz,samba","0.622","0.515","5","-15.547","1","0.0597","0.676","0.36","0.107","0.629","157.869","4","","RCA Records Label","P (P) 1995 Sony Music Entertainment Ariola Discos."
"spotify:track:0jTiJ1EEEwPErgYfeCib5W","Não Chores Mais","spotify:artist:4RS0cca2Ex2L93NJ2MZaaN","Jair Pires","spotify:album:0H6cPL1QPdKQwBMccMGnhM","O Pecado Não Doi Perfil, Vol. 3","spotify:artist:4RS0cca2Ex2L93NJ2MZaaN","Jair Pires","1979-04-10","https://i.scdn.co/image/ab67616d0000b273cd28e14ecc46601180f59812","1","8","184399","https://p.scdn.co/mp3-preview/f5af45f04f8c94a8cff1860cb0850158b52b0642?cid=9950ac751e34487dbbe027c4fd7f8e99","false","27","BRGVR0800043","spotify:user:isak.sjoholm.","2025-07-18T13:23:32Z","brasiliansk gospel,pentecostal,gospel","0.585","0.457","5","-8.934","1","0.0245","0.0968","0.0000277","0.082","0.52","150.81","3","","Gravadora Doce Harmonia","C 1979 Gravadora Doce Harmonia, P 1979 Gravadora Doce Harmonia"
"spotify:track:2ymDsX2xDJ3mIlP2rui5gN","Abre O Coração","spotify:artist:4oqEOTTnqopPdYFYz0i61Y","Angela Ro Ro","spotify:album:5b9KqfZmD65KQNs6vD4VBd","Angela Roro","spotify:artist:4oqEOTTnqopPdYFYz0i61Y","Angela Ro Ro","1979-03-16","https://i.scdn.co/image/ab67616d0000b273cc9018510ea03599a37413f4","1","12","232960","https://p.scdn.co/mp3-preview/cf4ea8aa2681eecc7cb79af128ddc78ea23ecd42?cid=9950ac751e34487dbbe027c4fd7f8e99","false","28","BRMCA7900135","spotify:user:isak.sjoholm.","2025-07-18T13:23:32Z","mpb","0.502","0.696","0","-8.398","1","0.0558","0.377","0","0.0899","0.34","142.921","4","","Universal Music Ltda.","C © 1979 Universal Music Ltda, P ℗ 1979 Universal Music Ltda"
"spotify:track:6KYxSHd21NO85yA6THzmqr","Ao nosso filho morena","spotify:artist:1nv813b9IAJBc2354wQodV","Oswaldo Montenegro","spotify:album:3oKX8S8M4ORXh1Qgv5TNdK","2 é demais!","spotify:artist:1nv813b9IAJBc2354wQodV","Oswaldo Montenegro","1979","https://i.scdn.co/image/ab67616d0000b2738322ebf6d11dffa939b2ed21","1","14","134506","https://p.scdn.co/mp3-preview/f3dc344cf7f1934aa5166e6a36aae87ccd5ac56c?cid=9950ac751e34487dbbe027c4fd7f8e99","false","21","BRWMB9600582","spotify:user:isak.sjoholm.","2025-07-18T13:23:32Z","mpb","0.313","0.0707","9","-22.543","1","0.051","0.932","0.0557","0.0986","0.102","76.949","3","","WM Brazil","C © 1979 Warner Music Brasil Ltda., P ℗ 1979 Warner Music Brasil Ltda."
"spotify:track:6lRU6Frdy32zvYXLcqTiad","Eu Vou Pegar o Metro","spotify:artist:0Pn49e9KBqcekfXpSAGgAM","Cátia de França","spotify:album:1ZBQq9OK0WC1Ti35wLNhgi","Vinte Palavras ao Redor do Sol","spotify:artist:0Pn49e9KBqcekfXpSAGgAM","Cátia de França","1979","https://i.scdn.co/image/ab67616d0000b2732e96a5d77c3c50c7512a5f79","1","12","138053","https://p.scdn.co/mp3-preview/94bf34d672f30d583edd5ae83c0fe23f75887f30?cid=9950ac751e34487dbbe027c4fd7f8e99","false","22","BRSME1701108","spotify:user:isak.sjoholm.","2025-07-18T13:23:32Z","","0.525","0.9","2","-5.658","1","0.0592","0.699","0","0.128","0.962","119.405","4","","Sony Music Entertainment","P (P) 1979 Sony Music Entertainment Brasil ltda."
"spotify:track:0ObOdS1CTyIL9ZoA669UE2","Não Marco Encontro por Telefone","spotify:artist:6BhM6KMEMCo4ifiEpRKh6i","Carlos Alexandre","spotify:album:1dF4CBKVSEyGYqPjoQNSYV","Voltei","spotify:artist:6BhM6KMEMCo4ifiEpRKh6i","Carlos Alexandre","1979-07-29","https://i.scdn.co/image/ab67616d0000b2731132e143aa7c180059f86400","1","1","146866","https://p.scdn.co/mp3-preview/80d403a5ac69cc16c9185f82484b84e44369aa7a?cid=9950ac751e34487dbbe027c4fd7f8e99","false","0","QZEQU1911847","spotify:user:isak.sjoholm.","2025-07-18T13:23:32Z","brega,seresta","0.567","0.801","2","-6.333","0","0.141","0.23","0.0000679","0.283","0.824","143.314","4","","Mauricio Musikal","C 1979 Mauricio Musikal, P 1979 Mauricio Musikal"
"spotify:track:1ySZmrgloYRg4Asonp76Ad","Ai de Mim","spotify:artist:4RS0cca2Ex2L93NJ2MZaaN","Jair Pires","spotify:album:2WRdyDz1cO4s0A0eHPvflQ","O Homem Rico Perfil, Vol. 1","spotify:artist:4RS0cca2Ex2L93NJ2MZaaN","Jair Pires","1979-04-10","https://i.scdn.co/image/ab67616d0000b273bf7803ae0f16f84d9224eae5","1","10","185678","https://p.scdn.co/mp3-preview/3b40dc432cb0baceece869c763bf991edc07a4e7?cid=9950ac751e34487dbbe027c4fd7f8e99","false","28","BRGVR0400031","spotify:user:isak.sjoholm.","2025-07-18T13:23:32Z","brasiliansk gospel,pentecostal,gospel","0.417","0.559","9","-5.637","1","0.0272","0.448","0.0000291","0.279","0.424","175.557","3","","Gravadora Doce Harmonia","C 1979 Gravadora Doce Harmonia, P 1979 Gravadora Doce Harmonia"
"spotify:track:2DpIplQoL7sopFPqv3aAbT","Paula e Bebeto","spotify:artist:3Bnq7jiU506HcPjRgQ43TM","Milton Nascimento","spotify:album:3peuD9hEjWl5kGv0cqBhcG","Bicho De 7 Cabeças","spotify:artist:65TbyndeGrDlFd4IkZNfbN","Geraldo Azevedo","1979-03-30","https://i.scdn.co/image/ab67616d0000b273c2e180777fde4bf8b4ba6b9b","1","8","167333","https://p.scdn.co/mp3-preview/3ee635cf3bc5b144098ffd55c3ae5aa8b7aaba18?cid=9950ac751e34487dbbe027c4fd7f8e99","false","19","BRSME7900277","spotify:user:isak.sjoholm.","2025-07-18T13:23:32Z","mpb,bossa nova,brasiliansk jazz","0.676","0.456","7","-9.097","0","0.101","0.817","0.000513","0.19","0.823","155.395","4","","Sony BMG Music Entertainment","P (P) 1979 SONY MUSIC ENTERTAINMENT (BRASIL) I.C.L."
"spotify:track:3ufHbmnyF5egJQfuz1qrkc","O Pecado Não Doi","spotify:artist:4RS0cca2Ex2L93NJ2MZaaN","Jair Pires","spotify:album:0H6cPL1QPdKQwBMccMGnhM","O Pecado Não Doi Perfil, Vol. 3","spotify:artist:4RS0cca2Ex2L93NJ2MZaaN","Jair Pires","1979-04-10","https://i.scdn.co/image/ab67616d0000b273cd28e14ecc46601180f59812","1","1","171599","https://p.scdn.co/mp3-preview/bdf909332bb5335f2fbf27f00c89af7c253b1343?cid=9950ac751e34487dbbe027c4fd7f8e99","false","25","BRGVR0500095","spotify:user:isak.sjoholm.","2025-07-18T13:23:32Z","brasiliansk gospel,pentecostal,gospel","0.788","0.728","9","-9.359","1","0.0282","0.351","0.0000223","0.225","0.962","125.41","4","","Gravadora Doce Harmonia","C 1979 Gravadora Doce Harmonia, P 1979 Gravadora Doce Harmonia"
"spotify:track:6baHYgLPoDMchPPecdPJsq","O Dever Do Crente","spotify:artist:4RS0cca2Ex2L93NJ2MZaaN","Jair Pires","spotify:album:3vx2zD8rJMKd1AaVrKBmbt","Bate Coração Perfil, Vol. 9","spotify:artist:4RS0cca2Ex2L93NJ2MZaaN","Jair Pires","1979-04-10","https://i.scdn.co/image/ab67616d0000b273ca3df99c3cc1c96207fba099","1","3","171207","https://p.scdn.co/mp3-preview/5c5abade82f0a7ddf6ddf885adc565d1dfb09f76?cid=9950ac751e34487dbbe027c4fd7f8e99","false","26","BRGVR1700001","spotify:user:isak.sjoholm.","2025-07-18T13:23:32Z","brasiliansk gospel,pentecostal,gospel","0.699","0.393","1","-12.453","1","0.0295","0.793","0.00000967","0.0839","0.962","117.621","4","","Gravadora Doce Harmonia","C 1979 Gravadora Doce Harmonia, P 1979 Gravadora Doce Harmonia"
"spotify:track:7scVZj0qNON6xYOFz3tbnG","Escribeme/Y...","spotify:artist:1F8mRUp3abFvF2GBaFw13b","Altemar Dutra","spotify:album:2UxB7aKWkAXbPwdxphieD0","Siempre Romantico","spotify:artist:1F8mRUp3abFvF2GBaFw13b","Altemar Dutra","1979-03-15","https://i.scdn.co/image/ab67616d0000b27352ecae294ac06a7f4f2feee5","1","5","181640","https://p.scdn.co/mp3-preview/985db6bf3cd9750608ea6d34a7bd88bee10f1955?cid=9950ac751e34487dbbe027c4fd7f8e99","false","12","BRBMG7900291","spotify:user:isak.sjoholm.","2025-07-18T13:23:32Z","seresta,brega,bolero","0.616","0.371","5","-11.891","0","0.0327","0.678","0","0.139","0.633","99.121","4","","RCA Records Label","P (P) 1979 BMG Brasil Ltda."
"spotify:track:39gAv3DqhObNsvPXv2RSVk","Leo e Bia","spotify:artist:1nv813b9IAJBc2354wQodV","Oswaldo Montenegro","spotify:album:3oKX8S8M4ORXh1Qgv5TNdK","2 é demais!","spotify:artist:1nv813b9IAJBc2354wQodV","Oswaldo Montenegro","1979","https://i.scdn.co/image/ab67616d0000b2738322ebf6d11dffa939b2ed21","1","1","215933","https://p.scdn.co/mp3-preview/883fe91395e7a63f5616eff352e30ffa3cc26e85?cid=9950ac751e34487dbbe027c4fd7f8e99","false","19","BRWMB9600569","spotify:user:isak.sjoholm.","2025-07-18T13:23:32Z","mpb","0.311","0.425","4","-13.109","1","0.0712","0.323","0.0000732","0.161","0.785","146.689","3","","WM Brazil","C © 1979 Warner Music Brasil Ltda., P ℗ 1979 Warner Music Brasil Ltda."
"spotify:track:0wacj5AePmtFHt8mzdk6t4","Alô, alô marciano","spotify:artist:0yFvXd36g5sNKYDi0Kkvl8","Elis Regina","spotify:album:0CTb6kXUAvM5o1geqVdnsF","2 É Demais","spotify:artist:0yFvXd36g5sNKYDi0Kkvl8","Elis Regina","1980-04-23","https://i.scdn.co/image/ab67616d0000b27333eb86e2c360026887b0781b","1","13","240426","https://p.scdn.co/mp3-preview/fee9bbe9ea5d116ae0951b06e7f54ce7cb0d43c1?cid=9950ac751e34487dbbe027c4fd7f8e99","false","51","BRWMB9600941","spotify:user:isak.sjoholm.","2025-07-18T13:23:32Z","mpb,bossa nova,brasiliansk jazz,samba","0.626","0.296","4","-14.306","0","0.0681","0.743","0.000129","0.466","0.711","128.556","4","","WM Brazil","C © 1980 Warner Music Brasil Ltda., P ℗ 1980 Warner Music Brasil Ltda."
"spotify:track:2rRYtP29evLeX2HHt1ozWE","Anos 80","spotify:artist:7jrRQZg4FZq6dwpi3baKcu","Raul Seixas","spotify:album:3DVhmHZZUO3WvLSt7vLX1F","Abre-Te Sésamo","spotify:artist:7jrRQZg4FZq6dwpi3baKcu","Raul Seixas","1980","https://i.scdn.co/image/ab67616d0000b273d4e14208014eec4a8d658c70","1","3","169106","https://p.scdn.co/mp3-preview/e2e0cc397dbd5b08199afa16afaaef4d149de495?cid=9950ac751e34487dbbe027c4fd7f8e99","false","35","BRSME8100002","spotify:user:isak.sjoholm.","2025-07-18T13:23:32Z","brasiliansk rock,mpb,brasiliansk pop","0.467","0.656","5","-8.814","1","0.076","0.402","0","0.214","0.833","189.266","4","","Columbia","P (P) 1980,1981 Sony Music Entertainment (Brasil) I.C.L."
"spotify:track:2VFofCy8DixMed9fUwDULV","Baby","spotify:artist:7jrRQZg4FZq6dwpi3baKcu","Raul Seixas","spotify:album:3DVhmHZZUO3WvLSt7vLX1F","Abre-Te Sésamo","spotify:artist:7jrRQZg4FZq6dwpi3baKcu","Raul Seixas","1980","https://i.scdn.co/image/ab67616d0000b273d4e14208014eec4a8d658c70","1","10","185240","https://p.scdn.co/mp3-preview/a7922357ecb07473c369411da1397cb4782b210f?cid=9950ac751e34487dbbe027c4fd7f8e99","false","35","BRSME8000017","spotify:user:isak.sjoholm.","2025-07-18T13:23:32Z","brasiliansk rock,mpb,brasiliansk pop","0.65","0.451","7","-11.705","1","0.0372","0.383","0.00000527","0.278","0.779","118.278","4","","Columbia","P (P) 1980,1981 Sony Music Entertainment (Brasil) I.C.L."
"spotify:track:6VLFqEgYAAEBKUnz7hTIhr","Seduzir","spotify:artist:5rrmaoBXZ7Jcs4Qb77j0YA","Djavan","spotify:album:52WarR7rVx473Mdvbu4tVF","Seduzir","spotify:artist:5rrmaoBXZ7Jcs4Qb77j0YA","Djavan","1980-02-01","https://i.scdn.co/image/ab67616d0000b273eca8abdbddfbc29dc8f11b2e","1","2","215226","https://p.scdn.co/mp3-preview/e38ff9013296572b43459fb14674eb13da884e74?cid=9950ac751e34487dbbe027c4fd7f8e99","false","43","BREMI8100019","spotify:user:isak.sjoholm.","2025-07-18T13:23:32Z","mpb,bossa nova","0.439","0.661","10","-11.215","1","0.0526","0.703","0.00000233","0.092","0.602","150.393","3","","EMI Brazil","C © 1980 EMI Music Brasil Ltda, P ℗ 1980 EMI Music Brasil Ltda"
"spotify:track:1WLeDCNYJib5E8r4hG6oGD","O Conto Do Sábio Chinês","spotify:artist:7jrRQZg4FZq6dwpi3baKcu","Raul Seixas","spotify:album:3DVhmHZZUO3WvLSt7vLX1F","Abre-Te Sésamo","spotify:artist:7jrRQZg4FZq6dwpi3baKcu","Raul Seixas","1980","https://i.scdn.co/image/ab67616d0000b273d4e14208014eec4a8d658c70","1","8","110133","https://p.scdn.co/mp3-preview/9e150b4a52671fe6821269fef4e4560b771673c5?cid=9950ac751e34487dbbe027c4fd7f8e99","false","40","BRSME8000009","spotify:user:isak.sjoholm.","2025-07-18T13:23:32Z","brasiliansk rock,mpb,brasiliansk pop","0.297","0.328","7","-12.978","1","0.0381","0.753","0","0.0847","0.305","171.269","3","","Columbia","P (P) 1980,1981 Sony Music Entertainment (Brasil) I.C.L."
"spotify:track:7AmsInW6cGmrjeAxi4DQe8","Conversa Pra Boi Dormir","spotify:artist:7jrRQZg4FZq6dwpi3baKcu","Raul Seixas","spotify:album:3DVhmHZZUO3WvLSt7vLX1F","Abre-Te Sésamo","spotify:artist:7jrRQZg4FZq6dwpi3baKcu","Raul Seixas","1980","https://i.scdn.co/image/ab67616d0000b273d4e14208014eec4a8d658c70","1","5","148240","https://p.scdn.co/mp3-preview/4579e763e2248c3dbe81a5e00d97b3c465346b92?cid=9950ac751e34487dbbe027c4fd7f8e99","false","34","BRSME8000013","spotify:user:isak.sjoholm.","2025-07-18T13:23:32Z","brasiliansk rock,mpb,brasiliansk pop","0.774","0.485","9","-11.407","1","0.184","0.63","0","0.0619","0.951","130.132","4","","Columbia","P (P) 1980,1981 Sony Music Entertainment (Brasil) I.C.L."
"spotify:track:6Wl9R4jHL05HUlPr65XtOe","Angela","spotify:artist:7jrRQZg4FZq6dwpi3baKcu","Raul Seixas","spotify:album:3DVhmHZZUO3WvLSt7vLX1F","Abre-Te Sésamo","spotify:artist:7jrRQZg4FZq6dwpi3baKcu","Raul Seixas","1980","https://i.scdn.co/image/ab67616d0000b273d4e14208014eec4a8d658c70","1","4","161626","https://p.scdn.co/mp3-preview/08d99ba9cc61581fdf3566e2d8f9bd27bd926f84?cid=9950ac751e34487dbbe027c4fd7f8e99","false","40","BRSME8000012","spotify:user:isak.sjoholm.","2025-07-18T13:23:32Z","brasiliansk rock,mpb,brasiliansk pop","0.549","0.314","9","-11.645","1","0.0357","0.6","0.0000271","0.0831","0.435","127.699","4","","Columbia","P (P) 1980,1981 Sony Music Entertainment (Brasil) I.C.L."
"spotify:track:73CaFFw3gii1OR8zlparA5","A Beira Do Pantanal","spotify:artist:7jrRQZg4FZq6dwpi3baKcu","Raul Seixas","spotify:album:3DVhmHZZUO3WvLSt7vLX1F","Abre-Te Sésamo","spotify:artist:7jrRQZg4FZq6dwpi3baKcu","Raul Seixas","1980","https://i.scdn.co/image/ab67616d0000b273d4e14208014eec4a8d658c70","1","12","162773","https://p.scdn.co/mp3-preview/cdd90d514a8d09e2073e0d52b0e9c66c4b7eb6b6?cid=9950ac751e34487dbbe027c4fd7f8e99","false","32","BRSME8000019","spotify:user:isak.sjoholm.","2025-07-18T13:23:32Z","brasiliansk rock,mpb,brasiliansk pop","0.704","0.23","9","-13.764","1","0.0295","0.716","0","0.099","0.261","75.937","3","","Columbia","P (P) 1980,1981 Sony Music Entertainment (Brasil) I.C.L."
"spotify:track:6pGdTe07hO4dmjivX60iXi","É Meu Pai","spotify:artist:7jrRQZg4FZq6dwpi3baKcu","Raul Seixas","spotify:album:3DVhmHZZUO3WvLSt7vLX1F","Abre-Te Sésamo","spotify:artist:7jrRQZg4FZq6dwpi3baKcu","Raul Seixas","1980","https://i.scdn.co/image/ab67616d0000b273d4e14208014eec4a8d658c70","1","11","222760","https://p.scdn.co/mp3-preview/3f260ebabbf9e6a944ea60016466e35e1cdce41d?cid=9950ac751e34487dbbe027c4fd7f8e99","false","31","BRSME8000018","spotify:user:isak.sjoholm.","2025-07-18T13:23:32Z","brasiliansk rock,mpb,brasiliansk pop","0.637","0.836","9","-10.318","1","0.0886","0.208","0","0.0591","0.901","92.4","4","","Columbia","P (P) 1980,1981 Sony Music Entertainment (Brasil) I.C.L."
"spotify:track:0fW259Y6bSbOLPITNYcX5l","Mineirinho de fibra","spotify:artist:2nyp615W8UwgHGdkrqmjwk","Tião Carreiro & Paraíso","spotify:album:19hSW2kIwKdQY1vXQij3Ls","Homem Até Debaixo D'Água","spotify:artist:2nyp615W8UwgHGdkrqmjwk","Tião Carreiro & Paraíso","1980","https://i.scdn.co/image/ab67616d0000b273bb963606e8b39759dafae676","1","12","191093","https://p.scdn.co/mp3-preview/4a3719053a3f16a2ecb62142639983ce0cc59836?cid=9950ac751e34487dbbe027c4fd7f8e99","false","39","BRWMB9803056","spotify:user:isak.sjoholm.","2025-07-18T13:23:32Z","sertanejo tradicional,sertanejo","0.79","0.655","3","-4.846","1","0.0289","0.654","0.00000396","0.074","0.886","102.624","4","","WM Brazil","C © 1980 WEA International Inc., P ℗ 2000 WEA International Inc."
"spotify:track:7axoxOxjJOckWd5vqZNcDM","A Porta","spotify:artist:60iOwdF3A0p4pAwgUXMaWU","Fábio Jr.","spotify:album:4jDwy1lYQaTE70j6PYrT1y","A Arca De Noé","spotify:artist:0LyfQWJT6nXafLPZqxe9Of","Blandade Artister","1980-01-01","https://i.scdn.co/image/ab67616d0000b273fe4afa6561ab3ead76729e7b","1","8","208333","https://p.scdn.co/mp3-preview/0f1313883855d6d20b4467f0792b7b49d3ff2fa9?cid=9950ac751e34487dbbe027c4fd7f8e99","false","33","BRPGD8000028","spotify:user:isak.sjoholm.","2025-07-18T13:23:32Z","mpb,brega,brasiliansk pop","0.42","0.0938","4","-16.348","1","0.0411","0.743","0.0000122","0.0608","0.156","181.55","3","","Universal Music Mexico","C © 1980 Universal Music Ltda, P This Compilation ℗ 1980 Universal Music Ltda"
"spotify:track:5JFZlOfkpMJ6SYRHQYixDE","Ilusão perdida / Esquecido / Vá pro inferno com seu amor / Coração de pedra","spotify:artist:4oa7ETNZH1ivfzFkCGVZlR, spotify:artist:55Wn8tf8dBvfl1HRsD7Kze","Milionário & José Rico, Continental","spotify:album:5tDnKa7ks1XlbtFtAGieJJ","Volume 09 (Trilha Sonora do Filme - Estrada da Vida)","spotify:artist:4oa7ETNZH1ivfzFkCGVZlR, spotify:artist:55Wn8tf8dBvfl1HRsD7Kze","Milionário & José Rico, Continental","1980","https://i.scdn.co/image/ab67616d0000b27310e4765c17cc6dbbd577d120","1","13","169253","https://p.scdn.co/mp3-preview/24da29366cdf8341732e3b62b0c95caba064bb47?cid=9950ac751e34487dbbe027c4fd7f8e99","false","28","BRWMB9807088","spotify:user:isak.sjoholm.","2025-07-18T13:23:32Z","sertanejo tradicional,sertanejo,sertanejo tradicional,sertanejo,brega","0.658","0.591","5","-4.975","1","0.0352","0.472","0","0.39","0.921","109.253","4","","WM Brazil","C © 1980 Warner Music Brasil Ltda., P ℗ 1980 Warner Music Brasil Ltda."
"spotify:track:2gYwttGomWOByLcab9CKcN","Gamação Danada","spotify:artist:1WkZvxuA4zCcFF9GChK6Vr","Grupo Fundo De Quintal","spotify:album:1t9O1ur8lCiQwPzIms2Q1P","Samba É No Fundo do Quintal","spotify:artist:1WkZvxuA4zCcFF9GChK6Vr","Grupo Fundo De Quintal","1980-01-01","https://i.scdn.co/image/ab67616d0000b2732c5e530b7fac773138d27a02","1","8","163306","https://p.scdn.co/mp3-preview/6b060d6d307fb7a34a82fb9c0b05087e9f897d52?cid=9950ac751e34487dbbe027c4fd7f8e99","false","34","BRRGE9601747","spotify:user:isak.sjoholm.","2025-07-18T13:23:32Z","samba,pagode","0.674","0.816","2","-9.641","1","0.0629","0.175","0.00487","0.0564","0.962","91.275","4","","Som Livre","C (C) 1980 Som Livre"
"spotify:track:5HB6iwamDQgs8DepJ5urFB","A Pulga","spotify:artist:6VNcG5r38hPxQk5wX6GwIb","Bebel","spotify:album:4jDwy1lYQaTE70j6PYrT1y","A Arca De Noé","spotify:artist:0LyfQWJT6nXafLPZqxe9Of","Blandade Artister","1980-01-01","https://i.scdn.co/image/ab67616d0000b273fe4afa6561ab3ead76729e7b","1","6","87960","https://p.scdn.co/mp3-preview/20114cea2255bab5d2cc0fccb56a4f832297ddec?cid=9950ac751e34487dbbe027c4fd7f8e99","false","25","BRPGD8000026","spotify:user:isak.sjoholm.","2025-07-18T13:23:32Z","mpb,vaggvisa","0.593","0.352","9","-16.517","1","0.426","0.753","0","0.101","0.977","133.398","4","","Universal Music Mexico","C © 1980 Universal Music Ltda, P This Compilation ℗ 1980 Universal Music Ltda"
"spotify:track:16pAl93BpTmVucxhd5YeKy","O Pato","spotify:artist:3SKTkAUNa3oUa2rkd8DAyM","MPB4","spotify:album:4jDwy1lYQaTE70j6PYrT1y","A Arca De Noé","spotify:artist:0LyfQWJT6nXafLPZqxe9Of","Blandade Artister","1980-01-01","https://i.scdn.co/image/ab67616d0000b273fe4afa6561ab3ead76729e7b","1","2","125506","https://p.scdn.co/mp3-preview/3393dee0dc33161b8b31daa38bef681cc7beb7e6?cid=9950ac751e34487dbbe027c4fd7f8e99","false","31","BRPGD8000022","spotify:user:isak.sjoholm.","2025-07-18T13:23:32Z","mpb,bossa nova,samba","0.577","0.427","7","-12.299","1","0.25","0.769","0","0.172","0.923","204.471","3","","Universal Music Mexico","C © 1980 Universal Music Ltda, P This Compilation ℗ 1980 Universal Music Ltda"
"spotify:track:2HZDKoSffz45Aen0I00maP","Anjo da Guarda","spotify:artist:0M1h5mentBO03ypuxa354b","Bia Zan","spotify:album:4y6jr6vnZLs7AL6ZGFbCsd","Prece de Caritas","spotify:artist:0LyfQWJT6nXafLPZqxe9Of","Blandade Artister","1980-12-25","https://i.scdn.co/image/ab67616d0000b273f35aa5dbdbe5d1dab0bc9849","1","9","88885","https://p.scdn.co/mp3-preview/8d10c2fcea6b6e39a72056eac2e9fcdf0e0602f9?cid=9950ac751e34487dbbe027c4fd7f8e99","false","36","BRLSR0600573","spotify:user:isak.sjoholm.","2025-07-18T13:23:32Z","","0.514","0.16","5","-18.983","1","0.213","0.91","0","0.106","0.425","81.56","3","","blhlaser","C 2006 Laser Records, P 2006 Laser Records"
"spotify:track:5U6jY7fwuLNpkdRBSxpn5A","Artifício","spotify:artist:0lTr2hteHyTLbCmgUpLf8J, spotify:artist:6UKz2oYWzE0ZBnciztCown","Roberto Ribeiro, Clara Nunes","spotify:album:1pCAaKdIZnSuRpfdA9Duva","Fala Meu Povo!","spotify:artist:0lTr2hteHyTLbCmgUpLf8J","Roberto Ribeiro","1980-01-07","https://i.scdn.co/image/ab67616d0000b2735e5e084508b3e7175c18f20a","1","4","180000","https://p.scdn.co/mp3-preview/99eaece3413c2325ea4bda4fc6460b61a3ac899d?cid=9950ac751e34487dbbe027c4fd7f8e99","false","27","BREMI0300840","spotify:user:isak.sjoholm.","2025-07-18T13:23:32Z","samba,samba,mpb,forró tradicional,pagode,forró,axé","0.494","0.459","2","-13.307","1","0.084","0.67","0","0.513","0.407","87.103","4","","EMI Music Brasil Ltda","C © 1980 EMI Music Brasil Ltda, P ℗ 1980 EMI Music Brasil Ltda"
"spotify:track:052NxftGFNsEMaKJaionux","Minha Viola","spotify:artist:7jrRQZg4FZq6dwpi3baKcu","Raul Seixas","spotify:album:3DVhmHZZUO3WvLSt7vLX1F","Abre-Te Sésamo","spotify:artist:7jrRQZg4FZq6dwpi3baKcu","Raul Seixas","1980","https://i.scdn.co/image/ab67616d0000b273d4e14208014eec4a8d658c70","1","6","177200","https://p.scdn.co/mp3-preview/e80bb6ab027c3fb62084a2cf9a1d21c0326d3d37?cid=9950ac751e34487dbbe027c4fd7f8e99","false","38","BRSME8000014","spotify:user:isak.sjoholm.","2025-07-18T13:23:32Z","brasiliansk rock,mpb,brasiliansk pop","0.336","0.292","0","-14.73","1","0.0346","0.576","0","0.291","0.361","84.677","4","","Columbia","P (P) 1980,1981 Sony Music Entertainment (Brasil) I.C.L."
"spotify:track:3RzRy9Mt8q9nkq6atJwTgD","Noventa Anos De Abolição (G.R.A.N. Escola De Samba Do Quilombo)","spotify:artist:0bf3Gu13qoxI95ofa4bXeP","Nei Lopes","spotify:album:5hFD7tKQIV5qSFlhZi7rKX","A Arte Negra De Wilson Moreira E Nei Lopes","spotify:artist:0CA7Kj6QiDs62kvbZgpYzE, spotify:artist:0bf3Gu13qoxI95ofa4bXeP","Wilson Moreira, Nei Lopes","1980-01-02","https://i.scdn.co/image/ab67616d0000b2732002c5dee5bffa503b8bed7e","1","4","176040","https://p.scdn.co/mp3-preview/a10ed2b2cd36cd8a65b343c684ef04ee5f6aa661?cid=9950ac751e34487dbbe027c4fd7f8e99","false","20","BREMI8282015","spotify:user:isak.sjoholm.","2025-07-18T13:23:32Z","samba","0.638","0.81","6","-7.383","1","0.0661","0.432","0","0.31","0.854","125.558","4","","Universal Music Ltda.","C © 1980 EMI Records Brasil Ltda, P ℗ 1980 EMI Records Brasil Ltda"
"spotify:track:6yChJ2TYmbSTZcWq322Zpz","Passatempo - Versão Remasterizada","spotify:artist:7fAKtXSdNInWAIf0jVUz65","Roberto Carlos","spotify:album:6JK6ZSyEvw5tb3EtHrE56j","Roberto Carlos (1980 Remasterizado)","spotify:artist:7fAKtXSdNInWAIf0jVUz65","Roberto Carlos","1980-04-07","https://i.scdn.co/image/ab67616d0000b2736d36c76525bb9e189e1e13ae","1","5","256240","https://p.scdn.co/mp3-preview/f2a9c2acfeac6d86412c8fae9518bb4121ff5c45?cid=9950ac751e34487dbbe027c4fd7f8e99","false","32","BRSME8000184","spotify:user:isak.sjoholm.","2025-07-18T13:23:32Z","mpb,brega,bolero","0.441","0.234","5","-16.307","0","0.0331","0.197","0.0000485","0.185","0.28","125.916","4","","Sony BMG Music Entertainment","P (P) 1980 Sony Music Entertainment Brasil Ltda"
"spotify:track:3KqV8YEtpcj48T5Ru2xaQd","Sentinela","spotify:artist:3Bnq7jiU506HcPjRgQ43TM, spotify:artist:1hQT9TlJXMBP6Dy4lExSKn","Milton Nascimento, Nana Caymmi","spotify:album:1FmhZzRtI8KJYn3UAkXuU2","Sentinela","spotify:artist:3Bnq7jiU506HcPjRgQ43TM","Milton Nascimento","1980-01-07","https://i.scdn.co/image/ab67616d0000b273aa08d5df533d1172f049b73c","1","8","456666","https://p.scdn.co/mp3-preview/f044f469b1ca085141bf8a01624f99f893d51da9?cid=9950ac751e34487dbbe027c4fd7f8e99","false","28","BRMCA8000047","spotify:user:isak.sjoholm.","2025-07-18T13:23:32Z","mpb,bossa nova,brasiliansk jazz,mpb,bossa nova,bolero","0.374","0.23","9","-14.728","0","0.0353","0.689","0.0000514","0.133","0.215","113.564","4","","Universal Music Ltda.","C © 1980 Universal Music International, P ℗ 1980 Universal Music International"
"spotify:track:7Er2863ykTNoiHhhJcNyMp","Diana","spotify:artist:1HQIztYT50mMS3PZR0qgFk, spotify:artist:47j52E1tbrzt0TJM8sBdiD","Toninho Horta, Orquestra Fantasma","spotify:album:5EP2SNU26WpVjLPCdkvMPZ","Terra dos Pássaros","spotify:artist:1HQIztYT50mMS3PZR0qgFk, spotify:artist:47j52E1tbrzt0TJM8sBdiD","Toninho Horta, Orquestra Fantasma","1980-01-01","https://i.scdn.co/image/ab67616d0000b2730c98631e593543cabf4cf084","1","2","221986","https://p.scdn.co/mp3-preview/947d67d9c727770437d54badc780f4bf2acc9cfa?cid=9950ac751e34487dbbe027c4fd7f8e99","false","26","BRDUM0800002","spotify:user:isak.sjoholm.","2025-07-18T13:23:32Z","brasiliansk jazz,bossa nova,mpb,brasiliansk jazz,bossa nova","0.268","0.406","2","-11.329","1","0.0298","0.784","0.705","0.117","0.36","153.681","4","","Dubas Musica","C (C) 2008 Dubas Musica, P (P) 2008 Dubas Musica"
"spotify:track:0UCijIKXSvMINy2QQaY7cw","Só Nos Resta Viver","spotify:artist:4oqEOTTnqopPdYFYz0i61Y","Angela Ro Ro","spotify:album:51dXbtzcNMJy0eTSeYDODB","Só Nos Resta Viver","spotify:artist:4oqEOTTnqopPdYFYz0i61Y","Angela Ro Ro","1980-01-01","https://i.scdn.co/image/ab67616d0000b2737703b1886e8168fb9ab9b4e9","1","2","201666","https://p.scdn.co/mp3-preview/bc33cbed88dcc7548350dfd76d9bb28691827ba4?cid=9950ac751e34487dbbe027c4fd7f8e99","false","36","BRMCA8000042","spotify:user:isak.sjoholm.","2025-07-18T13:23:32Z","mpb","0.403","0.39","5","-9.999","1","0.0379","0.705","0.000329","0.103","0.346","128.102","4","","Universal Music Ltda.","C © 1980 Universal Music Ltda, P ℗ 1980 Universal Music Ltda"
"spotify:track:1n2Y698UhZnU52PH5nMEhO","Peixinhos Do Mar","spotify:artist:3Bnq7jiU506HcPjRgQ43TM, spotify:artist:73DUuItQ5uVSxo50mQi5VT","Milton Nascimento, Tavinho Moura","spotify:album:1FmhZzRtI8KJYn3UAkXuU2","Sentinela","spotify:artist:3Bnq7jiU506HcPjRgQ43TM","Milton Nascimento","1980-01-07","https://i.scdn.co/image/ab67616d0000b273aa08d5df533d1172f049b73c","1","2","185426","https://p.scdn.co/mp3-preview/7c951f6d3f79c4f2f94246575386cc013889d83c?cid=9950ac751e34487dbbe027c4fd7f8e99","false","30","BRPGD8000002","spotify:user:isak.sjoholm.","2025-07-18T13:23:32Z","mpb,bossa nova,brasiliansk jazz,mpb,traditionell folk","0.479","0.307","4","-16.576","1","0.058","0.775","0.000857","0.0751","0.727","181.424","4","","Universal Music Ltda.","C © 1980 Universal Music International, P ℗ 1980 Universal Music International"
"spotify:track:5VAKQJLkBb1u88THfRC5vO","Veja (Margarida)","spotify:artist:4ph6Bt1mkDlmf32PSvRa8A","Elba Ramalho","spotify:album:1xH1oGW46uGSRJykgnGdA4","Capim do Vale","spotify:artist:4ph6Bt1mkDlmf32PSvRa8A","Elba Ramalho","1980","https://i.scdn.co/image/ab67616d0000b273986e99ba906c27710064e241","1","12","187240","https://p.scdn.co/mp3-preview/7236e29a7d75f273b32377a373f272a465b43670?cid=9950ac751e34487dbbe027c4fd7f8e99","false","25","BRSME8000052","spotify:user:isak.sjoholm.","2025-07-18T13:23:32Z","forró tradicional,forró,mpb,samba","0.355","0.386","7","-10.507","1","0.0296","0.794","0","0.255","0.454","131.34","4","","Epic","P (P) 1980, 1981 Sony Music Entertainment (Brasil) I.C.L."
"spotify:track:3KB8V9wBVf17DhP6JCU4yp","Confissão - Versão Remasterizada","spotify:artist:7fAKtXSdNInWAIf0jVUz65","Roberto Carlos","spotify:album:6JK6ZSyEvw5tb3EtHrE56j","Roberto Carlos (1980 Remasterizado)","spotify:artist:7fAKtXSdNInWAIf0jVUz65","Roberto Carlos","1980-04-07","https://i.scdn.co/image/ab67616d0000b2736d36c76525bb9e189e1e13ae","1","10","262920","https://p.scdn.co/mp3-preview/45846c4d33ea9e71fcfdc352770966ef107acc63?cid=9950ac751e34487dbbe027c4fd7f8e99","false","27","BRSME8000189","spotify:user:isak.sjoholm.","2025-07-18T13:23:32Z","mpb,brega,bolero","0.383","0.177","11","-18.169","1","0.0281","0.0596","0.00158","0.131","0.175","81.57","4","","Sony BMG Music Entertainment","P (P) 1980 Sony Music Entertainment Brasil Ltda"
"spotify:track:0yrGLuQxuEacO3uBItNe0T","Paixão","spotify:artist:1LOFaxDBvn3YuvarTldGAe","Gonzaguinha","spotify:album:12pkA9cGBjRylnty2lkBVg","De Volta Ao Começo","spotify:artist:1LOFaxDBvn3YuvarTldGAe","Gonzaguinha","1980-06-03","https://i.scdn.co/image/ab67616d0000b27383a47db0c0def6fc2a866d60","1","6","132533","https://p.scdn.co/mp3-preview/672d5845b8edcf29d221483665e729e74a57890b?cid=9950ac751e34487dbbe027c4fd7f8e99","false","24","BREMI8000377","spotify:user:isak.sjoholm.","2025-07-18T13:23:32Z","mpb,samba","0.351","0.358","9","-11.127","1","0.0395","0.843","0","0.0991","0.569","80.9","4","","Universal Music Ltda.","C © 1980 EMI Records Brasil Ltda, P ℗ 1980 EMI Records Brasil Ltda"
"spotify:track:1zP3n5IBw0i8hMZQe1FzpO","Volta","spotify:artist:6DYBkobQCkvav5GCnfqlcC","Reginaldo Rossi","spotify:album:3VQvBdSk4WwPQ1MbuO32R1","A Volta","spotify:artist:6DYBkobQCkvav5GCnfqlcC","Reginaldo Rossi","1980-01-01","https://i.scdn.co/image/ab67616d0000b27373ba9081ae2b0056eb18d1ca","1","1","183133","https://p.scdn.co/mp3-preview/c813406aa2af85c036f62d98bb426f018c6e40a0?cid=9950ac751e34487dbbe027c4fd7f8e99","false","30","BREMI8000107","spotify:user:isak.sjoholm.","2025-07-18T13:23:32Z","brega,seresta,tecnobrega","0.659","0.729","5","-10.656","0","0.0477","0.124","0","0.586","0.932","131.169","4","","EMI","C © 2017 EMI Records Brasil Ltda, Universal Music International Ltda, P ℗ 1980 EMI Records Brasil Ltda"
"spotify:track:6N2jUxk8sDTHTsD6vvAqhZ","Meu Samba","spotify:artist:0jOs0wnXCu1bGGP7kh5uIu","Tim Maia","spotify:album:6Wsh96wuXlhbQYFUgn6ar1","Tim Maia 1980","spotify:artist:0jOs0wnXCu1bGGP7kh5uIu","Tim Maia","1980-01-07","https://i.scdn.co/image/ab67616d0000b2734fea586cefe2a4235a03b892","1","9","184667","https://p.scdn.co/mp3-preview/cc29ba3859374a6b8202751f817a5a74b85acae5?cid=9950ac751e34487dbbe027c4fd7f8e99","false","32","BRUM70600636","spotify:user:isak.sjoholm.","2025-07-18T13:23:32Z","mpb","0.623","0.811","2","-11.808","1","0.062","0.2","0.258","0.25","0.784","171.558","4","","Universal Music Ltda.","C © 1980 Universal Music Ltda, P ℗ 1980 Universal Music Ltda"
"spotify:track:1WN8DRoniWKWp8oU5HMMSG","Redescobrir","spotify:artist:0yFvXd36g5sNKYDi0Kkvl8","Elis Regina","spotify:album:0CTb6kXUAvM5o1geqVdnsF","2 É Demais","spotify:artist:0yFvXd36g5sNKYDi0Kkvl8","Elis Regina","1980-04-23","https://i.scdn.co/image/ab67616d0000b27333eb86e2c360026887b0781b","1","22","246573","https://p.scdn.co/mp3-preview/6c57c405981d0d6c1719c222b7994b94a98aab33?cid=9950ac751e34487dbbe027c4fd7f8e99","false","28","BRWMB9600950","spotify:user:isak.sjoholm.","2025-07-18T13:23:32Z","mpb,bossa nova,brasiliansk jazz,samba","0.401","0.37","11","-12.64","0","0.051","0.741","0","0.143","0.164","106.447","4","","WM Brazil","C © 1980 Warner Music Brasil Ltda., P ℗ 1980 Warner Music Brasil Ltda."
"spotify:track:32QGnHfSCljNhHkVllZSES","Nosso Adeus","spotify:artist:0jOs0wnXCu1bGGP7kh5uIu","Tim Maia","spotify:album:6Wsh96wuXlhbQYFUgn6ar1","Tim Maia 1980","spotify:artist:0jOs0wnXCu1bGGP7kh5uIu","Tim Maia","1980-01-07","https://i.scdn.co/image/ab67616d0000b2734fea586cefe2a4235a03b892","1","6","214807","https://p.scdn.co/mp3-preview/aea433082d664ae922edac7c40ed421380ef0756?cid=9950ac751e34487dbbe027c4fd7f8e99","false","29","BRMCA8000189","spotify:user:isak.sjoholm.","2025-07-18T13:23:32Z","mpb","0.444","0.363","2","-13.803","1","0.0299","0.603","0.567","0.108","0.131","111.448","4","","Universal Music Ltda.","C © 1980 Universal Music Ltda, P ℗ 1980 Universal Music Ltda"
"spotify:track:1KJ41i16HIDWCTRI68pn13","Brasil Mestiço Santuário Da Fé","spotify:artist:6UKz2oYWzE0ZBnciztCown","Clara Nunes","spotify:album:3IByK5jqmLWKhrtjrb8xun","Brasil Mestiço","spotify:artist:6UKz2oYWzE0ZBnciztCown","Clara Nunes","1980-08-08","https://i.scdn.co/image/ab67616d0000b27341639496e45d2119447e912e","1","7","210333","https://p.scdn.co/mp3-preview/6ed08ed4dee83df05ef165ccb4a857d032c2833a?cid=9950ac751e34487dbbe027c4fd7f8e99","false","15","BREMI8082070","spotify:user:isak.sjoholm.","2025-07-18T13:23:32Z","samba,mpb,forró tradicional,pagode,forró,axé","0.538","0.755","11","-8.128","0","0.0936","0.637","0.00000159","0.299","0.853","120.746","4","","EMI Music Brasil Ltda","C © 1980 EMI Music Brasil Ltda, P ℗ 1980 EMI Music Brasil Ltda"
"spotify:track:3NVcnMeAMagU0D7bS9fZAA","Bar da Esquina","spotify:artist:1WkZvxuA4zCcFF9GChK6Vr","Grupo Fundo De Quintal","spotify:album:1t9O1ur8lCiQwPzIms2Q1P","Samba É No Fundo do Quintal","spotify:artist:1WkZvxuA4zCcFF9GChK6Vr","Grupo Fundo De Quintal","1980-01-01","https://i.scdn.co/image/ab67616d0000b2732c5e530b7fac773138d27a02","1","10","245493","https://p.scdn.co/mp3-preview/fe3ea30e55bd090af80e9a4b8d2cf596e75c6d26?cid=9950ac751e34487dbbe027c4fd7f8e99","false","29","BRRGE9601749","spotify:user:isak.sjoholm.","2025-07-18T13:23:32Z","samba,pagode","0.472","0.676","4","-7.51","1","0.0677","0.455","0.0000168","0.137","0.91","156.747","4","","Som Livre","C (C) 1980 Som Livre"
"spotify:track:1FTC2pvRiRmmaQiM1sum52","Zé da Ralé","spotify:artist:1WkZvxuA4zCcFF9GChK6Vr","Grupo Fundo De Quintal","spotify:album:1t9O1ur8lCiQwPzIms2Q1P","Samba É No Fundo do Quintal","spotify:artist:1WkZvxuA4zCcFF9GChK6Vr","Grupo Fundo De Quintal","1980-01-01","https://i.scdn.co/image/ab67616d0000b2732c5e530b7fac773138d27a02","1","12","251400","https://p.scdn.co/mp3-preview/0b60308a497aeb60fa21ba253fed6cd222431110?cid=9950ac751e34487dbbe027c4fd7f8e99","false","24","BRRGE9601751","spotify:user:isak.sjoholm.","2025-07-18T13:23:32Z","samba,pagode","0.633","0.853","2","-6.609","1","0.0802","0.0621","0.00000155","0.167","0.966","94.871","4","","Som Livre","C (C) 1980 Som Livre"
"spotify:track:0XX1T8FjS5XfkhlABkEPuD","Candieiro da fazenda","spotify:artist:2nyp615W8UwgHGdkrqmjwk","Tião Carreiro & Paraíso","spotify:album:19hSW2kIwKdQY1vXQij3Ls","Homem Até Debaixo D'Água","spotify:artist:2nyp615W8UwgHGdkrqmjwk","Tião Carreiro & Paraíso","1980","https://i.scdn.co/image/ab67616d0000b273bb963606e8b39759dafae676","1","11","163920","https://p.scdn.co/mp3-preview/b7e73d90c232a70153e80f50c21c3b24ad852c00?cid=9950ac751e34487dbbe027c4fd7f8e99","false","39","BRWMB9803055","spotify:user:isak.sjoholm.","2025-07-18T13:23:32Z","sertanejo tradicional,sertanejo","0.668","0.686","9","-3.547","1","0.026","0.69","0","0.11","0.904","112.473","4","","WM Brazil","C © 1980 WEA International Inc., P ℗ 2000 WEA International Inc."
"spotify:track:2wqvBFhNIjXF3SWNTSuqkQ","Zabumba Lanceada","spotify:artist:75wilejqUnDckN02LdU5Ie","Quinteto Armorial","spotify:album:2frTefWZNENFVI6N0NE7hK","Sete Flechas","spotify:artist:75wilejqUnDckN02LdU5Ie","Quinteto Armorial","1980-09-01","https://i.scdn.co/image/ab67616d0000b273a26b4b40a55097ce6a74c2f1","1","9","248290","https://p.scdn.co/mp3-preview/722fdc7ca9bc01864391f16fd14cb330ffe82661?cid=9950ac751e34487dbbe027c4fd7f8e99","false","24","BREMI8000131","spotify:user:isak.sjoholm.","2025-07-18T13:23:32Z","traditionell folk","0.5","0.235","9","-19.82","0","0.0818","0.859","0.809","0.142","0.35","103.542","4","","EMI","C © 1980 EMI Music Brasil Ltda, P ℗ 1980 EMI Music Brasil Ltda"
"spotify:track:4RDj5p0vR9DP47PoU4KEGV","Marido da Madame","spotify:artist:1WkZvxuA4zCcFF9GChK6Vr","Grupo Fundo De Quintal","spotify:album:1t9O1ur8lCiQwPzIms2Q1P","Samba É No Fundo do Quintal","spotify:artist:1WkZvxuA4zCcFF9GChK6Vr","Grupo Fundo De Quintal","1980-01-01","https://i.scdn.co/image/ab67616d0000b2732c5e530b7fac773138d27a02","1","6","176533","https://p.scdn.co/mp3-preview/f08a686033f0fd38c14b16b69b6da6571b534e3f?cid=9950ac751e34487dbbe027c4fd7f8e99","false","24","BRRGE9601745","spotify:user:isak.sjoholm.","2025-07-18T13:23:32Z","samba,pagode","0.685","0.827","2","-7.075","1","0.0518","0.334","0","0.0625","0.967","101.416","4","","Som Livre","C (C) 1980 Som Livre"
"spotify:track:2QVw0PXMFP5p7YdmvZm8rt","A Casa","spotify:artist:360FjbxByY4XLqXrZ6cWGF","Boca Livre","spotify:album:4jDwy1lYQaTE70j6PYrT1y","A Arca De Noé","spotify:artist:0LyfQWJT6nXafLPZqxe9Of","Blandade Artister","1980-01-01","https://i.scdn.co/image/ab67616d0000b273fe4afa6561ab3ead76729e7b","1","9","133626","https://p.scdn.co/mp3-preview/2b01c0eeec6f9787fcc130396b4fa079420d3c38?cid=9950ac751e34487dbbe027c4fd7f8e99","false","25","BRPGD8000029","spotify:user:isak.sjoholm.","2025-07-18T13:23:32Z","mpb","0.376","0.264","4","-15.621","1","0.0339","0.702","0","0.118","0.311","92.398","3","","Universal Music Mexico","C © 1980 Universal Music Ltda, P This Compilation ℗ 1980 Universal Music Ltda"
"spotify:track:3hKwFFXMwAlxKZuc1xpQt6","Procura-Se - Versão Remasterizada","spotify:artist:7fAKtXSdNInWAIf0jVUz65","Roberto Carlos","spotify:album:6JK6ZSyEvw5tb3EtHrE56j","Roberto Carlos (1980 Remasterizado)","spotify:artist:7fAKtXSdNInWAIf0jVUz65","Roberto Carlos","1980-04-07","https://i.scdn.co/image/ab67616d0000b2736d36c76525bb9e189e1e13ae","1","7","301600","https://p.scdn.co/mp3-preview/95a6ebb841ccf2964395b028a7f7910ebba24d09?cid=9950ac751e34487dbbe027c4fd7f8e99","false","26","BRSME8000186","spotify:user:isak.sjoholm.","2025-07-18T13:23:32Z","mpb,brega,bolero","0.476","0.22","8","-17.734","0","0.0412","0.312","0.000131","0.106","0.239","70.503","4","","Sony BMG Music Entertainment","P (P) 1980 Sony Music Entertainment Brasil Ltda"
"spotify:track:5RJ2RRCpTLA5FkKcPb7D5m","A Vizinha (Pega ela, Peru)","spotify:artist:6oiZXVIGaUMG3BPNplXPga","Mussum","spotify:album:7GEwPOFQHhR7Uf8dIRtLnI","Mussum","spotify:artist:6oiZXVIGaUMG3BPNplXPga","Mussum","1980-03-30","https://i.scdn.co/image/ab67616d0000b27392cc1d3129eda53bc4300238","1","2","174333","https://p.scdn.co/mp3-preview/df30092e7cf7056ef432214099668520a427a5f0?cid=9950ac751e34487dbbe027c4fd7f8e99","false","25","BRBMG9701405","spotify:user:isak.sjoholm.","2025-07-18T13:23:32Z","samba","0.621","0.76","1","-8.791","0","0.183","0.376","0","0.135","0.93","128.278","4","","Best","P (P) 1980"
"spotify:track:6EOqYseCH6yoAmG2bb8WPE","Fofinha","spotify:artist:3lJjhnPxLYvynmO9pcV4x1","Léo Canhoto & Robertinho","spotify:album:3e5PKBV5bIePMN1Hk8a1IZ","Canção do Carreteiro","spotify:artist:3lJjhnPxLYvynmO9pcV4x1","Léo Canhoto & Robertinho","1980-08-31","https://i.scdn.co/image/ab67616d0000b2733164201ed0f52e1a41bacacb","1","8","158173","https://p.scdn.co/mp3-preview/b33210b0832947ea27538e334bed4a7c78a815f3?cid=9950ac751e34487dbbe027c4fd7f8e99","false","30","BRBMG8000171","spotify:user:isak.sjoholm.","2025-07-18T13:23:32Z","sertanejo tradicional,sertanejo","0.777","0.421","11","-8.36","1","0.0454","0.722","0","0.0564","0.656","95.302","4","","Sony Music Entertainment","P (P) 1980 BMG BRASIL LTDA."
"spotify:track:4NHarBNbiK4Fq6nRYaOgFl","A Foca","spotify:artist:559vxOLTzlAv0zB77JMcdG","Alceu Valença","spotify:album:4jDwy1lYQaTE70j6PYrT1y","A Arca De Noé","spotify:artist:0LyfQWJT6nXafLPZqxe9Of","Blandade Artister","1980-01-01","https://i.scdn.co/image/ab67616d0000b273fe4afa6561ab3ead76729e7b","1","4","194933","https://p.scdn.co/mp3-preview/cc832e67cae8125bf6271f5cde6f14804dc4c9ef?cid=9950ac751e34487dbbe027c4fd7f8e99","false","25","BRPGD8000024","spotify:user:isak.sjoholm.","2025-07-18T13:23:32Z","mpb,forró tradicional,forró","0.631","0.716","4","-11.727","1","0.236","0.738","0","0.691","0.863","135.851","4","","Universal Music Mexico","C © 1980 Universal Music Ltda, P This Compilation ℗ 1980 Universal Music Ltda"
"spotify:track:6lDHMC9MGgK8q5iZnZzN1B","Eu Me Vi Tão Só - Versão Remasterizada","spotify:artist:7fAKtXSdNInWAIf0jVUz65","Roberto Carlos","spotify:album:6JK6ZSyEvw5tb3EtHrE56j","Roberto Carlos (1980 Remasterizado)","spotify:artist:7fAKtXSdNInWAIf0jVUz65","Roberto Carlos","1980-04-07","https://i.scdn.co/image/ab67616d0000b2736d36c76525bb9e189e1e13ae","1","4","235386","https://p.scdn.co/mp3-preview/e0d55bfc489e1311e83b1a0d8bc47d4dbc9271f1?cid=9950ac751e34487dbbe027c4fd7f8e99","false","26","BRSME8000183","spotify:user:isak.sjoholm.","2025-07-18T13:23:32Z","mpb,brega,bolero","0.465","0.227","8","-17.312","1","0.0295","0.0308","0.000327","0.108","0.389","131.232","4","","Sony BMG Music Entertainment","P (P) 1980 Sony Music Entertainment Brasil Ltda"
"spotify:track:6mttPfa53PF6MC5Oq4GW3k","Porto","spotify:artist:6fV3ZNUY8BCP45yuCWWDez","Dori Caymmi","spotify:album:67U5cjkiVh0I0bTsWgPbCD","Dori Caymmi (1980)","spotify:artist:6fV3ZNUY8BCP45yuCWWDez","Dori Caymmi","1980-03-10","https://i.scdn.co/image/ab67616d0000b273b4f842c53be61a1dbc3668c6","1","2","229106","https://p.scdn.co/mp3-preview/ea9cb9b367f2e02caa444d88843c7e6ba9e72d9c?cid=9950ac751e34487dbbe027c4fd7f8e99","false","25","BREMI8000309","spotify:user:isak.sjoholm.","2025-07-18T13:23:32Z","brasiliansk jazz,bossa nova,mpb","0.263","0.263","2","-17.095","1","0.032","0.866","0.0213","0.163","0.191","141.299","4","","Universal Music Ltda.","C © 1980 EMI Records Brasil Ltda, P ℗ 1980 EMI Records Brasil Ltda"
"spotify:track:4DKdQXJiBcuFmyezUsuZvk","A Ilha","spotify:artist:5rrmaoBXZ7Jcs4Qb77j0YA","Djavan","spotify:album:52WarR7rVx473Mdvbu4tVF","Seduzir","spotify:artist:5rrmaoBXZ7Jcs4Qb77j0YA","Djavan","1980-02-01","https://i.scdn.co/image/ab67616d0000b273eca8abdbddfbc29dc8f11b2e","1","5","245293","https://p.scdn.co/mp3-preview/465340c0755521fe441d99ac24fb27295a22dcb3?cid=9950ac751e34487dbbe027c4fd7f8e99","false","41","BREMI8000023","spotify:user:isak.sjoholm.","2025-07-18T13:23:32Z","mpb,bossa nova","0.519","0.44","9","-12.17","0","0.039","0.772","0.00119","0.155","0.324","141.7","4","","EMI Brazil","C © 1980 EMI Music Brasil Ltda, P ℗ 1980 EMI Music Brasil Ltda"
"spotify:track:6Sb9xgxtMo3GhfSaPC6C34","Vem Morena","spotify:artist:559vxOLTzlAv0zB77JMcdG","Alceu Valença","spotify:album:4f04NZ6ZDMitpBUzbnfbws","Coração Bobo","spotify:artist:559vxOLTzlAv0zB77JMcdG","Alceu Valença","1980-01-01","https://i.scdn.co/image/ab67616d0000b273c5a8210eee561eded5f4785f","1","3","161933","https://p.scdn.co/mp3-preview/9cdb1dd6a13fd712964fbae31ef0e24eccb79cf8?cid=9950ac751e34487dbbe027c4fd7f8e99","false","29","BRMCA8000129","spotify:user:isak.sjoholm.","2025-07-18T13:23:32Z","mpb,forró tradicional,forró","0.441","0.739","2","-8.482","1","0.285","0.547","0.00000275","0.104","0.714","200.094","3","","Universal Music Ltda.","C © 1980 Universal Music Ltda, P ℗ 1980 Universal Music Ltda"
"spotify:track:3URW0QBeCf8muzl96OiDaw","São Francisco","spotify:artist:2SFIMUkCdZowbeisskDdhn","Ney Matogrosso","spotify:album:4jDwy1lYQaTE70j6PYrT1y","A Arca De Noé","spotify:artist:0LyfQWJT6nXafLPZqxe9Of","Blandade Artister","1980-01-01","https://i.scdn.co/image/ab67616d0000b273fe4afa6561ab3ead76729e7b","1","10","145426","https://p.scdn.co/mp3-preview/7ccb59594fc2c885ffc98ee77461f546312756a6?cid=9950ac751e34487dbbe027c4fd7f8e99","false","26","BRPGD8000030","spotify:user:isak.sjoholm.","2025-07-18T13:23:32Z","mpb,samba","0.391","0.0646","7","-19.349","1","0.0391","0.906","0.000575","0.151","0.114","83.126","4","","Universal Music Mexico","C © 1980 Universal Music Ltda, P This Compilation ℗ 1980 Universal Music Ltda"
"spotify:track:7DvTEgWcW7VeT8VEoh6eZ9","Chega de sujeira","spotify:artist:2nyp615W8UwgHGdkrqmjwk","Tião Carreiro & Paraíso","spotify:album:19hSW2kIwKdQY1vXQij3Ls","Homem Até Debaixo D'Água","spotify:artist:2nyp615W8UwgHGdkrqmjwk","Tião Carreiro & Paraíso","1980","https://i.scdn.co/image/ab67616d0000b273bb963606e8b39759dafae676","1","8","207706","https://p.scdn.co/mp3-preview/745b703be659f3a553a91d824b852f1b7f39f5b5?cid=9950ac751e34487dbbe027c4fd7f8e99","false","41","BRWMB9803052","spotify:user:isak.sjoholm.","2025-07-18T13:23:32Z","sertanejo tradicional,sertanejo","0.702","0.658","3","-5.359","1","0.035","0.582","0.00000242","0.122","0.885","109.53","4","","WM Brazil","C © 1980 WEA International Inc., P ℗ 2000 WEA International Inc."
"spotify:track:7H9cAoDn9lfyMEIuXEUz41","Olha a Intimidade","spotify:artist:1WkZvxuA4zCcFF9GChK6Vr","Grupo Fundo De Quintal","spotify:album:1t9O1ur8lCiQwPzIms2Q1P","Samba É No Fundo do Quintal","spotify:artist:1WkZvxuA4zCcFF9GChK6Vr","Grupo Fundo De Quintal","1980-01-01","https://i.scdn.co/image/ab67616d0000b2732c5e530b7fac773138d27a02","1","4","181200","https://p.scdn.co/mp3-preview/b748dbe4290ba26e4509d5f22839e0ffc26b530e?cid=9950ac751e34487dbbe027c4fd7f8e99","false","25","BRRGE9601743","spotify:user:isak.sjoholm.","2025-07-18T13:23:32Z","samba,pagode","0.713","0.896","9","-6.435","1","0.0816","0.0983","0.000204","0.0308","0.969","97.385","4","","Som Livre","C (C) 1980 Som Livre"
"spotify:track:0gCHhGKvAgj26EKY0LrLPD","Bastidores - Backstage","spotify:artist:6tOsSffQQIXmK8TqsDck8t","Chico Buarque","spotify:album:78hlL0aB7tSTr66dEa3JLI","Vida","spotify:artist:6tOsSffQQIXmK8TqsDck8t","Chico Buarque","1980-01-01","https://i.scdn.co/image/ab67616d0000b273e53b9b2db0b4d42b3a045ebd","1","5","150573","https://p.scdn.co/mp3-preview/787124430f8ce020284cb671a867ecaf3076cd2e?cid=9950ac751e34487dbbe027c4fd7f8e99","false","35","BRPGD8000013","spotify:user:isak.sjoholm.","2025-07-18T13:23:32Z","mpb,bossa nova,samba,brasiliansk jazz","0.574","0.412","9","-16.281","0","0.0814","0.77","0.0000113","0.175","0.444","103.564","3","","Universal Music Ltda.","C © 1980 Universal Music Ltda, P ℗ 1980 Universal Music Ltda"
"spotify:track:5tbrB1Gq10xlJ6EExTrksj","Noites de angústia","spotify:artist:2nyp615W8UwgHGdkrqmjwk","Tião Carreiro & Paraíso","spotify:album:19hSW2kIwKdQY1vXQij3Ls","Homem Até Debaixo D'Água","spotify:artist:2nyp615W8UwgHGdkrqmjwk","Tião Carreiro & Paraíso","1980","https://i.scdn.co/image/ab67616d0000b273bb963606e8b39759dafae676","1","2","188773","https://p.scdn.co/mp3-preview/c0ae46890da5f520e0f783b10e2185fb600fdc38?cid=9950ac751e34487dbbe027c4fd7f8e99","false","25","BRWMB9803046","spotify:user:isak.sjoholm.","2025-07-18T13:23:32Z","sertanejo tradicional,sertanejo","0.646","0.485","0","-4.084","1","0.0264","0.756","0","0.098","0.542","84.724","3","","WM Brazil","C © 1980 WEA International Inc., P ℗ 2000 WEA International Inc."
"spotify:track:7rSXBm0SmnZvT29LnLuVxv","Céu de Brasilia","spotify:artist:1HQIztYT50mMS3PZR0qgFk, spotify:artist:47j52E1tbrzt0TJM8sBdiD","Toninho Horta, Orquestra Fantasma","spotify:album:5EP2SNU26WpVjLPCdkvMPZ","Terra dos Pássaros","spotify:artist:1HQIztYT50mMS3PZR0qgFk, spotify:artist:47j52E1tbrzt0TJM8sBdiD","Toninho Horta, Orquestra Fantasma","1980-01-01","https://i.scdn.co/image/ab67616d0000b2730c98631e593543cabf4cf084","1","1","409760","https://p.scdn.co/mp3-preview/b3dc125723947b79a81a193571c2e66d66121bea?cid=9950ac751e34487dbbe027c4fd7f8e99","false","22","BRDUM0800001","spotify:user:isak.sjoholm.","2025-07-18T13:23:32Z","brasiliansk jazz,bossa nova,mpb,brasiliansk jazz,bossa nova","0.288","0.449","6","-9.707","0","0.0319","0.234","0.000677","0.137","0.188","129.5","4","","Dubas Musica","C (C) 2008 Dubas Musica, P (P) 2008 Dubas Musica"
"spotify:track:04yN54QmEEBPiyrZz5MhFN","Quando Chega o Verão (feat. Luiz Gonzaga)","spotify:artist:1mCHLu4gizrN9PwHxKrJv4, spotify:artist:2ZofT7n9AlTKf7KDCoHGgD","Dominguinhos, Luiz Gonzaga","spotify:album:6rpDI1vjK2F3n6gyiJwmir","Quem me levará sou eu","spotify:artist:1mCHLu4gizrN9PwHxKrJv4","Dominguinhos","1980-03-30","https://i.scdn.co/image/ab67616d0000b273eb8dd043eb4ad7dcffac05ea","1","7","174533","https://p.scdn.co/mp3-preview/c9453c4b2118a86fec2c9142aaa35306f4abceda?cid=9950ac751e34487dbbe027c4fd7f8e99","false","42","BRBMG8000119","spotify:user:isak.sjoholm.","2025-07-18T13:23:32Z","forró tradicional,forró,mpb,forró tradicional,forró,mpb","0.557","0.803","7","-5.245","1","0.0564","0.392","0","0.336","0.651","169.143","4","","Best","P (P) 1980"
"spotify:track:2ZHn2D6ojJV709xbRLsjyD","Aqui, Oh!","spotify:artist:1HQIztYT50mMS3PZR0qgFk, spotify:artist:0lTr2hteHyTLbCmgUpLf8J","Toninho Horta, Roberto Ribeiro","spotify:album:6xK8YgoMKoAMTkrf5tpJv3","Toninho Horta","spotify:artist:1HQIztYT50mMS3PZR0qgFk","Toninho Horta","1980-03-03","https://i.scdn.co/image/ab67616d0000b273d9a5787b9085ed2333751081","1","1","294026","https://p.scdn.co/mp3-preview/5bc50e2362be0a824af666a0297819d56c0cec65?cid=9950ac751e34487dbbe027c4fd7f8e99","false","27","BREMI8000369","spotify:user:isak.sjoholm.","2025-07-18T13:23:32Z","brasiliansk jazz,bossa nova,mpb,samba","0.52","0.661","7","-8.652","1","0.043","0.604","0.227","0.0866","0.659","116.86","4","","EMI Music Brasil Ltda","C © 1980 EMI Music Brasil Ltda, P ℗ 1980 EMI Music Brasil Ltda"
"spotify:track:3yVX3mwJUS9N4aMqbYsTb1","A Ilha - Versão Remasterizada","spotify:artist:7fAKtXSdNInWAIf0jVUz65","Roberto Carlos","spotify:album:6JK6ZSyEvw5tb3EtHrE56j","Roberto Carlos (1980 Remasterizado)","spotify:artist:7fAKtXSdNInWAIf0jVUz65","Roberto Carlos","1980-04-07","https://i.scdn.co/image/ab67616d0000b2736d36c76525bb9e189e1e13ae","1","3","266893","https://p.scdn.co/mp3-preview/59571a180ec8244a6bd30027c1a50b082080665c?cid=9950ac751e34487dbbe027c4fd7f8e99","false","23","BRSME8000182","spotify:user:isak.sjoholm.","2025-07-18T13:23:32Z","mpb,brega,bolero","0.477","0.317","5","-16.725","0","0.0351","0.0963","0.00000296","0.146","0.382","80.909","4","","Sony BMG Music Entertainment","P (P) 1980 Sony Music Entertainment Brasil Ltda"
"spotify:track:7hxcxBEK66870eLkg7OPeV","Viração","spotify:artist:1CjvI1dBcZPfgd2PLD8pVj","Kleiton & Kledir","spotify:album:1iph6zKpo7iefwCkNDiyas","Kleiton e Kledir (1980)","spotify:artist:1CjvI1dBcZPfgd2PLD8pVj","Kleiton & Kledir","1980-01-01","https://i.scdn.co/image/ab67616d0000b2731a278a426e30849a044e4060","1","8","257146","https://p.scdn.co/mp3-preview/150037412f0048fc9e6b36713772e3eeeb553251?cid=9950ac751e34487dbbe027c4fd7f8e99","false","27","BRMCA8000055","spotify:user:isak.sjoholm.","2025-07-18T13:23:32Z","mpb,brasiliansk pop","0.368","0.481","2","-8.267","1","0.0342","0.779","0.00000196","0.164","0.363","114.361","4","","Universal Music Ltda.","C © 1980 Universal Music Ltda, P ℗ 1980 Universal Music Ltda"
"spotify:track:59y8o9p2aDNK0Uynp7oPSu","Nissei Linda, Linda Nissei","spotify:artist:0jOs0wnXCu1bGGP7kh5uIu","Tim Maia","spotify:album:6Wsh96wuXlhbQYFUgn6ar1","Tim Maia 1980","spotify:artist:0jOs0wnXCu1bGGP7kh5uIu","Tim Maia","1980-01-07","https://i.scdn.co/image/ab67616d0000b2734fea586cefe2a4235a03b892","1","4","250897","https://p.scdn.co/mp3-preview/061b140bfd4f28c44eafebc5b431fc993ca4de6a?cid=9950ac751e34487dbbe027c4fd7f8e99","false","24","BRUM70800549","spotify:user:isak.sjoholm.","2025-07-18T13:23:32Z","mpb","0.658","0.685","6","-10.873","1","0.112","0.125","0.0151","0.0675","0.896","92.966","4","","Universal Music Ltda.","C © 1980 Universal Music Ltda, P ℗ 1980 Universal Music Ltda"
"spotify:track:0Q3yIDotxOlTnCruYfz2Tq","Demônio Colorido","spotify:artist:5Rxz1EE4Jj08mu40vlrqHv","Sandra De Sá","spotify:album:53z4eu3KmOR3w5OI6f5rYG","Demônio Colorido","spotify:artist:5Rxz1EE4Jj08mu40vlrqHv","Sandra De Sá","1980-01-01","https://i.scdn.co/image/ab67616d0000b273b55dd9809c18d8511bfc106e","1","12","205440","https://p.scdn.co/mp3-preview/778712ce7db20f69f062b444c6e4b0b18e1247b6?cid=9950ac751e34487dbbe027c4fd7f8e99","false","25","BRRGE8000054","spotify:user:isak.sjoholm.","2025-07-18T13:23:32Z","mpb,samba","0.561","0.484","9","-13.005","1","0.0433","0.621","0","0.36","0.79","137.652","4","","Som Livre","C (C) 1980 Som Livre, P (P) 1980 Som Livre"
"spotify:track:16lSfXGMaX5gtwqDPw0lvW","Resto De Esperança","spotify:artist:0lTr2hteHyTLbCmgUpLf8J","Roberto Ribeiro","spotify:album:1pCAaKdIZnSuRpfdA9Duva","Fala Meu Povo!","spotify:artist:0lTr2hteHyTLbCmgUpLf8J","Roberto Ribeiro","1980-01-07","https://i.scdn.co/image/ab67616d0000b2735e5e084508b3e7175c18f20a","1","1","209493","https://p.scdn.co/mp3-preview/5f4c3fcb433ae098feedee3657b2a0f57380efc6?cid=9950ac751e34487dbbe027c4fd7f8e99","false","26","BREMI8000192","spotify:user:isak.sjoholm.","2025-07-18T13:23:32Z","samba","0.584","0.504","6","-13.031","1","0.0558","0.541","0.0000404","0.218","0.841","107.783","4","","EMI Music Brasil Ltda","C © 1980 EMI Music Brasil Ltda, P ℗ 1980 EMI Music Brasil Ltda"
"spotify:track:40ZK3RJzn3Q8tkR1b1yVhz","Estrada da vida","spotify:artist:4oa7ETNZH1ivfzFkCGVZlR, spotify:artist:55Wn8tf8dBvfl1HRsD7Kze","Milionário & José Rico, Continental","spotify:album:5tDnKa7ks1XlbtFtAGieJJ","Volume 09 (Trilha Sonora do Filme - Estrada da Vida)","spotify:artist:4oa7ETNZH1ivfzFkCGVZlR, spotify:artist:55Wn8tf8dBvfl1HRsD7Kze","Milionário & José Rico, Continental","1980","https://i.scdn.co/image/ab67616d0000b27310e4765c17cc6dbbd577d120","1","1","124480","https://p.scdn.co/mp3-preview/ff85dadd1dd89c18972c31c1aa7c938410df508d?cid=9950ac751e34487dbbe027c4fd7f8e99","false","23","BRWMB9704302","spotify:user:isak.sjoholm.","2025-07-18T13:23:32Z","sertanejo tradicional,sertanejo,sertanejo tradicional,sertanejo,brega","0.359","0.484","0","-3.689","1","0.034","0.814","0","0.186","0.645","176.89","3","","WM Brazil","C © 1980 Warner Music Brasil Ltda., P ℗ 1980 Warner Music Brasil Ltda."
"spotify:track:0XFKxRfnhy2WW53TYF2LlN","Pensamento","spotify:artist:6JId7qd5ni4xUDsDR1llo1","Gilliard","spotify:album:7yZmTCSSKhWTbuTWVc0KAi","Pensamento","spotify:artist:6JId7qd5ni4xUDsDR1llo1","Gilliard","1980-02-09","","1","1","224866","https://p.scdn.co/mp3-preview/8297e0feb6493e28c3cbfe607758fb4c54e6ccc2?cid=9950ac751e34487dbbe027c4fd7f8e99","false","0","BRSGL8000020","spotify:user:isak.sjoholm.","2025-07-18T13:23:32Z","brega,seresta,mpb","0.47","0.351","0","-12.552","1","0.032","0.367","0.00000567","0.372","0.621","76.783","4","","Som Livre",""
"spotify:track:1MVtdLm1gqY0iXfgvwjjb8","Jogral","spotify:artist:5rrmaoBXZ7Jcs4Qb77j0YA","Djavan","spotify:album:52WarR7rVx473Mdvbu4tVF","Seduzir","spotify:artist:5rrmaoBXZ7Jcs4Qb77j0YA","Djavan","1980-02-01","https://i.scdn.co/image/ab67616d0000b273eca8abdbddfbc29dc8f11b2e","1","4","133266","https://p.scdn.co/mp3-preview/91a9ff7f06f2cca4e35a0d8c8ff1fc3221198702?cid=9950ac751e34487dbbe027c4fd7f8e99","false","30","BREMI8100673","spotify:user:isak.sjoholm.","2025-07-18T13:23:32Z","mpb,bossa nova","0.636","0.796","0","-11.228","1","0.0444","0.679","0.0011","0.141","0.906","89.333","4","","EMI Brazil","C © 1980 EMI Music Brasil Ltda, P ℗ 1980 EMI Music Brasil Ltda"
"spotify:track:1qTk5tbqb6PjhSNzSQiWq8","Fim De Festa","spotify:artist:5iiQvuDCnlXoK8iAhydW0u, spotify:artist:0hPar6ePAELiu9rYMdvMEo","Leci Brandao, Alcione","spotify:album:7GKG1CnQD6C93NJCezTSwi","Essa Tal Criatura","spotify:artist:5iiQvuDCnlXoK8iAhydW0u","Leci Brandao","1980-01-02","https://i.scdn.co/image/ab67616d0000b273070fd881622a2d9ad5a8796e","1","7","206079","https://p.scdn.co/mp3-preview/3447a9e8e68d7231ea52c9d3a33ad0966bd7109d?cid=9950ac751e34487dbbe027c4fd7f8e99","false","12","BRMCA8000089","spotify:user:isak.sjoholm.","2025-07-18T13:23:32Z","samba,pagode,mpb,samba,pagode,mpb","0.572","0.568","6","-10.117","0","0.0524","0.277","0.0000155","0.149","0.809","163.628","4","","Universal Music Ltda.","C © 1980 Universal Music International, P ℗ 1980 Universal Music International"
"spotify:track:3PxKYlf4mepSrJhwC3iU2g","Quando a Glória","spotify:artist:0IDEJU0SdlmJOMtybtEoiT","Vencedores por Cristo","spotify:album:4M0bTJs1vCfXmmsUFZUSMw","Tanto Amor","spotify:artist:0IDEJU0SdlmJOMtybtEoiT","Vencedores por Cristo","1980-01-01","https://i.scdn.co/image/ab67616d0000b2731445cdb8576834d2f07498d7","1","1","181933","https://p.scdn.co/mp3-preview/386b5bfb06711461fcbc9d8eab1499f79e898bac?cid=9950ac751e34487dbbe027c4fd7f8e99","false","25","BRVEC1700044","spotify:user:isak.sjoholm.","2025-07-18T13:23:32Z","brasiliansk gospel,gospel","0.272","0.333","7","-11.533","1","0.0399","0.804","0","0.203","0.341","175.777","4","","Vencedores por Cristo","C 1980 Vencedores por Cristo, P 1980 Vencedores por Cristo"
"spotify:track:6bn2z4UWgXxWRqGt77njYg","Ave Maria","spotify:artist:6F3VaiRahWBYrQ4xBepJAh","Carlos Roberto Mosca","spotify:album:4y6jr6vnZLs7AL6ZGFbCsd","Prece de Caritas","spotify:artist:0LyfQWJT6nXafLPZqxe9Of","Blandade Artister","1980-12-25","https://i.scdn.co/image/ab67616d0000b273f35aa5dbdbe5d1dab0bc9849","1","5","307292","https://p.scdn.co/mp3-preview/c4373533ceb829f3977572afb637c87e8f96f900?cid=9950ac751e34487dbbe027c4fd7f8e99","false","27","BRLSR0600569","spotify:user:isak.sjoholm.","2025-07-18T13:23:32Z","","0.142","0.257","0","-12.71","1","0.0363","0.96","0.676","0.134","0.0643","84.751","4","","blhlaser","C 2006 Laser Records, P 2006 Laser Records"
"spotify:track:1h0Lce3hFO5vpq3Od3jcZ3","Dizem que o poeta é louco","spotify:artist:54aaZOJnJLiCdBhNKpUmsT","Gildo de Freitas","spotify:album:4lLtSTrzlpPJvnZqj96jya","Mais Sucessos","spotify:artist:54aaZOJnJLiCdBhNKpUmsT","Gildo de Freitas","1980","https://i.scdn.co/image/ab67616d0000b273fefd7429899b3cf6fcbd6eb6","1","1","149680","https://p.scdn.co/mp3-preview/42491b180c03075f95f104758000de8a2091b15e?cid=9950ac751e34487dbbe027c4fd7f8e99","false","30","BRWMB0300851","spotify:user:isak.sjoholm.","2025-07-18T13:23:32Z","chamamé","0.737","0.695","4","-5.238","1","0.0332","0.737","0.00138","0.115","0.983","104.311","4","","WM Brazil","C © 1980 Warner Music Brasil Ltda., P ℗ 2011 Warner Music Brasil Ltda."
"spotify:track:5oRCQz4NjLONDX34wuzLaj","Já Passou","spotify:artist:6tOsSffQQIXmK8TqsDck8t","Chico Buarque","spotify:album:78hlL0aB7tSTr66dEa3JLI","Vida","spotify:artist:6tOsSffQQIXmK8TqsDck8t","Chico Buarque","1980-01-01","https://i.scdn.co/image/ab67616d0000b273e53b9b2db0b4d42b3a045ebd","1","4","110733","https://p.scdn.co/mp3-preview/e34ba17b8ca9cb7e7fd3513309bb0f60043923e5?cid=9950ac751e34487dbbe027c4fd7f8e99","false","24","BRPGD8000012","spotify:user:isak.sjoholm.","2025-07-18T13:23:32Z","mpb,bossa nova,samba,brasiliansk jazz","0.44","0.303","2","-18.827","0","0.0973","0.924","0.000285","0.081","0.463","143.537","4","","Universal Music Ltda.","C © 1980 Universal Music Ltda, P ℗ 1980 Universal Music Ltda"
"spotify:track:6gP6uFJSsV1XsArB0tiAM8","14 Bis (Instrumental 1) / 14 Bis (Instrumental 2)","spotify:artist:4cz8toptnAtxffn7ghNjyp","14 Bis","spotify:album:2vUrdZvkJz6qwyAo7Vtum8","14 Bis II","spotify:artist:4cz8toptnAtxffn7ghNjyp","14 Bis","1980-11-25","https://i.scdn.co/image/ab67616d0000b273f87c78cff6294d372d001a9b","1","4","372160","https://p.scdn.co/mp3-preview/8b66aa5b2466a858dffdf9cf4abf3dd3f4d63839?cid=9950ac751e34487dbbe027c4fd7f8e99","false","24","BREMI8000326","spotify:user:isak.sjoholm.","2025-07-18T13:23:32Z","mpb,brasiliansk rock,brasiliansk pop","0.297","0.608","9","-13.61","0","0.0457","0.0189","0.938","0.275","0.381","161.751","4","","EMI","C © 1980 EMI Music Brasil Ltda, P ℗ 1980 EMI Music Brasil Ltda"
"spotify:track:78L0YieNo4XmOLHKK7GAjo","A Arca De Noé","spotify:artist:3Bnq7jiU506HcPjRgQ43TM, spotify:artist:6tOsSffQQIXmK8TqsDck8t","Milton Nascimento, Chico Buarque","spotify:album:4jDwy1lYQaTE70j6PYrT1y","A Arca De Noé","spotify:artist:0LyfQWJT6nXafLPZqxe9Of","Blandade Artister","1980-01-01","https://i.scdn.co/image/ab67616d0000b273fe4afa6561ab3ead76729e7b","1","1","257106","https://p.scdn.co/mp3-preview/9b1b8ce8403c40d9e4a7ab52518c99414e978b39?cid=9950ac751e34487dbbe027c4fd7f8e99","false","23","BRPGD8000021","spotify:user:isak.sjoholm.","2025-07-18T13:23:32Z","mpb,bossa nova,brasiliansk jazz,mpb,bossa nova,samba,brasiliansk jazz","0.338","0.277","9","-14.901","1","0.0408","0.699","0","0.184","0.288","143.335","4","","Universal Music Mexico","C © 1980 Universal Music Ltda, P This Compilation ℗ 1980 Universal Music Ltda"
"spotify:track:1H6oKRJrs1rDdsRrF3NJE4","De Todas As Maneiras","spotify:artist:6tOsSffQQIXmK8TqsDck8t","Chico Buarque","spotify:album:78hlL0aB7tSTr66dEa3JLI","Vida","spotify:artist:6tOsSffQQIXmK8TqsDck8t","Chico Buarque","1980-01-01","https://i.scdn.co/image/ab67616d0000b273e53b9b2db0b4d42b3a045ebd","1","9","104706","https://p.scdn.co/mp3-preview/6fa5b3891f5510c38a2cd5f42ce9081566cb1e44?cid=9950ac751e34487dbbe027c4fd7f8e99","false","24","BRPGD8000017","spotify:user:isak.sjoholm.","2025-07-18T13:23:32Z","mpb,bossa nova,samba,brasiliansk jazz","0.478","0.4","9","-16.708","0","0.0493","0.891","0.0216","0.211","0.504","122.705","4","","Universal Music Ltda.","C © 1980 Universal Music Ltda, P ℗ 1980 Universal Music Ltda"
"spotify:track:5wjv8FLb05CY3yPKcCxFHE","Hey","spotify:artist:3CK7CIjBOogTeAbAJWPkr8","José Augusto","spotify:album:4F86ZeWpekcV7bmJ0zy5Go","José Augusto","spotify:artist:3CK7CIjBOogTeAbAJWPkr8","José Augusto","1980-06-20","https://i.scdn.co/image/ab67616d0000b273a42f404dfa1521294691d07a","1","1","224573","https://p.scdn.co/mp3-preview/c99cdb2f65c95ebc0a9dba7a524895c8b6688f15?cid=9950ac751e34487dbbe027c4fd7f8e99","false","37","BREMI8000022","spotify:user:isak.sjoholm.","2025-07-18T13:23:32Z","brega,mpb,seresta","0.363","0.502","2","-8.991","1","0.0285","0.251","0.000542","0.812","0.374","104.327","4","","EMI Music Brasil Ltda","C © 1980 EMI Records Brasil Ltda, P ℗ 1980 EMI Records Brasil Ltda"
"spotify:track:1IfHdAXOeOJT8NSc7IT5Ti","Não Fique Triste","spotify:artist:0jOs0wnXCu1bGGP7kh5uIu","Tim Maia","spotify:album:6Wsh96wuXlhbQYFUgn6ar1","Tim Maia 1980","spotify:artist:0jOs0wnXCu1bGGP7kh5uIu","Tim Maia","1980-01-07","https://i.scdn.co/image/ab67616d0000b2734fea586cefe2a4235a03b892","1","7","324169","https://p.scdn.co/mp3-preview/0357f323623585144b521b1a3654b12e572b5759?cid=9950ac751e34487dbbe027c4fd7f8e99","false","25","BRUM70800551","spotify:user:isak.sjoholm.","2025-07-18T13:23:32Z","mpb","0.426","0.454","6","-12.492","0","0.0319","0.285","0.000885","0.172","0.297","133.158","4","","Universal Music Ltda.","C © 1980 Universal Music Ltda, P ℗ 1980 Universal Music Ltda"
"spotify:track:4ozzq6s51a3ue7l2zxlS67","Ready An' Willing","spotify:artist:3UbyYnvNIT5DFXU4WgiGpP","Whitesnake","spotify:album:7DVZdP0GpxvEfqL9DxTtB2","Ready An' Willing","spotify:artist:3UbyYnvNIT5DFXU4WgiGpP","Whitesnake","1980-01-01","https://i.scdn.co/image/ab67616d0000b2730794a51e57f26bf5668cd6fd","1","3","222706","","false","22","CAU111120900","spotify:user:isak.sjoholm.","2025-07-18T13:23:32Z","glam metal,hårdrock,glamrock","0.588","0.929","0","-4.931","1","0.0393","0.0435","0.00157","0.0816","0.699","101.537","4","","Mirage Records / Unidisc Music Inc.","C 1980 Mirage Records / Unidisc Music Inc., P 1980 Mirage Records / Unidisc Music Inc."
"spotify:track:7jGHOHMdrVGZFVlIQrnzQh","Vinho Amargo","spotify:artist:1CjvI1dBcZPfgd2PLD8pVj","Kleiton & Kledir","spotify:album:1iph6zKpo7iefwCkNDiyas","Kleiton e Kledir (1980)","spotify:artist:1CjvI1dBcZPfgd2PLD8pVj","Kleiton & Kledir","1980-01-01","https://i.scdn.co/image/ab67616d0000b2731a278a426e30849a044e4060","1","2","188346","https://p.scdn.co/mp3-preview/043feb47dd502091ce51a1715a30a5a99f37663a?cid=9950ac751e34487dbbe027c4fd7f8e99","false","26","BRMCA8000108","spotify:user:isak.sjoholm.","2025-07-18T13:23:32Z","mpb,brasiliansk pop","0.486","0.5","9","-7.738","0","0.0315","0.605","0","0.575","0.455","125.193","4","","Universal Music Ltda.","C © 1980 Universal Music Ltda, P ℗ 1980 Universal Music Ltda"
"spotify:track:7r5zZUQt1G8AGK80iAiLH8","Morena De Endoidecer","spotify:artist:5rrmaoBXZ7Jcs4Qb77j0YA","Djavan","spotify:album:52WarR7rVx473Mdvbu4tVF","Seduzir","spotify:artist:5rrmaoBXZ7Jcs4Qb77j0YA","Djavan","1980-02-01","https://i.scdn.co/image/ab67616d0000b273eca8abdbddfbc29dc8f11b2e","1","3","264240","https://p.scdn.co/mp3-preview/e12cba4dcc262fc897f5561941b7ff737bcaf1c1?cid=9950ac751e34487dbbe027c4fd7f8e99","false","26","BREMI8100018","spotify:user:isak.sjoholm.","2025-07-18T13:23:32Z","mpb,bossa nova","0.332","0.155","9","-10.88","0","0.0317","0.969","0.0000091","0.103","0.119","101.421","3","","EMI Brazil","C © 1980 EMI Music Brasil Ltda, P ℗ 1980 EMI Music Brasil Ltda"
"spotify:track:34gEQkDBNZa03xSmtw5GUa","Como Lutei","spotify:artist:4cn4gMq0KXORHeYA45PcBi","Elza Soares","spotify:album:4Fn9istXvyDOUQcCohvnxL","Elza Negra, Negra Elza","spotify:artist:4cn4gMq0KXORHeYA45PcBi","Elza Soares","1980-01-01","https://i.scdn.co/image/ab67616d0000b27331e0056e1632c93225c4f8d8","1","1","175333","https://p.scdn.co/mp3-preview/d80f54823a5dfbafcdee944c3d4ec509f026e8cd?cid=9950ac751e34487dbbe027c4fd7f8e99","false","20","BRSME8000123","spotify:user:isak.sjoholm.","2025-07-18T13:23:32Z","samba,mpb,bossa nova,nova mpb","0.714","0.839","9","-8.529","1","0.0882","0.369","0","0.199","0.694","101.47","4","","Columbia","P (P) 1980 Sony Music Entertainment (Brasil) I.C.L."
"spotify:track:4Bhks1X14B4x36Nd8zf7iB","Adeus rio Piracicaba","spotify:artist:2nyp615W8UwgHGdkrqmjwk","Tião Carreiro & Paraíso","spotify:album:19hSW2kIwKdQY1vXQij3Ls","Homem Até Debaixo D'Água","spotify:artist:2nyp615W8UwgHGdkrqmjwk","Tião Carreiro & Paraíso","1980","https://i.scdn.co/image/ab67616d0000b273bb963606e8b39759dafae676","1","10","225853","https://p.scdn.co/mp3-preview/cae414bf42cf3a17bb94fed05f8918412cf41b8d?cid=9950ac751e34487dbbe027c4fd7f8e99","false","25","BRWMB9803054","spotify:user:isak.sjoholm.","2025-07-18T13:23:32Z","sertanejo tradicional,sertanejo","0.462","0.651","2","-5.138","1","0.0293","0.661","0","0.247","0.697","175.947","4","","WM Brazil","C © 1980 WEA International Inc., P ℗ 2000 WEA International Inc."
"spotify:track:4o4GqwBtkegvSv8hKbidsr","Doeu Mais Que Doer","spotify:artist:0jOs0wnXCu1bGGP7kh5uIu","Tim Maia","spotify:album:6Wsh96wuXlhbQYFUgn6ar1","Tim Maia 1980","spotify:artist:0jOs0wnXCu1bGGP7kh5uIu","Tim Maia","1980-01-07","https://i.scdn.co/image/ab67616d0000b2734fea586cefe2a4235a03b892","1","10","303101","https://p.scdn.co/mp3-preview/da9118d8383493c5b8eaa186d7394a525f0a88f1?cid=9950ac751e34487dbbe027c4fd7f8e99","false","24","BRUM70800552","spotify:user:isak.sjoholm.","2025-07-18T13:23:32Z","mpb","0.536","0.381","5","-13.759","1","0.0556","0.482","0.0000177","0.0926","0.233","131.66","4","","Universal Music Ltda.","C © 1980 Universal Music Ltda, P ℗ 1980 Universal Music Ltda"
"spotify:track:5ZKGM6XHlLDXynL1tgK28S","A Volta da Sorte","spotify:artist:1WkZvxuA4zCcFF9GChK6Vr","Grupo Fundo De Quintal","spotify:album:1t9O1ur8lCiQwPzIms2Q1P","Samba É No Fundo do Quintal","spotify:artist:1WkZvxuA4zCcFF9GChK6Vr","Grupo Fundo De Quintal","1980-01-01","https://i.scdn.co/image/ab67616d0000b2732c5e530b7fac773138d27a02","1","5","157533","https://p.scdn.co/mp3-preview/d786a7f081d7582a88496ea9c467242dc8db295f?cid=9950ac751e34487dbbe027c4fd7f8e99","false","28","BRRGE9601744","spotify:user:isak.sjoholm.","2025-07-18T13:23:32Z","samba,pagode","0.859","0.717","4","-6.235","1","0.15","0.303","0.0000848","0.0525","0.969","138.868","4","","Som Livre","C (C) 1980 Som Livre"
"spotify:track:7BuD3DSdGSqp2VtOeXVfUu","O Gato","spotify:artist:28IcRPf399RPv4TUiZ7uol","Marina Lima","spotify:album:4jDwy1lYQaTE70j6PYrT1y","A Arca De Noé","spotify:artist:0LyfQWJT6nXafLPZqxe9Of","Blandade Artister","1980-01-01","https://i.scdn.co/image/ab67616d0000b273fe4afa6561ab3ead76729e7b","1","11","158106","https://p.scdn.co/mp3-preview/3529d138d9a3d4c9c2e585c8e8eed869bf4ea871?cid=9950ac751e34487dbbe027c4fd7f8e99","false","31","BRPGD8000031","spotify:user:isak.sjoholm.","2025-07-18T13:23:32Z","mpb,brasiliansk rock,brasiliansk pop","0.446","0.439","7","-14.352","1","0.0887","0.792","0","0.42","0.672","140.956","4","","Universal Music Mexico","C © 1980 Universal Music Ltda, P This Compilation ℗ 1980 Universal Music Ltda"
"spotify:track:4PUOJnPWoGgvxfeLU2aGPu","Pra Te Namorar","spotify:artist:4cz8toptnAtxffn7ghNjyp","14 Bis","spotify:album:2vUrdZvkJz6qwyAo7Vtum8","14 Bis II","spotify:artist:4cz8toptnAtxffn7ghNjyp","14 Bis","1980-11-25","https://i.scdn.co/image/ab67616d0000b273f87c78cff6294d372d001a9b","1","6","223266","https://p.scdn.co/mp3-preview/1682216b8e6f30869ba43382c6661e494f2cf069?cid=9950ac751e34487dbbe027c4fd7f8e99","false","19","BREMI8000382","spotify:user:isak.sjoholm.","2025-07-18T13:23:32Z","mpb,brasiliansk rock,brasiliansk pop","0.433","0.416","5","-12.618","1","0.0352","0.754","0.0591","0.167","0.58","122.583","4","","EMI","C © 1980 EMI Music Brasil Ltda, P ℗ 1980 EMI Music Brasil Ltda"
"spotify:track:0FypGOpdfAPe0SRjlLWxN7","O Lado Quente Do Ser","spotify:artist:3f5VCwd57gZsqMad28jyLV","Maria Bethânia","spotify:album:16Xis3W8c7fYFw2vgp3943","Talismã","spotify:artist:3f5VCwd57gZsqMad28jyLV","Maria Bethânia","1980-11-01","https://i.scdn.co/image/ab67616d0000b27313b769caf491acd976ef53c9","1","3","170106","https://p.scdn.co/mp3-preview/ce187701c36491eef2ab5096d9d03ebefeebaba1?cid=9950ac751e34487dbbe027c4fd7f8e99","false","0","BRMCA8000037","spotify:user:isak.sjoholm.","2025-07-18T13:23:32Z","mpb,samba,bossa nova,axé","0.597","0.571","9","-6.571","1","0.0301","0.571","0.0000348","0.109","0.334","115.381","4","","Universal Music Ltda.","C © 1980 Universal Music International, P ℗ 1980 Universal Music International"
"spotify:track:3g0BOQ7ljymPyq3gxuqVG8","Papagaio","spotify:artist:6oiZXVIGaUMG3BPNplXPga","Mussum","spotify:album:7GEwPOFQHhR7Uf8dIRtLnI","Mussum","spotify:artist:6oiZXVIGaUMG3BPNplXPga","Mussum","1980-03-30","https://i.scdn.co/image/ab67616d0000b27392cc1d3129eda53bc4300238","1","10","195960","https://p.scdn.co/mp3-preview/b004eff7eb38b87c12ec5d81d54948336d20325d?cid=9950ac751e34487dbbe027c4fd7f8e99","false","25","BRBMG0900067","spotify:user:isak.sjoholm.","2025-07-18T13:23:32Z","samba","0.62","0.804","9","-7.504","1","0.0812","0.642","0","0.445","0.963","112.272","4","","Best","P (P) 1980"
"spotify:track:5AV7okuQqH7kj5jxWyUJPF","De longe também se ama","spotify:artist:4oa7ETNZH1ivfzFkCGVZlR, spotify:artist:55Wn8tf8dBvfl1HRsD7Kze","Milionário & José Rico, Continental","spotify:album:5tDnKa7ks1XlbtFtAGieJJ","Volume 09 (Trilha Sonora do Filme - Estrada da Vida)","spotify:artist:4oa7ETNZH1ivfzFkCGVZlR, spotify:artist:55Wn8tf8dBvfl1HRsD7Kze","Milionário & José Rico, Continental","1980","https://i.scdn.co/image/ab67616d0000b27310e4765c17cc6dbbd577d120","1","8","168186","https://p.scdn.co/mp3-preview/232f7aea73be3c6d06b93a5538af61b73bafb338?cid=9950ac751e34487dbbe027c4fd7f8e99","false","26","BRWMB9705852","spotify:user:isak.sjoholm.","2025-07-18T13:23:32Z","sertanejo tradicional,sertanejo,sertanejo tradicional,sertanejo,brega","0.351","0.451","2","-3.432","1","0.0302","0.547","0","0.0519","0.538","162.049","3","","WM Brazil","C © 1980 Warner Music Brasil Ltda., P ℗ 1980 Warner Music Brasil Ltda."
"spotify:track:1VfBu58m84josFYpk4m63D","No Lollipop No Sweet So","spotify:artist:5TUTGRG0FlRoYTZ4GEdOVO","Johnny Osbourne","spotify:album:1KazY0vkz1QEHqnoF6ocUj","Fally Lover","spotify:artist:5TUTGRG0FlRoYTZ4GEdOVO","Johnny Osbourne","1980-01-01","https://i.scdn.co/image/ab67616d0000b2731fe83d938fc7e0c7aadfa979","1","7","180533","https://p.scdn.co/mp3-preview/91576b92c3512761365c69e2e519565931b12c67?cid=9950ac751e34487dbbe027c4fd7f8e99","false","45","GBBZV8014396","spotify:user:isak.sjoholm.","2025-07-18T13:23:32Z","roots reggae,reggae,rocksteady,dub,lovers rock,ragga","0.805","0.542","11","-7.388","0","0.0645","0.149","0.00000309","0.0999","0.937","140.724","4","","Greensleeves Records","C 1980 Greensleeves Records, P 1980 Greensleeves Records"
"spotify:track:284i5lO1gHTdUlPd9lqBPN","Miss Cheryl","spotify:artist:47UDFBXxSM6d5zbKvflXhv","Banda Black Rio","spotify:album:3GcvpFejoLlbT2YsYHuyxF","Saci Pererê","spotify:artist:47UDFBXxSM6d5zbKvflXhv","Banda Black Rio","1980-11-12","https://i.scdn.co/image/ab67616d0000b2739c82e65f65ccda1390d80c53","1","2","228813","https://p.scdn.co/mp3-preview/54938c1dd36460f0e2d44796198d178c756bf544?cid=9950ac751e34487dbbe027c4fd7f8e99","false","21","BRBMG8000193","spotify:user:isak.sjoholm.","2025-07-18T13:23:32Z","brasiliansk jazz,jazzfunk","0.71","0.467","5","-14.789","0","0.0569","0.132","0.807","0.0812","0.964","112.906","4","","RCA Victor","P 1980 BMG BRASIL LTDA"
"spotify:track:6W0jKiSo6wuqkoPPFKKcCr","Itamarandiba","spotify:artist:3Bnq7jiU506HcPjRgQ43TM","Milton Nascimento","spotify:album:1FmhZzRtI8KJYn3UAkXuU2","Sentinela","spotify:artist:3Bnq7jiU506HcPjRgQ43TM","Milton Nascimento","1980-01-07","https://i.scdn.co/image/ab67616d0000b273aa08d5df533d1172f049b73c","1","11","204866","https://p.scdn.co/mp3-preview/a0be044094902b6600c074047fbe6eced17db7e0?cid=9950ac751e34487dbbe027c4fd7f8e99","false","26","BRMCA8000045","spotify:user:isak.sjoholm.","2025-07-18T13:23:32Z","mpb,bossa nova,brasiliansk jazz","0.315","0.27","4","-13.925","0","0.0287","0.66","0","0.14","0.241","149.23","4","","Universal Music Ltda.","C © 1980 Universal Music International, P ℗ 1980 Universal Music International"
"spotify:track:6kER0gX42oP7rM9S83E51g","No Tabuleiro Da Baiana","spotify:artist:1b8kpp4DUwt1hWaxTiWQhD, spotify:artist:7HGNYPmbDrMkylWqeFCOIQ","Gal Costa, Caetano Veloso","spotify:album:5AZEeB6wZKCrgGAah9iufo","Aquarela Do Brasil","spotify:artist:1b8kpp4DUwt1hWaxTiWQhD","Gal Costa","1980-01-01","https://i.scdn.co/image/ab67616d0000b2730c12026d18ee71048777c449","1","6","174733","https://p.scdn.co/mp3-preview/f27b80b141c4413cc61d638dfdd47d46049f6935?cid=9950ac751e34487dbbe027c4fd7f8e99","false","26","BRMCA8000171","spotify:user:isak.sjoholm.","2025-07-18T13:23:32Z","mpb,bossa nova,brasiliansk jazz,mpb,bossa nova,samba","0.639","0.716","10","-6.607","0","0.127","0.228","0","0.0989","0.588","101.341","4","","Universal Music Ltda.","C © 1980 Universal Music Ltda, P ℗ 1980 Universal Music Ltda"
"spotify:track:7tLsKuR4lMmV6zdIQDcFHy","Estrada da vida - Créditos finais","spotify:artist:4oa7ETNZH1ivfzFkCGVZlR, spotify:artist:55Wn8tf8dBvfl1HRsD7Kze","Milionário & José Rico, Continental","spotify:album:5tDnKa7ks1XlbtFtAGieJJ","Volume 09 (Trilha Sonora do Filme - Estrada da Vida)","spotify:artist:4oa7ETNZH1ivfzFkCGVZlR, spotify:artist:55Wn8tf8dBvfl1HRsD7Kze","Milionário & José Rico, Continental","1980","https://i.scdn.co/image/ab67616d0000b27310e4765c17cc6dbbd577d120","1","14","126160","https://p.scdn.co/mp3-preview/6c7e7da3f344feaab01d406812719a102551fbb1?cid=9950ac751e34487dbbe027c4fd7f8e99","false","22","BRWMB0001246","spotify:user:isak.sjoholm.","2025-07-18T13:23:32Z","sertanejo tradicional,sertanejo,sertanejo tradicional,sertanejo,brega","0.541","0.44","0","-5.184","1","0.028","0.705","0.182","0.594","0.625","79.768","1","","WM Brazil","C © 1980 Warner Music Brasil Ltda., P ℗ 1980 Warner Music Brasil Ltda."
"spotify:track:3VPNM9mc61o8cedxzgouX9","Aula De Piano","spotify:artist:0fvtTgGadhxwdCTQx82HUu","Frenéticas","spotify:album:4jDwy1lYQaTE70j6PYrT1y","A Arca De Noé","spotify:artist:0LyfQWJT6nXafLPZqxe9Of","Blandade Artister","1980-01-01","https://i.scdn.co/image/ab67616d0000b273fe4afa6561ab3ead76729e7b","1","7","171440","https://p.scdn.co/mp3-preview/4649972b47d8cd2b6b80ed73b9c24402998e1460?cid=9950ac751e34487dbbe027c4fd7f8e99","false","20","BRPGD8000027","spotify:user:isak.sjoholm.","2025-07-18T13:23:32Z","brega","0.686","0.524","7","-14.216","1","0.231","0.224","0","0.652","0.677","126.544","4","","Universal Music Mexico","C © 1980 Universal Music Ltda, P This Compilation ℗ 1980 Universal Music Ltda"
"spotify:track:4ELn8amAritOJ6berKtneJ","Estradas","spotify:artist:4UY8oXAmhqJajLSW7uWe8m","Zé Geraldo","spotify:album:1KY9WMnhTNT22gxjxN6rrI","Estradas","spotify:artist:4UY8oXAmhqJajLSW7uWe8m","Zé Geraldo","1980-03-15","https://i.scdn.co/image/ab67616d0000b2730f2860aa9bc0ebc55e6551f2","1","5","208800","https://p.scdn.co/mp3-preview/2d28120b5226ac3834b1374074512c2cb1bc75ed?cid=9950ac751e34487dbbe027c4fd7f8e99","false","17","BRSME8000024","spotify:user:isak.sjoholm.","2025-07-18T13:23:32Z","mpb","0.393","0.651","5","-9.241","1","0.0672","0.356","0","0.195","0.573","118.465","4","","Epic","P (P) 1980 Sony Music Entertainment (Brasil) I.C.L."
"spotify:track:0VX5SLTKLzcSqeqYqSSzSM","Pedro Brasil","spotify:artist:5rrmaoBXZ7Jcs4Qb77j0YA","Djavan","spotify:album:52WarR7rVx473Mdvbu4tVF","Seduzir","spotify:artist:5rrmaoBXZ7Jcs4Qb77j0YA","Djavan","1980-02-01","https://i.scdn.co/image/ab67616d0000b273eca8abdbddfbc29dc8f11b2e","1","1","283066","https://p.scdn.co/mp3-preview/d03279fe292689bafc6ab3cb5fa96bb5a261c819?cid=9950ac751e34487dbbe027c4fd7f8e99","false","27","BREMI8000054","spotify:user:isak.sjoholm.","2025-07-18T13:23:32Z","mpb,bossa nova","0.47","0.65","0","-10.604","1","0.0399","0.678","0.000259","0.125","0.76","167.777","4","","EMI Brazil","C © 1980 EMI Music Brasil Ltda, P ℗ 1980 EMI Music Brasil Ltda"
"spotify:track:4tmLSgGM97sKZXgAjroqz8","Saveiros","spotify:artist:6fV3ZNUY8BCP45yuCWWDez","Dori Caymmi","spotify:album:67U5cjkiVh0I0bTsWgPbCD","Dori Caymmi (1980)","spotify:artist:6fV3ZNUY8BCP45yuCWWDez","Dori Caymmi","1980-03-10","https://i.scdn.co/image/ab67616d0000b273b4f842c53be61a1dbc3668c6","1","4","205266","https://p.scdn.co/mp3-preview/6c9e1aaca917ebbfc631982d695f212d7ca8e881?cid=9950ac751e34487dbbe027c4fd7f8e99","false","18","BREMI8082142","spotify:user:isak.sjoholm.","2025-07-18T13:23:32Z","brasiliansk jazz,bossa nova,mpb","0.206","0.191","2","-16.124","1","0.0329","0.924","0.0349","0.1","0.109","93.571","4","","Universal Music Ltda.","C © 1980 EMI Records Brasil Ltda, P ℗ 1980 EMI Records Brasil Ltda"
"spotify:track:70UdjCqZXHBQ4t4c66Dvwe","Bate-Bate-Com-Doce","spotify:artist:6RwoFwjZFLhtm5mWGBgmv4","Maestro Duda e Sua Orquestra","spotify:album:6CJfy24BNUQFGPBJpOn56L","Olinda Carnaval","spotify:artist:6RwoFwjZFLhtm5mWGBgmv4","Maestro Duda e Sua Orquestra","1980","https://i.scdn.co/image/ab67616d0000b2734d92278e35518ed6f8e93344","1","9","175728","https://p.scdn.co/mp3-preview/3408792710b8fc0a42b398f2ce3856058a43757e?cid=9950ac751e34487dbbe027c4fd7f8e99","false","14","FR6V82496581","spotify:user:isak.sjoholm.","2025-07-18T13:23:32Z","","0.612","0.639","0","-6.09","1","0.242","0.219","0","0.105","0.559","136.663","4","","Rozenblit","C DJ Empreendimentos, P Mocambo"
"spotify:track:1rxGmW6PO0pOONFchMccph","A Chuva Cai","spotify:artist:56TkPi7rpmU8jTpkcK7FY3","Beth Carvalho","spotify:album:5m41zPmVbSbYMcOng63xaP","Sentimento Brasileiro","spotify:artist:56TkPi7rpmU8jTpkcK7FY3","Beth Carvalho","1980","https://i.scdn.co/image/ab67616d0000b27387c68b924ac3e6297ebde6f6","1","1","175400","https://p.scdn.co/mp3-preview/98e0bb135ec90d2ab66bcc13e6f36c832196005d?cid=9950ac751e34487dbbe027c4fd7f8e99","false","21","BRBMG8000124","spotify:user:isak.sjoholm.","2025-07-18T13:23:32Z","samba,pagode,mpb","0.62","0.87","3","-6.654","1","0.0646","0.271","0","0.0568","0.96","132.101","4","","RCA Records Label","P (P) 1980 RCA"
"spotify:track:4nIYIjjrRC0tROKVMIfsrh","Ignorância e cultura","spotify:artist:54aaZOJnJLiCdBhNKpUmsT","Gildo de Freitas","spotify:album:4lLtSTrzlpPJvnZqj96jya","Mais Sucessos","spotify:artist:54aaZOJnJLiCdBhNKpUmsT","Gildo de Freitas","1980","https://i.scdn.co/image/ab67616d0000b273fefd7429899b3cf6fcbd6eb6","1","6","219426","https://p.scdn.co/mp3-preview/c3e058f102c95184fb0a7b53849f03c4900f22fa?cid=9950ac751e34487dbbe027c4fd7f8e99","false","33","BRWMB0400340","spotify:user:isak.sjoholm.","2025-07-18T13:23:32Z","chamamé","0.672","0.689","5","-5.264","1","0.0371","0.753","0.0308","0.172","0.935","115.776","3","","WM Brazil","C © 1980 Warner Music Brasil Ltda., P ℗ 2011 Warner Music Brasil Ltda."
"spotify:track:7trl9yNNlUQcStb3dcD4eU","Mistérios","spotify:artist:5644bJMU3NkJN0edhyHV3v","Joyce Moreno","spotify:album:7ImYb6goMEMVVtt3FKokEi","Feminina","spotify:artist:5644bJMU3NkJN0edhyHV3v","Joyce Moreno","1980","https://i.scdn.co/image/ab67616d0000b27340df3b56d7a8fd075fab30ae","1","2","272666","https://p.scdn.co/mp3-preview/0695e6e04eb6007078a74486d8d21725a1672beb?cid=9950ac751e34487dbbe027c4fd7f8e99","false","20","BREMI8000206","spotify:user:isak.sjoholm.","2025-07-18T13:23:32Z","bossa nova,brasiliansk jazz,mpb","0.278","0.246","9","-13.054","0","0.0289","0.855","0.0000162","0.127","0.165","87.22","4","","EMI","C © 2010 EMI Music Brasil Ltda, P ℗ 2010 EMI Music Brasil Ltda"
"spotify:track:01koVrc5AZKi6EaOpmDBOY","Do mundo nada se leva","spotify:artist:4oa7ETNZH1ivfzFkCGVZlR, spotify:artist:55Wn8tf8dBvfl1HRsD7Kze","Milionário & José Rico, Continental","spotify:album:5tDnKa7ks1XlbtFtAGieJJ","Volume 09 (Trilha Sonora do Filme - Estrada da Vida)","spotify:artist:4oa7ETNZH1ivfzFkCGVZlR, spotify:artist:55Wn8tf8dBvfl1HRsD7Kze","Milionário & José Rico, Continental","1980","https://i.scdn.co/image/ab67616d0000b27310e4765c17cc6dbbd577d120","1","3","168520","https://p.scdn.co/mp3-preview/ebed1501b67ba18cbec69ecb8e67f6bd04511a1b?cid=9950ac751e34487dbbe027c4fd7f8e99","false","25","BRWMB9705665","spotify:user:isak.sjoholm.","2025-07-18T13:23:32Z","sertanejo tradicional,sertanejo,sertanejo tradicional,sertanejo,brega","0.655","0.604","7","-2.62","1","0.0294","0.703","0","0.303","0.888","120.059","3","","WM Brazil","C © 1980 Warner Music Brasil Ltda., P ℗ 1980 Warner Music Brasil Ltda."
"spotify:track:1GEzrO3QAhgSd4bD4UiaKc","Como Diria Bob Dylan","spotify:artist:4UY8oXAmhqJajLSW7uWe8m","Zé Geraldo","spotify:album:1KY9WMnhTNT22gxjxN6rrI","Estradas","spotify:artist:4UY8oXAmhqJajLSW7uWe8m","Zé Geraldo","1980-03-15","https://i.scdn.co/image/ab67616d0000b2730f2860aa9bc0ebc55e6551f2","1","1","222026","https://p.scdn.co/mp3-preview/c07f1f1797268fecf400264a978cb8e18368d426?cid=9950ac751e34487dbbe027c4fd7f8e99","false","25","BRSME8000020","spotify:user:isak.sjoholm.","2025-07-18T13:23:32Z","mpb","0.403","0.621","7","-8.363","1","0.077","0.313","0","0.111","0.719","183.059","4","","Epic","P (P) 1980 Sony Music Entertainment (Brasil) I.C.L."
"spotify:track:2SoPrqU1IXmLA611CjStAN","Qualquer Canção","spotify:artist:6tOsSffQQIXmK8TqsDck8t","Chico Buarque","spotify:album:78hlL0aB7tSTr66dEa3JLI","Vida","spotify:artist:6tOsSffQQIXmK8TqsDck8t","Chico Buarque","1980-01-01","https://i.scdn.co/image/ab67616d0000b273e53b9b2db0b4d42b3a045ebd","1","6","108333","https://p.scdn.co/mp3-preview/cebad687571eb092297c8aaefdfc063f867e322a?cid=9950ac751e34487dbbe027c4fd7f8e99","false","22","BRPGD8000014","spotify:user:isak.sjoholm.","2025-07-18T13:23:32Z","mpb,bossa nova,samba,brasiliansk jazz","0.323","0.284","8","-17.512","1","0.0412","0.985","0.175","0.123","0.211","122.627","4","","Universal Music Ltda.","C © 1980 Universal Music Ltda, P ℗ 1980 Universal Music Ltda"
"spotify:track:2q0sFiIpVXLSFKtkr5CLlQ","Desenredo","spotify:artist:6fV3ZNUY8BCP45yuCWWDez","Dori Caymmi","spotify:album:67U5cjkiVh0I0bTsWgPbCD","Dori Caymmi (1980)","spotify:artist:6fV3ZNUY8BCP45yuCWWDez","Dori Caymmi","1980-03-10","https://i.scdn.co/image/ab67616d0000b273b4f842c53be61a1dbc3668c6","1","6","268626","https://p.scdn.co/mp3-preview/580e9caced0aa9b78aeec22a53aa036bbf168354?cid=9950ac751e34487dbbe027c4fd7f8e99","false","22","BREMI8000311","spotify:user:isak.sjoholm.","2025-07-18T13:23:32Z","brasiliansk jazz,bossa nova,mpb","0.234","0.27","9","-12.403","0","0.0296","0.883","0","0.182","0.274","177.943","5","","Universal Music Ltda.","C © 1980 EMI Records Brasil Ltda, P ℗ 1980 EMI Records Brasil Ltda"
"spotify:track:38f79bJATaQ1ljiV2Mvmix","Voz e vento","spotify:artist:5COT5dVPZHSd0ZFyCQCm7s","Hermeto Pascoal","spotify:album:3rR1YEv7MQgirkh6w0LVe6","Cerebro Magnetico (Remasterizado)","spotify:artist:5COT5dVPZHSd0ZFyCQCm7s","Hermeto Pascoal","1980","https://i.scdn.co/image/ab67616d0000b2730fe9dade77406a1a33ab9e8b","1","1","200933","https://p.scdn.co/mp3-preview/f8d70034063828c1c2bf017573b66f6a49276b11?cid=9950ac751e34487dbbe027c4fd7f8e99","false","22","BRWMB0100750","spotify:user:isak.sjoholm.","2025-07-18T13:23:33Z","brasiliansk jazz,bossa nova,jazzfusion,latinamerikansk jazz","0.466","0.543","5","-13.47","1","0.0437","0.375","0.401","0.233","0.91","132.42","4","","WM Brazil","C © 1980 WEA International Inc., P ℗ 2001 WEA International Inc."
"spotify:track:1i01coCdrJQTyTkdY0GClx","Saúde","spotify:artist:7dnT2FUXhjirperXaH22IJ, spotify:artist:4w4ll81d0dR8gz989jjko1","Rita Lee, Roberto De Carvalho","spotify:album:5zvIJc4CPmQhafWnvmd9UR","Saúde","spotify:artist:7dnT2FUXhjirperXaH22IJ, spotify:artist:4w4ll81d0dR8gz989jjko1","Rita Lee, Roberto De Carvalho","1981","https://i.scdn.co/image/ab67616d0000b27300369fc7d9da78f863b28e6c","1","1","301693","https://p.scdn.co/mp3-preview/d1395ab818a8654eb41c757a81b5d586f1c814de?cid=9950ac751e34487dbbe027c4fd7f8e99","false","53","BREMI8100976","spotify:user:isak.sjoholm.","2025-07-18T13:23:33Z","mpb,brasiliansk rock,brasiliansk pop,mpb,brasiliansk rock","0.756","0.538","9","-14.503","1","0.0338","0.193","0.00735","0.0948","0.923","126.236","4","","EMI Music Brasil Ltda","C © 2015 EMI Records Brasil Ltda/Universal Music International Ltda, P ℗ 1981 EMI Records Brasil Ltda/Universal Music International Ltda"
"spotify:track:4ySIlRhVHfoH4uK3BL74Ql","Banho De Espuma","spotify:artist:7dnT2FUXhjirperXaH22IJ, spotify:artist:4w4ll81d0dR8gz989jjko1","Rita Lee, Roberto De Carvalho","spotify:album:5zvIJc4CPmQhafWnvmd9UR","Saúde","spotify:artist:7dnT2FUXhjirperXaH22IJ, spotify:artist:4w4ll81d0dR8gz989jjko1","Rita Lee, Roberto De Carvalho","1981","https://i.scdn.co/image/ab67616d0000b27300369fc7d9da78f863b28e6c","1","5","222666","https://p.scdn.co/mp3-preview/e03d6b6ef94532ca7d8e3e6f3eab865c71c94cf3?cid=9950ac751e34487dbbe027c4fd7f8e99","false","47","BREMI8100786","spotify:user:isak.sjoholm.","2025-07-18T13:23:33Z","mpb,brasiliansk rock,brasiliansk pop,mpb,brasiliansk rock","0.803","0.557","0","-13.73","1","0.0591","0.287","0.0000235","0.35","0.959","134.335","4","","EMI Music Brasil Ltda","C © 2015 EMI Records Brasil Ltda/Universal Music International Ltda, P ℗ 1981 EMI Records Brasil Ltda/Universal Music International Ltda"
"spotify:track:5rShS5dwU8nIe21jlQnbxK","Mutante","spotify:artist:7dnT2FUXhjirperXaH22IJ, spotify:artist:4w4ll81d0dR8gz989jjko1","Rita Lee, Roberto De Carvalho","spotify:album:5zvIJc4CPmQhafWnvmd9UR","Saúde","spotify:artist:7dnT2FUXhjirperXaH22IJ, spotify:artist:4w4ll81d0dR8gz989jjko1","Rita Lee, Roberto De Carvalho","1981","https://i.scdn.co/image/ab67616d0000b27300369fc7d9da78f863b28e6c","1","3","204893","https://p.scdn.co/mp3-preview/e2657ea8aa7c3a384250881c1ed42e2b30111622?cid=9950ac751e34487dbbe027c4fd7f8e99","false","51","BREMI8100787","spotify:user:isak.sjoholm.","2025-07-18T13:23:33Z","mpb,brasiliansk rock,brasiliansk pop,mpb,brasiliansk rock","0.716","0.376","9","-14.998","1","0.0323","0.428","0.266","0.124","0.873","120.572","4","","EMI Music Brasil Ltda","C © 2015 EMI Records Brasil Ltda/Universal Music International Ltda, P ℗ 1981 EMI Records Brasil Ltda/Universal Music International Ltda"
"spotify:track:5nPYQSBGnHtb2Z1DTDin6T","Tititi (Galinhagem)","spotify:artist:7dnT2FUXhjirperXaH22IJ, spotify:artist:4w4ll81d0dR8gz989jjko1","Rita Lee, Roberto De Carvalho","spotify:album:5zvIJc4CPmQhafWnvmd9UR","Saúde","spotify:artist:7dnT2FUXhjirperXaH22IJ, spotify:artist:4w4ll81d0dR8gz989jjko1","Rita Lee, Roberto De Carvalho","1981","https://i.scdn.co/image/ab67616d0000b27300369fc7d9da78f863b28e6c","1","4","278373","https://p.scdn.co/mp3-preview/e30009251d5aa8134526446a1bac38aeb1dbf286?cid=9950ac751e34487dbbe027c4fd7f8e99","false","30","BREMI8100978","spotify:user:isak.sjoholm.","2025-07-18T13:23:33Z","mpb,brasiliansk rock,brasiliansk pop,mpb,brasiliansk rock","0.708","0.876","9","-11.951","1","0.0424","0.151","0.299","0.202","0.714","122.91","4","","EMI Music Brasil Ltda","C © 2015 EMI Records Brasil Ltda/Universal Music International Ltda, P ℗ 1981 EMI Records Brasil Ltda/Universal Music International Ltda"
"spotify:track:5T9BhfREA3YbSbmiDiocg0","Minha Missão","spotify:artist:6UKz2oYWzE0ZBnciztCown","Clara Nunes","spotify:album:1j4V1nhK4NbklPaDHAnni1","Clara","spotify:artist:6UKz2oYWzE0ZBnciztCown","Clara Nunes","1981-06-09","https://i.scdn.co/image/ab67616d0000b273bd7163cc2dd19f2b651aeb80","1","6","205125","https://p.scdn.co/mp3-preview/0e21d82325685b68bd2b69b41f603c0fa0585f39?cid=9950ac751e34487dbbe027c4fd7f8e99","false","25","BREMI8100949","spotify:user:isak.sjoholm.","2025-07-18T13:23:33Z","samba,mpb,forró tradicional,pagode,forró,axé","0.553","0.813","5","-6.875","0","0.0525","0.43","0.00000479","0.315","0.888","91.287","4","","EMI Music Brasil Ltda","C © 1981 EMI Music Brasil Ltda, P ℗ 1981 EMI Music Brasil Ltda"
"spotify:track:4h9C18FPU7bTnUiFkbYvFx","Como É Grande E Bonita A Natureza","spotify:artist:6UKz2oYWzE0ZBnciztCown","Clara Nunes","spotify:album:1j4V1nhK4NbklPaDHAnni1","Clara","spotify:artist:6UKz2oYWzE0ZBnciztCown","Clara Nunes","1981-06-09","https://i.scdn.co/image/ab67616d0000b273bd7163cc2dd19f2b651aeb80","1","9","204591","https://p.scdn.co/mp3-preview/bb96ab8056e292cc08ec4e1d5ca81d516be970cc?cid=9950ac751e34487dbbe027c4fd7f8e99","false","25","BREMI8000510","spotify:user:isak.sjoholm.","2025-07-18T13:23:33Z","samba,mpb,forró tradicional,pagode,forró,axé","0.581","0.761","6","-7.467","1","0.0636","0.212","0","0.18","0.944","100.768","4","","EMI Music Brasil Ltda","C © 1981 EMI Music Brasil Ltda, P ℗ 1981 EMI Music Brasil Ltda"
"spotify:track:5Q1ShnQ1g4wXgyM97Etawn","Canção De Verão","spotify:artist:2poCUrtJvVVgfA2hgri1IS","Roupa Nova","spotify:album:4fB4jcW0KgBhVsO1l8lJ8P","Roupa Nova (1981)","spotify:artist:2poCUrtJvVVgfA2hgri1IS","Roupa Nova","1981-01-01","https://i.scdn.co/image/ab67616d0000b2731ab13cdd65830af0a8fd95fa","1","8","171026","https://p.scdn.co/mp3-preview/42e6e86065fef0a515715ac3bc4f9a1c1ced60b2?cid=9950ac751e34487dbbe027c4fd7f8e99","false","41","BRMCA8100244","spotify:user:isak.sjoholm.","2025-07-18T13:23:33Z","mpb,brasiliansk pop,brasiliansk rock","0.375","0.882","5","-4.82","1","0.0632","0.194","0","0.843","0.832","81.617","4","","Universal Music Ltda.","C © 1981 Universal Music Ltda, P ℗ 1981 Universal Music Ltda"
"spotify:track:61Rb1nWvug34TmiqMaxqEN","A Morte Do Vaqueiro - Ao Vivo","spotify:artist:2ZofT7n9AlTKf7KDCoHGgD, spotify:artist:1LOFaxDBvn3YuvarTldGAe","Luiz Gonzaga, Gonzaguinha","spotify:album:4xsohMLVQQeU5d1xb11MsX","A Viagem De Gonzagão E Gonzaguinha","spotify:artist:1LOFaxDBvn3YuvarTldGAe, spotify:artist:2ZofT7n9AlTKf7KDCoHGgD","Gonzaguinha, Luiz Gonzaga","1981-02-27","https://i.scdn.co/image/ab67616d0000b27387590449e3e164e0daf1744f","1","8","226906","","false","20","BREMI8100963","spotify:user:isak.sjoholm.","2025-07-18T13:23:33Z","forró tradicional,forró,mpb,mpb,samba","0.509","0.233","2","-14.646","1","0.0404","0.853","0","0.39","0.377","64.366","4","","EMI Music Brasil Ltda","C © 1981 EMI Records Brasil Ltda, P This Compilation ℗ 1981 EMI Records Brasil Ltda"
"spotify:track:0a5W3mkAIlqoS6LYiL7Vt2","Amanhã Ou Depois / Achados e Perdidos / Pequena Memória Para Um Tempo Sem Memória (A Legião Dos Esquecidos)","spotify:artist:1LOFaxDBvn3YuvarTldGAe, spotify:artist:2it164hfV4gOIjzfGz7Q05, spotify:artist:3SKTkAUNa3oUa2rkd8DAyM","Gonzaguinha, Marilia Medalha, MPB4","spotify:album:4xsohMLVQQeU5d1xb11MsX","A Viagem De Gonzagão E Gonzaguinha","spotify:artist:1LOFaxDBvn3YuvarTldGAe, spotify:artist:2ZofT7n9AlTKf7KDCoHGgD","Gonzaguinha, Luiz Gonzaga","1981-02-27","https://i.scdn.co/image/ab67616d0000b27387590449e3e164e0daf1744f","1","3","96640","","false","13","BREMI8000195","spotify:user:isak.sjoholm.","2025-07-18T13:23:33Z","mpb,samba,bossa nova,mpb,brasiliansk jazz,samba,mpb,bossa nova,samba","0.491","0.118","9","-19.445","1","0.0514","0.863","0","0.229","0.353","90.348","4","","EMI Music Brasil Ltda","C © 1981 EMI Records Brasil Ltda, P This Compilation ℗ 1981 EMI Records Brasil Ltda"
"spotify:track:5TkfG0D3MdEBeJAOC6doeI","Assum Preto - Ao Vivo","spotify:artist:2ZofT7n9AlTKf7KDCoHGgD, spotify:artist:1LOFaxDBvn3YuvarTldGAe","Luiz Gonzaga, Gonzaguinha","spotify:album:4xsohMLVQQeU5d1xb11MsX","A Viagem De Gonzagão E Gonzaguinha","spotify:artist:1LOFaxDBvn3YuvarTldGAe, spotify:artist:2ZofT7n9AlTKf7KDCoHGgD","Gonzaguinha, Luiz Gonzaga","1981-02-27","https://i.scdn.co/image/ab67616d0000b27387590449e3e164e0daf1744f","1","7","131146","https://p.scdn.co/mp3-preview/97d6b0ae6d64a74814553f25499ecb6e2311fbb4?cid=9950ac751e34487dbbe027c4fd7f8e99","false","24","BREMI8100962","spotify:user:isak.sjoholm.","2025-07-18T13:23:33Z","forró tradicional,forró,mpb,mpb,samba","0.516","0.539","4","-12.113","0","0.0476","0.487","0","0.813","0.953","98.714","4","","EMI Music Brasil Ltda","C © 1981 EMI Records Brasil Ltda, P This Compilation ℗ 1981 EMI Records Brasil Ltda"
"spotify:track:3P6tp78NKjhldcTAdKlEKs","Katarina, Katarina","spotify:artist:5JYtpnUKxAzXfHEYpOeeit","Jorge Ben Jor","spotify:album:1Dbn6bkxBBY8KsQYv85aRB","Bem-Vinda Amizade","spotify:artist:5JYtpnUKxAzXfHEYpOeeit","Jorge Ben Jor","1981","https://i.scdn.co/image/ab67616d0000b273fe7d660a5ba4ac3905e3a76e","1","7","244440","https://p.scdn.co/mp3-preview/9fd140bb0eac512056e53d950fe3d6c9d5fe9410?cid=9950ac751e34487dbbe027c4fd7f8e99","false","36","BRSGL0400074","spotify:user:isak.sjoholm.","2025-07-18T13:23:33Z","mpb,bossa nova,samba,brasiliansk jazz","0.773","0.547","9","-13.586","1","0.0771","0.218","0.00000177","0.0604","0.94","71.98","4","","Som Livre","C (C) 1981 Som Livre"
"spotify:track:6XxDy0NxxnisUBTnHuFFiQ","Além dos Montes","spotify:artist:6ZrEc5xxZQvThMNTPsyuOn","Ozéias de Paula","spotify:album:4IoDNRuEOTFOkP05BZYD1p","Seleção Ouro, Vol. 6","spotify:artist:6ZrEc5xxZQvThMNTPsyuOn","Ozéias de Paula","1981-03-16","https://i.scdn.co/image/ab67616d0000b27375d49991e348bc318cbf2a97","1","3","215168","https://p.scdn.co/mp3-preview/182a008a4cde19e55bafbcb375d855c477484160?cid=9950ac751e34487dbbe027c4fd7f8e99","false","10","US7VG1618857","spotify:user:isak.sjoholm.","2025-07-18T13:23:33Z","pentecostal,gospel,brasiliansk gospel","0.48","0.521","0","-4.276","1","0.0285","0.62","0.000131","0.202","0.757","150.792","4","","Ozéias de Paula","C 1981 Ozéias de Paula, P 1981 Ozéias de Paula"
"spotify:track:2dvAWKkU1HlwoMpn9fZ0d9","Piruetas","spotify:artist:7b9Ft8oVjt8SJ9uZJB7PRi, spotify:artist:6tOsSffQQIXmK8TqsDck8t","Os Trapalhões, Chico Buarque","spotify:album:6rzYkEgJ5QYuIT3LhdcgeH","Saltimbancos Trapalhões","spotify:artist:0LyfQWJT6nXafLPZqxe9Of","Blandade Artister","2015-05-01","https://i.scdn.co/image/ab67616d0000b2732838c95a751f05f9557f6596","1","1","186440","https://p.scdn.co/mp3-preview/e322b359d81c7036a0f8fe8497fe88d0890f53fb?cid=9950ac751e34487dbbe027c4fd7f8e99","false","33","BRPGD8100035","spotify:user:isak.sjoholm.","2025-07-18T13:23:33Z","vaggvisa,barnmusik,mpb,bossa nova,samba,brasiliansk jazz","0.698","0.644","8","-10.552","1","0.0938","0.551","0","0.423","0.894","104.188","4","","Universal Music Ltda.","C © 1981 Universal Music Ltda, P This Compilation ℗ 1981 Universal Music Ltda"
"spotify:track:2RpooulJ7aKB1US3RFLKCr","Blues","spotify:artist:7HGNYPmbDrMkylWqeFCOIQ","Caetano Veloso","spotify:album:36Yl9ZrI7at53Me1HdfxdW","Outras Palavras","spotify:artist:7HGNYPmbDrMkylWqeFCOIQ","Caetano Veloso","1981-01-01","https://i.scdn.co/image/ab67616d0000b2738a5576c664a5c2a5fb692004","1","10","72200","https://p.scdn.co/mp3-preview/d34464ddccb66dc7ac9331919784706848daa0e2?cid=9950ac751e34487dbbe027c4fd7f8e99","false","25","BRMCA8100222","spotify:user:isak.sjoholm.","2025-07-18T13:23:33Z","mpb,bossa nova,samba","0.615","0.041","5","-17.775","1","0.0707","0.92","0.00000576","0.11","0.749","107.746","4","","Universal Music Ltda.","C © 1981 Universal Music Ltda, P ℗ 1981 Universal Music Ltda"
"spotify:track:2dYRoAv60nga3XTTixt2oy","Coracao Civil","spotify:artist:3Bnq7jiU506HcPjRgQ43TM","Milton Nascimento","spotify:album:01zFz4ac6dhTga7MqEonsy","Caçador De Mim","spotify:artist:3Bnq7jiU506HcPjRgQ43TM","Milton Nascimento","1981-01-05","https://i.scdn.co/image/ab67616d0000b27358da51d1ad8b15981897707b","1","9","193400","https://p.scdn.co/mp3-preview/fc718099f2d79747db09e867752a1087e9d67ee2?cid=9950ac751e34487dbbe027c4fd7f8e99","false","30","BRMCA8900029","spotify:user:isak.sjoholm.","2025-07-18T13:23:33Z","mpb,bossa nova,brasiliansk jazz","0.491","0.354","7","-14.76","1","0.0292","0.867","0.46","0.127","0.599","100.753","4","","Universal Music Ltda.","C © 1981 Universal Music International, P ℗ 1981 Universal Music International"
"spotify:track:0jvrsdcoe2Wd5p1nuzx4Ry","Morena do Grotão","spotify:artist:3TE6ZGjhmTVpLZrn9hvfBX","Joao Do Vale","spotify:album:6tA5JMhnFRvDkanKAuPsCV","João do Vale","spotify:artist:3TE6ZGjhmTVpLZrn9hvfBX","Joao Do Vale","1981-03-30","https://i.scdn.co/image/ab67616d0000b273b83e785a0c366d8057e5e53b","1","8","200240","https://p.scdn.co/mp3-preview/030f118ad0b1f9bd12cc2ebcae74551a7748214c?cid=9950ac751e34487dbbe027c4fd7f8e99","false","28","BRSME8100051","spotify:user:isak.sjoholm.","2025-07-18T13:23:33Z","forró tradicional,forró,mpb","0.581","0.863","0","-8.263","1","0.0486","0.296","0","0.627","0.852","98.391","4","","Columbia","P (P) 1981 Sony Music Entertainment (Brazil) I.C.L."
"spotify:track:1PtAiLImQaqaGLcbMLnz4T","Açaí","spotify:artist:1b8kpp4DUwt1hWaxTiWQhD, spotify:artist:2poCUrtJvVVgfA2hgri1IS","Gal Costa, Roupa Nova","spotify:album:7CnmrVFElrgMKUSuIvYqgE","Fantasia","spotify:artist:1b8kpp4DUwt1hWaxTiWQhD","Gal Costa","1981-01-05","https://i.scdn.co/image/ab67616d0000b273a81699bcab43367539d3cad3","1","7","180200","https://p.scdn.co/mp3-preview/2050a88e6b71ecefac1122fed8dbfd45c2bbd909?cid=9950ac751e34487dbbe027c4fd7f8e99","false","40","BRPGD8100059","spotify:user:isak.sjoholm.","2025-07-18T13:23:33Z","mpb,bossa nova,brasiliansk jazz,mpb,brasiliansk pop,brasiliansk rock","0.506","0.337","3","-13.763","1","0.0354","0.713","0","0.204","0.513","86.147","4","","Universal Music Ltda.","C © 1981 Universal Music International, P ℗ 1981 Universal Music International"
"spotify:track:0WXKHKnnpRw8iDro8XG6PG","Oricuri (Segredo do Sertanejo) (feat. Clara Nunes)","spotify:artist:3TE6ZGjhmTVpLZrn9hvfBX, spotify:artist:6UKz2oYWzE0ZBnciztCown","Joao Do Vale, Clara Nunes","spotify:album:6tA5JMhnFRvDkanKAuPsCV","João do Vale","spotify:artist:3TE6ZGjhmTVpLZrn9hvfBX","Joao Do Vale","1981-03-30","https://i.scdn.co/image/ab67616d0000b273b83e785a0c366d8057e5e53b","1","9","191560","https://p.scdn.co/mp3-preview/35eca7724ac347085ad77482468d02aded1c33fa?cid=9950ac751e34487dbbe027c4fd7f8e99","false","29","BRSME8100052","spotify:user:isak.sjoholm.","2025-07-18T13:23:33Z","forró tradicional,forró,mpb,samba,mpb,forró tradicional,pagode,forró,axé","0.457","0.371","9","-11.702","1","0.0814","0.78","0","0.106","0.487","95.622","4","","Columbia","P (P) 1981 Sony Music Entertainment (Brazil) I.C.L."
"spotify:track:1VjWbqC764YDPAismAQQXg","Boiadeiro é boi também","spotify:artist:2nyp615W8UwgHGdkrqmjwk","Tião Carreiro & Paraíso","spotify:album:0VubXD3kwPfPcCSdTc5Jdr","Prato do Dia","spotify:artist:2nyp615W8UwgHGdkrqmjwk","Tião Carreiro & Paraíso","1981","https://i.scdn.co/image/ab67616d0000b273579ac6c213415fd938d8427d","1","1","207093","https://p.scdn.co/mp3-preview/729efb6439d0987d1fd2420979dca8801d2588a7?cid=9950ac751e34487dbbe027c4fd7f8e99","false","33","BRWMB9705838","spotify:user:isak.sjoholm.","2025-07-18T13:23:33Z","sertanejo tradicional,sertanejo","0.693","0.393","5","-10.395","1","0.0309","0.826","0","0.136","0.547","118.924","4","","WM Brazil","C © 1981 WEA International Inc., P ℗ 2000 WEA International Inc."
"spotify:track:4ZntnBkylQTUZ3907CRqLu","Rebichada","spotify:artist:6tOsSffQQIXmK8TqsDck8t, spotify:artist:7b9Ft8oVjt8SJ9uZJB7PRi","Chico Buarque, Os Trapalhões","spotify:album:6rzYkEgJ5QYuIT3LhdcgeH","Saltimbancos Trapalhões","spotify:artist:0LyfQWJT6nXafLPZqxe9Of","Blandade Artister","2015-05-01","https://i.scdn.co/image/ab67616d0000b2732838c95a751f05f9557f6596","1","6","211426","https://p.scdn.co/mp3-preview/06c88559af6f81b36ad941e67aea89b1b8ddb534?cid=9950ac751e34487dbbe027c4fd7f8e99","false","31","BRPGD8100040","spotify:user:isak.sjoholm.","2025-07-18T13:23:33Z","mpb,bossa nova,samba,brasiliansk jazz,vaggvisa,barnmusik","0.645","0.718","11","-11.423","1","0.096","0.484","0","0.256","0.902","99.128","4","","Universal Music Ltda.","C © 1981 Universal Music Ltda, P This Compilation ℗ 1981 Universal Music Ltda"
"spotify:track:3nW2cu4HGtp8cdB7xffidl","Canção Do Novo Mundo","spotify:artist:4ijgnqYvE1INXb1NSVT11m","Beto Guedes","spotify:album:4VVojOI2KA7Gnu53Gub2cx","Contos Da Lua Vaga","spotify:artist:4ijgnqYvE1INXb1NSVT11m","Beto Guedes","1981-04-06","https://i.scdn.co/image/ab67616d0000b273a5aecbd2ed940a74b5005bc2","1","10","189173","https://p.scdn.co/mp3-preview/d961b0526069c31305ff8850dd2dab877b350107?cid=9950ac751e34487dbbe027c4fd7f8e99","false","38","BREMI8100298","spotify:user:isak.sjoholm.","2025-07-18T13:23:33Z","mpb","0.433","0.693","5","-6.106","0","0.0358","0.461","0","0.295","0.407","75.631","4","","EMI Music Brasil Ltda","C © 1981 EMI Music Brasil Ltda, P ℗ 1981 EMI Music Brasil Ltda"
"spotify:track:3lV8fb9VGnxELBvu8N3abN","Minha Canção","spotify:artist:0BOUcqQ4QBKASefkp11yXA","Lucinha Lins","spotify:album:6rzYkEgJ5QYuIT3LhdcgeH","Saltimbancos Trapalhões","spotify:artist:0LyfQWJT6nXafLPZqxe9Of","Blandade Artister","2015-05-01","https://i.scdn.co/image/ab67616d0000b2732838c95a751f05f9557f6596","1","7","198733","https://p.scdn.co/mp3-preview/6a23c133af3dc70198819d7f644526cc4e71a69c?cid=9950ac751e34487dbbe027c4fd7f8e99","false","22","BRPGD8100041","spotify:user:isak.sjoholm.","2025-07-18T13:23:33Z","vaggvisa,barnmusik","0.227","0.118","3","-17.236","0","0.0341","0.883","0","0.131","0.0656","139.87","4","","Universal Music Ltda.","C © 1981 Universal Music Ltda, P This Compilation ℗ 1981 Universal Music Ltda"
"spotify:track:4ShphT2dIK6oJgNXH2Crq3","Jesus Jamais Diz Não","spotify:artist:6ZrEc5xxZQvThMNTPsyuOn","Ozéias de Paula","spotify:album:4IoDNRuEOTFOkP05BZYD1p","Seleção Ouro, Vol. 6","spotify:artist:6ZrEc5xxZQvThMNTPsyuOn","Ozéias de Paula","1981-03-16","https://i.scdn.co/image/ab67616d0000b27375d49991e348bc318cbf2a97","1","14","252975","https://p.scdn.co/mp3-preview/cce6140873052d80d2d5a4bc6162f33918de4d25?cid=9950ac751e34487dbbe027c4fd7f8e99","false","8","US7VG1618868","spotify:user:isak.sjoholm.","2025-07-18T13:23:33Z","pentecostal,gospel,brasiliansk gospel","0.42","0.408","10","-4.938","1","0.0267","0.829","0.00000601","0.281","0.368","86.748","4","","Ozéias de Paula","C 1981 Ozéias de Paula, P 1981 Ozéias de Paula"
"spotify:track:1oklPv4lGYCqIjffg5Cq5o","Eu Quero Ver","spotify:artist:6ZrEc5xxZQvThMNTPsyuOn","Ozéias de Paula","spotify:album:4IoDNRuEOTFOkP05BZYD1p","Seleção Ouro, Vol. 6","spotify:artist:6ZrEc5xxZQvThMNTPsyuOn","Ozéias de Paula","1981-03-16","https://i.scdn.co/image/ab67616d0000b27375d49991e348bc318cbf2a97","1","12","170899","https://p.scdn.co/mp3-preview/59d85d9e1caf007041cb25f515a6fbf1f9f20271?cid=9950ac751e34487dbbe027c4fd7f8e99","false","31","US7VG1618866","spotify:user:isak.sjoholm.","2025-07-18T13:23:33Z","pentecostal,gospel,brasiliansk gospel","0.403","0.394","6","-5.677","0","0.0276","0.513","0","0.433","0.365","135.555","4","","Ozéias de Paula","C 1981 Ozéias de Paula, P 1981 Ozéias de Paula"
"spotify:track:6lKpCT8IbiQ0sXwudGOQq7","Angélica","spotify:artist:6tOsSffQQIXmK8TqsDck8t","Chico Buarque","spotify:album:6HbNM26ujhWXgByGtVpbNd","Almanaque","spotify:artist:6tOsSffQQIXmK8TqsDck8t","Chico Buarque","1981-01-01","https://i.scdn.co/image/ab67616d0000b27356ad960c8f3d73e79abdfb26","1","7","188360","https://p.scdn.co/mp3-preview/be8198dd59e0819cabdb201e4d7f8df814163174?cid=9950ac751e34487dbbe027c4fd7f8e99","false","28","BRPGD8100050","spotify:user:isak.sjoholm.","2025-07-18T13:23:33Z","mpb,bossa nova,samba,brasiliansk jazz","0.484","0.185","0","-18.516","1","0.0288","0.954","0.575","0.0927","0.117","102.965","4","","Universal Music Ltda.","C © 1981 Universal Music Ltda, P ℗ 1981 Universal Music Ltda"
"spotify:track:0ZsQdpnjEv6GFn0kqDE7zk","Bahia Com H (feat. Gilberto Gil, Maria Bethânia, Caetano Veloso)","spotify:artist:77ZUbcdoU5KCPHNUl8bgQy, spotify:artist:7HGNYPmbDrMkylWqeFCOIQ, spotify:artist:7oEkUINVIj1Nr3Wnj8tzqr, spotify:artist:3f5VCwd57gZsqMad28jyLV","João Gilberto, Caetano Veloso, Gilberto Gil, Maria Bethânia","spotify:album:1Vrn6r4pnvzdvcev41t04T","Brasil (feat. Gilberto Gil, Maria Bethânia, Caetano Veloso)","spotify:artist:77ZUbcdoU5KCPHNUl8bgQy","João Gilberto","1981","https://i.scdn.co/image/ab67616d0000b273529afa9683b5f6823fa45dec","1","3","314333","https://p.scdn.co/mp3-preview/a03091a220f8396d7855dfc4b3bd47a3401fab07?cid=9950ac751e34487dbbe027c4fd7f8e99","false","24","USWB10104375","spotify:user:isak.sjoholm.","2025-07-18T13:23:33Z","bossa nova,brasiliansk jazz,samba,latinamerikansk jazz,cool jazz,jazz,mpb,mpb,bossa nova,samba,mpb,bossa nova,forró tradicional,samba,brasiliansk jazz,mpb,samba,bossa nova,axé","0.477","0.199","4","-17.126","1","0.0569","0.764","0.00223","0.0862","0.623","93.326","4","","Rhino/Warner Records","C © 1981 Warner Records Inc., P ℗ 1981 Warner Records Inc. Marketed by Rhino Entertainment Company, a Warner Music Group Company."
"spotify:track:6BXYLBoqjpuwkrOJqIAnCT","Parede E Meia","spotify:artist:41fjoh5NjJhlDHYIUb9Hsk","Trio Parada Dura","spotify:album:6ScnZopSDRsq4f1tFnAwni","Último Adeus","spotify:artist:41fjoh5NjJhlDHYIUb9Hsk","Trio Parada Dura","1981-10-19","https://i.scdn.co/image/ab67616d0000b2734bea0775094fa65b71948d8b","1","3","197561","https://p.scdn.co/mp3-preview/8326bd393f191c2590f7528b2136d8e8c62a298d?cid=9950ac751e34487dbbe027c4fd7f8e99","false","28","BREMI8100059","spotify:user:isak.sjoholm.","2025-07-18T13:23:33Z","sertanejo tradicional,sertanejo","0.356","0.419","0","-7.931","1","0.0305","0.517","0","0.098","0.6","165.131","3","","Universal Music Ltda.","C © 1981 EMI Records Brasil Ltda, P ℗ 1981 EMI Records Brasil Ltda"
"spotify:track:7K4Zs9qxiF7EPDZ41db8dk","Semeadura","spotify:artist:1CjvI1dBcZPfgd2PLD8pVj, spotify:artist:3SKTkAUNa3oUa2rkd8DAyM","Kleiton & Kledir, MPB4","spotify:album:6i25DnVvy9LFbVf7gZ7Jgc","Kleiton & Kledir (Audio)","spotify:artist:1CjvI1dBcZPfgd2PLD8pVj","Kleiton & Kledir","1981-01-01","https://i.scdn.co/image/ab67616d0000b2731304062bf20a1bf3912ed30a","1","6","197625","https://p.scdn.co/mp3-preview/aea468b5aa6c5b4d8b23f14ee8dc9e70953b5168?cid=9950ac751e34487dbbe027c4fd7f8e99","false","28","BRMCA8100168","spotify:user:isak.sjoholm.","2025-07-18T13:23:33Z","mpb,brasiliansk pop,mpb,bossa nova,samba","0.376","0.455","4","-8.971","0","0.0362","0.732","0","0.101","0.513","141.394","4","","Universal Music Ltda.","C © 2017 Universal Music Ltda, P ℗ 1981 Universal Music Ltda"
"spotify:track:01sMTp0Te55JNXldJcBJqE","Eu Nunca Mais Vou Te Esquecer","spotify:artist:1F8mRUp3abFvF2GBaFw13b","Altemar Dutra","spotify:album:4wrgwGzGjhpNxBN4lPTsES","Eu Nunca Mais Vou Te Esquecer","spotify:artist:1F8mRUp3abFvF2GBaFw13b","Altemar Dutra","1981-01-01","https://i.scdn.co/image/ab67616d0000b27340c4a81380939994e9972c20","1","1","198893","https://p.scdn.co/mp3-preview/5d434e3d20b189d9533738e5c6afd10a2399fd76?cid=9950ac751e34487dbbe027c4fd7f8e99","false","27","BRBMG8100040","spotify:user:isak.sjoholm.","2025-07-18T13:23:33Z","seresta,brega,bolero","0.435","0.455","10","-7.359","1","0.0269","0.484","0.000112","0.226","0.444","100.729","4","","Sony Music Entertainment","P (P) 1981 RCA"
"spotify:track:2ZcTIPpalYwjs79D6vfX8I","Tatibitati","spotify:artist:7dnT2FUXhjirperXaH22IJ, spotify:artist:4w4ll81d0dR8gz989jjko1","Rita Lee, Roberto De Carvalho","spotify:album:5zvIJc4CPmQhafWnvmd9UR","Saúde","spotify:artist:7dnT2FUXhjirperXaH22IJ, spotify:artist:4w4ll81d0dR8gz989jjko1","Rita Lee, Roberto De Carvalho","1981","https://i.scdn.co/image/ab67616d0000b27300369fc7d9da78f863b28e6c","1","2","242306","https://p.scdn.co/mp3-preview/635191970379a3f0a7de35fad2772989ac861b50?cid=9950ac751e34487dbbe027c4fd7f8e99","false","33","BREMI8100977","spotify:user:isak.sjoholm.","2025-07-18T13:23:33Z","mpb,brasiliansk rock,brasiliansk pop,mpb,brasiliansk rock","0.803","0.424","4","-15.215","0","0.0326","0.209","0.00807","0.397","0.972","127.19","4","","EMI Music Brasil Ltda","C © 2015 EMI Records Brasil Ltda/Universal Music International Ltda, P ℗ 1981 EMI Records Brasil Ltda/Universal Music International Ltda"
"spotify:track:49Bi7Jt5kKlx2Bwi4xguGr","Almanaque","spotify:artist:6tOsSffQQIXmK8TqsDck8t","Chico Buarque","spotify:album:6HbNM26ujhWXgByGtVpbNd","Almanaque","spotify:artist:6tOsSffQQIXmK8TqsDck8t","Chico Buarque","1981-01-01","https://i.scdn.co/image/ab67616d0000b27356ad960c8f3d73e79abdfb26","1","5","209226","https://p.scdn.co/mp3-preview/fb923e3b0c1599ed5f87eee2c22da93f8fe3c5aa?cid=9950ac751e34487dbbe027c4fd7f8e99","false","32","BRPGD8100048","spotify:user:isak.sjoholm.","2025-07-18T13:23:33Z","mpb,bossa nova,samba,brasiliansk jazz","0.465","0.47","4","-14.488","1","0.0449","0.86","0.00177","0.748","0.728","121.077","4","","Universal Music Ltda.","C © 1981 Universal Music Ltda, P ℗ 1981 Universal Music Ltda"
"spotify:track:36Cbz0SzC01ImMGEMKoKaz","Gata Todo Dia","spotify:artist:28IcRPf399RPv4TUiZ7uol","Marina Lima","spotify:album:45T6Gp5TuUcWyiH1Tm0D1s","Certos Acordes","spotify:artist:28IcRPf399RPv4TUiZ7uol","Marina Lima","1981-01-01","https://i.scdn.co/image/ab67616d0000b27348872e6c825b88eb75b86f2a","1","6","239960","https://p.scdn.co/mp3-preview/afe61b5fa262672e2b613dc5ce71504d277cb5b7?cid=9950ac751e34487dbbe027c4fd7f8e99","false","31","BRMCA8100249","spotify:user:isak.sjoholm.","2025-07-18T13:23:33Z","mpb,brasiliansk rock,brasiliansk pop","0.647","0.859","2","-7.127","0","0.0574","0.491","0.00013","0.181","0.562","129.289","4","","Universal Music Ltda.","C © 1981 Universal Music Ltda, P ℗ 1981 Universal Music Ltda"
"spotify:track:6wkhsCPc3NEiwk6jgBsPXH","Doce Refúgio","spotify:artist:1WkZvxuA4zCcFF9GChK6Vr","Grupo Fundo De Quintal","spotify:album:2iQpHsGoMM16YiyObzGmmh","Samba É No Fundo do Quintal - Vol. 2","spotify:artist:1WkZvxuA4zCcFF9GChK6Vr","Grupo Fundo De Quintal","1981-01-01","https://i.scdn.co/image/ab67616d0000b2731b669e94db907fddf7500c69","1","3","213813","https://p.scdn.co/mp3-preview/9e04b9ee6c7c67ea0cc3c65af4085fd9a485b0a7?cid=9950ac751e34487dbbe027c4fd7f8e99","false","32","BRSGL8100049","spotify:user:isak.sjoholm.","2025-07-18T13:23:33Z","samba,pagode","0.625","0.755","9","-7.24","1","0.275","0.397","0","0.0548","0.796","101.986","4","","Som Livre","C (C) 1981 Som Livre"
"spotify:track:7ou8dHNuFiiLvlQ1jiQWMm","Sombra do desengano","spotify:artist:2nyp615W8UwgHGdkrqmjwk","Tião Carreiro & Paraíso","spotify:album:0VubXD3kwPfPcCSdTc5Jdr","Prato do Dia","spotify:artist:2nyp615W8UwgHGdkrqmjwk","Tião Carreiro & Paraíso","1981","https://i.scdn.co/image/ab67616d0000b273579ac6c213415fd938d8427d","1","6","242453","https://p.scdn.co/mp3-preview/47019c9deb66f5a7a070951a6db4d5fc4db2eda9?cid=9950ac751e34487dbbe027c4fd7f8e99","false","32","BRWMB9803042","spotify:user:isak.sjoholm.","2025-07-18T13:23:33Z","sertanejo tradicional,sertanejo","0.537","0.49","3","-9.402","1","0.0298","0.596","0","0.0771","0.676","130.054","4","","WM Brazil","C © 1981 WEA International Inc., P ℗ 2000 WEA International Inc."
"spotify:track:3bx44khM1C7kNYhM2giUT9","Came E Case","spotify:artist:4oqEOTTnqopPdYFYz0i61Y","Angela Ro Ro","spotify:album:0LJM62fKQYCoHsZhaTBZWf","Escândalo","spotify:artist:4oqEOTTnqopPdYFYz0i61Y","Angela Ro Ro","1981-01-01","https://i.scdn.co/image/ab67616d0000b273d28403d91c0b7ad79e7195f3","1","2","281653","https://p.scdn.co/mp3-preview/81c5b020dca4bda339777ad5914b86cfad4dbff2?cid=9950ac751e34487dbbe027c4fd7f8e99","false","40","BRMCA8100144","spotify:user:isak.sjoholm.","2025-07-18T13:23:33Z","mpb","0.58","0.59","9","-7.69","0","0.0594","0.708","0.0016","0.109","0.573","137.281","4","","Universal Music Ltda.","C © 1981 Universal Music Ltda, P ℗ 1981 Universal Music Ltda"
"spotify:track:2MRjpAYM5idhOh6gypUDdo","Escravo do amor","spotify:artist:4oa7ETNZH1ivfzFkCGVZlR, spotify:artist:55Wn8tf8dBvfl1HRsD7Kze","Milionário & José Rico, Continental","spotify:album:34zaD1vsxuxmYw5Gdk7XEM","Volume 11 (Escravo do Amor)","spotify:artist:4oa7ETNZH1ivfzFkCGVZlR, spotify:artist:55Wn8tf8dBvfl1HRsD7Kze","Milionário & José Rico, Continental","1981","https://i.scdn.co/image/ab67616d0000b27324fdc285319c831f24d29a03","1","1","200613","https://p.scdn.co/mp3-preview/a11b6d812c423fd5dfdf6847b427b8bff2361d5a?cid=9950ac751e34487dbbe027c4fd7f8e99","false","42","BRWMB9705705","spotify:user:isak.sjoholm.","2025-07-18T13:23:33Z","sertanejo tradicional,sertanejo,sertanejo tradicional,sertanejo,brega","0.47","0.458","9","-4.693","1","0.0297","0.714","0","0.0742","0.534","77.319","4","","WM Brazil","C © 1981 WEA International Inc., P ℗ 2001 WEA International Inc."
"spotify:track:43JqIF5YkUNKy0fRvGVzEg","Resignação","spotify:artist:1WkZvxuA4zCcFF9GChK6Vr","Grupo Fundo De Quintal","spotify:album:2iQpHsGoMM16YiyObzGmmh","Samba É No Fundo do Quintal - Vol. 2","spotify:artist:1WkZvxuA4zCcFF9GChK6Vr","Grupo Fundo De Quintal","1981-01-01","https://i.scdn.co/image/ab67616d0000b2731b669e94db907fddf7500c69","1","2","178053","https://p.scdn.co/mp3-preview/860a0d71e2ea83f05d7498b1b025ccda413e6554?cid=9950ac751e34487dbbe027c4fd7f8e99","false","28","BRRGE9601760","spotify:user:isak.sjoholm.","2025-07-18T13:23:33Z","samba,pagode","0.58","0.711","6","-8.622","0","0.0757","0.201","0","0.626","0.849","97.397","4","","Som Livre","C (C) 1981 Som Livre"
"spotify:track:6Yhd6S6TLtdDmIhh1gnm4z","Pagode do pai tomé","spotify:artist:2nyp615W8UwgHGdkrqmjwk","Tião Carreiro & Paraíso","spotify:album:0VubXD3kwPfPcCSdTc5Jdr","Prato do Dia","spotify:artist:2nyp615W8UwgHGdkrqmjwk","Tião Carreiro & Paraíso","1981","https://i.scdn.co/image/ab67616d0000b273579ac6c213415fd938d8427d","1","2","152453","https://p.scdn.co/mp3-preview/21a581f4b9f4b377dede5cd3503e4ce17375c022?cid=9950ac751e34487dbbe027c4fd7f8e99","false","41","BRWMB9705963","spotify:user:isak.sjoholm.","2025-07-18T13:23:33Z","sertanejo tradicional,sertanejo","0.744","0.466","10","-9.724","1","0.0334","0.785","0","0.158","0.801","103.332","4","","WM Brazil","C © 1981 WEA International Inc., P ℗ 2000 WEA International Inc."
"spotify:track:1WZ9hwrGIhrCaxorWQw9ac","Homem Traído","spotify:artist:41fjoh5NjJhlDHYIUb9Hsk","Trio Parada Dura","spotify:album:6ScnZopSDRsq4f1tFnAwni","Último Adeus","spotify:artist:41fjoh5NjJhlDHYIUb9Hsk","Trio Parada Dura","1981-10-19","https://i.scdn.co/image/ab67616d0000b2734bea0775094fa65b71948d8b","1","9","190866","https://p.scdn.co/mp3-preview/74ceb10c15625d978e06a53422107ca27a4312c7?cid=9950ac751e34487dbbe027c4fd7f8e99","false","23","BRUM71901921","spotify:user:isak.sjoholm.","2025-07-18T13:23:33Z","sertanejo tradicional,sertanejo","0.619","0.438","6","-8.708","1","0.0246","0.467","0","0.118","0.692","93.412","3","","Universal Music Ltda.","C © 1981 EMI Records Brasil Ltda, P ℗ 1981 EMI Records Brasil Ltda"
"spotify:track:1xHjcN6X9RJkgJv7GUAawr","Jeito De Corpo","spotify:artist:7HGNYPmbDrMkylWqeFCOIQ","Caetano Veloso","spotify:album:36Yl9ZrI7at53Me1HdfxdW","Outras Palavras","spotify:artist:7HGNYPmbDrMkylWqeFCOIQ","Caetano Veloso","1981-01-01","https://i.scdn.co/image/ab67616d0000b2738a5576c664a5c2a5fb692004","1","13","197973","https://p.scdn.co/mp3-preview/39fedf5cf5523b2909aeb23470960751f97e975a?cid=9950ac751e34487dbbe027c4fd7f8e99","false","24","BRMCA8100225","spotify:user:isak.sjoholm.","2025-07-18T13:23:33Z","mpb,bossa nova,samba","0.719","0.562","5","-11.472","1","0.161","0.275","0","0.22","0.863","167.778","4","","Universal Music Ltda.","C © 1981 Universal Music Ltda, P ℗ 1981 Universal Music Ltda"
"spotify:track:3jY4AhV2Vc9xnydx5nPBBm","Axé babá","spotify:artist:7oEkUINVIj1Nr3Wnj8tzqr","Gilberto Gil","spotify:album:3qoUU8sm4eBT5POFHQSl5L","Luar","spotify:artist:7oEkUINVIj1Nr3Wnj8tzqr","Gilberto Gil","1981","https://i.scdn.co/image/ab67616d0000b2730b74999dae4b5d4ea81b21a9","1","8","202093","https://p.scdn.co/mp3-preview/f5c80ae27ec1986c2251a028f97106fb205294a8?cid=9950ac751e34487dbbe027c4fd7f8e99","false","27","BRWMB9901131","spotify:user:isak.sjoholm.","2025-07-18T13:23:33Z","mpb,bossa nova,forró tradicional,samba,brasiliansk jazz","0.598","0.666","0","-8.556","1","0.0475","0.405","0.287","0.0499","0.97","128.05","4","","WM Brazil","C © 1981 Warner Music Brasil Ltda., P ℗ 2002 Warner Music Brasil Ltda."
"spotify:track:5FwSFj2UGXDN3v6KZOg0Fz","Salmo Primeiro","spotify:artist:6ZrEc5xxZQvThMNTPsyuOn","Ozéias de Paula","spotify:album:4IoDNRuEOTFOkP05BZYD1p","Seleção Ouro, Vol. 6","spotify:artist:6ZrEc5xxZQvThMNTPsyuOn","Ozéias de Paula","1981-03-16","https://i.scdn.co/image/ab67616d0000b27375d49991e348bc318cbf2a97","1","11","203581","https://p.scdn.co/mp3-preview/5e3ad83d11d95513a0204b8c01338a86b0b77ef5?cid=9950ac751e34487dbbe027c4fd7f8e99","false","9","US7VG1618865","spotify:user:isak.sjoholm.","2025-07-18T13:23:33Z","pentecostal,gospel,brasiliansk gospel","0.413","0.363","2","-5.249","1","0.0303","0.6","0","0.143","0.47","81.392","3","","Ozéias de Paula","C 1981 Ozéias de Paula, P 1981 Ozéias de Paula"
"spotify:track:5TzAVYmEuFXVRkrrlplqpp","Noite Sem Luar","spotify:artist:4ijgnqYvE1INXb1NSVT11m","Beto Guedes","spotify:album:4VVojOI2KA7Gnu53Gub2cx","Contos Da Lua Vaga","spotify:artist:4ijgnqYvE1INXb1NSVT11m","Beto Guedes","1981-04-06","https://i.scdn.co/image/ab67616d0000b273a5aecbd2ed940a74b5005bc2","1","11","204960","https://p.scdn.co/mp3-preview/1582236c75e3f2de1c7222f641b6b0283c4dcab9?cid=9950ac751e34487dbbe027c4fd7f8e99","false","21","BREMI8100932","spotify:user:isak.sjoholm.","2025-07-18T13:23:33Z","mpb","0.315","0.436","4","-9.315","1","0.0296","0.701","0.000227","0.389","0.274","111.365","3","","EMI Music Brasil Ltda","C © 1981 EMI Music Brasil Ltda, P ℗ 1981 EMI Music Brasil Ltda"
"spotify:track:2BiyygVkiiqzoaKEKwByzV","A Vida Do Viajante","spotify:artist:1LOFaxDBvn3YuvarTldGAe, spotify:artist:2ZofT7n9AlTKf7KDCoHGgD","Gonzaguinha, Luiz Gonzaga","spotify:album:4xsohMLVQQeU5d1xb11MsX","A Viagem De Gonzagão E Gonzaguinha","spotify:artist:1LOFaxDBvn3YuvarTldGAe, spotify:artist:2ZofT7n9AlTKf7KDCoHGgD","Gonzaguinha, Luiz Gonzaga","1981-02-27","https://i.scdn.co/image/ab67616d0000b27387590449e3e164e0daf1744f","1","24","180506","https://p.scdn.co/mp3-preview/2e5ecb737aa5f391931a8388b90821e055b5860b?cid=9950ac751e34487dbbe027c4fd7f8e99","false","29","BREMI7800132","spotify:user:isak.sjoholm.","2025-07-18T13:23:33Z","mpb,samba,forró tradicional,forró,mpb","0.55","0.4","5","-12.881","1","0.0369","0.838","0","0.727","0.735","75.357","4","","EMI Music Brasil Ltda","C © 1981 EMI Records Brasil Ltda, P This Compilation ℗ 1981 EMI Records Brasil Ltda"
"spotify:track:365gjgJySGBOwZW57T2GOA","Boi cigano","spotify:artist:4IkAMC5sAHVftcM3dUUfkJ, spotify:artist:55Wn8tf8dBvfl1HRsD7Kze","Tião Carreiro & Pardinho, Continental","spotify:album:1KcGDETn7T8HKHNVTwMXFA","Modas de Viola Classe A (Volume 3)","spotify:artist:4IkAMC5sAHVftcM3dUUfkJ, spotify:artist:55Wn8tf8dBvfl1HRsD7Kze","Tião Carreiro & Pardinho, Continental","1981","https://i.scdn.co/image/ab67616d0000b2733d5b0f2fe9b51b4f564ea247","1","9","200880","https://p.scdn.co/mp3-preview/3cd58539023b5047c2eddd9ad411c3e666d50657?cid=9950ac751e34487dbbe027c4fd7f8e99","false","27","BRWMB9704868","spotify:user:isak.sjoholm.","2025-07-18T13:23:33Z","sertanejo tradicional,sertanejo tradicional,sertanejo,brega","0.541","0.38","11","-6.203","1","0.0421","0.839","0","0.152","0.493","107.94","4","","WM Brazil","C © 1981 WEA International Inc., P ℗ 2000 WEA International Inc."
"spotify:track:6WXznFqhW6cVowCwoY9OfJ","Tesouro Da Juventude","spotify:artist:4ijgnqYvE1INXb1NSVT11m","Beto Guedes","spotify:album:4VVojOI2KA7Gnu53Gub2cx","Contos Da Lua Vaga","spotify:artist:4ijgnqYvE1INXb1NSVT11m","Beto Guedes","1981-04-06","https://i.scdn.co/image/ab67616d0000b273a5aecbd2ed940a74b5005bc2","1","2","190800","https://p.scdn.co/mp3-preview/a5c261ea77075d8c50511fb96180fbcdfba2a332?cid=9950ac751e34487dbbe027c4fd7f8e99","false","25","BREMI8100016","spotify:user:isak.sjoholm.","2025-07-18T13:23:33Z","mpb","0.46","0.76","7","-8.099","1","0.0301","0.292","0","0.396","0.693","142.82","3","","EMI Music Brasil Ltda","C © 1981 EMI Music Brasil Ltda, P ℗ 1981 EMI Music Brasil Ltda"
"spotify:track:0HlC1fEsbqU9sTSH29gVxl","Casa Dos Prazeres","spotify:artist:41fjoh5NjJhlDHYIUb9Hsk","Trio Parada Dura","spotify:album:6ScnZopSDRsq4f1tFnAwni","Último Adeus","spotify:artist:41fjoh5NjJhlDHYIUb9Hsk","Trio Parada Dura","1981-10-19","https://i.scdn.co/image/ab67616d0000b2734bea0775094fa65b71948d8b","1","7","167913","https://p.scdn.co/mp3-preview/086cf8cb6d7da5378911177565eb4a3129af53a1?cid=9950ac751e34487dbbe027c4fd7f8e99","false","30","BRUM71901919","spotify:user:isak.sjoholm.","2025-07-18T13:23:33Z","sertanejo tradicional,sertanejo","0.401","0.532","11","-7.509","1","0.0308","0.383","0","0.244","0.562","182.034","3","","Universal Music Ltda.","C © 1981 EMI Records Brasil Ltda, P ℗ 1981 EMI Records Brasil Ltda"
"spotify:track:5bmY5hl5fbLrQcThGhIafT","Tristeza no Carnaval","spotify:artist:1VwhI4X3m3j3zTrC1TvZaH","Jorginho do Império","spotify:album:6Uy4wkmSUHEXuyR06ziVfr","Jorginho Do Império","spotify:artist:1VwhI4X3m3j3zTrC1TvZaH","Jorginho do Império","1981-02-13","https://i.scdn.co/image/ab67616d0000b273fc1f1878536e8ef5fc5d6c18","1","6","208226","https://p.scdn.co/mp3-preview/2f32678448e221bd60030d272809cf244a261bc6?cid=9950ac751e34487dbbe027c4fd7f8e99","false","15","BRSME8100189","spotify:user:isak.sjoholm.","2025-07-18T13:23:33Z","samba,pagode","0.568","0.62","4","-10.697","0","0.0608","0.285","0","0.765","0.636","156.209","4","","Sony Music Entertainment","P (P) 1981 Sony Music Entertainment (Brasil) I.C.L."
"spotify:track:6uo6xoOGgFcknsAxl3Y2O1","Youth Of Eglington","spotify:artist:5keeQyPKYRxUCKDMECTXG3","Black Uhuru","spotify:album:1EVv9XArfn1cWtlAhLiD0V","Red","spotify:artist:5keeQyPKYRxUCKDMECTXG3","Black Uhuru","1981-01-01","https://i.scdn.co/image/ab67616d0000b2731fa4fc7bfd857df5a824e289","1","1","301893","https://p.scdn.co/mp3-preview/80c9d2d8ba8a0ecdb5a4cf28c42c9fc7ffdf8abc?cid=9950ac751e34487dbbe027c4fd7f8e99","false","11","USIR18190014","spotify:user:isak.sjoholm.","2025-07-18T13:23:33Z","reggae,roots reggae,dub,ragga,rocksteady","0.799","0.52","7","-10.435","1","0.0612","0.0769","0.00419","0.367","0.783","81.366","4","","UMC (Universal Music Catalogue)","C © 1981 The Island Def Jam Music Group, P ℗ 1981 The Island Def Jam Music Group"
"spotify:track:0TLUCcxZpASIipWUFVtJlW","Lagoa Dos Patos","spotify:artist:1CjvI1dBcZPfgd2PLD8pVj, spotify:artist:3SKTkAUNa3oUa2rkd8DAyM","Kleiton & Kledir, MPB4","spotify:album:6i25DnVvy9LFbVf7gZ7Jgc","Kleiton & Kledir (Audio)","spotify:artist:1CjvI1dBcZPfgd2PLD8pVj","Kleiton & Kledir","1981-01-01","https://i.scdn.co/image/ab67616d0000b2731304062bf20a1bf3912ed30a","1","2","203299","https://p.scdn.co/mp3-preview/372697b62bc7f8fe08cb65145d1b850a09cad0f3?cid=9950ac751e34487dbbe027c4fd7f8e99","false","28","BRMCA8100068","spotify:user:isak.sjoholm.","2025-07-18T13:23:33Z","mpb,brasiliansk pop,mpb,bossa nova,samba","0.473","0.578","4","-10.192","0","0.0464","0.539","0","0.195","0.601","122.777","4","","Universal Music Ltda.","C © 2017 Universal Music Ltda, P ℗ 1981 Universal Music Ltda"
"spotify:track:6Ooyckjf13OYfJqVqLFZcF","Amor Objeto","spotify:artist:2SFIMUkCdZowbeisskDdhn","Ney Matogrosso","spotify:album:2hXiTKgNcL3Bdedm6bjyng","Ney Matogrosso","spotify:artist:2SFIMUkCdZowbeisskDdhn","Ney Matogrosso","1981-01-01","https://i.scdn.co/image/ab67616d0000b27371e719e826b052ca0355ff8e","1","6","251333","https://p.scdn.co/mp3-preview/5bb31d9205f41a1a75500fc37e7f8a85198de910?cid=9950ac751e34487dbbe027c4fd7f8e99","false","38","BRMCA8100233","spotify:user:isak.sjoholm.","2025-07-18T13:23:33Z","mpb,samba","0.852","0.761","5","-5.554","0","0.115","0.319","0.0000349","0.0615","0.966","126.233","4","","Universal Music Ltda.","C © 1981 Universal Music Ltda, P ℗ 1981 Universal Music Ltda"
"spotify:track:24YIVxF6gjYtcUrSgv43HE","Tendência","spotify:artist:56TkPi7rpmU8jTpkcK7FY3","Beth Carvalho","spotify:album:259fyvO1fV5qouvomztgQh","Na Fonte","spotify:artist:56TkPi7rpmU8jTpkcK7FY3","Beth Carvalho","1981","https://i.scdn.co/image/ab67616d0000b27300fc3b0db09902d4b2eff07f","1","11","198960","https://p.scdn.co/mp3-preview/88c267a6c18dd6c571edab2583b8b5afc85616d9?cid=9950ac751e34487dbbe027c4fd7f8e99","false","30","BRBMG8100024","spotify:user:isak.sjoholm.","2025-07-18T13:23:33Z","samba,pagode,mpb","0.512","0.56","1","-9.058","1","0.0379","0.484","0","0.108","0.965","89.222","4","","RCA Records Label","P (P) 1981 RCA"
"spotify:track:6aiTiZ3CKpwVpusZpmjbLX","Massa Real","spotify:artist:1b8kpp4DUwt1hWaxTiWQhD","Gal Costa","spotify:album:7CnmrVFElrgMKUSuIvYqgE","Fantasia","spotify:artist:1b8kpp4DUwt1hWaxTiWQhD","Gal Costa","1981-01-05","https://i.scdn.co/image/ab67616d0000b273a81699bcab43367539d3cad3","1","9","166400","https://p.scdn.co/mp3-preview/e910d06fc1badf8a6a5601f1a4631ae75340b59d?cid=9950ac751e34487dbbe027c4fd7f8e99","false","25","BRMCA0500280","spotify:user:isak.sjoholm.","2025-07-18T13:23:33Z","mpb,bossa nova,brasiliansk jazz","0.564","0.751","11","-10.732","0","0.108","0.107","0","0.0681","0.953","160.898","4","","Universal Music Ltda.","C © 1981 Universal Music International, P ℗ 1981 Universal Music International"
"spotify:track:0UDUjRqsWoUQqEZJiEjYG1","Quatro","spotify:artist:4ijgnqYvE1INXb1NSVT11m","Beto Guedes","spotify:album:4VVojOI2KA7Gnu53Gub2cx","Contos Da Lua Vaga","spotify:artist:4ijgnqYvE1INXb1NSVT11m","Beto Guedes","1981-04-06","https://i.scdn.co/image/ab67616d0000b273a5aecbd2ed940a74b5005bc2","1","7","237293","https://p.scdn.co/mp3-preview/dbfd447dd73ede4059f7896a98ab19b1b9686937?cid=9950ac751e34487dbbe027c4fd7f8e99","false","24","BREMI8100672","spotify:user:isak.sjoholm.","2025-07-18T13:23:33Z","mpb","0.47","0.627","9","-7.457","1","0.0276","0.473","0.000263","0.13","0.482","105.348","3","","EMI Music Brasil Ltda","C © 1981 EMI Music Brasil Ltda, P ℗ 1981 EMI Music Brasil Ltda"
"spotify:track:5WLCbG1ErdNvWP2R96vJVJ","Alô, Liberdade","spotify:artist:6VNcG5r38hPxQk5wX6GwIb, spotify:artist:7b9Ft8oVjt8SJ9uZJB7PRi","Bebel, Os Trapalhões","spotify:album:6rzYkEgJ5QYuIT3LhdcgeH","Saltimbancos Trapalhões","spotify:artist:0LyfQWJT6nXafLPZqxe9Of","Blandade Artister","2015-05-01","https://i.scdn.co/image/ab67616d0000b2732838c95a751f05f9557f6596","1","3","195066","https://p.scdn.co/mp3-preview/9ef961551a8196528b7000f49cdd4928e6f273db?cid=9950ac751e34487dbbe027c4fd7f8e99","false","22","BRPGD8100037","spotify:user:isak.sjoholm.","2025-07-18T13:23:33Z","mpb,vaggvisa,vaggvisa,barnmusik","0.485","0.478","2","-13.146","1","0.0538","0.645","0","0.106","0.454","99.51","4","","Universal Music Ltda.","C © 1981 Universal Music Ltda, P This Compilation ℗ 1981 Universal Music Ltda"
"spotify:track:6AYPBjHcbZVX12vCADAdQM","Amarguras","spotify:artist:1WkZvxuA4zCcFF9GChK6Vr","Grupo Fundo De Quintal","spotify:album:2iQpHsGoMM16YiyObzGmmh","Samba É No Fundo do Quintal - Vol. 2","spotify:artist:1WkZvxuA4zCcFF9GChK6Vr","Grupo Fundo De Quintal","1981-01-01","https://i.scdn.co/image/ab67616d0000b2731b669e94db907fddf7500c69","1","4","176666","https://p.scdn.co/mp3-preview/b20cd4e1ebec0672f4c8d582bd1d600d9aa3b3a3?cid=9950ac751e34487dbbe027c4fd7f8e99","false","32","BRRGE9601761","spotify:user:isak.sjoholm.","2025-07-18T13:23:33Z","samba,pagode","0.664","0.925","7","-5.92","0","0.148","0.315","0.00000388","0.31","0.938","101.683","4","","Som Livre","C (C) 1981 Som Livre"
"spotify:track:5ZG0BM2OtDzmIVcvKBpCss","O Dia Que o Sol Declarou o Seu Amor Pela Terra","spotify:artist:5JYtpnUKxAzXfHEYpOeeit","Jorge Ben Jor","spotify:album:1Dbn6bkxBBY8KsQYv85aRB","Bem-Vinda Amizade","spotify:artist:5JYtpnUKxAzXfHEYpOeeit","Jorge Ben Jor","1981","https://i.scdn.co/image/ab67616d0000b273fe7d660a5ba4ac3905e3a76e","1","1","228000","https://p.scdn.co/mp3-preview/be17345291300d8ad1d92cca9eb1ac52dfcf8eb3?cid=9950ac751e34487dbbe027c4fd7f8e99","false","28","BRSGL8100010","spotify:user:isak.sjoholm.","2025-07-18T13:23:33Z","mpb,bossa nova,samba,brasiliansk jazz","0.694","0.615","4","-12.124","0","0.196","0.0207","0.00000101","0.768","0.622","105.493","4","","Som Livre","C (C) 1981 Som Livre"
"spotify:track:5mdPIskmt2f95c4OJYXN4Y","Nascente","spotify:artist:6y7OyrOw8yA4yq4airggji","Flavio Venturini","spotify:album:42MCBNdM8dUa8KgbzBNfTZ","Nascente","spotify:artist:6y7OyrOw8yA4yq4airggji","Flavio Venturini","1981-03-03","https://i.scdn.co/image/ab67616d0000b273ff02ff1d88f1d0cd344e1cd1","1","12","254626","https://p.scdn.co/mp3-preview/7312a4110ea3d2dfc08147edeb5df40e8928d380?cid=9950ac751e34487dbbe027c4fd7f8e99","false","32","BREMI8100344","spotify:user:isak.sjoholm.","2025-07-18T13:23:33Z","mpb","0.332","0.295","9","-10.445","0","0.0291","0.97","0.0472","0.0975","0.0956","60.466","4","","Universal Music Ltda.","C © 1981 EMI Records Brasil Ltda, P ℗ 1981 EMI Records Brasil Ltda"
"spotify:track:0buBHRPDZ3ZvtM9w9TCaQu","O Pinguço","spotify:artist:41fjoh5NjJhlDHYIUb9Hsk","Trio Parada Dura","spotify:album:6ScnZopSDRsq4f1tFnAwni","Último Adeus","spotify:artist:41fjoh5NjJhlDHYIUb9Hsk","Trio Parada Dura","1981-10-19","https://i.scdn.co/image/ab67616d0000b2734bea0775094fa65b71948d8b","1","6","155280","https://p.scdn.co/mp3-preview/fefee8264695c082eadc3954ffe40da498f5bac7?cid=9950ac751e34487dbbe027c4fd7f8e99","false","26","BRUM71901918","spotify:user:isak.sjoholm.","2025-07-18T13:23:33Z","sertanejo tradicional,sertanejo","0.458","0.422","9","-7.799","1","0.0275","0.563","0","0.302","0.811","165.629","3","","Universal Music Ltda.","C © 1981 EMI Records Brasil Ltda, P ℗ 1981 EMI Records Brasil Ltda"
"spotify:track:7eZoxXcoOE6I1KT4PgNQ8z","Resto De Amor","spotify:artist:41fjoh5NjJhlDHYIUb9Hsk","Trio Parada Dura","spotify:album:6ScnZopSDRsq4f1tFnAwni","Último Adeus","spotify:artist:41fjoh5NjJhlDHYIUb9Hsk","Trio Parada Dura","1981-10-19","https://i.scdn.co/image/ab67616d0000b2734bea0775094fa65b71948d8b","1","11","155961","https://p.scdn.co/mp3-preview/91dee03726136825bacfbd6675f5057cbb496190?cid=9950ac751e34487dbbe027c4fd7f8e99","false","21","BRUM71901922","spotify:user:isak.sjoholm.","2025-07-18T13:23:33Z","sertanejo tradicional,sertanejo","0.476","0.409","4","-7.52","1","0.0275","0.597","0","0.0893","0.703","165.445","3","","Universal Music Ltda.","C © 1981 EMI Records Brasil Ltda, P ℗ 1981 EMI Records Brasil Ltda"
"spotify:track:283g9gjHlPfSL70vypoHUc","Cheio De Amor","spotify:artist:6DYBkobQCkvav5GCnfqlcC","Reginaldo Rossi","spotify:album:6c64g5jSyNNAJpVdkYiRda","Cheio De Amor","spotify:artist:6DYBkobQCkvav5GCnfqlcC","Reginaldo Rossi","1981-01-01","https://i.scdn.co/image/ab67616d0000b273bc7695df73f90945f528dcd6","1","1","209253","https://p.scdn.co/mp3-preview/da0f4ac45bbfb70fb2a17bc71761cba1732188de?cid=9950ac751e34487dbbe027c4fd7f8e99","false","44","BREMI8100255","spotify:user:isak.sjoholm.","2025-07-18T13:23:33Z","brega,seresta,tecnobrega","0.455","0.902","0","-2.939","1","0.0413","0.0446","0.0025","0.151","0.735","135.48","4","","EMI Music Brasil Ltda","C © 2017 EMI Records Brasil Ltda, P ℗ 1981 EMI Music Brasil Ltda"
"spotify:track:7muB8MHe9LwtFybCLk043k","Quero Um Baby Seu","spotify:artist:7HGNYPmbDrMkylWqeFCOIQ","Caetano Veloso","spotify:album:36Yl9ZrI7at53Me1HdfxdW","Outras Palavras","spotify:artist:7HGNYPmbDrMkylWqeFCOIQ","Caetano Veloso","1981-01-01","https://i.scdn.co/image/ab67616d0000b2738a5576c664a5c2a5fb692004","1","12","240493","https://p.scdn.co/mp3-preview/d2aa9b8eea5ab317019cd9e42eabbe1526520a0a?cid=9950ac751e34487dbbe027c4fd7f8e99","false","26","BRMCA8100224","spotify:user:isak.sjoholm.","2025-07-18T13:23:33Z","mpb,bossa nova,samba","0.631","0.533","9","-9.256","1","0.0622","0.33","0.000715","0.427","0.844","125.315","4","","Universal Music Ltda.","C © 1981 Universal Music Ltda, P ℗ 1981 Universal Music Ltda"
"spotify:track:3Yye4rgfcwbrxukrT7PP8P","Ela É Dançarina","spotify:artist:6tOsSffQQIXmK8TqsDck8t","Chico Buarque","spotify:album:6HbNM26ujhWXgByGtVpbNd","Almanaque","spotify:artist:6tOsSffQQIXmK8TqsDck8t","Chico Buarque","1981-01-01","https://i.scdn.co/image/ab67616d0000b27356ad960c8f3d73e79abdfb26","1","2","169933","https://p.scdn.co/mp3-preview/226493c11640aeb6e52b022f32e1a7d24a47ac16?cid=9950ac751e34487dbbe027c4fd7f8e99","false","25","BRPGD8100045","spotify:user:isak.sjoholm.","2025-07-18T13:23:33Z","mpb,bossa nova,samba,brasiliansk jazz","0.515","0.413","2","-15.454","1","0.036","0.841","0.058","0.348","0.561","76.316","4","","Universal Music Ltda.","C © 1981 Universal Music Ltda, P ℗ 1981 Universal Music Ltda"
"spotify:track:78ZaZjJ5bLeL5UGitV1OPg","Amigos Novos e Antigos","spotify:artist:3DF0ClNOUuvS3gh8V8sRJH","João Bosco","spotify:album:5mSHKaaElw83LlpQkolmEV","Essa é a Sua Vida","spotify:artist:3DF0ClNOUuvS3gh8V8sRJH","João Bosco","1981-07-07","https://i.scdn.co/image/ab67616d0000b2735049bbae5385f4493cc0f9fa","1","1","254333","https://p.scdn.co/mp3-preview/db5b4e6d449ac158aaf3370bbc945fc2d0ec7620?cid=9950ac751e34487dbbe027c4fd7f8e99","false","17","BRBMG8100113","spotify:user:isak.sjoholm.","2025-07-18T13:23:33Z","mpb,samba,bossa nova,brasiliansk jazz","0.623","0.355","11","-10.84","0","0.0457","0.853","0.387","0.0938","0.555","78.156","4","","Sony Music Entertainment","P (P) 1981 RCA"
"spotify:track:3gkkbX1bTgebgC3fODutWx","Chovendo Na Roseira","spotify:artist:6u5P4S3NSj4EDNegDlOevO, spotify:artist:3pO5VjZ4wOHCMBXOvbMISG","Edu Lobo, Antônio Carlos Jobim","spotify:album:5ttzMNvNxUiCtKlKiCnQLm","Edu & Tom, Tom & Edu","spotify:artist:6u5P4S3NSj4EDNegDlOevO, spotify:artist:3pO5VjZ4wOHCMBXOvbMISG","Edu Lobo, Antônio Carlos Jobim","1981-01-03","https://i.scdn.co/image/ab67616d0000b2733a756aa1a1c39bc1bb3d2d8c","1","3","203200","https://p.scdn.co/mp3-preview/35ec9c9616644c8e1df15cc77fe1a818f72b94c3?cid=9950ac751e34487dbbe027c4fd7f8e99","false","29","BRMCA8100176","spotify:user:isak.sjoholm.","2025-07-18T13:23:33Z","bossa nova,brasiliansk jazz,mpb,bossa nova,brasiliansk jazz,mpb,latinamerikansk jazz","0.433","0.369","10","-10.881","0","0.033","0.833","0.000874","0.107","0.298","156.01","3","","Universal Music Ltda.","C © 1981 Universal Music International, P ℗ 1981 Universal Music International"
"spotify:track:7yl7WKv5sst5lt2uVyRLhN","Camisola Preta","spotify:artist:41fjoh5NjJhlDHYIUb9Hsk","Trio Parada Dura","spotify:album:6ScnZopSDRsq4f1tFnAwni","Último Adeus","spotify:artist:41fjoh5NjJhlDHYIUb9Hsk","Trio Parada Dura","1981-10-19","https://i.scdn.co/image/ab67616d0000b2734bea0775094fa65b71948d8b","1","10","185565","https://p.scdn.co/mp3-preview/35783467daf8cefd45f1a153c5ddb2fbd3c4b0d2?cid=9950ac751e34487dbbe027c4fd7f8e99","false","30","BREMI8100060","spotify:user:isak.sjoholm.","2025-07-18T13:23:33Z","sertanejo tradicional,sertanejo","0.401","0.44","7","-7.769","1","0.0281","0.474","0","0.0753","0.518","176.322","4","","Universal Music Ltda.","C © 1981 EMI Records Brasil Ltda, P ℗ 1981 EMI Records Brasil Ltda"
"spotify:track:5UlqM3yDR4A0QnuFDdjBjd","Brasileiro (Ao Vivo)","spotify:artist:5h49asgiKDU05wAnUGLZhk","Costinha","spotify:album:3n4MnGxZzxAUUMOiSCiYRv","O Peru da Festa, Vol. 2 (Ao Vivo)","spotify:artist:5h49asgiKDU05wAnUGLZhk","Costinha","1981-07-06","https://i.scdn.co/image/ab67616d0000b27398046883c18513a35c93ead1","1","3","130774","https://p.scdn.co/mp3-preview/64b164dbdb0454abade7bf88d8179089758e3306?cid=9950ac751e34487dbbe027c4fd7f8e99","true","15","US7VG1328169","spotify:user:isak.sjoholm.","2025-07-18T13:23:33Z","","0.544","0.873","9","-5.943","0","0.914","0.853","0","0.897","0.407","75.031","3","","CID ENTERTAINMENT LTDA","C 1981 Cid, P 1981 Cid"
"spotify:track:01ryOBmRLwd93yH5WeJ9QZ","A Voz Do Dono E O Dono Da Voz","spotify:artist:6tOsSffQQIXmK8TqsDck8t","Chico Buarque","spotify:album:6HbNM26ujhWXgByGtVpbNd","Almanaque","spotify:artist:6tOsSffQQIXmK8TqsDck8t","Chico Buarque","1981-01-01","https://i.scdn.co/image/ab67616d0000b27356ad960c8f3d73e79abdfb26","1","4","207173","https://p.scdn.co/mp3-preview/76117adb69ce7cfd5e45e01ed155e4997a8a171a?cid=9950ac751e34487dbbe027c4fd7f8e99","false","25","BRPGD8100077","spotify:user:isak.sjoholm.","2025-07-18T13:23:33Z","mpb,bossa nova,samba,brasiliansk jazz","0.445","0.525","1","-13.331","0","0.0563","0.73","0.0000529","0.169","0.761","126.716","4","","Universal Music Ltda.","C © 1981 Universal Music Ltda, P ℗ 1981 Universal Music Ltda"
"spotify:track:0CGvMpV0gOpPrpEXfKoqxs","Luiza","spotify:artist:6u5P4S3NSj4EDNegDlOevO, spotify:artist:3pO5VjZ4wOHCMBXOvbMISG","Edu Lobo, Antônio Carlos Jobim","spotify:album:5ttzMNvNxUiCtKlKiCnQLm","Edu & Tom, Tom & Edu","spotify:artist:6u5P4S3NSj4EDNegDlOevO, spotify:artist:3pO5VjZ4wOHCMBXOvbMISG","Edu Lobo, Antônio Carlos Jobim","1981-01-03","https://i.scdn.co/image/ab67616d0000b2733a756aa1a1c39bc1bb3d2d8c","1","6","178400","https://p.scdn.co/mp3-preview/b283d4b89b2b18107fb2834e7c216931e668709e?cid=9950ac751e34487dbbe027c4fd7f8e99","false","33","BRMCA8100179","spotify:user:isak.sjoholm.","2025-07-18T13:23:33Z","bossa nova,brasiliansk jazz,mpb,bossa nova,brasiliansk jazz,mpb,latinamerikansk jazz","0.351","0.293","5","-11.852","0","0.0324","0.934","0","0.135","0.213","140.45","4","","Universal Music Ltda.","C © 1981 Universal Music International, P ℗ 1981 Universal Music International"
"spotify:track:3vsis8IKtAiwToniEKPXSm","Princesa","spotify:artist:6y7OyrOw8yA4yq4airggji","Flavio Venturini","spotify:album:42MCBNdM8dUa8KgbzBNfTZ","Nascente","spotify:artist:6y7OyrOw8yA4yq4airggji","Flavio Venturini","1981-03-03","https://i.scdn.co/image/ab67616d0000b273ff02ff1d88f1d0cd344e1cd1","1","1","178000","https://p.scdn.co/mp3-preview/79f4f97198f70db2af18a1e0835d39a96b897b17?cid=9950ac751e34487dbbe027c4fd7f8e99","false","36","BREMI8100345","spotify:user:isak.sjoholm.","2025-07-18T13:23:33Z","mpb","0.372","0.703","10","-7.975","1","0.0363","0.205","0.00000396","0.344","0.617","107.346","4","","Universal Music Ltda.","C © 1981 EMI Records Brasil Ltda, P ℗ 1981 EMI Records Brasil Ltda"
"spotify:track:4cLy3BmJJ4no5GpFeEWsTn","Amor Nas Estrelas","spotify:artist:64KVQ4YupSZYrGNLduVtj3","Nara Leão","spotify:album:3MJbwCJdoToKjXzQsoFQ5B","Romance Popular","spotify:artist:64KVQ4YupSZYrGNLduVtj3","Nara Leão","1981-10-01","https://i.scdn.co/image/ab67616d0000b27356baff6770928db0fe8368af","1","1","200200","https://p.scdn.co/mp3-preview/2e91e1056a5aadab6f15ff779c56a8cbf4f1ddd5?cid=9950ac751e34487dbbe027c4fd7f8e99","false","26","BRMCA8100200","spotify:user:isak.sjoholm.","2025-07-18T13:23:33Z","bossa nova,mpb,brasiliansk jazz","0.563","0.53","10","-10.503","1","0.044","0.625","0.172","0.0991","0.672","124.116","4","","Universal Music Ltda.","C © 1981 Universal Music Ltda, P ℗ 1981 Universal Music Ltda"
"spotify:track:71kmJeTGVnyULXPAQZPto4","Minha História","spotify:artist:3TE6ZGjhmTVpLZrn9hvfBX","Joao Do Vale","spotify:album:6tA5JMhnFRvDkanKAuPsCV","João do Vale","spotify:artist:3TE6ZGjhmTVpLZrn9hvfBX","Joao Do Vale","1981-03-30","https://i.scdn.co/image/ab67616d0000b273b83e785a0c366d8057e5e53b","1","13","200640","https://p.scdn.co/mp3-preview/10eae8c64bcb6dfa1b4340f42baae8fb6f87e3c4?cid=9950ac751e34487dbbe027c4fd7f8e99","false","23","BRSME8100064","spotify:user:isak.sjoholm.","2025-07-18T13:23:33Z","forró tradicional,forró,mpb","0.413","0.284","0","-11.07","1","0.0438","0.969","0.0000329","0.186","0.443","72.49","3","","Columbia","P (P) 1981 Sony Music Entertainment (Brazil) I.C.L."
"spotify:track:3V4d8TBLQ04IiQKCuXX9bo","Verdura","spotify:artist:7HGNYPmbDrMkylWqeFCOIQ","Caetano Veloso","spotify:album:36Yl9ZrI7at53Me1HdfxdW","Outras Palavras","spotify:artist:7HGNYPmbDrMkylWqeFCOIQ","Caetano Veloso","1981-01-01","https://i.scdn.co/image/ab67616d0000b2738a5576c664a5c2a5fb692004","1","11","60866","https://p.scdn.co/mp3-preview/1391992cb53306dca3d4843b9d7a601df6ce8edc?cid=9950ac751e34487dbbe027c4fd7f8e99","false","22","BRMCA8100223","spotify:user:isak.sjoholm.","2025-07-18T13:23:33Z","mpb,bossa nova,samba","0.62","0.212","2","-12.875","1","0.369","0.86","0","0.589","0.661","168.131","4","","Universal Music Ltda.","C © 1981 Universal Music Ltda, P ℗ 1981 Universal Music Ltda"
"spotify:track:2A3tAvDEydH1rRGDUOUnmc","Vera Gata","spotify:artist:7HGNYPmbDrMkylWqeFCOIQ","Caetano Veloso","spotify:album:36Yl9ZrI7at53Me1HdfxdW","Outras Palavras","spotify:artist:7HGNYPmbDrMkylWqeFCOIQ","Caetano Veloso","1981-01-01","https://i.scdn.co/image/ab67616d0000b2738a5576c664a5c2a5fb692004","1","3","153600","https://p.scdn.co/mp3-preview/a78fb82632a0fa59d353aac2842d1994b75ac52d?cid=9950ac751e34487dbbe027c4fd7f8e99","false","21","BRMCA8100215","spotify:user:isak.sjoholm.","2025-07-18T13:23:33Z","mpb,bossa nova,samba","0.751","0.648","9","-9.164","1","0.101","0.406","0","0.159","0.811","120.788","4","","Universal Music Ltda.","C © 1981 Universal Music Ltda, P ℗ 1981 Universal Music Ltda"
"spotify:track:2kwhnZi2XX3mSfw1ddwLfW","Sonho de Valsa","spotify:artist:1WkZvxuA4zCcFF9GChK6Vr","Grupo Fundo De Quintal","spotify:album:2iQpHsGoMM16YiyObzGmmh","Samba É No Fundo do Quintal - Vol. 2","spotify:artist:1WkZvxuA4zCcFF9GChK6Vr","Grupo Fundo De Quintal","1981-01-01","https://i.scdn.co/image/ab67616d0000b2731b669e94db907fddf7500c69","1","8","244733","https://p.scdn.co/mp3-preview/8da9612e28ce40cc29e819fd640a7266e39a6fb4?cid=9950ac751e34487dbbe027c4fd7f8e99","false","26","BRRGE9601765","spotify:user:isak.sjoholm.","2025-07-18T13:23:33Z","samba,pagode","0.704","0.523","1","-11.548","1","0.054","0.509","0.000647","0.111","0.877","91.354","4","","Som Livre","C (C) 1981 Som Livre"
"spotify:track:1jTa0e6PvGDPix9LtAKhYl","Amor de uma noite","spotify:artist:2nyp615W8UwgHGdkrqmjwk","Tião Carreiro & Paraíso","spotify:album:0VubXD3kwPfPcCSdTc5Jdr","Prato do Dia","spotify:artist:2nyp615W8UwgHGdkrqmjwk","Tião Carreiro & Paraíso","1981","https://i.scdn.co/image/ab67616d0000b273579ac6c213415fd938d8427d","1","12","150773","https://p.scdn.co/mp3-preview/3513c2ff05cf2fffacf60c904a3cd3cf32dda571?cid=9950ac751e34487dbbe027c4fd7f8e99","false","23","BRWMB0000144","spotify:user:isak.sjoholm.","2025-07-18T13:23:33Z","sertanejo tradicional,sertanejo","0.57","0.411","7","-6.197","1","0.0265","0.815","0","0.139","0.721","157.636","3","","WM Brazil","C © 1981 WEA International Inc., P ℗ 2000 WEA International Inc."
"spotify:track:6oVY76N7C4iADPnRfFpR0B","Arapuca","spotify:artist:41fjoh5NjJhlDHYIUb9Hsk","Trio Parada Dura","spotify:album:6ScnZopSDRsq4f1tFnAwni","Último Adeus","spotify:artist:41fjoh5NjJhlDHYIUb9Hsk","Trio Parada Dura","1981-10-19","https://i.scdn.co/image/ab67616d0000b2734bea0775094fa65b71948d8b","1","8","140537","https://p.scdn.co/mp3-preview/51a120ae9e773042d79f0f2b27b172e212e58fa4?cid=9950ac751e34487dbbe027c4fd7f8e99","false","31","BRUM71901920","spotify:user:isak.sjoholm.","2025-07-18T13:23:33Z","sertanejo tradicional,sertanejo","0.621","0.593","9","-8.803","1","0.0358","0.384","0","0.204","0.929","105.587","4","","Universal Music Ltda.","C © 1981 EMI Records Brasil Ltda, P ℗ 1981 EMI Records Brasil Ltda"
"spotify:track:7LnCNqYzTkXWwlH4oi58hk","Pirão e Colher de Pau","spotify:artist:4gKqxjR0MkEKjqvO3Ctvpg","Os Originais Do Samba","spotify:album:0FdLGC3xnedfSmsNPUuIVJ","Os Originais do Samba","spotify:artist:4gKqxjR0MkEKjqvO3Ctvpg","Os Originais Do Samba","1981-07-14","https://i.scdn.co/image/ab67616d0000b273e2f6ca7140bca12627664316","1","9","161666","https://p.scdn.co/mp3-preview/078eb1a934b6dcee075840db45ea639a93ce1e6d?cid=9950ac751e34487dbbe027c4fd7f8e99","false","13","BRBMG1600313","spotify:user:isak.sjoholm.","2025-07-18T13:23:33Z","samba,pagode","0.756","0.851","2","-7.324","0","0.0895","0.311","0","0.0508","0.937","170.871","4","","Sony Music Entertainment","P (P) 1981 RCA Victor"
"spotify:track:0hPFvalZEIRpj3XiFcADeS","Ave de Prata","spotify:artist:7JoWcJHDOG58JYTe6d400S","Zé Ramalho","spotify:album:5O1Q9JDwZ0Iyt7bU3kQglU","A Terceira Lamina","spotify:artist:7JoWcJHDOG58JYTe6d400S","Zé Ramalho","1981-10-16","https://i.scdn.co/image/ab67616d0000b2739034822d96a0003c2b7a217e","1","10","164346","https://p.scdn.co/mp3-preview/89f696ffcadad1deb12a059c085ec26090a3d48d?cid=9950ac751e34487dbbe027c4fd7f8e99","false","26","BRSME9700885","spotify:user:isak.sjoholm.","2025-07-18T13:23:33Z","mpb,forró tradicional,sertanejo tradicional,forró","0.634","0.686","9","-7.477","0","0.123","0.441","0.0000169","0.243","0.528","110.282","4","","Epic","P (P) 1981 Sony Music Entertainment (Brasil) I.C.L."
"spotify:track:4ZXf24jReizl40Pakkf7Qu","Charme Do Mundo","spotify:artist:28IcRPf399RPv4TUiZ7uol","Marina Lima","spotify:album:45T6Gp5TuUcWyiH1Tm0D1s","Certos Acordes","spotify:artist:28IcRPf399RPv4TUiZ7uol","Marina Lima","1981-01-01","https://i.scdn.co/image/ab67616d0000b27348872e6c825b88eb75b86f2a","1","1","254453","https://p.scdn.co/mp3-preview/315e00550ff3b2f6e5e3c168f940015b8875ea7f?cid=9950ac751e34487dbbe027c4fd7f8e99","false","39","BRMCA8100246","spotify:user:isak.sjoholm.","2025-07-18T13:23:33Z","mpb,brasiliansk rock,brasiliansk pop","0.49","0.581","10","-6.935","1","0.0283","0.378","0.000761","0.127","0.466","133.681","4","","Universal Music Ltda.","C © 1981 Universal Music Ltda, P ℗ 1981 Universal Music Ltda"
"spotify:track:50mYaKqDpqQ02f0uPP4gfa","Porto Da Saudade","spotify:artist:559vxOLTzlAv0zB77JMcdG","Alceu Valença","spotify:album:3wRvkApt8RSt4FpCqB8Rrg","Cinco Sentidos","spotify:artist:559vxOLTzlAv0zB77JMcdG","Alceu Valença","1981-01-01","https://i.scdn.co/image/ab67616d0000b2736533fd06618cc6350e01a454","1","8","242813","https://p.scdn.co/mp3-preview/9530c2b54fb8d5e9cfff7c4481b3f03d12548dce?cid=9950ac751e34487dbbe027c4fd7f8e99","false","24","BRMCA8100161","spotify:user:isak.sjoholm.","2025-07-18T13:23:33Z","mpb,forró tradicional,forró","0.457","0.308","9","-9.18","0","0.0344","0.975","0.0000517","0.111","0.098","96.082","4","","Universal Music Ltda.","C © 1981 Universal Music Ltda, P ℗ 1981 Universal Music Ltda"
"spotify:track:3M5X0vaoRXBKOzKNcS0BOj","Vida, Vida","spotify:artist:2SFIMUkCdZowbeisskDdhn","Ney Matogrosso","spotify:album:2hXiTKgNcL3Bdedm6bjyng","Ney Matogrosso","spotify:artist:2SFIMUkCdZowbeisskDdhn","Ney Matogrosso","1981-01-01","https://i.scdn.co/image/ab67616d0000b27371e719e826b052ca0355ff8e","1","7","261306","https://p.scdn.co/mp3-preview/f10a03d99092faa70a25617b0304722f16fde6d5?cid=9950ac751e34487dbbe027c4fd7f8e99","false","37","BRMCA8100234","spotify:user:isak.sjoholm.","2025-07-18T13:23:33Z","mpb,samba","0.706","0.876","6","-5.318","0","0.0542","0.242","0.0000887","0.0791","0.957","111","4","","Universal Music Ltda.","C © 1981 Universal Music Ltda, P ℗ 1981 Universal Music Ltda"
"spotify:track:3wa1I9G2TirCT89IbOIZso","Parede e meia","spotify:artist:2nyp615W8UwgHGdkrqmjwk","Tião Carreiro & Paraíso","spotify:album:0VubXD3kwPfPcCSdTc5Jdr","Prato do Dia","spotify:artist:2nyp615W8UwgHGdkrqmjwk","Tião Carreiro & Paraíso","1981","https://i.scdn.co/image/ab67616d0000b273579ac6c213415fd938d8427d","1","8","194786","https://p.scdn.co/mp3-preview/af2dc81394673eb7f7195d00ca117a705368df93?cid=9950ac751e34487dbbe027c4fd7f8e99","false","34","BRWMB9803044","spotify:user:isak.sjoholm.","2025-07-18T13:23:33Z","sertanejo tradicional,sertanejo","0.476","0.361","7","-7.921","1","0.0253","0.584","0","0.249","0.605","158.205","3","","WM Brazil","C © 1981 WEA International Inc., P ℗ 2000 WEA International Inc."
"spotify:track:26zOaIcgGCIUfhiigrQyi6","Seu Melhor Amigo","spotify:artist:60iOwdF3A0p4pAwgUXMaWU","Fábio Jr.","spotify:album:1yf4NhpqIqOhDmgGCSI8jM","Fábio Jr. (1981)","spotify:artist:60iOwdF3A0p4pAwgUXMaWU","Fábio Jr.","1981-01-01","https://i.scdn.co/image/ab67616d0000b2739adb32877748bece1112f9b5","1","1","356893","https://p.scdn.co/mp3-preview/833e61faca3778d88a08e05b680e8b95b76522b2?cid=9950ac751e34487dbbe027c4fd7f8e99","false","27","BRSGL8100053","spotify:user:isak.sjoholm.","2025-07-18T13:23:33Z","mpb,brega,brasiliansk pop","0.406","0.363","4","-15.59","1","0.0283","0.425","0.0251","0.077","0.37","92.324","4","","Som Livre","C (C) 1981 Som Livre"
"spotify:track:1C3byowSX9lA3X55caiZZA","Sou Apenas Alguém (Woman In Love)","spotify:artist:27hFv7JqcDVyqgaCvLHpy7","Renato e Seus Blue Caps","spotify:album:3fickk4aaZGmcwEsnvz46Q","Renato e seus Blue Caps","spotify:artist:27hFv7JqcDVyqgaCvLHpy7","Renato e Seus Blue Caps","1981","https://i.scdn.co/image/ab67616d0000b27395602e122060322491c80f9f","1","10","251440","https://p.scdn.co/mp3-preview/5a24db82e1537bf11372c15a9b6ee62b1829f8bc?cid=9950ac751e34487dbbe027c4fd7f8e99","false","23","BRSME8100131","spotify:user:isak.sjoholm.","2025-07-18T13:23:33Z","brega","0.539","0.521","7","-7.673","0","0.0233","0.678","0","0.191","0.639","86.094","4","","Columbia","P (P) 1981 Sony Music Entertainment Brasil ltda."
"spotify:track:335Xz0lRbai5UNPVeiOOzU","Diga Lá, Coração / Música Incidental: ""Espere Por Mim, Morena"" - Ao Vivo","spotify:artist:1LOFaxDBvn3YuvarTldGAe","Gonzaguinha","spotify:album:4xsohMLVQQeU5d1xb11MsX","A Viagem De Gonzagão E Gonzaguinha","spotify:artist:1LOFaxDBvn3YuvarTldGAe, spotify:artist:2ZofT7n9AlTKf7KDCoHGgD","Gonzaguinha, Luiz Gonzaga","1981-02-27","https://i.scdn.co/image/ab67616d0000b27387590449e3e164e0daf1744f","1","16","190906","","false","15","BREMI8100970","spotify:user:isak.sjoholm.","2025-07-18T13:23:33Z","mpb,samba","0.365","0.0794","1","-19.808","0","0.0376","0.915","0.0000471","0.306","0.174","95.943","4","","EMI Music Brasil Ltda","C © 1981 EMI Records Brasil Ltda, P This Compilation ℗ 1981 EMI Records Brasil Ltda"
"spotify:track:1WHR0R8v2paKDNNxBrXIF0","Ai Quem Me Dera","spotify:artist:6u5P4S3NSj4EDNegDlOevO, spotify:artist:3pO5VjZ4wOHCMBXOvbMISG","Edu Lobo, Antônio Carlos Jobim","spotify:album:5ttzMNvNxUiCtKlKiCnQLm","Edu & Tom, Tom & Edu","spotify:artist:6u5P4S3NSj4EDNegDlOevO, spotify:artist:3pO5VjZ4wOHCMBXOvbMISG","Edu Lobo, Antônio Carlos Jobim","1981-01-03","https://i.scdn.co/image/ab67616d0000b2733a756aa1a1c39bc1bb3d2d8c","1","1","132160","https://p.scdn.co/mp3-preview/e4cff1876575087476efe3bff23e67ca99640856?cid=9950ac751e34487dbbe027c4fd7f8e99","false","28","BRMCA8100174","spotify:user:isak.sjoholm.","2025-07-18T13:23:33Z","bossa nova,brasiliansk jazz,mpb,bossa nova,brasiliansk jazz,mpb,latinamerikansk jazz","0.684","0.586","7","-10.696","1","0.0541","0.915","0","0.106","0.359","115.749","4","","Universal Music Ltda.","C © 1981 Universal Music International, P ℗ 1981 Universal Music International"
"spotify:track:4aAmmeFGde2WLLOXQEPML8","Meus inimigos também são filhos de Deus","spotify:artist:2nyp615W8UwgHGdkrqmjwk","Tião Carreiro & Paraíso","spotify:album:0VubXD3kwPfPcCSdTc5Jdr","Prato do Dia","spotify:artist:2nyp615W8UwgHGdkrqmjwk","Tião Carreiro & Paraíso","1981","https://i.scdn.co/image/ab67616d0000b273579ac6c213415fd938d8427d","1","5","167520","https://p.scdn.co/mp3-preview/c7b0e9a7f34fa7bf3f735f0ffa3e6cb540ce3144?cid=9950ac751e34487dbbe027c4fd7f8e99","false","33","BRWMB9803041","spotify:user:isak.sjoholm.","2025-07-18T13:23:33Z","sertanejo tradicional,sertanejo","0.722","0.487","2","-8.669","1","0.0339","0.729","0","0.115","0.734","100.33","4","","WM Brazil","C © 1981 WEA International Inc., P ℗ 2000 WEA International Inc."
"spotify:track:06CUB4iLHgyenwlMwiLSF1","It's a Mistake","spotify:artist:0f3EsoviYnRKTkmayI3cux","Men At Work","spotify:album:30aG9Rjezn1vxaYXrB8j3d","The Essential Men At Work","spotify:artist:0f3EsoviYnRKTkmayI3cux","Men At Work","1981","https://i.scdn.co/image/ab67616d0000b273915d3557be11cf6820aaa785","1","3","284573","https://p.scdn.co/mp3-preview/9780fd9f2819ebfa71801afb927b15b4292dbb24?cid=9950ac751e34487dbbe027c4fd7f8e99","false","27","USSM18200067","spotify:user:isak.sjoholm.","2025-07-18T13:23:33Z","","0.7","0.614","11","-4.595","1","0.0261","0.215","0.0000174","0.0703","0.924","105.953","4","","Columbia/Legacy","P (P) 1985 Sony Music Entertainment (Australia) PTY. Ltd., 1981, 1982, 1983, 2003 Sony Music Entertainment Inc."
"spotify:track:61sF2PrOoVLJpcgXiCZ98k","Meu Caro Barão","spotify:artist:6tOsSffQQIXmK8TqsDck8t, spotify:artist:7b9Ft8oVjt8SJ9uZJB7PRi","Chico Buarque, Os Trapalhões","spotify:album:6rzYkEgJ5QYuIT3LhdcgeH","Saltimbancos Trapalhões","spotify:artist:0LyfQWJT6nXafLPZqxe9Of","Blandade Artister","2015-05-01","https://i.scdn.co/image/ab67616d0000b2732838c95a751f05f9557f6596","1","8","197933","https://p.scdn.co/mp3-preview/d00dad8a92dacfbb950fd7e378a722ac80779736?cid=9950ac751e34487dbbe027c4fd7f8e99","false","22","BRPGD8100042","spotify:user:isak.sjoholm.","2025-07-18T13:23:33Z","mpb,bossa nova,samba,brasiliansk jazz,vaggvisa,barnmusik","0.594","0.265","5","-14.929","1","0.082","0.752","0","0.0676","0.741","116.408","3","","Universal Music Ltda.","C © 1981 Universal Music Ltda, P This Compilation ℗ 1981 Universal Music Ltda"
"spotify:track:7dpZdOauEbKTGgO9bGqNqu","Morreu uma Bichinha (Ao Vivo)","spotify:artist:5h49asgiKDU05wAnUGLZhk","Costinha","spotify:album:2uKgWeeRHMZo9fahMWZwRG","O Peru da Festa (Ao Vivo)","spotify:artist:5h49asgiKDU05wAnUGLZhk","Costinha","1981-03-03","https://i.scdn.co/image/ab67616d0000b27351bc48a9ff609aba0ba11f50","1","2","292326","https://p.scdn.co/mp3-preview/c1419b3379f2b464cd44180c5a7d10e0f69a9445?cid=9950ac751e34487dbbe027c4fd7f8e99","true","20","US7VG1327308","spotify:user:isak.sjoholm.","2025-07-18T13:23:33Z","","0.654","0.417","6","-20.251","1","0.926","0.968","0.00002","0.874","0.565","136.059","5","","CID ENTERTAINMENT LTDA","C 1981 Costinha, P 1981 Costinha"
"spotify:track:1yvnHIMKk1fEEyY5rBw9Sr","Pipira (feat. Nara Leão)","spotify:artist:3TE6ZGjhmTVpLZrn9hvfBX, spotify:artist:64KVQ4YupSZYrGNLduVtj3","Joao Do Vale, Nara Leão","spotify:album:6tA5JMhnFRvDkanKAuPsCV","João do Vale","spotify:artist:3TE6ZGjhmTVpLZrn9hvfBX","Joao Do Vale","1981-03-30","https://i.scdn.co/image/ab67616d0000b273b83e785a0c366d8057e5e53b","1","11","138706","https://p.scdn.co/mp3-preview/5465960e617b23cc86162e417b28167c2ba7ee38?cid=9950ac751e34487dbbe027c4fd7f8e99","false","23","BRSME8100054","spotify:user:isak.sjoholm.","2025-07-18T13:23:33Z","forró tradicional,forró,mpb,bossa nova,mpb,brasiliansk jazz","0.72","0.517","7","-10.684","1","0.0614","0.128","0.00000185","0.0582","0.869","79.112","4","","Columbia","P (P) 1981 Sony Music Entertainment (Brazil) I.C.L."
"spotify:track:2dSgcYZsMwdADhslwTfUwb","Morceguinho (O Rei da Natureza)","spotify:artist:3TE6ZGjhmTVpLZrn9hvfBX, spotify:artist:7JoWcJHDOG58JYTe6d400S","Joao Do Vale, Zé Ramalho","spotify:album:6tA5JMhnFRvDkanKAuPsCV","João do Vale","spotify:artist:3TE6ZGjhmTVpLZrn9hvfBX","Joao Do Vale","1981-03-30","https://i.scdn.co/image/ab67616d0000b273b83e785a0c366d8057e5e53b","1","7","119333","https://p.scdn.co/mp3-preview/82990cc119f61db5827c4306574eb65504cfe2a6?cid=9950ac751e34487dbbe027c4fd7f8e99","false","24","BRSME8100063","spotify:user:isak.sjoholm.","2025-07-18T13:23:33Z","forró tradicional,forró,mpb,mpb,forró tradicional,sertanejo tradicional,forró","0.637","0.784","0","-9.678","1","0.14","0.314","0","0.103","0.885","106.645","4","","Columbia","P (P) 1981 Sony Music Entertainment (Brazil) I.C.L."
"spotify:track:4BoZyJMIcSqEtH6oaNx1lq","Bom Vaqueiro (feat. Fagner)","spotify:artist:3TE6ZGjhmTVpLZrn9hvfBX, spotify:artist:5j3htXVskZF0u8qWY5zcF8","Joao Do Vale, Fagner","spotify:album:6tA5JMhnFRvDkanKAuPsCV","João do Vale","spotify:artist:3TE6ZGjhmTVpLZrn9hvfBX","Joao Do Vale","1981-03-30","https://i.scdn.co/image/ab67616d0000b273b83e785a0c366d8057e5e53b","1","4","328973","https://p.scdn.co/mp3-preview/3b320cdbe83acbb73703f14a7f3d74be4e572729?cid=9950ac751e34487dbbe027c4fd7f8e99","false","21","BRSME8100049","spotify:user:isak.sjoholm.","2025-07-18T13:23:33Z","forró tradicional,forró,mpb,mpb,forró tradicional,brega,forró,seresta","0.418","0.41","7","-12.063","1","0.0372","0.719","0","0.089","0.635","149.258","4","","Columbia","P (P) 1981 Sony Music Entertainment (Brazil) I.C.L."
"spotify:track:1tZ26aZeZCZESX9ZcjDk5E","Where He Leads Me","spotify:artist:0WYnbwHtJwlgq4kZ8wv5Y3, spotify:artist:0nGxKkhmIzyu6bvuXrko1e","Cedric Myton, The Congos","spotify:album:4oh28s0VQPwERF1MjrXFne","Face The Music","spotify:artist:0WYnbwHtJwlgq4kZ8wv5Y3, spotify:artist:0nGxKkhmIzyu6bvuXrko1e","Cedric Myton, The Congos","1981","https://i.scdn.co/image/ab67616d0000b27352bb60eccd945bc280424ce2","1","7","212360","https://p.scdn.co/mp3-preview/cd663b946c9c50bc72b7ecda4654accec3123716?cid=9950ac751e34487dbbe027c4fd7f8e99","false","33","USVPR0830431","spotify:user:isak.sjoholm.","2025-07-18T13:23:33Z","roots reggae,reggae,roots reggae,reggae,dub,rocksteady,ragga","0.748","0.461","7","-13.934","1","0.169","0.0133","0.000232","0.0869","0.918","77.836","4","","VP Records","C © 1995 VP Records, P ℗ 1995 VP Records"
"spotify:track:6nJWoUI6ETmqmkNrKmOJk9","Razões Do Coração","spotify:artist:4cz8toptnAtxffn7ghNjyp","14 Bis","spotify:album:0zdUoNgyD5AyypgiCMh4SH","Espelho Das Águas","spotify:artist:4cz8toptnAtxffn7ghNjyp","14 Bis","1981-09-02","https://i.scdn.co/image/ab67616d0000b27370ce03e45df30b441639abdd","1","3","204346","https://p.scdn.co/mp3-preview/503d8fb5ea8e1a66a39d5e13c9e603c8b5eecc8d?cid=9950ac751e34487dbbe027c4fd7f8e99","false","27","BREMI8100854","spotify:user:isak.sjoholm.","2025-07-18T13:23:33Z","mpb,brasiliansk rock,brasiliansk pop","0.595","0.51","0","-8.134","1","0.0271","0.142","0.000313","0.0514","0.598","131.366","4","","EMI Music Brasil Ltda","C © 1981 EMI Records Brasil Ltda, Universal Music International, P ℗ 1981 EMI Records Brasil Ltda, Universal Music International"
"spotify:track:0YS8MsLpSBGGR5p9AjQzu3","Na Casa da Bichinha (Ao Vivo)","spotify:artist:5h49asgiKDU05wAnUGLZhk","Costinha","spotify:album:3n4MnGxZzxAUUMOiSCiYRv","O Peru da Festa, Vol. 2 (Ao Vivo)","spotify:artist:5h49asgiKDU05wAnUGLZhk","Costinha","1981-07-06","https://i.scdn.co/image/ab67616d0000b27398046883c18513a35c93ead1","1","10","159973","https://p.scdn.co/mp3-preview/42cc99ef0e2a4e4bd841977da497b1f5ed84e9ff?cid=9950ac751e34487dbbe027c4fd7f8e99","true","9","US7VG1328176","spotify:user:isak.sjoholm.","2025-07-18T13:23:33Z","","0.531","0.544","10","-12.633","0","0.614","0.421","0","0.926","0.642","141.088","3","","CID ENTERTAINMENT LTDA","C 1981 Cid, P 1981 Cid"
"spotify:track:2dcXqPfC03trvcC5JzVq76","O Amor","spotify:artist:1b8kpp4DUwt1hWaxTiWQhD","Gal Costa","spotify:album:7CnmrVFElrgMKUSuIvYqgE","Fantasia","spotify:artist:1b8kpp4DUwt1hWaxTiWQhD","Gal Costa","1981-01-05","https://i.scdn.co/image/ab67616d0000b273a81699bcab43367539d3cad3","1","5","219560","https://p.scdn.co/mp3-preview/8a27945a8f9961c454a4522615564df897d92130?cid=9950ac751e34487dbbe027c4fd7f8e99","false","38","BRPGD8100008","spotify:user:isak.sjoholm.","2025-07-18T13:23:33Z","mpb,bossa nova,brasiliansk jazz","0.375","0.302","9","-13.57","1","0.035","0.787","0","0.184","0.255","119.981","4","","Universal Music Ltda.","C © 1981 Universal Music International, P ℗ 1981 Universal Music International"
"spotify:track:5qEAzAaA2BLChluGqT7YbM","A Qualquer Tempo","spotify:artist:4cz8toptnAtxffn7ghNjyp","14 Bis","spotify:album:0zdUoNgyD5AyypgiCMh4SH","Espelho Das Águas","spotify:artist:4cz8toptnAtxffn7ghNjyp","14 Bis","1981-09-02","https://i.scdn.co/image/ab67616d0000b27370ce03e45df30b441639abdd","1","2","205720","https://p.scdn.co/mp3-preview/5ebf7c93df8f8ee7e8ca5e85a56cdc810223b131?cid=9950ac751e34487dbbe027c4fd7f8e99","false","18","BREMI8100309","spotify:user:isak.sjoholm.","2025-07-18T13:23:33Z","mpb,brasiliansk rock,brasiliansk pop","0.257","0.369","11","-10.575","1","0.0273","0.808","0","0.143","0.375","153.923","3","","EMI Music Brasil Ltda","C © 1981 EMI Records Brasil Ltda, Universal Music International, P ℗ 1981 EMI Records Brasil Ltda, Universal Music International"
"spotify:track:7AE9HX0IWyUfbqPC6OYGbY","Aquarela Do Brasil (feat. Gilberto Gil, Maria Bethânia, Caetano Veloso)","spotify:artist:77ZUbcdoU5KCPHNUl8bgQy, spotify:artist:7HGNYPmbDrMkylWqeFCOIQ, spotify:artist:7oEkUINVIj1Nr3Wnj8tzqr, spotify:artist:3f5VCwd57gZsqMad28jyLV","João Gilberto, Caetano Veloso, Gilberto Gil, Maria Bethânia","spotify:album:1Vrn6r4pnvzdvcev41t04T","Brasil (feat. Gilberto Gil, Maria Bethânia, Caetano Veloso)","spotify:artist:77ZUbcdoU5KCPHNUl8bgQy","João Gilberto","1981","https://i.scdn.co/image/ab67616d0000b273529afa9683b5f6823fa45dec","1","1","395760","https://p.scdn.co/mp3-preview/5023516fa02b19429903f4c218d9c185b2deca83?cid=9950ac751e34487dbbe027c4fd7f8e99","false","25","USWB10104373","spotify:user:isak.sjoholm.","2025-07-18T13:23:33Z","bossa nova,brasiliansk jazz,samba,latinamerikansk jazz,cool jazz,jazz,mpb,mpb,bossa nova,samba,mpb,bossa nova,forró tradicional,samba,brasiliansk jazz,mpb,samba,bossa nova,axé","0.42","0.302","4","-14.33","0","0.0372","0.787","0.00279","0.0714","0.334","100.245","4","","Rhino/Warner Records","C © 1981 Warner Records Inc., P ℗ 1981 Warner Records Inc. Marketed by Rhino Entertainment Company, a Warner Music Group Company."
"spotify:track:7tLoEONziRpCbRgC64GiQq","Respeita Januário - Ao Vivo","spotify:artist:2ZofT7n9AlTKf7KDCoHGgD, spotify:artist:1LOFaxDBvn3YuvarTldGAe","Luiz Gonzaga, Gonzaguinha","spotify:album:4xsohMLVQQeU5d1xb11MsX","A Viagem De Gonzagão E Gonzaguinha","spotify:artist:1LOFaxDBvn3YuvarTldGAe, spotify:artist:2ZofT7n9AlTKf7KDCoHGgD","Gonzaguinha, Luiz Gonzaga","1981-02-27","https://i.scdn.co/image/ab67616d0000b27387590449e3e164e0daf1744f","1","20","71333","","false","18","BREMI8100972","spotify:user:isak.sjoholm.","2025-07-18T13:23:33Z","forró tradicional,forró,mpb,mpb,samba","0.568","0.444","7","-10.571","1","0.0827","0.81","0","0.467","0.902","160.75","4","","EMI Music Brasil Ltda","C © 1981 EMI Records Brasil Ltda, P This Compilation ℗ 1981 EMI Records Brasil Ltda"
"spotify:track:2y2hvh9k5XtH4yGRDUnpAB","Último Adeus","spotify:artist:41fjoh5NjJhlDHYIUb9Hsk","Trio Parada Dura","spotify:album:6ScnZopSDRsq4f1tFnAwni","Último Adeus","spotify:artist:41fjoh5NjJhlDHYIUb9Hsk","Trio Parada Dura","1981-10-19","https://i.scdn.co/image/ab67616d0000b2734bea0775094fa65b71948d8b","1","1","238254","https://p.scdn.co/mp3-preview/510b6a60178986009163cd8c68a64e2157d0bcf5?cid=9950ac751e34487dbbe027c4fd7f8e99","false","39","BRUM71901915","spotify:user:isak.sjoholm.","2025-07-18T13:23:33Z","sertanejo tradicional,sertanejo","0.512","0.462","11","-8.53","1","0.0256","0.255","0","0.0882","0.461","87.133","3","","Universal Music Ltda.","C © 1981 EMI Records Brasil Ltda, P ℗ 1981 EMI Records Brasil Ltda"
"spotify:track:5PIclLadKGXh31zvSY2SOK","Hurt","spotify:artist:4FtSnMlCVxCswABUmdhwpm","Carly Simon","spotify:album:6fotl6ebRgw4M1b7N2dxyo","Torch","spotify:artist:4FtSnMlCVxCswABUmdhwpm","Carly Simon","1981-01-01","https://i.scdn.co/image/ab67616d0000b2734f3e997ad48c644350e13169","1","6","207693","https://p.scdn.co/mp3-preview/023f25e46ee16c2c65c3bb12ae5b388fd2e9cba8?cid=9950ac751e34487dbbe027c4fd7f8e99","false","29","USWB10101114","spotify:user:isak.sjoholm.","2025-07-18T13:23:33Z","","0.362","0.329","5","-10.942","1","0.0279","0.235","0.00000168","0.176","0.142","100.832","3","","Warner Records","C © 1981 Warner Records Inc., P ℗ 1981 Warner Records Inc."
"spotify:track:0Pfz9HRyP5wZfpsC1111Tx","Oé Oé (Faz o Carro de Boi Na Estrada)","spotify:artist:5JYtpnUKxAzXfHEYpOeeit","Jorge Ben Jor","spotify:album:1Dbn6bkxBBY8KsQYv85aRB","Bem-Vinda Amizade","spotify:artist:5JYtpnUKxAzXfHEYpOeeit","Jorge Ben Jor","1981","https://i.scdn.co/image/ab67616d0000b273fe7d660a5ba4ac3905e3a76e","1","3","193360","https://p.scdn.co/mp3-preview/a6da0c57773a0224dccd0d939a528867aa671c52?cid=9950ac751e34487dbbe027c4fd7f8e99","false","33","BRSGL8200018","spotify:user:isak.sjoholm.","2025-07-18T13:23:33Z","mpb,bossa nova,samba,brasiliansk jazz","0.695","0.587","7","-13.353","0","0.0476","0.109","0.000293","0.0624","0.958","114.847","4","","Som Livre","C (C) 1981 Som Livre"
"spotify:track:5ebhZjHXLrMO7csviHQHuc","Fé Na Perua","spotify:artist:559vxOLTzlAv0zB77JMcdG","Alceu Valença","spotify:album:3wRvkApt8RSt4FpCqB8Rrg","Cinco Sentidos","spotify:artist:559vxOLTzlAv0zB77JMcdG","Alceu Valença","1981-01-01","https://i.scdn.co/image/ab67616d0000b2736533fd06618cc6350e01a454","1","3","206106","https://p.scdn.co/mp3-preview/91d7a8fbe20e09f0591ed20e654011d62889b5f7?cid=9950ac751e34487dbbe027c4fd7f8e99","false","22","BRMCA8100156","spotify:user:isak.sjoholm.","2025-07-18T13:23:33Z","mpb,forró tradicional,forró","0.695","0.946","2","-4.871","0","0.105","0.673","0","0.136","0.898","103.262","4","","Universal Music Ltda.","C © 1981 Universal Music Ltda, P ℗ 1981 Universal Music Ltda"
"spotify:track:63hHqX66YEVXa7vcL1ptBV","Navega Coração","spotify:artist:1CjvI1dBcZPfgd2PLD8pVj, spotify:artist:0mKcCgpiyPwib9Hj2HtHlg","Kleiton & Kledir, Ceu Da Boca","spotify:album:6i25DnVvy9LFbVf7gZ7Jgc","Kleiton & Kledir (Audio)","spotify:artist:1CjvI1dBcZPfgd2PLD8pVj","Kleiton & Kledir","1981-01-01","https://i.scdn.co/image/ab67616d0000b2731304062bf20a1bf3912ed30a","1","13","293666","https://p.scdn.co/mp3-preview/1331d82949cd30b48492c27e3e0ad09265d228b9?cid=9950ac751e34487dbbe027c4fd7f8e99","false","33","BRMCA8100002","spotify:user:isak.sjoholm.","2025-07-18T13:23:33Z","mpb,brasiliansk pop,vaggvisa","0.299","0.41","2","-11.08","0","0.0357","0.862","0","0.136","0.33","144.476","3","","Universal Music Ltda.","C © 2017 Universal Music Ltda, P ℗ 1981 Universal Music Ltda"
"spotify:track:30KO8z5NYnF7wxqXEBvAgF","Puff She Puff","spotify:artist:5keeQyPKYRxUCKDMECTXG3","Black Uhuru","spotify:album:1EVv9XArfn1cWtlAhLiD0V","Red","spotify:artist:5keeQyPKYRxUCKDMECTXG3","Black Uhuru","1981-01-01","https://i.scdn.co/image/ab67616d0000b2731fa4fc7bfd857df5a824e289","1","6","309066","https://p.scdn.co/mp3-preview/44f85db3e2174812ab5b75faef1bd247b760c7df?cid=9950ac751e34487dbbe027c4fd7f8e99","false","12","USWWW0124672","spotify:user:isak.sjoholm.","2025-07-18T13:23:33Z","reggae,roots reggae,dub,ragga,rocksteady","0.764","0.595","7","-12.443","1","0.0736","0.212","0.0777","0.16","0.956","75.356","4","","UMC (Universal Music Catalogue)","C © 1981 The Island Def Jam Music Group, P ℗ 1981 The Island Def Jam Music Group"
"spotify:track:3E1VMNBcQFJs62XWxyIq2e","Maravida","spotify:artist:3f5VCwd57gZsqMad28jyLV","Maria Bethânia","spotify:album:4bGhONFxNN2Sn8DXvggPmc","Maria Bethânia (Alteza)","spotify:artist:3f5VCwd57gZsqMad28jyLV","Maria Bethânia","1981-10-01","https://i.scdn.co/image/ab67616d0000b2730c45580a3e5f35720f905838","1","1","179733","https://p.scdn.co/mp3-preview/6376579f910f234aa0d9a2f2a05538be2e239e69?cid=9950ac751e34487dbbe027c4fd7f8e99","false","0","BRMCA8100038","spotify:user:isak.sjoholm.","2025-07-18T13:23:33Z","mpb,samba,bossa nova,axé","0.427","0.641","2","-4.961","0","0.033","0.534","0","0.164","0.456","97.9","3","","Universal Music Ltda.","C © 1981 Universal Music International, P ℗ 1981 Universal Music International"
"spotify:track:6I9IoPT1kFhDkcarfDrCiu","Minha Arte de Amar","spotify:artist:1WkZvxuA4zCcFF9GChK6Vr","Grupo Fundo De Quintal","spotify:album:2iQpHsGoMM16YiyObzGmmh","Samba É No Fundo do Quintal - Vol. 2","spotify:artist:1WkZvxuA4zCcFF9GChK6Vr","Grupo Fundo De Quintal","1981-01-01","https://i.scdn.co/image/ab67616d0000b2731b669e94db907fddf7500c69","1","5","187133","https://p.scdn.co/mp3-preview/1f1d6777297a9a6310390b5ca401d8b27cf010f8?cid=9950ac751e34487dbbe027c4fd7f8e99","false","25","BRRGE9601762","spotify:user:isak.sjoholm.","2025-07-18T13:23:33Z","samba,pagode","0.734","0.758","2","-9.649","1","0.186","0.361","0","0.11","0.971","116.937","4","","Som Livre","C (C) 1981 Som Livre"
"spotify:track:1vyZ7ZEJ0nTKmZ2EUm4IOe","De Braços de Abertos","spotify:artist:6ZrEc5xxZQvThMNTPsyuOn","Ozéias de Paula","spotify:album:7xhDYD44WozlFYbQ6M8mg8","De Braços Abertos","spotify:artist:6ZrEc5xxZQvThMNTPsyuOn","Ozéias de Paula","1981-04-04","https://i.scdn.co/image/ab67616d0000b2731c4ce77e113275aac7ca05bf","1","1","180373","https://p.scdn.co/mp3-preview/200530ecad21906a083f3a8ab62befc6b867a4df?cid=9950ac751e34487dbbe027c4fd7f8e99","false","30","BRA220901097","spotify:user:isak.sjoholm.","2025-07-18T13:23:33Z","pentecostal,gospel,brasiliansk gospel","0.447","0.488","7","-5.713","1","0.0253","0.492","0","0.11","0.436","92.988","3","","Bandeira Branca por Baby Planet Digital","C 1981 Marcos Luiz Correa, P 1981 Marcos Luiz Correa"
"spotify:track:3BnIjjs6dqucPVvPSev18D","Dias Melhores Virão","spotify:artist:6ZrEc5xxZQvThMNTPsyuOn","Ozéias de Paula","spotify:album:7xhDYD44WozlFYbQ6M8mg8","De Braços Abertos","spotify:artist:6ZrEc5xxZQvThMNTPsyuOn","Ozéias de Paula","1981-04-04","https://i.scdn.co/image/ab67616d0000b2731c4ce77e113275aac7ca05bf","1","6","298226","https://p.scdn.co/mp3-preview/3391618a69b90e503fbe78f2cd60358e5dddedbc?cid=9950ac751e34487dbbe027c4fd7f8e99","false","12","BRA220901102","spotify:user:isak.sjoholm.","2025-07-18T13:23:33Z","pentecostal,gospel,brasiliansk gospel","0.225","0.552","7","-5.621","1","0.029","0.354","0","0.17","0.349","181.615","3","","Bandeira Branca por Baby Planet Digital","C 1981 Marcos Luiz Correa, P 1981 Marcos Luiz Correa"
"spotify:track:3xlWe7jabnIt8Zvg66sitW","Lorraine","spotify:artist:5JYtpnUKxAzXfHEYpOeeit","Jorge Ben Jor","spotify:album:1Dbn6bkxBBY8KsQYv85aRB","Bem-Vinda Amizade","spotify:artist:5JYtpnUKxAzXfHEYpOeeit","Jorge Ben Jor","1981","https://i.scdn.co/image/ab67616d0000b273fe7d660a5ba4ac3905e3a76e","1","5","223506","https://p.scdn.co/mp3-preview/aac2e5911a14d7efda7f0baf506cc3d9084568fb?cid=9950ac751e34487dbbe027c4fd7f8e99","false","26","BRSGL0400073","spotify:user:isak.sjoholm.","2025-07-18T13:23:33Z","mpb,bossa nova,samba,brasiliansk jazz","0.559","0.413","1","-15.811","1","0.0987","0.453","0","0.085","0.407","150.985","4","","Som Livre","C (C) 1981 Som Livre"
"spotify:track:05nkJsScfotIna6wjGWuBG","Moto Contínuo","spotify:artist:6tOsSffQQIXmK8TqsDck8t","Chico Buarque","spotify:album:6HbNM26ujhWXgByGtVpbNd","Almanaque","spotify:artist:6tOsSffQQIXmK8TqsDck8t","Chico Buarque","1981-01-01","https://i.scdn.co/image/ab67616d0000b27356ad960c8f3d73e79abdfb26","1","8","222533","https://p.scdn.co/mp3-preview/166711dfcac584e0d9922f6ac27fa9e349475919?cid=9950ac751e34487dbbe027c4fd7f8e99","false","22","BRPGD8100051","spotify:user:isak.sjoholm.","2025-07-18T13:23:33Z","mpb,bossa nova,samba,brasiliansk jazz","0.525","0.363","6","-17.919","0","0.0347","0.917","0.0883","0.224","0.375","114.921","4","","Universal Music Ltda.","C © 1981 Universal Music Ltda, P ℗ 1981 Universal Music Ltda"
"spotify:track:737SWnlVfdpIZg8zxufjNh","Fogo no Paraná (feat. Luiz Gonzaga Jr.)","spotify:artist:3TE6ZGjhmTVpLZrn9hvfBX, spotify:artist:1LOFaxDBvn3YuvarTldGAe","Joao Do Vale, Gonzaguinha","spotify:album:6tA5JMhnFRvDkanKAuPsCV","João do Vale","spotify:artist:3TE6ZGjhmTVpLZrn9hvfBX","Joao Do Vale","1981-03-30","https://i.scdn.co/image/ab67616d0000b273b83e785a0c366d8057e5e53b","1","10","193800","https://p.scdn.co/mp3-preview/5b5011219cfab551a76bf4eb3035cf7fb3269faa?cid=9950ac751e34487dbbe027c4fd7f8e99","false","18","BRSME8100053","spotify:user:isak.sjoholm.","2025-07-18T13:23:33Z","forró tradicional,forró,mpb,mpb,samba","0.483","0.802","4","-10.827","0","0.101","0.312","0","0.283","0.651","102.014","4","","Columbia","P (P) 1981 Sony Music Entertainment (Brazil) I.C.L."
"spotify:track:50zH2bY923kM91aTU4DX40","Lindo Céu","spotify:artist:6ZrEc5xxZQvThMNTPsyuOn","Ozéias de Paula","spotify:album:7xhDYD44WozlFYbQ6M8mg8","De Braços Abertos","spotify:artist:6ZrEc5xxZQvThMNTPsyuOn","Ozéias de Paula","1981-04-04","https://i.scdn.co/image/ab67616d0000b2731c4ce77e113275aac7ca05bf","1","4","224306","https://p.scdn.co/mp3-preview/3e816da548f4eaea628db992ee084a74002c9226?cid=9950ac751e34487dbbe027c4fd7f8e99","false","9","BRA220901100","spotify:user:isak.sjoholm.","2025-07-18T13:23:33Z","pentecostal,gospel,brasiliansk gospel","0.45","0.338","3","-8.524","1","0.0266","0.6","0.000434","0.114","0.38","92.315","3","","Bandeira Branca por Baby Planet Digital","C 1981 Marcos Luiz Correa, P 1981 Marcos Luiz Correa"
"spotify:track:1H3vLMjqkcoIcDfJcJcYVl","Por Que Você Não Responde","spotify:artist:6BhM6KMEMCo4ifiEpRKh6i","Carlos Alexandre","spotify:album:0s2HJkG7pRp6lh0e5mcD89","Você","spotify:artist:6BhM6KMEMCo4ifiEpRKh6i","Carlos Alexandre","1981-01-01","","1","8","215306","https://p.scdn.co/mp3-preview/1447ad1acbec0068e4d37c95bf6c292fba0bfb52?cid=9950ac751e34487dbbe027c4fd7f8e99","false","0","BRRGE8100114","spotify:user:isak.sjoholm.","2025-07-18T13:23:33Z","brega,seresta","0.6","0.584","5","-13.644","1","0.0639","0.306","0","0.147","0.917","147.74","4","","Som Livre",""
"spotify:track:1hhFF5ZRp6mTpJx1cZ4dV1","A Velhinha (Ao Vivo)","spotify:artist:5h49asgiKDU05wAnUGLZhk","Costinha","spotify:album:2uKgWeeRHMZo9fahMWZwRG","O Peru da Festa (Ao Vivo)","spotify:artist:5h49asgiKDU05wAnUGLZhk","Costinha","1981-03-03","https://i.scdn.co/image/ab67616d0000b27351bc48a9ff609aba0ba11f50","1","3","396136","https://p.scdn.co/mp3-preview/e05d396c982b2398c2de18bed805df273bf6278d?cid=9950ac751e34487dbbe027c4fd7f8e99","true","18","US7VG1327309","spotify:user:isak.sjoholm.","2025-07-18T13:23:33Z","","0.651","0.394","5","-20.95","1","0.909","0.958","0.0000105","0.684","0.435","106.523","5","","CID ENTERTAINMENT LTDA","C 1981 Costinha, P 1981 Costinha"
"spotify:track:5NXxZN6JY8HHhXqSUv3LIy","Para Que Digladiar","spotify:artist:5JYtpnUKxAzXfHEYpOeeit","Jorge Ben Jor","spotify:album:1Dbn6bkxBBY8KsQYv85aRB","Bem-Vinda Amizade","spotify:artist:5JYtpnUKxAzXfHEYpOeeit","Jorge Ben Jor","1981","https://i.scdn.co/image/ab67616d0000b273fe7d660a5ba4ac3905e3a76e","1","9","212066","https://p.scdn.co/mp3-preview/59025ecf86b66cb272273b1888e306c223cceb07?cid=9950ac751e34487dbbe027c4fd7f8e99","false","31","BRSGL8100011","spotify:user:isak.sjoholm.","2025-07-18T13:23:33Z","mpb,bossa nova,samba,brasiliansk jazz","0.734","0.43","7","-15.345","1","0.152","0.75","0.0000117","0.112","0.636","90.955","4","","Som Livre","C (C) 1981 Som Livre"
"spotify:track:0M1ipPRUDf6OrLAbDioIgQ","Palco do mundo","spotify:artist:2nyp615W8UwgHGdkrqmjwk","Tião Carreiro & Paraíso","spotify:album:0VubXD3kwPfPcCSdTc5Jdr","Prato do Dia","spotify:artist:2nyp615W8UwgHGdkrqmjwk","Tião Carreiro & Paraíso","1981","https://i.scdn.co/image/ab67616d0000b273579ac6c213415fd938d8427d","1","11","179960","https://p.scdn.co/mp3-preview/f9e04aafb2ce4336f60ed43ffb0a4a34c5f322cb?cid=9950ac751e34487dbbe027c4fd7f8e99","false","20","BRWMB0000143","spotify:user:isak.sjoholm.","2025-07-18T13:23:33Z","sertanejo tradicional,sertanejo","0.614","0.501","7","-7.264","1","0.0286","0.678","0","0.187","0.816","110.334","4","","WM Brazil","C © 1981 WEA International Inc., P ℗ 2000 WEA International Inc."
"spotify:track:1sGpqU7rW8HNbyICubVDkC","Tem Que Ser Voce","spotify:artist:7HGNYPmbDrMkylWqeFCOIQ","Caetano Veloso","spotify:album:36Yl9ZrI7at53Me1HdfxdW","Outras Palavras","spotify:artist:7HGNYPmbDrMkylWqeFCOIQ","Caetano Veloso","1981-01-01","https://i.scdn.co/image/ab67616d0000b2738a5576c664a5c2a5fb692004","1","9","222800","https://p.scdn.co/mp3-preview/8582c316402827e0e735ba1b863f79254f7a4fe8?cid=9950ac751e34487dbbe027c4fd7f8e99","false","18","BRMCA8100221","spotify:user:isak.sjoholm.","2025-07-18T13:23:33Z","mpb,bossa nova,samba","0.7","0.626","1","-11.125","0","0.0956","0.497","0.0000108","0.544","0.805","100","4","","Universal Music Ltda.","C © 1981 Universal Music Ltda, P ℗ 1981 Universal Music Ltda"
"spotify:track:6Idxp2DpP9El9XBXYmCx34","Noite Cheia De Estrelas","spotify:artist:6rM2yY0GnVcOHMU5GD3y9E","Martinho Da Vila","spotify:album:5My0zKXa4PKoUiEf0DPfkv","Sentimentos","spotify:artist:6rM2yY0GnVcOHMU5GD3y9E","Martinho Da Vila","1981-09-17","https://i.scdn.co/image/ab67616d0000b273b2828ac136fc4bab546d1e2f","1","11","193000","https://p.scdn.co/mp3-preview/fff5c0e1306feb3fd825ca58434da11fd3027241?cid=9950ac751e34487dbbe027c4fd7f8e99","false","21","BRBMG8100179","spotify:user:isak.sjoholm.","2025-07-18T13:23:33Z","samba,pagode,mpb","0.726","0.304","11","-12.116","0","0.0442","0.633","0.0000113","0.0635","0.777","113.792","4","","RCA Records Label","P (P) 1981 Sony Music Entertainment Brasil ltda."
"spotify:track:7sCMiqt0foF3arKFIQaRvz","Todos Juntos","spotify:artist:0BOUcqQ4QBKASefkp11yXA, spotify:artist:7b9Ft8oVjt8SJ9uZJB7PRi","Lucinha Lins, Os Trapalhões","spotify:album:6rzYkEgJ5QYuIT3LhdcgeH","Saltimbancos Trapalhões","spotify:artist:0LyfQWJT6nXafLPZqxe9Of","Blandade Artister","2015-05-01","https://i.scdn.co/image/ab67616d0000b2732838c95a751f05f9557f6596","1","9","135573","https://p.scdn.co/mp3-preview/76ea68ee039eeea21e7752a0def88619afb42536?cid=9950ac751e34487dbbe027c4fd7f8e99","false","27","BRPGD8100043","spotify:user:isak.sjoholm.","2025-07-18T13:23:33Z","vaggvisa,barnmusik,vaggvisa,barnmusik","0.637","0.516","4","-10.76","1","0.0436","0.721","0","0.163","0.741","85.179","4","","Universal Music Ltda.","C © 1981 Universal Music Ltda, P This Compilation ℗ 1981 Universal Music Ltda"
"spotify:track:1dT7eWqJC8AXH9nVXqOD7G","Veveco, Panelas E Canelas","spotify:artist:4ijgnqYvE1INXb1NSVT11m","Beto Guedes","spotify:album:4VVojOI2KA7Gnu53Gub2cx","Contos Da Lua Vaga","spotify:artist:4ijgnqYvE1INXb1NSVT11m","Beto Guedes","1981-04-06","https://i.scdn.co/image/ab67616d0000b273a5aecbd2ed940a74b5005bc2","1","6","218106","https://p.scdn.co/mp3-preview/03b4945f7a720587dd49f5dd5459f5583fa754e1?cid=9950ac751e34487dbbe027c4fd7f8e99","false","30","BREMI8100297","spotify:user:isak.sjoholm.","2025-07-18T13:23:33Z","mpb","0.483","0.707","9","-7.222","1","0.0344","0.355","0.00000219","0.284","0.339","130.221","4","","EMI Music Brasil Ltda","C © 1981 EMI Music Brasil Ltda, P ℗ 1981 EMI Music Brasil Ltda"
"spotify:track:2MRW3hCmwmd2ljjw2MMPwq","Ela Mora Em Mato Grosso Fronteira Com o Paraguai","spotify:artist:5JYtpnUKxAzXfHEYpOeeit","Jorge Ben Jor","spotify:album:1Dbn6bkxBBY8KsQYv85aRB","Bem-Vinda Amizade","spotify:artist:5JYtpnUKxAzXfHEYpOeeit","Jorge Ben Jor","1981","https://i.scdn.co/image/ab67616d0000b273fe7d660a5ba4ac3905e3a76e","1","8","201293","https://p.scdn.co/mp3-preview/2a593df32b710187cb97b701dde778b17a60c7ad?cid=9950ac751e34487dbbe027c4fd7f8e99","false","25","BRSGL0400075","spotify:user:isak.sjoholm.","2025-07-18T13:23:33Z","mpb,bossa nova,samba,brasiliansk jazz","0.723","0.543","2","-11.913","1","0.0587","0.0269","0.000353","0.0341","0.948","90.394","4","","Som Livre","C (C) 1981 Som Livre"
"spotify:track:43tSuFuimCdhXqzem7EfpL","Todos Os Sentidos","spotify:artist:6rM2yY0GnVcOHMU5GD3y9E","Martinho Da Vila","spotify:album:5My0zKXa4PKoUiEf0DPfkv","Sentimentos","spotify:artist:6rM2yY0GnVcOHMU5GD3y9E","Martinho Da Vila","1981-09-17","https://i.scdn.co/image/ab67616d0000b273b2828ac136fc4bab546d1e2f","1","5","214066","https://p.scdn.co/mp3-preview/48fe16e2b879333a0dfa0436726f7651866132a1?cid=9950ac751e34487dbbe027c4fd7f8e99","false","21","BRBMG8100055","spotify:user:isak.sjoholm.","2025-07-18T13:23:33Z","samba,pagode,mpb","0.745","0.429","7","-10.218","0","0.0366","0.537","0.00000258","0.16","0.72","120.243","4","","RCA Records Label","P (P) 1981 Sony Music Entertainment Brasil ltda."
"spotify:track:5ECabc3eUZv8wcoiLNJtwg","Um Pequeno Xote","spotify:artist:7JoWcJHDOG58JYTe6d400S","Zé Ramalho","spotify:album:5O1Q9JDwZ0Iyt7bU3kQglU","A Terceira Lamina","spotify:artist:7JoWcJHDOG58JYTe6d400S","Zé Ramalho","1981-10-16","https://i.scdn.co/image/ab67616d0000b2739034822d96a0003c2b7a217e","1","4","133880","https://p.scdn.co/mp3-preview/77f8a6bf1de0b4c635a27685818e683a745401d4?cid=9950ac751e34487dbbe027c4fd7f8e99","false","22","BRSME7800032","spotify:user:isak.sjoholm.","2025-07-18T13:23:33Z","mpb,forró tradicional,sertanejo tradicional,forró","0.583","0.934","9","-5.639","0","0.052","0.112","0","0.119","0.971","156.959","4","","Epic","P (P) 1981 Sony Music Entertainment (Brasil) I.C.L."
"spotify:track:3peAMPXkq30Ggdyd9JhJY8","Fio De Cabelo","spotify:artist:7gfkYbxpguEc9bm6m8TpAr","Chitãozinho & Xororó","spotify:album:2yBVu0jFUBrHojnJwHm4fX","Somos Apaixonados","spotify:artist:7gfkYbxpguEc9bm6m8TpAr","Chitãozinho & Xororó","1982","https://i.scdn.co/image/ab67616d0000b27357986e3ea50dc601b1bbc81e","1","2","175266","https://p.scdn.co/mp3-preview/c667fe69dc33821aa843a5de61561bdc06ddd37b?cid=9950ac751e34487dbbe027c4fd7f8e99","false","46","BREMI8200002","spotify:user:isak.sjoholm.","2025-07-18T13:23:33Z","sertanejo tradicional,sertanejo,agronejo","0.293","0.652","6","-5.782","1","0.0337","0.496","0","0.355","0.715","171.933","3","","EMI Music Brasil Ltda","C © 2015 EMI Records Brasil Ltda/Universal Music International Ltda, P ℗ 1982 EMI Records Brasil Ltda/Universal Music International Ltda"
"spotify:track:4IgCEHhLVgC5rITnPgWcvl","Pelas Ruas Que Andei","spotify:artist:559vxOLTzlAv0zB77JMcdG","Alceu Valença","spotify:album:1CYI4of2nVuOBrQt6E24qJ","Cavalo De Pau","spotify:artist:559vxOLTzlAv0zB77JMcdG","Alceu Valença","1982-01-01","https://i.scdn.co/image/ab67616d0000b273e411e04e2998618ffb66e2c2","1","4","173133","https://p.scdn.co/mp3-preview/c65ff6f0dba707f1ba3d633b87485d83a8756db9?cid=9950ac751e34487dbbe027c4fd7f8e99","false","34","BRMCA8200113","spotify:user:isak.sjoholm.","2025-07-18T13:23:33Z","mpb,forró tradicional,forró","0.558","0.844","2","-7.079","1","0.131","0.414","0.000621","0.19","0.567","113.87","4","","Universal Music Ltda.","C © 1982 Universal Music Ltda, P ℗ 1982 Universal Music Ltda"
"spotify:track:2sp0a6HGcLtpNkL04rqshT","Promessas Demais","spotify:artist:2SFIMUkCdZowbeisskDdhn","Ney Matogrosso","spotify:album:6BXXkMvXRa6XnRORLKGhL9","Mato Grosso (1982)","spotify:artist:2SFIMUkCdZowbeisskDdhn","Ney Matogrosso","1982-01-01","https://i.scdn.co/image/ab67616d0000b273360027becc377f931d033df2","1","8","276626","https://p.scdn.co/mp3-preview/0872934880d5b96c29391e8f8b54d23fa1033fc5?cid=9950ac751e34487dbbe027c4fd7f8e99","false","41","BRMCA8200206","spotify:user:isak.sjoholm.","2025-07-18T13:23:33Z","mpb,samba","0.523","0.828","1","-6.141","1","0.0568","0.338","0.0189","0.166","0.398","116.991","4","","Universal Music Ltda.","C © 1982 Universal Music Ltda, P ℗ 1982 Universal Music Ltda"
"spotify:track:4PjnnLwKuUFBoZ4fmS6a6x","Como Dois Animais","spotify:artist:559vxOLTzlAv0zB77JMcdG","Alceu Valença","spotify:album:1CYI4of2nVuOBrQt6E24qJ","Cavalo De Pau","spotify:artist:559vxOLTzlAv0zB77JMcdG","Alceu Valença","1982-01-01","https://i.scdn.co/image/ab67616d0000b273e411e04e2998618ffb66e2c2","1","3","250720","","false","41","BRMCA8200112","spotify:user:isak.sjoholm.","2025-07-18T13:23:33Z","mpb,forró tradicional,forró","0.689","0.553","9","-9.637","1","0.0859","0.263","0","0.1","0.428","124.958","4","","Universal Music Ltda.","C © 1982 Universal Music Ltda, P ℗ 1982 Universal Music Ltda"
"spotify:track:30FkPgfYhTryUGqNuEX9oG","Malvadeza Durão","spotify:artist:2bmDvPwz8Fu9LQ8aMTFvMr","Zé Keti","spotify:album:20a7FrWyegtPYZUcxc8Yzd","Zé Ketti","spotify:artist:2bmDvPwz8Fu9LQ8aMTFvMr","Zé Keti","1982-01-01","https://i.scdn.co/image/ab67616d0000b273525a5d3c94593de1ed30a46a","1","6","126084","https://p.scdn.co/mp3-preview/f7d8ca3e677e3b1e58ac2b72acc2a66c4d189110?cid=9950ac751e34487dbbe027c4fd7f8e99","false","22","BRCID7300012","spotify:user:isak.sjoholm.","2025-07-18T13:23:33Z","samba","0.754","0.751","0","-7.824","1","0.063","0.544","0.0000711","0.381","0.948","174.434","4","","CID",""
"spotify:track:3x5P4oiUJVbpH9VgBAtX5l","Clarear","spotify:artist:2poCUrtJvVVgfA2hgri1IS","Roupa Nova","spotify:album:2VyCDqAXYgsQcscwkNp2JJ","Roupa Nova","spotify:artist:2poCUrtJvVVgfA2hgri1IS","Roupa Nova","1982-01-01","https://i.scdn.co/image/ab67616d0000b273d439398b5bf6d212ad7172e5","1","9","202426","https://p.scdn.co/mp3-preview/ba297c8318911716f1d19ba05788c9dbbcd63ffa?cid=9950ac751e34487dbbe027c4fd7f8e99","false","44","BRMCA8200187","spotify:user:isak.sjoholm.","2025-07-18T13:23:33Z","mpb,brasiliansk pop,brasiliansk rock","0.622","0.825","1","-9.552","0","0.113","0.325","0.000675","0.955","0.791","146.11","4","","Universal Music Ltda.","C © 2017 Universal Music Ltda, P ℗ 1982 Universal Music Ltda"
"spotify:track:2tLFQcx4iBHTmIzJmlphv8","Cavalo De Pau","spotify:artist:559vxOLTzlAv0zB77JMcdG","Alceu Valença","spotify:album:1CYI4of2nVuOBrQt6E24qJ","Cavalo De Pau","spotify:artist:559vxOLTzlAv0zB77JMcdG","Alceu Valença","1982-01-01","https://i.scdn.co/image/ab67616d0000b273e411e04e2998618ffb66e2c2","1","7","225360","https://p.scdn.co/mp3-preview/dfea4fbddaa762cfe3ed795fbdad17e7f93755f0?cid=9950ac751e34487dbbe027c4fd7f8e99","false","39","BRMCA8200116","spotify:user:isak.sjoholm.","2025-07-18T13:23:33Z","mpb,forró tradicional,forró","0.696","0.504","11","-8.697","0","0.0422","0.531","0","0.118","0.302","116.872","4","","Universal Music Ltda.","C © 1982 Universal Music Ltda, P ℗ 1982 Universal Music Ltda"
"spotify:track:3ZAVO6sA57LaCE01PgYA81","Nascí Para Bailar","spotify:artist:64KVQ4YupSZYrGNLduVtj3","Nara Leão","spotify:album:4QfVlnJU8mp5jSNw0Hr8E2","Nascí Para Bailar","spotify:artist:64KVQ4YupSZYrGNLduVtj3","Nara Leão","1982-07-05","https://i.scdn.co/image/ab67616d0000b273cac75ed63e2eef2faab0ddec","1","1","197360","https://p.scdn.co/mp3-preview/22913756c6aa551436f6b01718d66a9e597abd87?cid=9950ac751e34487dbbe027c4fd7f8e99","false","27","BRMCA8200146","spotify:user:isak.sjoholm.","2025-07-18T13:23:33Z","bossa nova,mpb,brasiliansk jazz","0.804","0.735","1","-9.914","1","0.039","0.674","0.0403","0.126","0.967","123.77","4","","Universal Music Ltda.","C © 1982 Universal Music Ltda, P ℗ 1982 Universal Music Ltda"
"spotify:track:0DXEVncOPbhUm9oqbDnao9","Canto II","spotify:artist:0tWtrXx0eO52k40JMojM0j, spotify:artist:4l7BHj7xUeX5ntvPtjZQvd, spotify:artist:46kYnBfeKYTjKbSPZegzbJ","Clementina De Jesus, Tia Doca, Geraldo Filme","spotify:album:2cW4d1h8qU0PNfDd8tBkDt","O Canto dos Escravos","spotify:artist:0tWtrXx0eO52k40JMojM0j, spotify:artist:4l7BHj7xUeX5ntvPtjZQvd, spotify:artist:46kYnBfeKYTjKbSPZegzbJ","Clementina De Jesus, Tia Doca, Geraldo Filme","1982-02-11","https://i.scdn.co/image/ab67616d0000b2735416759709120ade8fdc6f43","1","2","207203","https://p.scdn.co/mp3-preview/dee096784d8d18e519dc39a7909d4b98aa9c4fd0?cid=9950ac751e34487dbbe027c4fd7f8e99","false","26","ES71G1864398","spotify:user:isak.sjoholm.","2025-07-18T13:23:33Z","samba,axé,samba,traditionell folk,samba","0.779","0.447","1","-9.306","1","0.236","0.69","0","0.171","0.672","91.561","4","","Estúdio Eldorado","C 1982 Estúdio Eldorado Ltda., P 1982 Estúdio Eldorado Ltda."
"spotify:track:74ulKiLWDSFHHXva7fbmSW","Tribunal do amor","spotify:artist:4oa7ETNZH1ivfzFkCGVZlR, spotify:artist:55Wn8tf8dBvfl1HRsD7Kze","Milionário & José Rico, Continental","spotify:album:1h4z7pN8gcjCCcDK7R8TiE","Volume 12 (Tribunal do Amor)","spotify:artist:4oa7ETNZH1ivfzFkCGVZlR, spotify:artist:55Wn8tf8dBvfl1HRsD7Kze","Milionário & José Rico, Continental","1982","https://i.scdn.co/image/ab67616d0000b273db663e0e11c408edd3edd88b","1","1","232720","https://p.scdn.co/mp3-preview/d6cec37c40b5552fb989e038aedfe6d22c31e228?cid=9950ac751e34487dbbe027c4fd7f8e99","false","42","BRWMB9705836","spotify:user:isak.sjoholm.","2025-07-18T13:23:33Z","sertanejo tradicional,sertanejo,sertanejo tradicional,sertanejo,brega","0.532","0.572","9","-2.538","1","0.0298","0.617","0","0.259","0.596","78.948","4","","WM Brazil","C © 1982 WEA International Inc., P ℗ 2001 WEA International Inc."
"spotify:track:5aNAuZHYVAaGQKeSmq2Bku","Caminhos Do Coração (Pessoa = Pessoas)","spotify:artist:1LOFaxDBvn3YuvarTldGAe","Gonzaguinha","spotify:album:4a7f5kh2eaSyhDE4LCn4T0","Caminhos Do Coração","spotify:artist:1LOFaxDBvn3YuvarTldGAe","Gonzaguinha","1982-08-13","https://i.scdn.co/image/ab67616d0000b273ef28a6dd5c5cdc8e06ebe360","1","10","230973","https://p.scdn.co/mp3-preview/6a63be1cec4a3cb3c8b7003aac80cfd8059ed7fa?cid=9950ac751e34487dbbe027c4fd7f8e99","false","38","BREMI8200305","spotify:user:isak.sjoholm.","2025-07-18T13:23:33Z","mpb,samba","0.465","0.612","9","-9.307","1","0.0527","0.734","0","0.0903","0.413","128.696","4","","EMI Music Brasil Ltda","C © 1982 EMI Records Brasil Ltda, P ℗ 1982 EMI Records Brasil Ltda"
"spotify:track:0kAIpU6COdQD6J4cVrf7bW","Passeio Pelo Interior","spotify:artist:4cz8toptnAtxffn7ghNjyp","14 Bis","spotify:album:1ucpdt8ONMGaF52LVR7D1g","Além Paraíso","spotify:artist:4cz8toptnAtxffn7ghNjyp","14 Bis","1982-07-20","https://i.scdn.co/image/ab67616d0000b273424ef35a0814d01c00d43349","1","2","229133","https://p.scdn.co/mp3-preview/d90614339fea5a8c563f919fb34f615d01d60055?cid=9950ac751e34487dbbe027c4fd7f8e99","false","32","BREMI8200910","spotify:user:isak.sjoholm.","2025-07-18T13:23:33Z","mpb,brasiliansk rock,brasiliansk pop","0.485","0.454","2","-11.867","1","0.0258","0.439","0.043","0.346","0.337","107.16","4","","EMI","C © 1982 EMI Music Brasil Ltda, P ℗ 1982 EMI Music Brasil Ltda"
"spotify:track:752DOUkNmRnwATflD8Kwik","O Começo","spotify:artist:1LOFaxDBvn3YuvarTldGAe","Gonzaguinha","spotify:album:4a7f5kh2eaSyhDE4LCn4T0","Caminhos Do Coração","spotify:artist:1LOFaxDBvn3YuvarTldGAe","Gonzaguinha","1982-08-13","https://i.scdn.co/image/ab67616d0000b273ef28a6dd5c5cdc8e06ebe360","1","3","187413","https://p.scdn.co/mp3-preview/32f899e01854c699ed4b0b569e56d2d949903f49?cid=9950ac751e34487dbbe027c4fd7f8e99","false","28","BREMI8202151","spotify:user:isak.sjoholm.","2025-07-18T13:23:33Z","mpb,samba","0.392","0.288","1","-12.616","1","0.0422","0.946","0","0.0896","0.465","101.751","3","","EMI Music Brasil Ltda","C © 1982 EMI Records Brasil Ltda, P ℗ 1982 EMI Records Brasil Ltda"
"spotify:track:2R1dnEOe2EfrvD88KBwZBm","Nobreza","spotify:artist:5rrmaoBXZ7Jcs4Qb77j0YA","Djavan","spotify:album:3DSPggBtjAU0GtOSdNNn6x","Luz","spotify:artist:5rrmaoBXZ7Jcs4Qb77j0YA","Djavan","1982-03-25","https://i.scdn.co/image/ab67616d0000b273ff6dbdb76c0cce850eb706e3","1","3","148573","https://p.scdn.co/mp3-preview/3338fdccf93005d29f871e6978e81a9910043960?cid=9950ac751e34487dbbe027c4fd7f8e99","false","35","BRSME8200050","spotify:user:isak.sjoholm.","2025-07-18T13:23:33Z","mpb,bossa nova","0.286","0.16","0","-11.4","1","0.031","0.859","0","0.344","0.187","89.212","4","","Epic","P (P) 1982 Sony Music Entertainment (Brasil) I.C.L."
"spotify:track:5aophrPOiuWKg2Ae1nEy7l","I Crônicas 29:11-13","spotify:artist:0IDEJU0SdlmJOMtybtEoiT","Vencedores por Cristo","spotify:album:1OYDYeeTq2w6WCADRQKhRv","Louvor III e IV","spotify:artist:0IDEJU0SdlmJOMtybtEoiT","Vencedores por Cristo","1982-01-01","https://i.scdn.co/image/ab67616d0000b273028052f0297983a18b255530","1","18","200666","https://p.scdn.co/mp3-preview/31181bf3065ac87f23d53bfe3a4805a9d9f42324?cid=9950ac751e34487dbbe027c4fd7f8e99","false","29","BRVEC1000034","spotify:user:isak.sjoholm.","2025-07-18T13:23:33Z","brasiliansk gospel,gospel","0.22","0.313","9","-9.229","1","0.0354","0.429","0.00000116","0.129","0.123","136.243","3","","Vencedores por Cristo","C 1982 Vencedores por Cristo, P 1982 Vencedores por Cristo"
"spotify:track:36qokcSmxA6ikf9lexBDjt","Leão Ferido","spotify:artist:7oraQbXIkvzBmNLzjRVvCH","Teodoro & Sampaio","spotify:album:1zGNu6cHMDK4OG1zMLRHrf","Guarda-Roupa Maldito","spotify:artist:7oraQbXIkvzBmNLzjRVvCH","Teodoro & Sampaio","1982-06-29","https://i.scdn.co/image/ab67616d0000b27346f03215c1a3cd95dff50f83","1","3","196266","https://p.scdn.co/mp3-preview/9997262bc44d42a63819a9bce34dabb74d7d2ebb?cid=9950ac751e34487dbbe027c4fd7f8e99","false","6","BRBMG8200453","spotify:user:isak.sjoholm.","2025-07-18T13:23:33Z","sertanejo tradicional,sertanejo","0.682","0.355","9","-9.328","1","0.0262","0.618","0","0.0934","0.679","91.218","3","","Sony Music Entertainment","P (P) 1982 RCA"
"spotify:track:5KaPQTT80Pp0NhXfpjOMwr","Ser, Fazer E Acontecer / Música Incidental: ""Chovendo Na Roseira""","spotify:artist:1LOFaxDBvn3YuvarTldGAe","Gonzaguinha","spotify:album:4a7f5kh2eaSyhDE4LCn4T0","Caminhos Do Coração","spotify:artist:1LOFaxDBvn3YuvarTldGAe","Gonzaguinha","1982-08-13","https://i.scdn.co/image/ab67616d0000b273ef28a6dd5c5cdc8e06ebe360","1","7","266120","https://p.scdn.co/mp3-preview/29edd1c0e5eaab6a23dcc7e79e6ff9b8d6e8518e?cid=9950ac751e34487dbbe027c4fd7f8e99","false","18","BREMI8202155","spotify:user:isak.sjoholm.","2025-07-18T13:23:33Z","mpb,samba","0.329","0.413","7","-11.329","1","0.0333","0.839","0","0.177","0.309","92.046","4","","EMI Music Brasil Ltda","C © 1982 EMI Records Brasil Ltda, P ℗ 1982 EMI Records Brasil Ltda"
"spotify:track:6jmvEUPJ8VlF7Xe4bTlVyj","O Filho Da Própria","spotify:artist:1LOFaxDBvn3YuvarTldGAe","Gonzaguinha","spotify:album:4a7f5kh2eaSyhDE4LCn4T0","Caminhos Do Coração","spotify:artist:1LOFaxDBvn3YuvarTldGAe","Gonzaguinha","1982-08-13","https://i.scdn.co/image/ab67616d0000b273ef28a6dd5c5cdc8e06ebe360","1","2","226746","https://p.scdn.co/mp3-preview/9d40e49c3ddeedc2e91f3454461047999d01e601?cid=9950ac751e34487dbbe027c4fd7f8e99","false","29","BREMI8202150","spotify:user:isak.sjoholm.","2025-07-18T13:23:33Z","mpb,samba","0.543","0.596","5","-10.124","1","0.0756","0.465","0","0.317","0.663","86.049","4","","EMI Music Brasil Ltda","C © 1982 EMI Records Brasil Ltda, P ℗ 1982 EMI Records Brasil Ltda"
"spotify:track:0gNgroEx9JilSpV8stMSZ4","Gaiolas Abertas","spotify:artist:64KVQ4YupSZYrGNLduVtj3","Nara Leão","spotify:album:4QfVlnJU8mp5jSNw0Hr8E2","Nascí Para Bailar","spotify:artist:64KVQ4YupSZYrGNLduVtj3","Nara Leão","1982-07-05","https://i.scdn.co/image/ab67616d0000b273cac75ed63e2eef2faab0ddec","1","9","224373","https://p.scdn.co/mp3-preview/347e5008bea935e39fcd197d849626adf46194e7?cid=9950ac751e34487dbbe027c4fd7f8e99","false","10","BRMCA8200154","spotify:user:isak.sjoholm.","2025-07-18T13:23:33Z","bossa nova,mpb,brasiliansk jazz","0.651","0.644","5","-8.478","0","0.0291","0.51","0.386","0.341","0.92","124.739","4","","Universal Music Ltda.","C © 1982 Universal Music Ltda, P ℗ 1982 Universal Music Ltda"
"spotify:track:6rETSTCjSEcaO9kJwndIca","A Graça de Cristo","spotify:artist:41XTLrYfIdtr8frsp8Em5C","Grupo Logos","spotify:album:6iBjCaOEu1JfoB7KfSJwrR","Caminhos","spotify:artist:41XTLrYfIdtr8frsp8Em5C","Grupo Logos","1982","https://i.scdn.co/image/ab67616d0000b273b09209c44470c8a856788500","1","6","244719","https://p.scdn.co/mp3-preview/b22d196f5cdc3108f0d09ba0dad8e7e1b3e1e231?cid=9950ac751e34487dbbe027c4fd7f8e99","false","30","BRMIE1600006","spotify:user:isak.sjoholm.","2025-07-18T13:23:33Z","brasiliansk gospel,gospel","0.321","0.275","2","-13.455","1","0.0304","0.504","0.00244","0.129","0.285","137.87","4","","Grupo Logos","C 1982 MEL, P 1982 MEL"
"spotify:track:1c42gwiX5kVrHnLJbbQAoJ","Nós os foliões","spotify:artist:0t2xdTxRXnffsmpMamH8Ls","Paulinho Da Viola","spotify:album:1bnlrbfAYZgORpKPsBXnfh","A Toda Hora Rola Uma Estória","spotify:artist:0t2xdTxRXnffsmpMamH8Ls","Paulinho Da Viola","1982","https://i.scdn.co/image/ab67616d0000b2734b7302c8eff1bc4c0947578a","1","9","253693","https://p.scdn.co/mp3-preview/b0e1d811bbfcfaa532e91be65c656580b9742603?cid=9950ac751e34487dbbe027c4fd7f8e99","false","10","BRWMB9701723","spotify:user:isak.sjoholm.","2025-07-18T13:23:33Z","samba,mpb,bossa nova,pagode","0.685","0.599","0","-11.159","1","0.0616","0.616","0.0361","0.0817","0.55","84.861","4","","WM Brazil","C © 1982 Warner Music Brasil Ltda., P ℗ 2013 Warner Music Brasil Ltda."
"spotify:track:1CJMpwmKzYtqyigE0itIpW","Narizinho","spotify:artist:6VNcG5r38hPxQk5wX6GwIb","Bebel","spotify:album:0cCdQmMYBiXhZ1tn0ztvb1","Pir Lim Pim Pim","spotify:artist:0LyfQWJT6nXafLPZqxe9Of","Blandade Artister","1982-01-01","https://i.scdn.co/image/ab67616d0000b273f79b6b6b947f26c8d79904e2","1","3","171466","https://p.scdn.co/mp3-preview/d44aa5fa358ad7266d865d0a2489281dbae510f8?cid=9950ac751e34487dbbe027c4fd7f8e99","false","33","BRSGL8200070","spotify:user:isak.sjoholm.","2025-07-18T13:23:33Z","mpb,vaggvisa","0.511","0.694","3","-5.811","1","0.105","0.608","0.0000125","0.729","0.518","80.788","4","","Som Livre","C (C) 2006 Som Livre"
"spotify:track:0SbwicaVYlfJEOTKRyZ5jl","Vai Contar","spotify:artist:41XTLrYfIdtr8frsp8Em5C","Grupo Logos","spotify:album:6iBjCaOEu1JfoB7KfSJwrR","Caminhos","spotify:artist:41XTLrYfIdtr8frsp8Em5C","Grupo Logos","1982","https://i.scdn.co/image/ab67616d0000b273b09209c44470c8a856788500","1","4","268212","https://p.scdn.co/mp3-preview/581eb0751f8f3b919331e3c3d1a261fbde5741d3?cid=9950ac751e34487dbbe027c4fd7f8e99","false","22","BRMIE1600004","spotify:user:isak.sjoholm.","2025-07-18T13:23:33Z","brasiliansk gospel,gospel","0.264","0.238","2","-14.002","1","0.0362","0.773","0.00153","0.124","0.303","78.311","4","","Grupo Logos","C 1982 MEL, P 1982 MEL"
"spotify:track:5XimByjGgVTnYFcVc6K6lN","Uma Velha Canção Rock 'N' Roll","spotify:artist:4cz8toptnAtxffn7ghNjyp","14 Bis","spotify:album:1ucpdt8ONMGaF52LVR7D1g","Além Paraíso","spotify:artist:4cz8toptnAtxffn7ghNjyp","14 Bis","1982-07-20","https://i.scdn.co/image/ab67616d0000b273424ef35a0814d01c00d43349","1","7","263426","https://p.scdn.co/mp3-preview/c0245c383bebfde6fa686e2398315fb1f5cf5443?cid=9950ac751e34487dbbe027c4fd7f8e99","false","37","BREMI8200908","spotify:user:isak.sjoholm.","2025-07-18T13:23:33Z","mpb,brasiliansk rock,brasiliansk pop","0.405","0.554","7","-11.178","1","0.0274","0.151","0.00854","0.346","0.586","85.106","4","","EMI","C © 1982 EMI Music Brasil Ltda, P ℗ 1982 EMI Music Brasil Ltda"
"spotify:track:5aeG8P2J4MDfc0WEyIS5Th","Simples Como A Água","spotify:artist:1LOFaxDBvn3YuvarTldGAe","Gonzaguinha","spotify:album:4a7f5kh2eaSyhDE4LCn4T0","Caminhos Do Coração","spotify:artist:1LOFaxDBvn3YuvarTldGAe","Gonzaguinha","1982-08-13","https://i.scdn.co/image/ab67616d0000b273ef28a6dd5c5cdc8e06ebe360","1","4","148866","https://p.scdn.co/mp3-preview/da5164eeed9e142a971553691583aa282c092ba1?cid=9950ac751e34487dbbe027c4fd7f8e99","false","26","BREMI8202152","spotify:user:isak.sjoholm.","2025-07-18T13:23:33Z","mpb,samba","0.339","0.3","9","-12.107","0","0.0326","0.947","0.0235","0.1","0.224","91.254","4","","EMI Music Brasil Ltda","C © 1982 EMI Records Brasil Ltda, P ℗ 1982 EMI Records Brasil Ltda"
"spotify:track:0gvs5KP3TqxwAdUGBbbGJU","Banho de Rio","spotify:artist:5rrmaoBXZ7Jcs4Qb77j0YA","Djavan","spotify:album:3DSPggBtjAU0GtOSdNNn6x","Luz","spotify:artist:5rrmaoBXZ7Jcs4Qb77j0YA","Djavan","1982-03-25","https://i.scdn.co/image/ab67616d0000b273ff6dbdb76c0cce850eb706e3","1","7","276426","https://p.scdn.co/mp3-preview/ee6b1ee65ed3ed2ee6a346d4df9956d26b4af9af?cid=9950ac751e34487dbbe027c4fd7f8e99","false","33","BRSME8200052","spotify:user:isak.sjoholm.","2025-07-18T13:23:33Z","mpb,bossa nova","0.284","0.288","9","-7.752","0","0.0328","0.844","0.0000168","0.0914","0.195","69.534","4","","Epic","P (P) 1982 Sony Music Entertainment (Brasil) I.C.L."
"spotify:track:5aKr5VfqEYF9rsJEvFi0NX","Você Pode Estar Sorrindo","spotify:artist:41XTLrYfIdtr8frsp8Em5C","Grupo Logos","spotify:album:6iBjCaOEu1JfoB7KfSJwrR","Caminhos","spotify:artist:41XTLrYfIdtr8frsp8Em5C","Grupo Logos","1982","https://i.scdn.co/image/ab67616d0000b273b09209c44470c8a856788500","1","10","194612","https://p.scdn.co/mp3-preview/ebc59c866ff112453072ba60f61cf752cc8d55cb?cid=9950ac751e34487dbbe027c4fd7f8e99","false","12","BRMIE1600010","spotify:user:isak.sjoholm.","2025-07-18T13:23:33Z","brasiliansk gospel,gospel","0.398","0.199","4","-12.842","0","0.0277","0.768","0.00000337","0.121","0.362","92.373","3","","Grupo Logos","C 1982 MEL, P 1982 MEL"
"spotify:track:3RHZWP3EMCPRHmDNOKtQUY","Ele Atirou, Mas Ninguem Viu","spotify:artist:2fKJXmyvN1xs5YnCRbVmJw","Umbanda musicians at Santo Antonio de Angola","spotify:album:7DtBn6yMIuIs68dA7FqNSH","Music of Para, Brazil: Carimbó, Pajelança, Batuque and Umbanda","spotify:artist:0LyfQWJT6nXafLPZqxe9Of","Blandade Artister","1982-01-01","https://i.scdn.co/image/ab67616d0000b273d4982bd27ee1f5e627d0ebef","1","6","71053","https://p.scdn.co/mp3-preview/d1f0122911d1a4a69d62f65521bf81c00066f118?cid=9950ac751e34487dbbe027c4fd7f8e99","false","13","USSF18234606","spotify:user:isak.sjoholm.","2025-07-18T13:23:33Z","axé","0.587","0.35","11","-17.468","0","0.107","0.574","0.00746","0.139","0.527","69.148","4","","Folkways Records","C (C) 1982 Smithsonian Folkways Recordings, P (P) 1982 Smithsonian Folkways Recordings. Originally released on Folkways Records."
"spotify:track:0ABGj8rpFImTmpIXYosOHn","Somos Apaixonados","spotify:artist:7gfkYbxpguEc9bm6m8TpAr","Chitãozinho & Xororó","spotify:album:2yBVu0jFUBrHojnJwHm4fX","Somos Apaixonados","spotify:artist:7gfkYbxpguEc9bm6m8TpAr","Chitãozinho & Xororó","1982","https://i.scdn.co/image/ab67616d0000b27357986e3ea50dc601b1bbc81e","1","1","172200","https://p.scdn.co/mp3-preview/6d4144801fbfede3ede16832972f97067d681f6d?cid=9950ac751e34487dbbe027c4fd7f8e99","false","33","BREMI8200001","spotify:user:isak.sjoholm.","2025-07-18T13:23:33Z","sertanejo tradicional,sertanejo,agronejo","0.431","0.719","2","-5.42","1","0.0347","0.531","0","0.293","0.711","82.823","3","","EMI Music Brasil Ltda","C © 2015 EMI Records Brasil Ltda/Universal Music International Ltda, P ℗ 1982 EMI Records Brasil Ltda/Universal Music International Ltda"
"spotify:track:185ikFAEcXT3WItKwRsBs0","Enche-Me, Espírito","spotify:artist:0IDEJU0SdlmJOMtybtEoiT","Vencedores por Cristo","spotify:album:1OYDYeeTq2w6WCADRQKhRv","Louvor III e IV","spotify:artist:0IDEJU0SdlmJOMtybtEoiT","Vencedores por Cristo","1982-01-01","https://i.scdn.co/image/ab67616d0000b273028052f0297983a18b255530","1","16","179733","https://p.scdn.co/mp3-preview/ff4a7a84217e898a95a8af6cc1aac6073c18cfaa?cid=9950ac751e34487dbbe027c4fd7f8e99","false","25","BRVEC1000032","spotify:user:isak.sjoholm.","2025-07-18T13:23:33Z","brasiliansk gospel,gospel","0.439","0.355","7","-12.525","1","0.0259","0.546","0.000749","0.114","0.175","71.512","4","","Vencedores por Cristo","C 1982 Vencedores por Cristo, P 1982 Vencedores por Cristo"
"spotify:track:1MXXXtqzYx5L9oiD2axp0s","Minha Irmã","spotify:artist:5rrmaoBXZ7Jcs4Qb77j0YA","Djavan","spotify:album:3DSPggBtjAU0GtOSdNNn6x","Luz","spotify:artist:5rrmaoBXZ7Jcs4Qb77j0YA","Djavan","1982-03-25","https://i.scdn.co/image/ab67616d0000b273ff6dbdb76c0cce850eb706e3","1","10","128373","https://p.scdn.co/mp3-preview/caf37e827935921435890badd583dc7efbb54f3a?cid=9950ac751e34487dbbe027c4fd7f8e99","false","32","BRSME8200049","spotify:user:isak.sjoholm.","2025-07-18T13:23:33Z","mpb,bossa nova","0.686","0.885","1","-8.009","0","0.0614","0.431","0.128","0.552","0.824","108.432","4","","Epic","P (P) 1982 Sony Music Entertainment (Brasil) I.C.L."
"spotify:track:4GzJPKgoNyxUuijiSdY2Fx","De repente California - Remasterizado em 2001","spotify:artist:0A1oy7PC7fdzURgaLaWkL1","Lulu Santos","spotify:album:52rgb93JdNoMHwpq4RzJZp","Tempos modernos (2001 Remasterizado)","spotify:artist:0A1oy7PC7fdzURgaLaWkL1","Lulu Santos","1982-01-01","https://i.scdn.co/image/ab67616d0000b2736c449bb8e0cd6fc8dfbb3998","1","3","163413","https://p.scdn.co/mp3-preview/5acab19a3ede45b28dd2c17979e5d74a58b00aa0?cid=9950ac751e34487dbbe027c4fd7f8e99","false","23","BRWMB9704703","spotify:user:isak.sjoholm.","2025-07-18T13:23:33Z","mpb,brasiliansk rock,brasiliansk pop","0.767","0.59","9","-9.274","1","0.0345","0.582","0.000211","0.299","0.544","111.114","4","","WM Brazil","C © 1982, 2001 Warner Music Brasil Ltda., P ℗ 1982, 2001 Warner Music Brasil Ltda."
"spotify:track:6gBxzZkCPw6SPrbNaCfoSY","Ela Fez Minha Cabeça","spotify:artist:7gfkYbxpguEc9bm6m8TpAr","Chitãozinho & Xororó","spotify:album:2yBVu0jFUBrHojnJwHm4fX","Somos Apaixonados","spotify:artist:7gfkYbxpguEc9bm6m8TpAr","Chitãozinho & Xororó","1982","https://i.scdn.co/image/ab67616d0000b27357986e3ea50dc601b1bbc81e","1","3","171600","https://p.scdn.co/mp3-preview/0061fd09f9c0e149752eb63b9016b558239bde26?cid=9950ac751e34487dbbe027c4fd7f8e99","false","33","BREMI8200003","spotify:user:isak.sjoholm.","2025-07-18T13:23:33Z","sertanejo tradicional,sertanejo,agronejo","0.379","0.633","8","-5.812","1","0.0342","0.247","0","0.127","0.868","162.472","3","","EMI Music Brasil Ltda","C © 2015 EMI Records Brasil Ltda/Universal Music International Ltda, P ℗ 1982 EMI Records Brasil Ltda/Universal Music International Ltda"
"spotify:track:1IDzEcAmfElzO6BjS8P22Y","Teu Olhar, Teu Andar","spotify:artist:6DYBkobQCkvav5GCnfqlcC","Reginaldo Rossi","spotify:album:6GKkb1mEj0LacZBhxwgy1C","A Raposa E As Uvas","spotify:artist:6DYBkobQCkvav5GCnfqlcC","Reginaldo Rossi","1982-01-01","https://i.scdn.co/image/ab67616d0000b2739ac581300a2ac1fe8daf240c","1","10","206560","https://p.scdn.co/mp3-preview/8dc334292ee8e6eca375f6a774a0d2d8e9405f3c?cid=9950ac751e34487dbbe027c4fd7f8e99","false","43","BREMI8200216","spotify:user:isak.sjoholm.","2025-07-18T13:23:33Z","brega,seresta,tecnobrega","0.635","0.814","0","-8.837","1","0.0371","0.0711","0.00000851","0.0623","0.606","123.635","4","","EMI Music Brasil Ltda","C © 2017 EMI Records Brasil Ltda, P ℗ 1982 EMI Records Brasil Ltda"
"spotify:track:3mhkKb0pfI889wRL77VJv7","Anima","spotify:artist:3Bnq7jiU506HcPjRgQ43TM","Milton Nascimento","spotify:album:13BT1s8mSZYjKQ4bigR6SF","Anima","spotify:artist:3Bnq7jiU506HcPjRgQ43TM","Milton Nascimento","1982-01-01","https://i.scdn.co/image/ab67616d0000b27387ff83d7e6a531dbf29a6781","1","3","252400","https://p.scdn.co/mp3-preview/9db3772e4bd3b27d35713a9b9700dc78bce359a5?cid=9950ac751e34487dbbe027c4fd7f8e99","false","31","BRPGD8200029","spotify:user:isak.sjoholm.","2025-07-18T13:23:33Z","mpb,bossa nova,brasiliansk jazz","0.679","0.216","2","-15.86","1","0.0449","0.914","0.000459","0.112","0.665","121.811","4","","Universal Music Ltda.","C © 1982 Universal Music Ltda, P ℗ 1982 Universal Music Ltda"
"spotify:track:4FTwiXmV6fwr4F41yHqUsI","Saudade Imensa","spotify:artist:6DYBkobQCkvav5GCnfqlcC","Reginaldo Rossi","spotify:album:6GKkb1mEj0LacZBhxwgy1C","A Raposa E As Uvas","spotify:artist:6DYBkobQCkvav5GCnfqlcC","Reginaldo Rossi","1982-01-01","https://i.scdn.co/image/ab67616d0000b2739ac581300a2ac1fe8daf240c","1","4","152426","https://p.scdn.co/mp3-preview/e93ddff57bb4799c7e78ff5d5d1dead092c47e3e?cid=9950ac751e34487dbbe027c4fd7f8e99","false","31","BREMI8200211","spotify:user:isak.sjoholm.","2025-07-18T13:23:33Z","brega,seresta,tecnobrega","0.572","0.732","10","-7.246","0","0.0354","0.0137","0.0000512","0.156","0.753","123.084","4","","EMI Music Brasil Ltda","C © 2017 EMI Records Brasil Ltda, P ℗ 1982 EMI Records Brasil Ltda"
"spotify:track:5OuZ97B2XwElYAHyVJzDGt","A Volta","spotify:artist:6DYBkobQCkvav5GCnfqlcC","Reginaldo Rossi","spotify:album:6GKkb1mEj0LacZBhxwgy1C","A Raposa E As Uvas","spotify:artist:6DYBkobQCkvav5GCnfqlcC","Reginaldo Rossi","1982-01-01","https://i.scdn.co/image/ab67616d0000b2739ac581300a2ac1fe8daf240c","1","8","194800","https://p.scdn.co/mp3-preview/3682ba46b8b65cd1ef49f634e51aa4ed2a5a48fb?cid=9950ac751e34487dbbe027c4fd7f8e99","false","34","BREMI8200015","spotify:user:isak.sjoholm.","2025-07-18T13:23:33Z","brega,seresta,tecnobrega","0.629","0.882","9","-7.464","0","0.123","0.00799","0.0000028","0.229","0.659","134.937","4","","EMI Music Brasil Ltda","C © 2017 EMI Records Brasil Ltda, P ℗ 1982 EMI Records Brasil Ltda"
"spotify:track:0lCPg3QcTs8wMWw5WZDOC8","Querido Diário","spotify:artist:3DF0ClNOUuvS3gh8V8sRJH","João Bosco","spotify:album:3391Q4zuKuz0JpHkmaJsQv","Comissão De Frente","spotify:artist:3DF0ClNOUuvS3gh8V8sRJH","João Bosco","1982-01-01","https://i.scdn.co/image/ab67616d0000b273062b05b99456b8a1166a3282","1","3","243626","https://p.scdn.co/mp3-preview/8785eed29ba9a4a4fc5c0cabd7a389b08ce14717?cid=9950ac751e34487dbbe027c4fd7f8e99","false","30","BRMCA0500180","spotify:user:isak.sjoholm.","2025-07-18T13:23:33Z","mpb,samba,bossa nova,brasiliansk jazz","0.703","0.612","4","-11.071","0","0.0414","0.498","0.0001","0.247","0.675","139.788","4","","Universal Music Ltda.","C © 1982 Universal Music Ltda, P ℗ 1982 Universal Music Ltda"
"spotify:track:1dulLMVclhZT3QMCxPYBUy","Mundo Vão","spotify:artist:41XTLrYfIdtr8frsp8Em5C","Grupo Logos","spotify:album:6iBjCaOEu1JfoB7KfSJwrR","Caminhos","spotify:artist:41XTLrYfIdtr8frsp8Em5C","Grupo Logos","1982","https://i.scdn.co/image/ab67616d0000b273b09209c44470c8a856788500","1","3","164012","https://p.scdn.co/mp3-preview/66e3e9c06a3b7ee1193f6994d81a10e761ca93ea?cid=9950ac751e34487dbbe027c4fd7f8e99","false","21","BRMIE1600003","spotify:user:isak.sjoholm.","2025-07-18T13:23:33Z","brasiliansk gospel,gospel","0.367","0.27","5","-11.461","0","0.0263","0.829","0","0.101","0.0511","77.956","4","","Grupo Logos","C 1982 MEL, P 1982 MEL"
"spotify:track:4h39Sv2wD44GFttB0YdIze","Ambiciosa","spotify:artist:2PLF4pjm6A5eztTVbt9ou4, spotify:artist:55Wn8tf8dBvfl1HRsD7Kze","Tião Carreiro & Pardinho, Continental","spotify:album:2vIh4RJuFJlMAGVWoRBDg4","Navalha na Carne","spotify:artist:2PLF4pjm6A5eztTVbt9ou4, spotify:artist:55Wn8tf8dBvfl1HRsD7Kze","Tião Carreiro & Pardinho, Continental","1982","https://i.scdn.co/image/ab67616d0000b273dece15acc634953d441f2b4c","1","5","147586","https://p.scdn.co/mp3-preview/c59870f9d72c50f56d6bc312353010d669b4039b?cid=9950ac751e34487dbbe027c4fd7f8e99","false","21","BRWMB9802537","spotify:user:isak.sjoholm.","2025-07-18T13:23:33Z","sertanejo tradicional,sertanejo,sertanejo tradicional,sertanejo,brega","0.519","0.49","0","-5.299","1","0.0255","0.713","0","0.196","0.625","96.124","3","","WM Brazil","C © 1982 WEA International Inc., P ℗ 2000 WEA International Inc."
"spotify:track:7GewtRVW3x6Jedr9TVpm62","Só o tempo","spotify:artist:0t2xdTxRXnffsmpMamH8Ls","Paulinho Da Viola","spotify:album:1bnlrbfAYZgORpKPsBXnfh","A Toda Hora Rola Uma Estória","spotify:artist:0t2xdTxRXnffsmpMamH8Ls","Paulinho Da Viola","1982","https://i.scdn.co/image/ab67616d0000b2734b7302c8eff1bc4c0947578a","1","2","163933","https://p.scdn.co/mp3-preview/539caf16870b62fa9d4585380385cb43ddf57ee1?cid=9950ac751e34487dbbe027c4fd7f8e99","false","11","BRWMB9701716","spotify:user:isak.sjoholm.","2025-07-18T13:23:33Z","samba,mpb,bossa nova,pagode","0.63","0.509","6","-10.689","0","0.0433","0.804","0.0134","0.12","0.499","119.446","4","","WM Brazil","C © 1982 Warner Music Brasil Ltda., P ℗ 2013 Warner Music Brasil Ltda."
"spotify:track:0LHeq3BzBQ189jK5M8mzyB","Salmo 40","spotify:artist:0IDEJU0SdlmJOMtybtEoiT","Vencedores por Cristo","spotify:album:1OYDYeeTq2w6WCADRQKhRv","Louvor III e IV","spotify:artist:0IDEJU0SdlmJOMtybtEoiT","Vencedores por Cristo","1982-01-01","https://i.scdn.co/image/ab67616d0000b273028052f0297983a18b255530","1","4","133000","https://p.scdn.co/mp3-preview/492f31de36694b1e46d9253d50f0dbf276976834?cid=9950ac751e34487dbbe027c4fd7f8e99","false","29","BRVEC1000020","spotify:user:isak.sjoholm.","2025-07-18T13:23:33Z","brasiliansk gospel,gospel","0.369","0.404","2","-12.257","1","0.0298","0.739","0.037","0.276","0.365","150.284","4","","Vencedores por Cristo","C 1982 Vencedores por Cristo, P 1982 Vencedores por Cristo"
"spotify:track:0kNkpPJt3RrYRsPNF2X0ji","Saudades de Você","spotify:artist:5WQw86oZtrTc4nUfagqpcU","Vinicius Cantuaria","spotify:album:11335tduDI7aRQR11v2K4O","Vinícius Cantuária","spotify:artist:5WQw86oZtrTc4nUfagqpcU","Vinicius Cantuaria","1982","https://i.scdn.co/image/ab67616d0000b273cb844e466cafa12a2352aaf7","1","11","159958","https://p.scdn.co/mp3-preview/a9423550fed18b104d6389dafeeb65f1ce363920?cid=9950ac751e34487dbbe027c4fd7f8e99","false","6","BRBMG8200552","spotify:user:isak.sjoholm.","2025-07-18T13:23:33Z","mpb,brasiliansk rock,brasiliansk pop,brasiliansk jazz","0.519","0.469","11","-14.884","0","0.0391","0.756","0.095","0.144","0.376","143.263","4","","Sony Music Entertainment","P (P) 1982 RCA Victor"
"spotify:track:4pXB4gBLRh06XIDA8Oi5bm","Festa Animada","spotify:artist:07IINRAwPdXPiJnaPwtjPM","D. Ivone Lara","spotify:album:0cCdQmMYBiXhZ1tn0ztvb1","Pir Lim Pim Pim","spotify:artist:0LyfQWJT6nXafLPZqxe9Of","Blandade Artister","1982-01-01","https://i.scdn.co/image/ab67616d0000b273f79b6b6b947f26c8d79904e2","1","10","149333","https://p.scdn.co/mp3-preview/7811ed758a4ef4723a336755e08634fa4cff8b85?cid=9950ac751e34487dbbe027c4fd7f8e99","false","16","BRSGL8200075","spotify:user:isak.sjoholm.","2025-07-18T13:23:33Z","samba","0.674","0.885","9","-4.659","1","0.0531","0.363","0.0000645","0.0818","0.962","106.545","4","","Som Livre","C (C) 2006 Som Livre"
"spotify:track:0dkqipIOkgKAegFJwACSIS","Os Doze Trabalhos de Hércules","spotify:artist:7JoWcJHDOG58JYTe6d400S, spotify:artist:5HEEa3pu6gc8WDxJncCDSY","Zé Ramalho, Genghis Khan","spotify:album:0cCdQmMYBiXhZ1tn0ztvb1","Pir Lim Pim Pim","spotify:artist:0LyfQWJT6nXafLPZqxe9Of","Blandade Artister","1982-01-01","https://i.scdn.co/image/ab67616d0000b273f79b6b6b947f26c8d79904e2","1","9","257066","https://p.scdn.co/mp3-preview/07d955d533b314a09c45526b7ff3a436dcaddf7b?cid=9950ac751e34487dbbe027c4fd7f8e99","false","15","BRSGL8200052","spotify:user:isak.sjoholm.","2025-07-18T13:23:33Z","mpb,forró tradicional,sertanejo tradicional,forró","0.579","0.739","0","-7.961","1","0.0362","0.156","0","0.544","0.454","127.658","4","","Som Livre","C (C) 2006 Som Livre"
"spotify:track:23gTwiqgNrIRChEDUmfxYL","Avenida Central","spotify:artist:41fjoh5NjJhlDHYIUb9Hsk","Trio Parada Dura","spotify:album:3ZfwcHN2kkFVblTmWryLzQ","Luz Da Minha Vida","spotify:artist:41fjoh5NjJhlDHYIUb9Hsk","Trio Parada Dura","1982-06-07","https://i.scdn.co/image/ab67616d0000b27347a19ece5685fb1123cbb2c4","1","3","170933","https://p.scdn.co/mp3-preview/4f14c1caa170bad8d6610ad2b0798bc7ae147548?cid=9950ac751e34487dbbe027c4fd7f8e99","false","35","BREMI8202192","spotify:user:isak.sjoholm.","2025-07-18T13:23:33Z","sertanejo tradicional,sertanejo","0.395","0.603","10","-6.545","1","0.0325","0.435","0","0.116","0.689","174.44","3","","EMI Music Brasil Ltda","C © 1982 EMI Music Brasil Ltda, P ℗ 1982 EMI Music Brasil Ltda"
"spotify:track:3fF1TIENnE1WTOTjM7n1oa","Certas Canções","spotify:artist:3Bnq7jiU506HcPjRgQ43TM","Milton Nascimento","spotify:album:13BT1s8mSZYjKQ4bigR6SF","Anima","spotify:artist:3Bnq7jiU506HcPjRgQ43TM","Milton Nascimento","1982-01-01","https://i.scdn.co/image/ab67616d0000b27387ff83d7e6a531dbf29a6781","1","8","218693","https://p.scdn.co/mp3-preview/d849cc5d9ecb278444060c4e49a0fbd1c0133a43?cid=9950ac751e34487dbbe027c4fd7f8e99","false","37","BRPGD8200030","spotify:user:isak.sjoholm.","2025-07-18T13:23:33Z","mpb,bossa nova,brasiliansk jazz","0.345","0.521","8","-10.546","1","0.0342","0.767","0.0000104","0.388","0.508","147.599","3","","Universal Music Ltda.","C © 1982 Universal Music Ltda, P ℗ 1982 Universal Music Ltda"
"spotify:track:2rbJ0n2lHih8NCasV0VZWw","Renascer","spotify:artist:65yVjvbkC6m9DzQFihrSvL","Zizi Possi","spotify:album:0jP4j74A5rX2B9Ump7jH4e","Asa Morena","spotify:artist:65yVjvbkC6m9DzQFihrSvL","Zizi Possi","1982-01-01","https://i.scdn.co/image/ab67616d0000b2732d900ad9d8ea91e4f141329a","1","4","170600","https://p.scdn.co/mp3-preview/69411e074499d88963c50b0825d009c0f07a6cf3?cid=9950ac751e34487dbbe027c4fd7f8e99","false","20","BRMCA8200071","spotify:user:isak.sjoholm.","2025-07-18T13:23:33Z","mpb","0.193","0.234","5","-9.467","1","0.0324","0.962","0.00121","0.196","0.256","90.054","3","","Universal Music Ltda.","C © 1982 Universal Music Ltda, P ℗ 1982 Universal Music Ltda"
"spotify:track:6VfP27oLS0gy2WlCTdrTqr","Navalha na carne","spotify:artist:2PLF4pjm6A5eztTVbt9ou4, spotify:artist:55Wn8tf8dBvfl1HRsD7Kze","Tião Carreiro & Pardinho, Continental","spotify:album:2vIh4RJuFJlMAGVWoRBDg4","Navalha na Carne","spotify:artist:2PLF4pjm6A5eztTVbt9ou4, spotify:artist:55Wn8tf8dBvfl1HRsD7Kze","Tião Carreiro & Pardinho, Continental","1982","https://i.scdn.co/image/ab67616d0000b273dece15acc634953d441f2b4c","1","8","177733","https://p.scdn.co/mp3-preview/fe9d288ef953479970779166d9336036b50b09b1?cid=9950ac751e34487dbbe027c4fd7f8e99","false","40","BRWMB9705160","spotify:user:isak.sjoholm.","2025-07-18T13:23:33Z","sertanejo tradicional,sertanejo,sertanejo tradicional,sertanejo,brega","0.541","0.609","3","-5.565","1","0.0396","0.652","0","0.0728","0.7","99.344","4","","WM Brazil","C © 1982 WEA International Inc., P ℗ 2000 WEA International Inc."
"spotify:track:4hj9NAZNMur73dMhhjckRg","A Força Do Vento","spotify:artist:1mZbRiSVb2ExneAlDbBiiT","Lô Borges","spotify:album:0HCjVywoAul3w4RVxYkwRZ","Nuvem Cigana","spotify:artist:1mZbRiSVb2ExneAlDbBiiT","Lô Borges","1982-08-17","https://i.scdn.co/image/ab67616d0000b273e45dcf549c6e4341c860d96b","1","2","230693","https://p.scdn.co/mp3-preview/3ec5b91239025997eac2f4caf5f4dad973509a32?cid=9950ac751e34487dbbe027c4fd7f8e99","false","31","BREMI8100303","spotify:user:isak.sjoholm.","2025-07-18T13:23:33Z","mpb,brasiliansk jazz","0.343","0.807","7","-5.551","0","0.0366","0.0853","0.0145","0.101","0.551","138.778","3","","EMI Music Brasil Ltda","C © 1982 EMI Music Brasil Ltda, P ℗ 1982 EMI Music Brasil Ltda"
"spotify:track:1FcfqcQTKN5K1bGdqG6DLA","Ponto Fraco","spotify:artist:5zq0SGWxrmzpTSXkBEQzMj","Barão Vermelho","spotify:album:3XTfBa2eXVQ7WSbaW7aHPE","Barão Vermelho","spotify:artist:5zq0SGWxrmzpTSXkBEQzMj","Barão Vermelho","1982-01-01","https://i.scdn.co/image/ab67616d0000b27384995ae3345a7a4f23ae8ff3","1","7","170573","https://p.scdn.co/mp3-preview/39ca0df2e54bff85e6528cd2221eafb934a2a79c?cid=9950ac751e34487dbbe027c4fd7f8e99","false","25","BRRGE8200007","spotify:user:isak.sjoholm.","2025-07-18T13:23:33Z","brasiliansk rock,mpb,brasiliansk pop","0.612","0.682","2","-8.23","1","0.0637","0.446","0.00014","0.151","0.672","118.421","4","","Som Livre","C (C) 1982 Som Livre, P (P) 2006 Som Livre"
"spotify:track:5vcVbXAlXJyJAl0pu9sVut","Procurando Você","spotify:artist:6DYBkobQCkvav5GCnfqlcC","Reginaldo Rossi","spotify:album:6GKkb1mEj0LacZBhxwgy1C","A Raposa E As Uvas","spotify:artist:6DYBkobQCkvav5GCnfqlcC","Reginaldo Rossi","1982-01-01","https://i.scdn.co/image/ab67616d0000b2739ac581300a2ac1fe8daf240c","1","5","212266","https://p.scdn.co/mp3-preview/d5c470a3f3de714af60ab2ad6bf585caf0b546db?cid=9950ac751e34487dbbe027c4fd7f8e99","false","24","BREMI8200212","spotify:user:isak.sjoholm.","2025-07-18T13:23:33Z","brega,seresta,tecnobrega","0.612","0.726","8","-7.864","1","0.039","0.0957","0","0.189","0.782","129.599","4","","EMI Music Brasil Ltda","C © 2017 EMI Records Brasil Ltda, P ℗ 1982 EMI Records Brasil Ltda"
"spotify:track:7N1VJoIuoMLNJoCzBViFik","Pensamentos - Versão Remasterizada","spotify:artist:7fAKtXSdNInWAIf0jVUz65","Roberto Carlos","spotify:album:02esAsO8I3GY0ClqELvn3p","Roberto Carlos (1982 Remasterizado)","spotify:artist:7fAKtXSdNInWAIf0jVUz65","Roberto Carlos","1982-04-07","https://i.scdn.co/image/ab67616d0000b273c07f6cc76a6235ec3b351b84","1","4","260173","https://p.scdn.co/mp3-preview/f9c1f2a9b3ff87186d884bebd73fea5956599ef4?cid=9950ac751e34487dbbe027c4fd7f8e99","false","29","BRSME8200085","spotify:user:isak.sjoholm.","2025-07-18T13:23:33Z","mpb,brega,bolero","0.483","0.228","2","-18.447","1","0.0338","0.251","0.000192","0.0824","0.289","84.489","4","","Sony BMG Music Entertainment","P (P) 1982 Sony Music Entertainment Brasil Ltda"
"spotify:track:2vqAsUvTjXgbUWlrUI5WEQ","Flamengo Maravilhoso / Música Instrumental: Cidade Maravilhosa","spotify:artist:6muMNqF0HrxX1srzLdxg2w","Luiz Ayrao","spotify:album:4oIAxk4uAn9PXkQggNkNnA","Novidades","spotify:artist:6muMNqF0HrxX1srzLdxg2w","Luiz Ayrao","1982-12-05","https://i.scdn.co/image/ab67616d0000b273b4599299464a5ddc1f75373a","1","6","261724","https://p.scdn.co/mp3-preview/929509c9c61962a7787956f92b756771fbfa3318?cid=9950ac751e34487dbbe027c4fd7f8e99","false","23","BRUM71802961","spotify:user:isak.sjoholm.","2025-07-18T13:23:33Z","samba,brega,seresta,mpb","0.54","0.88","0","-8.46","1","0.0704","0.00566","0","0.206","0.915","130.056","4","","Universal Music Ltda.","C © 1982 EMI Records Brasil Ltda, P ℗ 1982 EMI Records Brasil Ltda"
"spotify:track:0Fk2rdjGk9doNaJ2Qc2jqj","Rapunzel","spotify:artist:5rqTNzkuFTX4HHPd8dPTiv, spotify:artist:60iOwdF3A0p4pAwgUXMaWU","Lucia Lins, Fábio Jr.","spotify:album:0cCdQmMYBiXhZ1tn0ztvb1","Pir Lim Pim Pim","spotify:artist:0LyfQWJT6nXafLPZqxe9Of","Blandade Artister","1982-01-01","https://i.scdn.co/image/ab67616d0000b273f79b6b6b947f26c8d79904e2","1","11","174933","https://p.scdn.co/mp3-preview/6cff674e0038b3cb6e96d2151f21bfe4215716de?cid=9950ac751e34487dbbe027c4fd7f8e99","false","13","BRSGL8200076","spotify:user:isak.sjoholm.","2025-07-18T13:23:33Z","vaggvisa,mpb,brega,brasiliansk pop","0.23","0.267","0","-11.087","1","0.0277","0.619","0.00103","0.136","0.0878","98.274","4","","Som Livre","C (C) 2006 Som Livre"
"spotify:track:1yu6DbS3pDhIalNUfHzbZX","Tell I A Lie","spotify:artist:4udRIlOSZJ8snXyJYJgEE0","Hugh Mundell","spotify:album:7ism690xODGX4Y5u8nJ801","Mundell","spotify:artist:4udRIlOSZJ8snXyJYJgEE0","Hugh Mundell","1982","https://i.scdn.co/image/ab67616d0000b273a8dc0af62fb4afb2672a8b93","1","6","250306","https://p.scdn.co/mp3-preview/754b36f35983abaca7247c2e6f2e782240c72647?cid=9950ac751e34487dbbe027c4fd7f8e99","false","31","GBBZV8210548","spotify:user:isak.sjoholm.","2025-07-18T13:23:33Z","roots reggae,reggae,dub,rocksteady","0.744","0.491","5","-8.507","0","0.0621","0.0408","0.0165","0.0576","0.931","136.488","4","","Greensleeves Records","C 1982 Greensleeves Records, P 1982 Greensleeves Records"
"spotify:track:3xJj5chRLZwjcQ5ybFE9N6","Fim de Semana - Versão Remasterizada","spotify:artist:7fAKtXSdNInWAIf0jVUz65","Roberto Carlos","spotify:album:02esAsO8I3GY0ClqELvn3p","Roberto Carlos (1982 Remasterizado)","spotify:artist:7fAKtXSdNInWAIf0jVUz65","Roberto Carlos","1982-04-07","https://i.scdn.co/image/ab67616d0000b273c07f6cc76a6235ec3b351b84","1","3","295906","https://p.scdn.co/mp3-preview/d0c43d2ff3f2d1acc2358ea2e3112a355bba0059?cid=9950ac751e34487dbbe027c4fd7f8e99","false","27","BRSME8200084","spotify:user:isak.sjoholm.","2025-07-18T13:23:33Z","mpb,brega,bolero","0.711","0.243","5","-16.488","1","0.0386","0.0801","0.00125","0.103","0.65","117.781","4","","Sony BMG Music Entertainment","P (P) 1982 Sony Music Entertainment Brasil Ltda"
"spotify:track:5AL2c0U1ZD2kloO01ERU3u","Pensamento","spotify:artist:5j3htXVskZF0u8qWY5zcF8","Fagner","spotify:album:1xL4RQNDuWtfvS3g04hc6L","Sorriso Novo (Versão com faixas bônus)","spotify:artist:5j3htXVskZF0u8qWY5zcF8","Fagner","1982","https://i.scdn.co/image/ab67616d0000b27391a0a22c94d930370194caa6","1","9","219533","https://p.scdn.co/mp3-preview/e2ee7b9da604cabf6987f720dd46bbd6e18679a2?cid=9950ac751e34487dbbe027c4fd7f8e99","false","26","BRSME8200079","spotify:user:isak.sjoholm.","2025-07-18T13:23:33Z","mpb,forró tradicional,brega,forró,seresta","0.391","0.335","0","-9.886","1","0.0392","0.723","0","0.236","0.304","104.162","4","","Sony Music Entertainment","P (P) 1982 Sony Music Entertainment Brasil ltda."
"spotify:track:6JuciNGTpoeckJY8XAcoyd","Siameses","spotify:artist:3DF0ClNOUuvS3gh8V8sRJH, spotify:artist:1hQT9TlJXMBP6Dy4lExSKn","João Bosco, Nana Caymmi","spotify:album:3391Q4zuKuz0JpHkmaJsQv","Comissão De Frente","spotify:artist:3DF0ClNOUuvS3gh8V8sRJH","João Bosco","1982-01-01","https://i.scdn.co/image/ab67616d0000b273062b05b99456b8a1166a3282","1","7","201773","https://p.scdn.co/mp3-preview/22120088d167d1668998b53e1be8d377d4043c84?cid=9950ac751e34487dbbe027c4fd7f8e99","false","30","BRMCA8200120","spotify:user:isak.sjoholm.","2025-07-18T13:23:33Z","mpb,samba,bossa nova,brasiliansk jazz,mpb,bossa nova,bolero","0.488","0.264","6","-15.408","0","0.0506","0.905","0.000208","0.121","0.387","93.454","4","","Universal Music Ltda.","C © 1982 Universal Music Ltda, P ℗ 1982 Universal Music Ltda"
"spotify:track:4mG5NBb4kkBDtdwQFmWcLU","Bicho Bom É Mulher","spotify:artist:41fjoh5NjJhlDHYIUb9Hsk","Trio Parada Dura","spotify:album:3ZfwcHN2kkFVblTmWryLzQ","Luz Da Minha Vida","spotify:artist:41fjoh5NjJhlDHYIUb9Hsk","Trio Parada Dura","1982-06-07","https://i.scdn.co/image/ab67616d0000b27347a19ece5685fb1123cbb2c4","1","2","210106","https://p.scdn.co/mp3-preview/6dc0cfe2ffc739a93166e2b858dcb00863c797d5?cid=9950ac751e34487dbbe027c4fd7f8e99","false","40","BREMI8300071","spotify:user:isak.sjoholm.","2025-07-18T13:23:33Z","sertanejo tradicional,sertanejo","0.77","0.635","5","-7.107","1","0.0363","0.202","0","0.285","0.877","99.363","4","","EMI Music Brasil Ltda","C © 1982 EMI Music Brasil Ltda, P ℗ 1982 EMI Music Brasil Ltda"
"spotify:track:2wjPUyo6p0oy6Cfl54GJh0","Esquinas","spotify:artist:5rrmaoBXZ7Jcs4Qb77j0YA","Djavan","spotify:album:3OvI3t1sL2yYkFHgsMjaSw","Grandes Sucessos","spotify:artist:5rrmaoBXZ7Jcs4Qb77j0YA","Djavan","1982","https://i.scdn.co/image/ab67616d0000b273304316f0bcf51b8ab6632cae","1","4","324266","https://p.scdn.co/mp3-preview/ec6e8bdb2d2aed5e2f80f67c4232d19eb983259b?cid=9950ac751e34487dbbe027c4fd7f8e99","false","33","BRSME8400014","spotify:user:isak.sjoholm.","2025-07-18T13:23:33Z","mpb,bossa nova","0.336","0.135","2","-21.066","0","0.0321","0.427","0.00000523","0.252","0.246","97.691","4","","Epic","P (P) 1982, 1984, 1986 Sony Music Entertainment (Brasil) I.C.L."
"spotify:track:5K0lekciq1y2hgiodFAyt2","Salmo 100","spotify:artist:0IDEJU0SdlmJOMtybtEoiT","Vencedores por Cristo","spotify:album:1OYDYeeTq2w6WCADRQKhRv","Louvor III e IV","spotify:artist:0IDEJU0SdlmJOMtybtEoiT","Vencedores por Cristo","1982-01-01","https://i.scdn.co/image/ab67616d0000b273028052f0297983a18b255530","1","10","147000","https://p.scdn.co/mp3-preview/c7be8895ec0f8f66e0ad8dcd07c7574963a49303?cid=9950ac751e34487dbbe027c4fd7f8e99","false","23","BRVEC1000026","spotify:user:isak.sjoholm.","2025-07-18T13:23:33Z","brasiliansk gospel,gospel","0.445","0.344","2","-14.428","1","0.0253","0.799","0.0373","0.137","0.453","83.304","4","","Vencedores por Cristo","C 1982 Vencedores por Cristo, P 1982 Vencedores por Cristo"
"spotify:track:1rkOXpzER49wdDsd1RPUEK","Viena Fica Na 28 De Setembro","spotify:artist:3DF0ClNOUuvS3gh8V8sRJH","João Bosco","spotify:album:3391Q4zuKuz0JpHkmaJsQv","Comissão De Frente","spotify:artist:3DF0ClNOUuvS3gh8V8sRJH","João Bosco","1982-01-01","https://i.scdn.co/image/ab67616d0000b273062b05b99456b8a1166a3282","1","5","233293","https://p.scdn.co/mp3-preview/6aa330a67b56a42ccb539a2b88c6d2942e2438a4?cid=9950ac751e34487dbbe027c4fd7f8e99","false","22","BRUM70500240","spotify:user:isak.sjoholm.","2025-07-18T13:23:33Z","mpb,samba,bossa nova,brasiliansk jazz","0.313","0.181","9","-16.195","0","0.0392","0.927","0.000886","0.317","0.205","175.715","4","","Universal Music Ltda.","C © 1982 Universal Music Ltda, P ℗ 1982 Universal Music Ltda"
"spotify:track:1ttYaHDWW5K5rl0jmu561d","Posando de Star","spotify:artist:5zq0SGWxrmzpTSXkBEQzMj","Barão Vermelho","spotify:album:3XTfBa2eXVQ7WSbaW7aHPE","Barão Vermelho","spotify:artist:5zq0SGWxrmzpTSXkBEQzMj","Barão Vermelho","1982-01-01","https://i.scdn.co/image/ab67616d0000b27384995ae3345a7a4f23ae8ff3","1","1","136360","https://p.scdn.co/mp3-preview/3213537b2518ea5fb73b6cda0a6e2dae4ea48f99?cid=9950ac751e34487dbbe027c4fd7f8e99","false","29","BRRGE8200001","spotify:user:isak.sjoholm.","2025-07-18T13:23:33Z","brasiliansk rock,mpb,brasiliansk pop","0.46","0.566","9","-9.232","1","0.231","0.102","0.00000748","0.0374","0.593","169.344","4","","Som Livre","C (C) 1982 Som Livre, P (P) 2006 Som Livre"
"spotify:track:3nNxtFskyNvrYwW4AjMrmr","Meu Bem Querer","spotify:artist:5rrmaoBXZ7Jcs4Qb77j0YA","Djavan","spotify:album:3OvI3t1sL2yYkFHgsMjaSw","Grandes Sucessos","spotify:artist:5rrmaoBXZ7Jcs4Qb77j0YA","Djavan","1982","https://i.scdn.co/image/ab67616d0000b273304316f0bcf51b8ab6632cae","1","2","202573","https://p.scdn.co/mp3-preview/ecadc789e404a87a095d7c87b4baaa81dc20b847?cid=9950ac751e34487dbbe027c4fd7f8e99","false","30","BREMI7900026","spotify:user:isak.sjoholm.","2025-07-18T13:23:33Z","mpb,bossa nova","0.297","0.185","9","-19.019","1","0.0301","0.913","0.00000502","0.148","0.142","90.042","4","","Epic","P (P) 1982, 1984, 1986 Sony Music Entertainment (Brasil) I.C.L."
"spotify:track:69BU2kNT9QwlgJOZBLZqhf","Casa bonita","spotify:artist:5mQMEwn8ExRnlxpp3L0gHn, spotify:artist:55Wn8tf8dBvfl1HRsD7Kze","Amado Batista, Continental","spotify:album:3B856sLEaASITgJdxrQcKa","Pensando em Você","spotify:artist:5mQMEwn8ExRnlxpp3L0gHn, spotify:artist:55Wn8tf8dBvfl1HRsD7Kze","Amado Batista, Continental","1983","https://i.scdn.co/image/ab67616d0000b2733e1cc55ab58f589fd1fe869c","1","1","224920","https://p.scdn.co/mp3-preview/5ec7c1701c39ac7fb60cbf1270cad028880d0fb9?cid=9950ac751e34487dbbe027c4fd7f8e99","false","45","BRWMB9700291","spotify:user:isak.sjoholm.","2025-07-18T13:23:33Z","brega,seresta,sertanejo tradicional,sertanejo,sertanejo tradicional,sertanejo,brega","0.752","0.56","0","-9.645","1","0.0262","0.478","0.000291","0.404","0.769","99.409","4","","WM Brazil","C © 1983 WEA International Inc., P ℗ 1996 WEA International Inc."
"spotify:track:6z9rbTyybj57JXKu6s7uuq","Desculpe O Auê","spotify:artist:7dnT2FUXhjirperXaH22IJ, spotify:artist:4w4ll81d0dR8gz989jjko1","Rita Lee, Roberto De Carvalho","spotify:album:2CegF9bd4SuyyDFNfq2gFm","Bombom","spotify:artist:7dnT2FUXhjirperXaH22IJ, spotify:artist:4w4ll81d0dR8gz989jjko1","Rita Lee, Roberto De Carvalho","1983-05-27","https://i.scdn.co/image/ab67616d0000b273521fcbc97267ce628d341d51","1","2","175400","https://p.scdn.co/mp3-preview/15fa7c820be43b51ffe5bf728e11b78c1d7097f0?cid=9950ac751e34487dbbe027c4fd7f8e99","false","58","BREMI8300075","spotify:user:isak.sjoholm.","2025-07-18T13:23:33Z","mpb,brasiliansk rock,brasiliansk pop,mpb,brasiliansk rock","0.665","0.436","7","-14.54","1","0.0301","0.174","0.000471","0.304","0.34","115.058","4","","EMI Brazil","C © 1983 EMI Music Brasil Ltda, P ℗ 1983 EMI Music Brasil Ltda"
"spotify:track:0Bj6KlizBfbrASwlylo3jr","Pensando em você","spotify:artist:5mQMEwn8ExRnlxpp3L0gHn, spotify:artist:55Wn8tf8dBvfl1HRsD7Kze","Amado Batista, Continental","spotify:album:3B856sLEaASITgJdxrQcKa","Pensando em Você","spotify:artist:5mQMEwn8ExRnlxpp3L0gHn, spotify:artist:55Wn8tf8dBvfl1HRsD7Kze","Amado Batista, Continental","1983","https://i.scdn.co/image/ab67616d0000b2733e1cc55ab58f589fd1fe869c","1","5","228160","https://p.scdn.co/mp3-preview/4e711e39e7995295fde854e1dfe605e16e375d1c?cid=9950ac751e34487dbbe027c4fd7f8e99","false","28","BRWMB9700295","spotify:user:isak.sjoholm.","2025-07-18T13:23:33Z","brega,seresta,sertanejo tradicional,sertanejo,sertanejo tradicional,sertanejo,brega","0.571","0.308","4","-13.088","1","0.0314","0.813","0.00049","0.111","0.667","152.711","4","","WM Brazil","C © 1983 WEA International Inc., P ℗ 1996 WEA International Inc."
"spotify:track:42X5dge24gAYcHnJ1wEERP","Sorri Pra Bahia","spotify:artist:1zZjt7cDeeJSLWZYK34r7W","Luiz Melodia","spotify:album:43ZDd6rdVtX91IkaYhJXE2","Felino","spotify:artist:1zZjt7cDeeJSLWZYK34r7W","Luiz Melodia","1983-01-01","https://i.scdn.co/image/ab67616d0000b2733f388394dafba420b381a0fe","1","7","190533","https://p.scdn.co/mp3-preview/9a0f209e86e6b3294fc969ab77877f34923cf166?cid=9950ac751e34487dbbe027c4fd7f8e99","false","26","BRPGD8300028","spotify:user:isak.sjoholm.","2025-07-18T13:23:33Z","samba,mpb","0.565","0.368","0","-15.407","1","0.0644","0.718","0.0000085","0.42","0.708","113.027","4","","Universal Music Ltda.","C © 1983 Universal Music Ltda, P ℗ 1983 Universal Music Ltda"
"spotify:track:5Tz7qDkdYWCcMtg4bn807j","Memórias","spotify:artist:27hFv7JqcDVyqgaCvLHpy7","Renato e Seus Blue Caps","spotify:album:7AraqB2rAxwu7dQf1gQu6b","Pra Sempre","spotify:artist:27hFv7JqcDVyqgaCvLHpy7","Renato e Seus Blue Caps","1983-10-15","https://i.scdn.co/image/ab67616d0000b273877b64c38faedc82fbca1ff0","1","9","243293","https://p.scdn.co/mp3-preview/0c28428b8bdc6a24b7091ef62220e53d3227e75c?cid=9950ac751e34487dbbe027c4fd7f8e99","false","36","BRBMG8300198","spotify:user:isak.sjoholm.","2025-07-18T13:23:33Z","brega","0.633","0.347","1","-15.567","0","0.0287","0.737","0.0425","0.176","0.74","113.208","4","","RCA Records Label","P (P) 1983 Sony Music Entertainment Brasil ltda."
"spotify:track:3efHoUnWa9ZhISzlfgna1n","Mulher carinhosa","spotify:artist:5mQMEwn8ExRnlxpp3L0gHn, spotify:artist:55Wn8tf8dBvfl1HRsD7Kze","Amado Batista, Continental","spotify:album:3B856sLEaASITgJdxrQcKa","Pensando em Você","spotify:artist:5mQMEwn8ExRnlxpp3L0gHn, spotify:artist:55Wn8tf8dBvfl1HRsD7Kze","Amado Batista, Continental","1983","https://i.scdn.co/image/ab67616d0000b2733e1cc55ab58f589fd1fe869c","1","7","240400","","false","23","BRWMB9700297","spotify:user:isak.sjoholm.","2025-07-18T13:23:33Z","brega,seresta,sertanejo tradicional,sertanejo,sertanejo tradicional,sertanejo,brega","0.705","0.548","4","-10.868","1","0.0269","0.792","0.00435","0.0751","0.762","106.922","4","","WM Brazil","C © 1983 WEA International Inc., P ℗ 1996 WEA International Inc."
"spotify:track:6JRlTk4vSeAO75qDTidsff","Aquela Coisa","spotify:artist:7jrRQZg4FZq6dwpi3baKcu","Raul Seixas","spotify:album:5lbHLi7b5oukp3M4qF0Bgj","Raul Seixas","spotify:artist:7jrRQZg4FZq6dwpi3baKcu","Raul Seixas","1983-07-01","https://i.scdn.co/image/ab67616d0000b2739441654e664a54d5e849a6fa","1","9","170666","https://p.scdn.co/mp3-preview/10bc5cbca8c10802b27ab9d4c966113484225896?cid=9950ac751e34487dbbe027c4fd7f8e99","false","49","BRELD0200097","spotify:user:isak.sjoholm.","2025-07-18T13:23:33Z","brasiliansk rock,mpb,brasiliansk pop","0.756","0.705","1","-11.127","0","0.0726","0.386","0.000053","0.238","0.906","139.014","4","","Gravadora Eldorado","C Gravadora Eldorado, P Gravadora Eldorado"
"spotify:track:3sflf6Tg04SBtLxbiwsgVJ","On The Rocks","spotify:artist:7dnT2FUXhjirperXaH22IJ, spotify:artist:4w4ll81d0dR8gz989jjko1","Rita Lee, Roberto De Carvalho","spotify:album:2CegF9bd4SuyyDFNfq2gFm","Bombom","spotify:artist:7dnT2FUXhjirperXaH22IJ, spotify:artist:4w4ll81d0dR8gz989jjko1","Rita Lee, Roberto De Carvalho","1983-05-27","https://i.scdn.co/image/ab67616d0000b273521fcbc97267ce628d341d51","1","1","250200","https://p.scdn.co/mp3-preview/02e33a000fb40f05baee40753d7250091823a9fe?cid=9950ac751e34487dbbe027c4fd7f8e99","false","32","BREMI8300636","spotify:user:isak.sjoholm.","2025-07-18T13:23:33Z","mpb,brasiliansk rock,brasiliansk pop,mpb,brasiliansk rock","0.6","0.596","3","-11.019","1","0.0317","0.00549","0.018","0.494","0.396","131.24","4","","EMI Brazil","C © 1983 EMI Music Brasil Ltda, P ℗ 1983 EMI Music Brasil Ltda"
"spotify:track:2nHbbKnjGjBj33kTh0NW5H","Quero Mais","spotify:artist:7jrRQZg4FZq6dwpi3baKcu, spotify:artist:2ph3uep2AopkQ4romPAik0","Raul Seixas, Wanderléa","spotify:album:5lbHLi7b5oukp3M4qF0Bgj","Raul Seixas","spotify:artist:7jrRQZg4FZq6dwpi3baKcu","Raul Seixas","1983-07-01","https://i.scdn.co/image/ab67616d0000b2739441654e664a54d5e849a6fa","1","5","189760","https://p.scdn.co/mp3-preview/abaa42d7bc5308b95cbe1ace8f0483d1cd5a6532?cid=9950ac751e34487dbbe027c4fd7f8e99","false","34","BRELD0200093","spotify:user:isak.sjoholm.","2025-07-18T13:23:33Z","brasiliansk rock,mpb,brasiliansk pop,brega","0.725","0.547","4","-14.645","1","0.349","0.532","0","0.0478","0.947","148.263","4","","Gravadora Eldorado","C Gravadora Eldorado, P Gravadora Eldorado"
"spotify:track:0Led3t5Dswmy2BC7RXAkVh","Cobra Venenosa (feat. Selvagem Big Abreu) - Remasterizado","spotify:artist:2TjzEhCBd9s3YPWKPwKZYo, spotify:artist:6xr71dHpqpgBZT9Xx6YSQo","Leo Jaime, Selvagem Big Abreu","spotify:album:7pn0tjUBXXNNLmckBNtv6H","Nada Mudou (Box) [Remasterizado]","spotify:artist:2TjzEhCBd9s3YPWKPwKZYo","Leo Jaime","1983","https://i.scdn.co/image/ab67616d0000b273d398957b75a441c6a8014e9d","3","10","167893","https://p.scdn.co/mp3-preview/354207f6193d27f61c1d5454cb2d597cf33604f5?cid=9950ac751e34487dbbe027c4fd7f8e99","false","17","BRSME1301092","spotify:user:isak.sjoholm.","2025-07-18T13:23:33Z","brasiliansk rock,brasiliansk pop,mpb","0.713","0.734","7","-6.823","1","0.0484","0.36","0.0000601","0.694","0.869","131.241","4","","Sony Music Entertainment","P (P) 1983 DISCOS CBS I.C.L./(P) 1985 DISCOS CBS I.C.L./(P) 1986 DISCOS CBS I.C.L./(P) 1988 DISCOS CBS I.C.L./(P) 1992 SONY NUSIC ENTERTAINMENT (Brasil) I.C.L."
"spotify:track:4jimQioMtfEa8OQecrXFcl","Laço da saudade","spotify:artist:26W8hndlYFb2HuxuSkRZgm","Cacique & Pajé","spotify:album:06EQFI2tnj2L3wYvpwadlw","Cadê o Gato","spotify:artist:26W8hndlYFb2HuxuSkRZgm","Cacique & Pajé","1983","https://i.scdn.co/image/ab67616d0000b273cd1eeb7c246b4513b2030352","1","8","210706","https://p.scdn.co/mp3-preview/3a4a1c6c24840f03a47ac8b8ad3a06dd3e934418?cid=9950ac751e34487dbbe027c4fd7f8e99","false","34","BRWMB9701465","spotify:user:isak.sjoholm.","2025-07-18T13:23:33Z","sertanejo tradicional,sertanejo","0.716","0.497","10","-6.029","1","0.0288","0.663","0","0.0711","0.77","90.084","4","","WM Brazil","C © 1983 WEA International Inc., P ℗ 1995 WEA International Inc."
"spotify:track:5KKi67oOw6LR6GsPhQlkuV","Pra Viajar No Cosmos Não Precisa Gasolina","spotify:artist:6Rnjpdt1yZqcUNxRd6bST9","Nei Lisboa","spotify:album:4RHzAWqEs28s70z3koPDAc","Pra Viajar No Cosmos Não Precisa Gasolina","spotify:artist:6Rnjpdt1yZqcUNxRd6bST9","Nei Lisboa","1983-01-01","https://i.scdn.co/image/ab67616d0000b273b5d2f78594f492a5794c4ea8","1","6","216240","https://p.scdn.co/mp3-preview/f0b436d2e12801db9579b902fd35402a4918c5c8?cid=9950ac751e34487dbbe027c4fd7f8e99","false","26","BRACT1601275","spotify:user:isak.sjoholm.","2025-07-18T13:23:33Z","mpb,brasiliansk rock","0.474","0.551","11","-9.118","1","0.0393","0.502","0.0000182","0.228","0.217","83.217","3","","2001 ANTÍDOTO","C (C) 2001 ANTÍDOTO, P (P) 2001 ANTÍDOTO"
"spotify:track:62e5Gl99vo2XXhkOck19Sb","Timidez","spotify:artist:6BhM6KMEMCo4ifiEpRKh6i","Carlos Alexandre","spotify:album:3lkhFMn2wFZrPAI2ApnGfF","Aqui Estou Eu","spotify:artist:6BhM6KMEMCo4ifiEpRKh6i","Carlos Alexandre","1983-01-01","https://i.scdn.co/image/ab67616d0000b27369d0654bc527aaff01b3ac68","1","3","168533","https://p.scdn.co/mp3-preview/f43d63e609ec23543ab5b44360d6b5bcf77607e1?cid=9950ac751e34487dbbe027c4fd7f8e99","false","32","BRRGE8300111","spotify:user:isak.sjoholm.","2025-07-18T13:23:33Z","brega,seresta","0.664","0.497","0","-12.91","0","0.0408","0.123","0.000431","0.0749","0.923","143.044","4","","Som Livre","C (C) 1983 Som Livre"
"spotify:track:6QQRGu3Fize8gmga4Xr9iM","Um Novo Dia","spotify:artist:41XTLrYfIdtr8frsp8Em5C","Grupo Logos","spotify:album:0wSoib5m5EQfX1bCq8ZvPM","Um Novo Dia","spotify:artist:41XTLrYfIdtr8frsp8Em5C","Grupo Logos","1983-03-06","https://i.scdn.co/image/ab67616d0000b273b82fe9316f0e6449b8f9a03e","1","1","155239","https://p.scdn.co/mp3-preview/057240ea766373fced30922e7f7e7986a1ed68df?cid=9950ac751e34487dbbe027c4fd7f8e99","false","36","BRMIE1600021","spotify:user:isak.sjoholm.","2025-07-18T13:23:33Z","brasiliansk gospel,gospel","0.402","0.446","2","-11.621","1","0.0458","0.313","0","0.119","0.627","84.477","4","","Grupo Logos","C 1983 MEL, P 1983 MEL"
"spotify:track:1CZ5CCSHm2jdJIJ8qfAwlz","A Lenda do Caipora","spotify:artist:7HUHsmvWREkN4l179tvpBe","Chrystian & Ralf","spotify:album:6JviELKw4l8qRqqNQ9yMSs","Quebradas da Noite","spotify:artist:7HUHsmvWREkN4l179tvpBe","Chrystian & Ralf","1983-01-01","https://i.scdn.co/image/ab67616d0000b273005fafd2eb4a10a51d219f78","1","4","218400","https://p.scdn.co/mp3-preview/7119b53539f82fdb3765b402b0d2b4be07cf89d7?cid=9950ac751e34487dbbe027c4fd7f8e99","false","12","BRRGE8300137","spotify:user:isak.sjoholm.","2025-07-18T13:23:33Z","sertanejo tradicional,sertanejo","0.526","0.18","11","-12.683","1","0.0381","0.503","0","0.0675","0.647","95.621","4","","Som Livre","C (C) 1983 Som Livre, P (P) 1983 Som Livre"
"spotify:track:3s5Mn6rnojvSEjHEYJp3a2","O Futuro É uma Incerteza","spotify:artist:7HUHsmvWREkN4l179tvpBe","Chrystian & Ralf","spotify:album:6JviELKw4l8qRqqNQ9yMSs","Quebradas da Noite","spotify:artist:7HUHsmvWREkN4l179tvpBe","Chrystian & Ralf","1983-01-01","https://i.scdn.co/image/ab67616d0000b273005fafd2eb4a10a51d219f78","1","9","160733","https://p.scdn.co/mp3-preview/33746ad3055c1a0eab772fe945ad2eb2b5388ee5?cid=9950ac751e34487dbbe027c4fd7f8e99","false","14","BRRGE8300129","spotify:user:isak.sjoholm.","2025-07-18T13:23:33Z","sertanejo tradicional,sertanejo","0.633","0.351","7","-12.257","1","0.0302","0.185","0","0.236","0.768","115.61","3","","Som Livre","C (C) 1983 Som Livre, P (P) 1983 Som Livre"
"spotify:track:425y8MkWqJnxMH69Va2bNb","Olá (Emoções)","spotify:artist:0jOs0wnXCu1bGGP7kh5uIu","Tim Maia","spotify:album:7Ff0Q5oeEoVKHtxJJoXyId","O Descobridor Dos Sete Mares","spotify:artist:0jOs0wnXCu1bGGP7kh5uIu","Tim Maia","1983-01-03","https://i.scdn.co/image/ab67616d0000b273bf96aed03a1e378dad91217b","1","9","333918","https://p.scdn.co/mp3-preview/3a9165bc1199278e78e420402e100421472241f2?cid=9950ac751e34487dbbe027c4fd7f8e99","false","28","BRUM70600028","spotify:user:isak.sjoholm.","2025-07-18T13:23:33Z","mpb","0.642","0.356","11","-14.277","0","0.0274","0.676","0.000283","0.102","0.227","114.571","4","","Universal Music Ltda.","C © 1983 Universal Music International, P ℗ 1983 Universal Music International"
"spotify:track:6tUso1NuVclee9pVbr6H3e","I Can't Tell You","spotify:artist:605BYxkzigtVBb05vkQjWi","New Horizons","spotify:album:1d6AtROWmgmSqOB6Hw4Sl5","Something New","spotify:artist:605BYxkzigtVBb05vkQjWi","New Horizons","1983","https://i.scdn.co/image/ab67616d0000b2732c3255846e0cfc908af93c69","1","2","370280","https://p.scdn.co/mp3-preview/fbe5ce160f9e64abe786aef78e0bff682c8f720a?cid=9950ac751e34487dbbe027c4fd7f8e99","false","33","USSM10704366","spotify:user:isak.sjoholm.","2025-07-18T13:23:33Z","progressiv house","0.664","0.683","11","-8.454","0","0.0786","0.551","0","0.373","0.777","73.244","4","","Legacy Recordings","P (P) 1983 Columbia Records, a division of Sony Music Entertainment"
"spotify:track:77GkOHyLU3AOfP8yW8Kk9W","O Adventista","spotify:artist:6kJHpEjr5eNnVJeyfTbs3G","Camisa de Vênus","spotify:album:1nQzl4ntjhLlWkloworRLz","Camisa de Vênus","spotify:artist:6kJHpEjr5eNnVJeyfTbs3G","Camisa de Vênus","1983-01-01","https://i.scdn.co/image/ab67616d0000b2736eb63da645a1defa4f180f31","1","6","210240","https://p.scdn.co/mp3-preview/c63c95a32c1969e2841f6cdb9ea4b3ec9ea83a01?cid=9950ac751e34487dbbe027c4fd7f8e99","false","27","BRRGE8300103","spotify:user:isak.sjoholm.","2025-07-18T13:23:33Z","brasiliansk rock,brasiliansk pop","0.294","0.642","2","-13.042","1","0.105","0.00676","0.00145","0.255","0.479","190.185","4","","Som Livre","C (C) 1983 Som Livre"
"spotify:track:0Ii94axmmapvew2oiH8X8V","Despertar Nativo","spotify:artist:7HUHsmvWREkN4l179tvpBe","Chrystian & Ralf","spotify:album:6JviELKw4l8qRqqNQ9yMSs","Quebradas da Noite","spotify:artist:7HUHsmvWREkN4l179tvpBe","Chrystian & Ralf","1983-01-01","https://i.scdn.co/image/ab67616d0000b273005fafd2eb4a10a51d219f78","1","3","138000","https://p.scdn.co/mp3-preview/6a093aab58441adb89dc3a60aeabda06791b714f?cid=9950ac751e34487dbbe027c4fd7f8e99","false","13","BRRGE8300126","spotify:user:isak.sjoholm.","2025-07-18T13:23:33Z","sertanejo tradicional,sertanejo","0.629","0.484","2","-10.746","1","0.0304","0.464","0","0.334","0.966","137.475","3","","Som Livre","C (C) 1983 Som Livre, P (P) 1983 Som Livre"
"spotify:track:3XOoVvhmKErOx8sVcEvx5V","Babilina","spotify:artist:7jrRQZg4FZq6dwpi3baKcu","Raul Seixas","spotify:album:5lbHLi7b5oukp3M4qF0Bgj","Raul Seixas","spotify:artist:7jrRQZg4FZq6dwpi3baKcu","Raul Seixas","1983-07-01","https://i.scdn.co/image/ab67616d0000b2739441654e664a54d5e849a6fa","1","12","103266","https://p.scdn.co/mp3-preview/fda2ee06a7188641161a79e044f6174907296a7d?cid=9950ac751e34487dbbe027c4fd7f8e99","false","31","BRELD0200100","spotify:user:isak.sjoholm.","2025-07-18T13:23:33Z","brasiliansk rock,mpb,brasiliansk pop","0.579","0.698","0","-13.75","1","0.143","0.352","0.00013","0.0741","0.945","182.016","4","","Gravadora Eldorado","C Gravadora Eldorado, P Gravadora Eldorado"
"spotify:track:19wGo7CL9wGpHdTDRPtK0v","Lambada Complicada","spotify:artist:0lXHHWzL8aQWONnZQBJG5M","Aldo Sena","spotify:album:0viykmxvOUn1HMhep2OZ4J","1983","spotify:artist:0lXHHWzL8aQWONnZQBJG5M","Aldo Sena","1983-04-13","https://i.scdn.co/image/ab67616d0000b273b9968cda1fca75b16309ea87","1","7","163853","https://p.scdn.co/mp3-preview/ea74eb91fb095742608d05e353eba4e52c044dd9?cid=9950ac751e34487dbbe027c4fd7f8e99","false","33","Brsgl8800091","spotify:user:isak.sjoholm.","2025-07-18T13:23:33Z","brega,tecnobrega,forró,seresta","0.701","0.654","7","-15.494","0","0.0374","0.0368","0.948","0.291","0.934","135.284","4","","Som Livre","C (C) 1983 Som Livre"
"spotify:track:3yN5VDjmkEUv73bqsz6jct","Eu Sou Eu, Nicuri É o Diabo","spotify:artist:7jrRQZg4FZq6dwpi3baKcu","Raul Seixas","spotify:album:5lbHLi7b5oukp3M4qF0Bgj","Raul Seixas","spotify:artist:7jrRQZg4FZq6dwpi3baKcu","Raul Seixas","1983-07-01","https://i.scdn.co/image/ab67616d0000b2739441654e664a54d5e849a6fa","1","10","135826","https://p.scdn.co/mp3-preview/9eff235ed707a324c76e6ccd6f917bb13aaa7be1?cid=9950ac751e34487dbbe027c4fd7f8e99","false","29","BRELD0200098","spotify:user:isak.sjoholm.","2025-07-18T13:23:33Z","brasiliansk rock,mpb,brasiliansk pop","0.7","0.623","9","-12.144","1","0.268","0.592","0.00000451","0.324","0.961","125.91","4","","Gravadora Eldorado","C Gravadora Eldorado, P Gravadora Eldorado"
"spotify:track:6E2tTAFVGHEl2qP2oHH6np","Caranguejo Não É Peixe","spotify:artist:3A9eamu9dR8Zai2MfOzPmz","Orquestra e Coro Carroussell","spotify:album:0NU1hgbtI6swm9j3EtTA3A","Cantigas de Roda (Série Clássicos Carroussell)","spotify:artist:3A9eamu9dR8Zai2MfOzPmz","Orquestra e Coro Carroussell","1983-10-12","https://i.scdn.co/image/ab67616d0000b2730008eb5e495be6728cd3ecd9","1","8","96413","https://p.scdn.co/mp3-preview/7bdfa6e06b04b6d8e2c5a3ebaa7b6ee48b47d16f?cid=9950ac751e34487dbbe027c4fd7f8e99","false","22","US7VG1331361","spotify:user:isak.sjoholm.","2025-07-18T13:23:33Z","vaggvisa,barnmusik","0.709","0.449","0","-15.088","1","0.0295","0.525","0","0.132","0.933","106.952","4","","CID ENTERTAINMENT LTDA","C 1983 Oquestra e Coro Carroussell, P 1983 Oquestra e Coro Carroussell"
"spotify:track:6Yb4RsueGzYmP8DzG1YohY","Boca Sem Dente","spotify:artist:1WkZvxuA4zCcFF9GChK6Vr","Grupo Fundo De Quintal","spotify:album:25Y5N1aFJaScEWxl9cP1oF","Nos Pagodes da Vida","spotify:artist:1WkZvxuA4zCcFF9GChK6Vr","Grupo Fundo De Quintal","1983-01-01","https://i.scdn.co/image/ab67616d0000b2735de256a1d975c8e275663546","1","8","200600","https://p.scdn.co/mp3-preview/377a1ba7567f47cc66d1d6f764f1e8150b2eeb6a?cid=9950ac751e34487dbbe027c4fd7f8e99","false","32","BRRGE9400490","spotify:user:isak.sjoholm.","2025-07-18T13:23:33Z","samba,pagode","0.711","0.732","2","-10.805","1","0.133","0.614","0","0.134","0.899","108.951","4","","Som Livre","C (C) 1983 Som Livre"
"spotify:track:384UYML1yhwpBoCU5DshZO","Sereia","spotify:artist:6n45wsxj6sDedgwEyTza6d","Fafá de Belém","spotify:album:3u1N9xADhi4d219LvbOKQb","Plunct! Plact! Zum","spotify:artist:0LyfQWJT6nXafLPZqxe9Of","Blandade Artister","1983-01-01","https://i.scdn.co/image/ab67616d0000b273a3df7f1c920ad3c9bea9a222","1","3","208400","https://p.scdn.co/mp3-preview/93e62c67df30efff057a0473cddf18f993c9925f?cid=9950ac751e34487dbbe027c4fd7f8e99","false","23","BRSGL8300174","spotify:user:isak.sjoholm.","2025-07-18T13:23:33Z","mpb,sertanejo tradicional,brega","0.603","0.515","7","-8.137","1","0.0296","0.724","0","0.231","0.439","121.151","4","","Som Livre","C (C) 2006 Som Livre"
"spotify:track:2VVhf95SevnpdNqnyw29LL","É Hoje - Remixed Original Album","spotify:artist:7HGNYPmbDrMkylWqeFCOIQ","Caetano Veloso","spotify:album:4UOAwKUc79FtTSK6NmRFB3","Uns","spotify:artist:7HGNYPmbDrMkylWqeFCOIQ","Caetano Veloso","1983-01-01","https://i.scdn.co/image/ab67616d0000b273212298c62a17891ea62d0b49","1","11","255800","https://p.scdn.co/mp3-preview/25d091ea95e95720dce9d814c477bb4b8f99d166?cid=9950ac751e34487dbbe027c4fd7f8e99","false","26","BRUM70700057","spotify:user:isak.sjoholm.","2025-07-18T13:23:33Z","mpb,bossa nova,samba","0.578","0.934","1","-3.974","1","0.0552","0.014","0.00000561","0.392","0.794","135.507","4","","Universal Music Ltda.","C © 1983 Universal Music Ltda, P ℗ 1983 Universal Music Ltda"
"spotify:track:1TT0alb3046A4FaYuESqeV","A cura","spotify:artist:0A1oy7PC7fdzURgaLaWkL1","Lulu Santos","spotify:album:0oCdYFyqznjyMorvtESrNV","O Último Romântico 2","spotify:artist:0A1oy7PC7fdzURgaLaWkL1","Lulu Santos","1983-10-20","https://i.scdn.co/image/ab67616d0000b2733401e2750b2a6eecb008f42a","1","2","276893","https://p.scdn.co/mp3-preview/511f1462ec5946c311d961fdbb2145d548e1fa0a?cid=9950ac751e34487dbbe027c4fd7f8e99","false","31","BRWMB9900745","spotify:user:isak.sjoholm.","2025-07-18T13:23:33Z","mpb,brasiliansk rock,brasiliansk pop","0.615","0.784","2","-8.527","1","0.0353","0.349","0","0.106","0.674","92.498","4","","WM Brazil","C © 1991 WEA International Inc., P ℗ 1991 WEA International Inc."
"spotify:track:0t4vPuar5UejHBK1H7X3WA","Essa Dor Me Apanha","spotify:artist:0jOs0wnXCu1bGGP7kh5uIu","Tim Maia","spotify:album:7Ff0Q5oeEoVKHtxJJoXyId","O Descobridor Dos Sete Mares","spotify:artist:0jOs0wnXCu1bGGP7kh5uIu","Tim Maia","1983-01-03","https://i.scdn.co/image/ab67616d0000b273bf96aed03a1e378dad91217b","1","10","200129","https://p.scdn.co/mp3-preview/189d1e08ec4b5c413e9eb6e32495003f6cfc3cf9?cid=9950ac751e34487dbbe027c4fd7f8e99","false","28","BRUM70600422","spotify:user:isak.sjoholm.","2025-07-18T13:23:33Z","mpb","0.662","0.644","4","-12.214","0","0.191","0.331","0.000723","0.101","0.654","76.919","4","","Universal Music Ltda.","C © 1983 Universal Music International, P ℗ 1983 Universal Music International"
"spotify:track:560smvBAaMTt1Hc8vWQplI","Restaurador Fiel","spotify:artist:41XTLrYfIdtr8frsp8Em5C","Grupo Logos","spotify:album:0wSoib5m5EQfX1bCq8ZvPM","Um Novo Dia","spotify:artist:41XTLrYfIdtr8frsp8Em5C","Grupo Logos","1983-03-06","https://i.scdn.co/image/ab67616d0000b273b82fe9316f0e6449b8f9a03e","1","5","208706","https://p.scdn.co/mp3-preview/4284353289c056d0104e8b712bccf1a1332305b7?cid=9950ac751e34487dbbe027c4fd7f8e99","false","37","BRMIE1600025","spotify:user:isak.sjoholm.","2025-07-18T13:23:33Z","brasiliansk gospel,gospel","0.327","0.301","4","-12.066","1","0.034","0.813","0.00000475","0.0532","0.41","138.81","4","","Grupo Logos","C 1983 MEL, P 1983 MEL"
"spotify:track:12NRUSNgGRzOPMQNpUyU3x","Neves E Parques","spotify:artist:0jOs0wnXCu1bGGP7kh5uIu","Tim Maia","spotify:album:7Ff0Q5oeEoVKHtxJJoXyId","O Descobridor Dos Sete Mares","spotify:artist:0jOs0wnXCu1bGGP7kh5uIu","Tim Maia","1983-01-03","https://i.scdn.co/image/ab67616d0000b273bf96aed03a1e378dad91217b","1","6","285312","https://p.scdn.co/mp3-preview/8e2f57c5a12215a5fee929504a122a01d3ec9d1f?cid=9950ac751e34487dbbe027c4fd7f8e99","false","27","BRUM70600420","spotify:user:isak.sjoholm.","2025-07-18T13:23:33Z","mpb","0.62","0.493","9","-11.817","1","0.0291","0.303","0","0.172","0.244","122.573","4","","Universal Music Ltda.","C © 1983 Universal Music International, P ℗ 1983 Universal Music International"
"spotify:track:2O3MxKKfmoSkf8dCQvPMoM","Lua Cheia","spotify:artist:7jrRQZg4FZq6dwpi3baKcu","Raul Seixas","spotify:album:5lbHLi7b5oukp3M4qF0Bgj","Raul Seixas","spotify:artist:7jrRQZg4FZq6dwpi3baKcu","Raul Seixas","1983-07-01","https://i.scdn.co/image/ab67616d0000b2739441654e664a54d5e849a6fa","1","6","207973","https://p.scdn.co/mp3-preview/7ee8d0a7787c5a787054945621a4811075dfab93?cid=9950ac751e34487dbbe027c4fd7f8e99","false","32","BRELD0200094","spotify:user:isak.sjoholm.","2025-07-18T13:23:33Z","brasiliansk rock,mpb,brasiliansk pop","0.275","0.267","2","-17.83","1","0.0415","0.44","0","0.126","0.246","180.996","4","","Gravadora Eldorado","C Gravadora Eldorado, P Gravadora Eldorado"
"spotify:track:5R91sAAo2NmAU3Oa47k7mm","Tesouros da juventude - Remasterizado em 2001","spotify:artist:0A1oy7PC7fdzURgaLaWkL1","Lulu Santos","spotify:album:404H4FNKYVOGzzXCT9GLD7","O Último Romântico","spotify:artist:0A1oy7PC7fdzURgaLaWkL1","Lulu Santos","1983-10-20","https://i.scdn.co/image/ab67616d0000b27301762bc0a9e3da138fbd4bf4","1","11","134826","https://p.scdn.co/mp3-preview/1a260f22e038473853b6588cf3197284ad254000?cid=9950ac751e34487dbbe027c4fd7f8e99","false","26","BRWMB9801199","spotify:user:isak.sjoholm.","2025-07-18T13:23:33Z","mpb,brasiliansk rock,brasiliansk pop","0.469","0.668","4","-15.645","1","0.0546","0.484","0.0000614","0.339","0.863","170.488","4","","WEA Latina","C © 1993 Warner Music Brazil Ltda, P ℗ 1993 Warner Music Brazil Ltda"
"spotify:track:49Twzt56B0f8FqRHKEDTlZ","Menina Do Interior","spotify:artist:6UBQYruqsGYrNNUc6nPFeJ","José Orlando","spotify:album:261sbeUvkCErAfeiA3MAph","Declaração","spotify:artist:6UBQYruqsGYrNNUc6nPFeJ","José Orlando","1983-01-01","https://i.scdn.co/image/ab67616d0000b273752b1c74e52cc66704df9442","1","7","146960","https://p.scdn.co/mp3-preview/70675109294da79f49eb1935eb7580753f18ff8b?cid=9950ac751e34487dbbe027c4fd7f8e99","false","26","BRBMG8400099","spotify:user:isak.sjoholm.","2025-07-18T13:23:33Z","brega,seresta,forró,forró tradicional,tecnobrega","0.639","0.687","7","-7.983","0","0.0566","0.559","0.0000039","0.087","0.818","93.642","4","","Sony Music Entertainment","P (P) 1983 RCA"
"spotify:track:40rEfD5AaH0tQiqr3EmnjK","Time After Time","spotify:artist:2BTZIqw0ntH9MvilQ3ewNY","Cyndi Lauper","spotify:album:7nGN8ny3YbvegR1NkU2LqB","Twelve Deadly Cyns...And Then Some","spotify:artist:2BTZIqw0ntH9MvilQ3ewNY","Cyndi Lauper","1983","https://i.scdn.co/image/ab67616d0000b27363e510334226d130b40a5b83","1","4","239133","https://p.scdn.co/mp3-preview/0781555ae418f668474156b3e537f52ca98e207a?cid=9950ac751e34487dbbe027c4fd7f8e99","false","37","USSM18300146","spotify:user:isak.sjoholm.","2025-07-18T13:23:33Z","","0.72","0.367","0","-13.102","1","0.0298","0.601","0","0.0837","0.301","130.541","4","","Epic","P (P) 1983, 1986, 1989, 1993, 1994 Sony Music Entertainment Inc."
"spotify:track:7uZGsg9CzUuxwm8rK0xQZ0","Qualquer Dia Desses","spotify:artist:0hPar6ePAELiu9rYMdvMEo","Alcione","spotify:album:1h7LPPs5l2jr78Kp06S7hf","Almas & Coracões","spotify:artist:0hPar6ePAELiu9rYMdvMEo","Alcione","1983-02-25","https://i.scdn.co/image/ab67616d0000b2732ae3e96bb356e96e13c7742e","1","2","219800","https://p.scdn.co/mp3-preview/fffe9be65754215a7621d05a410026aa8ab891d9?cid=9950ac751e34487dbbe027c4fd7f8e99","false","22","BRBMG8300054","spotify:user:isak.sjoholm.","2025-07-18T13:23:33Z","samba,pagode,mpb","0.451","0.459","0","-9.533","0","0.04","0.796","0","0.141","0.256","102.102","4","","RCA Records Label","P 1983 BMG BRASIL LTDA"
"spotify:track:0yl2UHTMkOSQMGIYfk9AH2","Passamos por Isso","spotify:artist:6kJHpEjr5eNnVJeyfTbs3G","Camisa de Vênus","spotify:album:1nQzl4ntjhLlWkloworRLz","Camisa de Vênus","spotify:artist:6kJHpEjr5eNnVJeyfTbs3G","Camisa de Vênus","1983-01-01","https://i.scdn.co/image/ab67616d0000b2736eb63da645a1defa4f180f31","1","1","233240","https://p.scdn.co/mp3-preview/0269613c1feaa2d8e5fcaa600a7f8ba83680b8f4?cid=9950ac751e34487dbbe027c4fd7f8e99","false","24","BRRGE8300098","spotify:user:isak.sjoholm.","2025-07-18T13:23:33Z","brasiliansk rock,brasiliansk pop","0.628","0.451","7","-13.199","1","0.0479","0.0483","0.0000237","0.117","0.562","99.176","4","","Som Livre","C (C) 1983 Som Livre"
"spotify:track:0hSy0CgiHLZgKw1EqOee5m","Não Quero Piedade","spotify:artist:0cSC1GvvgLumHovn2rgSHj","Sérgio Reis","spotify:album:55PkbEZZFjy6ksL4RHvHzK","Sérgio Reis","spotify:artist:0cSC1GvvgLumHovn2rgSHj","Sérgio Reis","1983-10-15","https://i.scdn.co/image/ab67616d0000b2739debc6d6c7d1230212566acf","1","11","200173","https://p.scdn.co/mp3-preview/ddaec634722a157af4893dc7340a5dbf87c7dfbb?cid=9950ac751e34487dbbe027c4fd7f8e99","false","26","BRBMG8300059","spotify:user:isak.sjoholm.","2025-07-18T13:23:33Z","sertanejo tradicional,sertanejo,brega","0.509","0.382","7","-7.39","1","0.0258","0.584","0","0.111","0.567","93.975","3","","RCA Records Label","P 1983 BMG BRASIL LTDA"
"spotify:track:2et3mpJMcyE8YoEpM1FUxD","Could It Be Right","spotify:artist:4QQgXkCYTt3BlENzhyNETg","Earth\, Wind & Fire","spotify:album:7iNPdE265ozYlk1TO0f6ux","Electric Universe (Expanded Edition)","spotify:artist:4QQgXkCYTt3BlENzhyNETg","Earth\, Wind & Fire","1983","https://i.scdn.co/image/ab67616d0000b273215cb0a6ae550faa967b6478","1","4","312213","https://p.scdn.co/mp3-preview/0be081a346a291378d8b265ec4fe780638cb8438?cid=9950ac751e34487dbbe027c4fd7f8e99","false","32","USSM11104033","spotify:user:isak.sjoholm.","2025-07-18T13:23:33Z","disco","0.294","0.308","6","-12.983","0","0.0335","0.499","0","0.0659","0.243","73.624","4","","Legacy Recordings","P (P) 1983 Columbia Records, a division of Sony Music Entertainment"
"spotify:track:3FKTQWAabStdn2dF5sMGFn","De repente","spotify:artist:0A1oy7PC7fdzURgaLaWkL1","Lulu Santos","spotify:album:6Q0bbZ45bPruAtFliWqZa9","E-Collection","spotify:artist:0A1oy7PC7fdzURgaLaWkL1","Lulu Santos","1983-10-20","https://i.scdn.co/image/ab67616d0000b273daf5f4c520077351d1bee776","1","3","153240","https://p.scdn.co/mp3-preview/a471e647eacb5f2de71ee3fa1d292bc063e06374?cid=9950ac751e34487dbbe027c4fd7f8e99","false","20","BRWMB9701895","spotify:user:isak.sjoholm.","2025-07-18T13:23:33Z","mpb,brasiliansk rock,brasiliansk pop","0.763","0.522","9","-11.022","1","0.0325","0.632","0.000194","0.278","0.608","110.85","4","","WM Brazil","C © 2000 WEA International Inc., P ℗ 2000 WEA International Inc."
"spotify:track:2Pj8p1No0PjbkOYDikTN4B","Vestido branco","spotify:artist:3EMOVqtPqnQBmzBFiaZzuS, spotify:artist:55Wn8tf8dBvfl1HRsD7Kze","Duduca & Dalvan, Continental","spotify:album:1Ltjy0jE8ZR7l52g2ShQ7W","Anistia de Amor","spotify:artist:3EMOVqtPqnQBmzBFiaZzuS, spotify:artist:55Wn8tf8dBvfl1HRsD7Kze","Duduca & Dalvan, Continental","1983","https://i.scdn.co/image/ab67616d0000b27329658bfc105beb12150b669d","1","9","163466","https://p.scdn.co/mp3-preview/52ef380b3a018d4879dc9fa66046815db379c92b?cid=9950ac751e34487dbbe027c4fd7f8e99","false","29","BRWMB9702425","spotify:user:isak.sjoholm.","2025-07-18T13:23:33Z","sertanejo tradicional,sertanejo,sertanejo tradicional,sertanejo,brega","0.571","0.481","11","-9.305","1","0.0361","0.716","0","0.201","0.618","83.291","3","","WM Brazil","C © 1983 WEA International Inc., P ℗ 1998 WEA International Inc."
"spotify:track:4L64qoPWxSgoeUf7C1aCg7","Esse brilho em teu olhar","spotify:artist:0A1oy7PC7fdzURgaLaWkL1","Lulu Santos","spotify:album:0oCdYFyqznjyMorvtESrNV","O Último Romântico 2","spotify:artist:0A1oy7PC7fdzURgaLaWkL1","Lulu Santos","1983-10-20","https://i.scdn.co/image/ab67616d0000b2733401e2750b2a6eecb008f42a","1","5","246466","https://p.scdn.co/mp3-preview/7eb00b5b42c8739dacb2e61ce254e93ae1217fdf?cid=9950ac751e34487dbbe027c4fd7f8e99","false","20","BRWMB9801213","spotify:user:isak.sjoholm.","2025-07-18T13:23:33Z","mpb,brasiliansk rock,brasiliansk pop","0.727","0.404","4","-13.753","1","0.042","0.298","0.0874","0.117","0.331","95.407","4","","WM Brazil","C © 1991 WEA International Inc., P ℗ 1991 WEA International Inc."
"spotify:track:6gUH54LDGruUIbtHN4kOwh","Razão para Viver","spotify:artist:41XTLrYfIdtr8frsp8Em5C","Grupo Logos","spotify:album:0wSoib5m5EQfX1bCq8ZvPM","Um Novo Dia","spotify:artist:41XTLrYfIdtr8frsp8Em5C","Grupo Logos","1983-03-06","https://i.scdn.co/image/ab67616d0000b273b82fe9316f0e6449b8f9a03e","1","7","195146","https://p.scdn.co/mp3-preview/ddeccd837e8332812087c32ddecd6267be9c711b?cid=9950ac751e34487dbbe027c4fd7f8e99","false","26","BRMIE1600030","spotify:user:isak.sjoholm.","2025-07-18T13:23:33Z","brasiliansk gospel,gospel","0.501","0.581","2","-10.44","1","0.0329","0.387","0","0.0669","0.579","135.345","4","","Grupo Logos","C 1983 MEL, P 1983 MEL"
"spotify:track:3DOylHxNg4wPjesJnptpx2","Química","spotify:artist:7EM9m7HOXxVgP9oEpDDv70","Os Paralamas Do Sucesso","spotify:album:1ufuoCMD2OXmkUYNDeQxPV","Cinema Mudo","spotify:artist:7EM9m7HOXxVgP9oEpDDv70","Os Paralamas Do Sucesso","1983-01-01","https://i.scdn.co/image/ab67616d0000b27391cc8c9376244dfd76b636b3","1","8","181890","https://p.scdn.co/mp3-preview/ea5b41f7851f96df27ca528d24c0daa624ca6075?cid=9950ac751e34487dbbe027c4fd7f8e99","false","31","BREMI8300589","spotify:user:isak.sjoholm.","2025-07-18T13:23:33Z","brasiliansk rock,mpb,brasiliansk pop,latinamerikansk rock,poprock","0.366","0.827","11","-8.428","0","0.08","0.00184","0.0096","0.0736","0.553","170.91","4","","EMI Brazil","C © 1983 EMI Records Brasil Ltda, P ℗ 1983 EMI Records Brasil Ltda"
"spotify:track:6bEvCP1lWxPNMiJfgtxQuJ","3 Em 1","spotify:artist:0jOs0wnXCu1bGGP7kh5uIu","Tim Maia","spotify:album:7Ff0Q5oeEoVKHtxJJoXyId","O Descobridor Dos Sete Mares","spotify:artist:0jOs0wnXCu1bGGP7kh5uIu","Tim Maia","1983-01-03","https://i.scdn.co/image/ab67616d0000b273bf96aed03a1e378dad91217b","1","5","173684","https://p.scdn.co/mp3-preview/2f398ff73faf007865a2c39d07b38a3afbae56ca?cid=9950ac751e34487dbbe027c4fd7f8e99","false","26","BRUM70600419","spotify:user:isak.sjoholm.","2025-07-18T13:23:33Z","mpb","0.639","0.667","9","-9.979","1","0.0896","0.0619","0.836","0.178","0.551","109.876","4","","Universal Music Ltda.","C © 1983 Universal Music International, P ℗ 1983 Universal Music International"
"spotify:track:21pDyJ5E7WZG3Kyk3L6rAl","Menina Mimada","spotify:artist:5zq0SGWxrmzpTSXkBEQzMj","Barão Vermelho","spotify:album:3tPQA9m5HhUPxFi14K9YRr","Barão Vermelho 2","spotify:artist:5zq0SGWxrmzpTSXkBEQzMj","Barão Vermelho","1983-01-01","https://i.scdn.co/image/ab67616d0000b27370fa35a4c2bb1d695fb5866f","1","2","158373","https://p.scdn.co/mp3-preview/acef470bab296c2990bbfd351d96f88416cbfb3a?cid=9950ac751e34487dbbe027c4fd7f8e99","false","27","BRRGE8300002","spotify:user:isak.sjoholm.","2025-07-18T13:23:33Z","brasiliansk rock,mpb,brasiliansk pop","0.625","0.821","9","-10.181","1","0.062","0.00449","0.00104","0.294","0.6","138.249","4","","Som Livre","C (C) 1983 Som Livre, P (P) 1983 Som Livre"
"spotify:track:3A8Ia0McOSj8xlUF5OZHSk","Perdidos Na Selva","spotify:artist:1HDwUhiO73SuiTRz4IxnxT","Gang 90 & Absurdetes","spotify:album:25W2SJnlRsyCnvDruj2Vge","Gang 90 & Absurdetes","spotify:artist:1HDwUhiO73SuiTRz4IxnxT","Gang 90 & Absurdetes","1983-03-05","https://i.scdn.co/image/ab67616d0000b273420417e4fa83085255298863","1","7","253226","https://p.scdn.co/mp3-preview/3416ec63dd879975dcbac7c63896475dc6ff74f8?cid=9950ac751e34487dbbe027c4fd7f8e99","false","20","BRBMG8300281","spotify:user:isak.sjoholm.","2025-07-18T13:23:33Z","brasiliansk rock,brasiliansk pop","0.723","0.746","0","-9.318","1","0.27","0.15","0.000974","0.63","0.867","127.42","4","","RCA Records Label","P 1983 BMG ARIOLA DISCOS LTDA."
"spotify:track:2n8EhphSBHPs8ULe4vcgVz","Exaltação","spotify:artist:6Rnjpdt1yZqcUNxRd6bST9","Nei Lisboa","spotify:album:4RHzAWqEs28s70z3koPDAc","Pra Viajar No Cosmos Não Precisa Gasolina","spotify:artist:6Rnjpdt1yZqcUNxRd6bST9","Nei Lisboa","1983-01-01","https://i.scdn.co/image/ab67616d0000b273b5d2f78594f492a5794c4ea8","1","9","142226","https://p.scdn.co/mp3-preview/722a6f7fc7194e949c61e7d27cf93bb05f8d1427?cid=9950ac751e34487dbbe027c4fd7f8e99","false","22","BRACT1601278","spotify:user:isak.sjoholm.","2025-07-18T13:23:33Z","mpb,brasiliansk rock","0.653","0.466","2","-7.436","1","0.0486","0.888","0","0.111","0.938","100.41","4","","2001 ANTÍDOTO","C (C) 2001 ANTÍDOTO, P (P) 2001 ANTÍDOTO"
"spotify:track:4kAjFqWtE56uPbmWbKxgpO","Momento Infeliz","spotify:artist:1WkZvxuA4zCcFF9GChK6Vr","Grupo Fundo De Quintal","spotify:album:25Y5N1aFJaScEWxl9cP1oF","Nos Pagodes da Vida","spotify:artist:1WkZvxuA4zCcFF9GChK6Vr","Grupo Fundo De Quintal","1983-01-01","https://i.scdn.co/image/ab67616d0000b2735de256a1d975c8e275663546","1","5","186666","https://p.scdn.co/mp3-preview/bd6d8a975a5975e6412c51dda3337e2b0206e55d?cid=9950ac751e34487dbbe027c4fd7f8e99","false","28","BRRGE9400488","spotify:user:isak.sjoholm.","2025-07-18T13:23:33Z","samba,pagode","0.717","0.69","5","-9.615","0","0.0513","0.191","0.0000838","0.0761","0.924","98.575","4","","Som Livre","C (C) 1983 Som Livre"
"spotify:track:6AHsoXOPDHRQYiW7bK3AEK","Toro de Pranto","spotify:artist:0cSC1GvvgLumHovn2rgSHj","Sérgio Reis","spotify:album:55PkbEZZFjy6ksL4RHvHzK","Sérgio Reis","spotify:artist:0cSC1GvvgLumHovn2rgSHj","Sérgio Reis","1983-10-15","https://i.scdn.co/image/ab67616d0000b2739debc6d6c7d1230212566acf","1","12","165253","https://p.scdn.co/mp3-preview/d3a375b16697c9c3ae475ba96b549a385b5ac89f?cid=9950ac751e34487dbbe027c4fd7f8e99","false","24","BRBMG8300245","spotify:user:isak.sjoholm.","2025-07-18T13:23:33Z","sertanejo tradicional,sertanejo,brega","0.704","0.47","9","-7.321","1","0.0311","0.679","0.00000138","0.156","0.885","110.893","3","","RCA Records Label","P 1983 BMG BRASIL LTDA"
"spotify:track:1YfalzuYTBm7xxUUkZxP69","Patrulha Noturna","spotify:artist:7EM9m7HOXxVgP9oEpDDv70","Os Paralamas Do Sucesso","spotify:album:1ufuoCMD2OXmkUYNDeQxPV","Cinema Mudo","spotify:artist:7EM9m7HOXxVgP9oEpDDv70","Os Paralamas Do Sucesso","1983-01-01","https://i.scdn.co/image/ab67616d0000b27391cc8c9376244dfd76b636b3","1","4","173270","https://p.scdn.co/mp3-preview/9a6a2be4709534513fac17822ea7169f89f2f5e1?cid=9950ac751e34487dbbe027c4fd7f8e99","false","29","BREMI8300585","spotify:user:isak.sjoholm.","2025-07-18T13:23:33Z","brasiliansk rock,mpb,brasiliansk pop,latinamerikansk rock,poprock","0.345","0.973","6","-8.192","0","0.198","0.0418","0","0.217","0.51","173.896","4","","EMI Brazil","C © 1983 EMI Records Brasil Ltda, P ℗ 1983 EMI Records Brasil Ltda"
"spotify:track:4MJvf89eVSRnZvRsZZd4do","Cheiro de homem","spotify:artist:3EMOVqtPqnQBmzBFiaZzuS, spotify:artist:55Wn8tf8dBvfl1HRsD7Kze","Duduca & Dalvan, Continental","spotify:album:1Ltjy0jE8ZR7l52g2ShQ7W","Anistia de Amor","spotify:artist:3EMOVqtPqnQBmzBFiaZzuS, spotify:artist:55Wn8tf8dBvfl1HRsD7Kze","Duduca & Dalvan, Continental","1983","https://i.scdn.co/image/ab67616d0000b27329658bfc105beb12150b669d","1","4","180400","https://p.scdn.co/mp3-preview/f89968e2e29cb19b8776dd664f1547cb9ebb0354?cid=9950ac751e34487dbbe027c4fd7f8e99","false","28","BRWMB9702420","spotify:user:isak.sjoholm.","2025-07-18T13:23:33Z","sertanejo tradicional,sertanejo,sertanejo tradicional,sertanejo,brega","0.443","0.407","6","-10.386","1","0.0583","0.757","0.00000136","0.31","0.638","173.24","4","","WM Brazil","C © 1983 WEA International Inc., P ℗ 1998 WEA International Inc."
"spotify:track:7CepQX3hHHKIOWK7Yz1sK9","Ronda","spotify:artist:7K4gHixgiMhvBDewgHoxVk","Jair Rodrigues","spotify:album:4EYKQK2F7Zv5mqH8lic53t","Carinhoso - As Mais Belas Canções Românticas Brasileiras","spotify:artist:7K4gHixgiMhvBDewgHoxVk","Jair Rodrigues","1983-06-06","https://i.scdn.co/image/ab67616d0000b273340e9096a24a5bf5525a7fe0","1","1","181218","https://p.scdn.co/mp3-preview/8eb4e0e244bb39dc399997669a50ff2ef0118b08?cid=9950ac751e34487dbbe027c4fd7f8e99","false","26","BRMCA0500050","spotify:user:isak.sjoholm.","2025-07-18T13:23:33Z","samba,mpb,seresta,sertanejo tradicional","0.581","0.512","9","-8.001","1","0.0286","0.414","0","0.16","0.545","98.137","4","","Universal Music Ltda.","C © 1983 Universal Music International, P ℗ 1983 Universal Music International"
"spotify:track:5JNg64NGoQPrk4UyQq5GWl","Ladeira da Memória","spotify:artist:6DmQdCGtq7MnNtaNuFvSPr","RUMO","spotify:album:62TjUf4hcFZjqFtLowi8VS","Diletantismo","spotify:artist:6DmQdCGtq7MnNtaNuFvSPr","RUMO","1983-11-01","https://i.scdn.co/image/ab67616d0000b273e57d38c8e817b96e9a33ca1d","1","2","203066","https://p.scdn.co/mp3-preview/c932167d9c62270d205049a8e458f6841e032fce?cid=9950ac751e34487dbbe027c4fd7f8e99","false","22","BRDPA1200088","spotify:user:isak.sjoholm.","2025-07-18T13:23:33Z","avant-garde","0.751","0.412","9","-10.097","1","0.0486","0.624","0","0.0976","0.794","133.591","4","","Dabliú Discos [dist. Tratore]","C 1983 Dabliú Discos [dist. Tratore], P 1983 Dabliú Discos [dist. Tratore]"
"spotify:track:3seuWFcOvKjTlsqfP3QrbE","Recordações e Mais Nada - Versão Remasterizada","spotify:artist:7fAKtXSdNInWAIf0jVUz65","Roberto Carlos","spotify:album:0hauvK98UWJhA925rkXjzH","Roberto Carlos (1983 Remasterizado)","spotify:artist:7fAKtXSdNInWAIf0jVUz65","Roberto Carlos","1983-04-07","https://i.scdn.co/image/ab67616d0000b273a5f59e03f99b940e7946a519","1","2","251520","https://p.scdn.co/mp3-preview/c2e8eeccb1bff36a9d2e4d869ad0ae2c26dcd354?cid=9950ac751e34487dbbe027c4fd7f8e99","false","30","BRSME8300095","spotify:user:isak.sjoholm.","2025-07-18T13:23:33Z","mpb,brega,bolero","0.519","0.249","7","-16.664","0","0.0292","0.217","0.0000646","0.165","0.179","106.391","4","","Sony BMG Music Entertainment","P (P) 1983 Sony Music Entertainment Brasil Ltda"
"spotify:track:10ZRp6rAwbTNXfZaMlpspm","Sensual","spotify:artist:2poCUrtJvVVgfA2hgri1IS","Roupa Nova","spotify:album:6QRBFL5c1DHHDiGQQVl3rS","Roupa Nova (1983)","spotify:artist:2poCUrtJvVVgfA2hgri1IS","Roupa Nova","1983-01-01","https://i.scdn.co/image/ab67616d0000b2731c48506a0e8cc8039b923d99","1","7","200000","https://p.scdn.co/mp3-preview/872979c0c0c96a40b33d45981a513f435dd63cd4?cid=9950ac751e34487dbbe027c4fd7f8e99","false","43","BRMCA8300198","spotify:user:isak.sjoholm.","2025-07-18T13:23:33Z","mpb,brasiliansk pop,brasiliansk rock","0.573","0.514","0","-8.493","0","0.0357","0.449","0.00000304","0.122","0.475","118.224","4","","Universal Music Ltda.","C © 2008 Universal Music Ltda, P ℗ 1983 Universal Music Ltda"
"spotify:track:5LEhZY1qwJwEJpAGmTMq2o","Nos Bailes Da Vida - Ao Vivo","spotify:artist:3Bnq7jiU506HcPjRgQ43TM","Milton Nascimento","spotify:album:4ZP11yiQU9FrRDXOhZCDcM","Milton Nascimento Ao Vivo","spotify:artist:3Bnq7jiU506HcPjRgQ43TM","Milton Nascimento","1983-12-05","https://i.scdn.co/image/ab67616d0000b27369e085b6d73d16e25a2fe38f","1","6","275666","https://p.scdn.co/mp3-preview/679bdb8146730c55bdbc065e9579bdaf685364bd?cid=9950ac751e34487dbbe027c4fd7f8e99","false","20","BRUM70500209","spotify:user:isak.sjoholm.","2025-07-18T13:23:33Z","mpb,bossa nova,brasiliansk jazz","0.431","0.787","4","-12.406","0","0.0437","0.35","0.0000559","0.924","0.555","140.178","4","","Universal Music Ltda.","C © 1983 Universal Music International, P ℗ 1983 Universal Music International"
"spotify:track:765y72VEIouwKox7B0yb7s","Saber Viver","spotify:artist:1WkZvxuA4zCcFF9GChK6Vr","Grupo Fundo De Quintal","spotify:album:25Y5N1aFJaScEWxl9cP1oF","Nos Pagodes da Vida","spotify:artist:1WkZvxuA4zCcFF9GChK6Vr","Grupo Fundo De Quintal","1983-01-01","https://i.scdn.co/image/ab67616d0000b2735de256a1d975c8e275663546","1","6","253000","https://p.scdn.co/mp3-preview/e2c904a1e3a586c95a290692a0e45e90d0698956?cid=9950ac751e34487dbbe027c4fd7f8e99","false","28","BRRGE9400489","spotify:user:isak.sjoholm.","2025-07-18T13:23:33Z","samba,pagode","0.594","0.616","5","-10.878","0","0.0376","0.551","0","0.0886","0.923","105.128","4","","Som Livre","C (C) 1983 Som Livre"
"spotify:track:4WRUahykbPWJMLROR8g2DS","Certas coisas","spotify:artist:0A1oy7PC7fdzURgaLaWkL1","Lulu Santos","spotify:album:6Q0bbZ45bPruAtFliWqZa9","E-Collection","spotify:artist:0A1oy7PC7fdzURgaLaWkL1","Lulu Santos","1983-10-20","https://i.scdn.co/image/ab67616d0000b273daf5f4c520077351d1bee776","1","10","252733","https://p.scdn.co/mp3-preview/19e6fd42b7af78d75eda2145fc5e462b052c0d16?cid=9950ac751e34487dbbe027c4fd7f8e99","false","16","BRWMB9801207","spotify:user:isak.sjoholm.","2025-07-18T13:23:33Z","mpb,brasiliansk rock,brasiliansk pop","0.449","0.374","7","-14.343","1","0.0283","0.403","0.0131","0.332","0.256","180.302","4","","WM Brazil","C © 2000 WEA International Inc., P ℗ 2000 WEA International Inc."
"spotify:track:7GfghfNizpST1hzpce9z3e","Amor de caminhoneiro","spotify:artist:3EMOVqtPqnQBmzBFiaZzuS, spotify:artist:55Wn8tf8dBvfl1HRsD7Kze","Duduca & Dalvan, Continental","spotify:album:1Ltjy0jE8ZR7l52g2ShQ7W","Anistia de Amor","spotify:artist:3EMOVqtPqnQBmzBFiaZzuS, spotify:artist:55Wn8tf8dBvfl1HRsD7Kze","Duduca & Dalvan, Continental","1983","https://i.scdn.co/image/ab67616d0000b27329658bfc105beb12150b669d","1","11","156640","https://p.scdn.co/mp3-preview/d509f030d92d86e8ae7d018c6dc68d23f88a1062?cid=9950ac751e34487dbbe027c4fd7f8e99","false","34","BRWMB9702427","spotify:user:isak.sjoholm.","2025-07-18T13:23:33Z","sertanejo tradicional,sertanejo,sertanejo tradicional,sertanejo,brega","0.262","0.712","7","-3.944","1","0.049","0.632","0.00000295","0.335","0.487","186.864","3","","WM Brazil","C © 1983 WEA International Inc., P ℗ 1998 WEA International Inc."
"spotify:track:7LcKu0ZaSFHChFCAgfIu3K","Pro Dia Nascer Feliz","spotify:artist:2SFIMUkCdZowbeisskDdhn","Ney Matogrosso","spotify:album:34XLVw4KEXlhtzBGPzSbPP","...Pois É","spotify:artist:2SFIMUkCdZowbeisskDdhn","Ney Matogrosso","1983","https://i.scdn.co/image/ab67616d0000b2735e4ffa5e736995371e5d4151","1","10","256066","https://p.scdn.co/mp3-preview/c032dd09203cceed4c653d5e6742da637a1e08cd?cid=9950ac751e34487dbbe027c4fd7f8e99","false","48","BRMCA8300208","spotify:user:isak.sjoholm.","2025-07-18T13:23:33Z","mpb,samba","0.792","0.859","10","-6.452","1","0.156","0.0341","0.00000254","0.0724","0.821","144.217","4","","Universal Music Ltda.","C © 1983 Universal Music Ltda, P ℗ 1983 Universal Music Ltda"
"spotify:track:1Aq8Qe3RrDbRSsnpTAgouc","Fall Of The Peacemakers","spotify:artist:4ZqBwBVB3dsYWL3d5Spi10","Molly Hatchet","spotify:album:6DT7hAEKQnfNv93vlveJhN","No Guts, No Glory","spotify:artist:4ZqBwBVB3dsYWL3d5Spi10","Molly Hatchet","1983-05-19","https://i.scdn.co/image/ab67616d0000b273766406ec58c57c60f7213b64","1","4","483626","https://p.scdn.co/mp3-preview/ee6b35388398118aa7c997d0c77b5d9586c0b51f?cid=9950ac751e34487dbbe027c4fd7f8e99","false","36","USSM18300203","spotify:user:isak.sjoholm.","2025-07-18T13:23:33Z","sydstatlig rock,klassisk rock,countryrock","0.244","0.725","7","-11.619","1","0.0404","0.0692","0.099","0.336","0.559","163.498","4","","Epic","P 1983 CBS Inc."
"spotify:track:2vtmdCQLlNVSc2Eulb9cRQ","Fases do Amor","spotify:artist:1WkZvxuA4zCcFF9GChK6Vr","Grupo Fundo De Quintal","spotify:album:25Y5N1aFJaScEWxl9cP1oF","Nos Pagodes da Vida","spotify:artist:1WkZvxuA4zCcFF9GChK6Vr","Grupo Fundo De Quintal","1983-01-01","https://i.scdn.co/image/ab67616d0000b2735de256a1d975c8e275663546","1","10","229493","https://p.scdn.co/mp3-preview/c472b5e72ced6f03edfa5737d1b3dd474eff7ab8?cid=9950ac751e34487dbbe027c4fd7f8e99","false","28","BRRGE9400492","spotify:user:isak.sjoholm.","2025-07-18T13:23:33Z","samba,pagode","0.601","0.804","2","-9.805","1","0.0711","0.232","0","0.0736","0.955","102.38","4","","Som Livre","C (C) 1983 Som Livre"
"spotify:track:4wIcLl0zgr6KpkCcTKIoyh","True Colors","spotify:artist:2BTZIqw0ntH9MvilQ3ewNY","Cyndi Lauper","spotify:album:5BXCm3N0Uv0IU2uIUAshr2","The Essential Cyndi Lauper","spotify:artist:2BTZIqw0ntH9MvilQ3ewNY","Cyndi Lauper","1983","https://i.scdn.co/image/ab67616d0000b273fbd3e40f31b29e64e244687b","1","12","226173","https://p.scdn.co/mp3-preview/43e0ab251a7637eb47a582c5c56a8a450cd7a3a7?cid=9950ac751e34487dbbe027c4fd7f8e99","false","32","USSM18600632","spotify:user:isak.sjoholm.","2025-07-18T13:23:33Z","","0.393","0.231","0","-11.665","1","0.0316","0.797","0.000115","0.109","0.265","171.139","4","","Epic/Legacy","P (P) 1983, 1985, 1986, 1989, 1993, 1996, 2003 Sony Music Entertainment Inc."
"spotify:track:0FQ0yAC9l7PhkAjpLPcn0o","Don't Fight the Feeling","spotify:artist:6f8IcmSWG7IH8nc8u6vjnt","Enchantment","spotify:album:4ommECerNDff7PIqpFNcuO","Utopia (Expanded Edition)","spotify:artist:6f8IcmSWG7IH8nc8u6vjnt","Enchantment","1983-07-01","https://i.scdn.co/image/ab67616d0000b27372cc4e4a42a7db53307ae678","1","5","282173","https://p.scdn.co/mp3-preview/1b42eee98112a3a9c5bda40d34131e91d893e9bd?cid=9950ac751e34487dbbe027c4fd7f8e99","false","31","USSM10504384","spotify:user:isak.sjoholm.","2025-07-18T13:23:33Z","quiet storm,klassisk soul","0.63","0.571","3","-11.221","1","0.0273","0.131","0.379","0.112","0.807","78.699","4","","Columbia/Legacy","P This compilation (P) 1983 Columbia Records, a division of Sony Music Entertainment"
"spotify:track:4G7kgt6ZZCanEUEnHmook1","Rio Mon Amour","spotify:artist:0jOs0wnXCu1bGGP7kh5uIu","Tim Maia","spotify:album:7Ff0Q5oeEoVKHtxJJoXyId","O Descobridor Dos Sete Mares","spotify:artist:0jOs0wnXCu1bGGP7kh5uIu","Tim Maia","1983-01-03","https://i.scdn.co/image/ab67616d0000b273bf96aed03a1e378dad91217b","1","7","352691","https://p.scdn.co/mp3-preview/626f27b3eef8271a7717817bb9433f2745dfc410?cid=9950ac751e34487dbbe027c4fd7f8e99","false","24","BRUM70600421","spotify:user:isak.sjoholm.","2025-07-18T13:23:33Z","mpb","0.563","0.449","9","-14.728","1","0.034","0.688","0.0252","0.0822","0.593","90.241","4","","Universal Music Ltda.","C © 1983 Universal Music International, P ℗ 1983 Universal Music International"
"spotify:track:5zovPiArQtpu2kbDG6AutC","Foi O Mordomo","spotify:artist:7EM9m7HOXxVgP9oEpDDv70","Os Paralamas Do Sucesso","spotify:album:1ufuoCMD2OXmkUYNDeQxPV","Cinema Mudo","spotify:artist:7EM9m7HOXxVgP9oEpDDv70","Os Paralamas Do Sucesso","1983-01-01","https://i.scdn.co/image/ab67616d0000b27391cc8c9376244dfd76b636b3","1","2","230556","https://p.scdn.co/mp3-preview/842927a42ccc11b4ec08801cd2d9fccddba81ce6?cid=9950ac751e34487dbbe027c4fd7f8e99","false","28","BREMI8300584","spotify:user:isak.sjoholm.","2025-07-18T13:23:33Z","brasiliansk rock,mpb,brasiliansk pop,latinamerikansk rock,poprock","0.428","0.774","9","-9.887","1","0.142","0.185","0","0.732","0.534","155.165","4","","EMI Brazil","C © 1983 EMI Records Brasil Ltda, P ℗ 1983 EMI Records Brasil Ltda"
"spotify:track:6KqLXtmtpazeuDVMwZ0Il9","Pagode Em Brasília","spotify:artist:7HUHsmvWREkN4l179tvpBe","Chrystian & Ralf","spotify:album:6JviELKw4l8qRqqNQ9yMSs","Quebradas da Noite","spotify:artist:7HUHsmvWREkN4l179tvpBe","Chrystian & Ralf","1983-01-01","https://i.scdn.co/image/ab67616d0000b273005fafd2eb4a10a51d219f78","1","7","174200","https://p.scdn.co/mp3-preview/de171021617b811944b8248accc304a7a49a6410?cid=9950ac751e34487dbbe027c4fd7f8e99","false","23","BRSGL8300157","spotify:user:isak.sjoholm.","2025-07-18T13:23:33Z","sertanejo tradicional,sertanejo","0.672","0.553","7","-10.849","1","0.0276","0.357","0","0.466","0.971","108.558","4","","Som Livre","C (C) 1983 Som Livre, P (P) 1983 Som Livre"
"spotify:track:5d5ZoiW02WJnMCwLQc1BDt","Solo de Craque","spotify:artist:0lXHHWzL8aQWONnZQBJG5M","Aldo Sena","spotify:album:0viykmxvOUn1HMhep2OZ4J","1983","spotify:artist:0lXHHWzL8aQWONnZQBJG5M","Aldo Sena","1983-04-13","https://i.scdn.co/image/ab67616d0000b273b9968cda1fca75b16309ea87","1","1","205600","https://p.scdn.co/mp3-preview/63485d6468c70aef6fc70a67d26afe0d1115f17c?cid=9950ac751e34487dbbe027c4fd7f8e99","false","32","Brsgl8800092","spotify:user:isak.sjoholm.","2025-07-18T13:23:33Z","brega,tecnobrega,forró,seresta","0.625","0.73","11","-14.591","0","0.0364","0.169","0.886","0.326","0.959","92.823","4","","Som Livre","C (C) 1983 Som Livre"
"spotify:track:4c5FMAqb4cKpSg5BznfRVr","Biquini preto","spotify:artist:3EMOVqtPqnQBmzBFiaZzuS, spotify:artist:55Wn8tf8dBvfl1HRsD7Kze","Duduca & Dalvan, Continental","spotify:album:1Ltjy0jE8ZR7l52g2ShQ7W","Anistia de Amor","spotify:artist:3EMOVqtPqnQBmzBFiaZzuS, spotify:artist:55Wn8tf8dBvfl1HRsD7Kze","Duduca & Dalvan, Continental","1983","https://i.scdn.co/image/ab67616d0000b27329658bfc105beb12150b669d","1","8","206000","https://p.scdn.co/mp3-preview/883e793f9d68be02cc911dd62803a34a8373e079?cid=9950ac751e34487dbbe027c4fd7f8e99","false","30","BRWMB9702424","spotify:user:isak.sjoholm.","2025-07-18T13:23:33Z","sertanejo tradicional,sertanejo,sertanejo tradicional,sertanejo,brega","0.47","0.36","1","-10.477","1","0.0376","0.785","0.0000479","0.221","0.718","155.525","3","","WM Brazil","C © 1983 WEA International Inc., P ℗ 1998 WEA International Inc."
"spotify:track:26rQ28OajLukjTD8fuzx6P","Rasta Reggae Music","spotify:artist:6GFAZnwXhNER0WS76WMpS4","Bob Andy","spotify:album:3OsLJaFJPhOZ4NvHaBTICI","Friends","spotify:artist:6GFAZnwXhNER0WS76WMpS4","Bob Andy","1983","https://i.scdn.co/image/ab67616d0000b2733d74e791346e8c8700650b7c","1","7","290906","https://p.scdn.co/mp3-preview/54528b3f94964eda28ad230ba190e97b539734b8?cid=9950ac751e34487dbbe027c4fd7f8e99","false","41","GBNUV1200107","spotify:user:isak.sjoholm.","2025-07-18T13:23:33Z","rocksteady,reggae,lovers rock,roots reggae,dub","0.792","0.538","1","-7.051","1","0.0648","0.616","0.0123","0.0559","0.914","140.278","4","","I-Anka","C 1983 I-Anka/Annville Ltd, P 1983 I-Anka / Annville Ltd"
"spotify:track:1eUVRPFOzhYEjyuMPyRMzy","Meu Primo Zé","spotify:artist:6kJHpEjr5eNnVJeyfTbs3G","Camisa de Vênus","spotify:album:1nQzl4ntjhLlWkloworRLz","Camisa de Vênus","spotify:artist:6kJHpEjr5eNnVJeyfTbs3G","Camisa de Vênus","1983-01-01","https://i.scdn.co/image/ab67616d0000b2736eb63da645a1defa4f180f31","1","11","145706","https://p.scdn.co/mp3-preview/e20e3a86861f81b6fa36efbcfdf9d66ef476e2af?cid=9950ac751e34487dbbe027c4fd7f8e99","false","20","BRRGE8300108","spotify:user:isak.sjoholm.","2025-07-18T13:23:33Z","brasiliansk rock,brasiliansk pop","0.509","0.799","9","-12.595","1","0.0436","0.000938","0.000058","0.353","0.636","98.362","4","","Som Livre","C (C) 1983 Som Livre"
"spotify:track:2lN7feU2nLQ8FYiy29n4fB","Tão bem","spotify:artist:0A1oy7PC7fdzURgaLaWkL1","Lulu Santos","spotify:album:6Q0bbZ45bPruAtFliWqZa9","E-Collection","spotify:artist:0A1oy7PC7fdzURgaLaWkL1","Lulu Santos","1983-10-20","https://i.scdn.co/image/ab67616d0000b273daf5f4c520077351d1bee776","2","5","244133","https://p.scdn.co/mp3-preview/2fdef410e40e7b37a3fbc81e31f54c158238433a?cid=9950ac751e34487dbbe027c4fd7f8e99","false","28","BRWMB9801201","spotify:user:isak.sjoholm.","2025-07-18T13:23:33Z","mpb,brasiliansk rock,brasiliansk pop","0.58","0.658","0","-11.49","1","0.0391","0.63","0","0.246","0.746","87.157","4","","WM Brazil","C © 2000 WEA International Inc., P ℗ 2000 WEA International Inc."
"spotify:track:2taQ03wrVHhhGOzUtkm11c","O Pobre - Remasterizado 2013","spotify:artist:2TjzEhCBd9s3YPWKPwKZYo","Leo Jaime","spotify:album:7pn0tjUBXXNNLmckBNtv6H","Nada Mudou (Box) [Remasterizado]","spotify:artist:2TjzEhCBd9s3YPWKPwKZYo","Leo Jaime","1983","https://i.scdn.co/image/ab67616d0000b273d398957b75a441c6a8014e9d","2","1","264280","https://p.scdn.co/mp3-preview/518ab1fb99e2751648825f5a5a580d65e2ddf2a0?cid=9950ac751e34487dbbe027c4fd7f8e99","false","26","BRSME1301085","spotify:user:isak.sjoholm.","2025-07-18T13:23:33Z","brasiliansk rock,brasiliansk pop,mpb","0.744","0.667","11","-7.676","0","0.0355","0.222","0","0.133","0.963","137.303","4","","Sony Music Entertainment","P (P) 1983 DISCOS CBS I.C.L./(P) 1985 DISCOS CBS I.C.L./(P) 1986 DISCOS CBS I.C.L./(P) 1988 DISCOS CBS I.C.L./(P) 1992 SONY NUSIC ENTERTAINMENT (Brasil) I.C.L."
"spotify:track:3KibHDUgtIhZQLJxfkOAqW","Liberdade","spotify:artist:0sgV4klGs1Y1dgbBi28JlD","Simone","spotify:album:1JYt2TdDZ892RB6bns5bGp","Delirios Delicias","spotify:artist:0sgV4klGs1Y1dgbBi28JlD","Simone","1983-03-30","https://i.scdn.co/image/ab67616d0000b27356421033aeaee718f1236c25","1","3","240373","https://p.scdn.co/mp3-preview/51c5c4cb3465eebea16a6508c11a566137f2738b?cid=9950ac751e34487dbbe027c4fd7f8e99","false","15","BRSME9100033","spotify:user:isak.sjoholm.","2025-07-18T13:23:33Z","mpb,samba","0.412","0.384","0","-12.37","0","0.0321","0.451","0","0.124","0.263","101.372","4","","Columbia","P (P) 1983 Sony Music Entertainment (Brasil) I.C.L."
"spotify:track:4shDUHc8wZLbb5o5cebIkW","Você Não Sabe - Versão Remasterizada","spotify:artist:7fAKtXSdNInWAIf0jVUz65","Roberto Carlos","spotify:album:0hauvK98UWJhA925rkXjzH","Roberto Carlos (1983 Remasterizado)","spotify:artist:7fAKtXSdNInWAIf0jVUz65","Roberto Carlos","1983-04-07","https://i.scdn.co/image/ab67616d0000b273a5f59e03f99b940e7946a519","1","6","309306","https://p.scdn.co/mp3-preview/d34e8f58a01452b0f18764f8eeec161fc7374c25?cid=9950ac751e34487dbbe027c4fd7f8e99","false","24","BRSME8300099","spotify:user:isak.sjoholm.","2025-07-18T13:23:33Z","mpb,brega,bolero","0.373","0.106","0","-18.377","1","0.0335","0.48","0.00000664","0.129","0.0646","132.109","4","","Sony BMG Music Entertainment","P (P) 1983 Sony Music Entertainment Brasil Ltda"
"spotify:track:1HjkFGLM1EydOT1VlcxM0I","Menino Da Porteira","spotify:artist:3F2rHtObNsfZqenj9zMC9Z","Creone E Barrerito","spotify:album:2UZ5bGwFmqx5JOpRg7BapF","Cinquentenário Da Música Sertaneja","spotify:artist:0LyfQWJT6nXafLPZqxe9Of","Blandade Artister","1983-01-01","https://i.scdn.co/image/ab67616d0000b2737929976c9ac6ffce9bec1994","1","1","174933","https://p.scdn.co/mp3-preview/f1c577e7166ef634a42ed647f263f125e1058c8b?cid=9950ac751e34487dbbe027c4fd7f8e99","false","7","BREMI8300604","spotify:user:isak.sjoholm.","2025-07-18T13:23:33Z","sertanejo tradicional","0.739","0.29","4","-11.329","1","0.0349","0.757","0","0.11","0.756","87.216","4","","EMI Brazil","C © 1983 EMI Music Brasil Ltda, P ℗ 1983 EMI Music Brasil Ltda"
"spotify:track:7vT6wATLU2r61rbyyMUq5V","Barrados No Baile","spotify:artist:2CSXrjJrgPq1gKgOFw3sy4","Eduardo Dussek","spotify:album:0pObbWaaNJRVGTDQRfSkCq","Cantando No Banheiro","spotify:artist:2CSXrjJrgPq1gKgOFw3sy4","Eduardo Dussek","1983-06-05","https://i.scdn.co/image/ab67616d0000b273634e2ae53787fdbb297c3947","1","3","286099","https://p.scdn.co/mp3-preview/b0d038ecf5a04dce432a74fe4a70edc050d21b21?cid=9950ac751e34487dbbe027c4fd7f8e99","false","30","BRMCA8200138","spotify:user:isak.sjoholm.","2025-07-18T13:23:33Z","mpb,brasiliansk rock,brasiliansk pop","0.572","0.889","0","-5.881","1","0.277","0.103","0","0.152","0.759","162.233","3","","Universal Music Ltda.","C © 1983 Universal Music International, P ℗ 1983 Universal Music International"
"spotify:track:2vIrGgecDE8Cxf4KExQ1yu","Meu mundo vazio - Sereia","spotify:artist:4oa7ETNZH1ivfzFkCGVZlR, spotify:artist:55Wn8tf8dBvfl1HRsD7Kze","Milionário & José Rico, Continental","spotify:album:6SOjTQcOM9X2dQ81GxjRSI","Volume 13 (Amor Infinito)","spotify:artist:4oa7ETNZH1ivfzFkCGVZlR, spotify:artist:55Wn8tf8dBvfl1HRsD7Kze","Milionário & José Rico, Continental","1983","https://i.scdn.co/image/ab67616d0000b273b77ed11f736f935c9faf437a","1","7","229000","https://p.scdn.co/mp3-preview/562a4acd8046a8ffdacd72ad2c9447acb1790107?cid=9950ac751e34487dbbe027c4fd7f8e99","false","37","BRWMB9705700","spotify:user:isak.sjoholm.","2025-07-18T13:23:33Z","sertanejo tradicional,sertanejo,sertanejo tradicional,sertanejo,brega","0.545","0.469","0","-5.557","1","0.0291","0.39","0","0.471","0.723","82.592","3","","WM Brazil","C © 1983 WEA International Inc., P ℗ 2001 WEA International Inc."
"spotify:track:3GV1UgahL7JtN95Ip0K7BD","I'm Gonna Be Strong","spotify:artist:2BTZIqw0ntH9MvilQ3ewNY","Cyndi Lauper","spotify:album:7nGN8ny3YbvegR1NkU2LqB","Twelve Deadly Cyns...And Then Some","spotify:artist:2BTZIqw0ntH9MvilQ3ewNY","Cyndi Lauper","1983","https://i.scdn.co/image/ab67616d0000b27363e510334226d130b40a5b83","1","1","229893","https://p.scdn.co/mp3-preview/ba4dab2cba100de6a68a4aabb532bbf5534c0931?cid=9950ac751e34487dbbe027c4fd7f8e99","false","36","USSM19500156","spotify:user:isak.sjoholm.","2025-07-18T13:23:33Z","","0.318","0.276","1","-11.205","1","0.0323","0.635","0.00138","0.0826","0.0455","77.266","4","","Epic","P (P) 1983, 1986, 1989, 1993, 1994 Sony Music Entertainment Inc."
"spotify:track:3LiS5viC2gwt15WzhZEwqE","Caciqueando","spotify:artist:1WkZvxuA4zCcFF9GChK6Vr","Grupo Fundo De Quintal","spotify:album:25Y5N1aFJaScEWxl9cP1oF","Nos Pagodes da Vida","spotify:artist:1WkZvxuA4zCcFF9GChK6Vr","Grupo Fundo De Quintal","1983-01-01","https://i.scdn.co/image/ab67616d0000b2735de256a1d975c8e275663546","1","1","161866","https://p.scdn.co/mp3-preview/e1c961ab7e8b75c260fe1bcbcb0bf8ded331b75d?cid=9950ac751e34487dbbe027c4fd7f8e99","false","23","BRSGL8300146","spotify:user:isak.sjoholm.","2025-07-18T13:23:33Z","samba,pagode","0.674","0.838","1","-8.239","1","0.177","0.234","0.0000483","0.132","0.968","141.067","4","","Som Livre","C (C) 1983 Som Livre"
"spotify:track:5eB2DM4C6hlCGBpw59FuQt","Olho de Vidro","spotify:artist:2kkzrbalfNTXok48BWIqx0","Valderi e Mizael","spotify:album:3iMLU3R1n7hulC4XQvWN11","Olho de Vidro","spotify:artist:2kkzrbalfNTXok48BWIqx0","Valderi e Mizael","1983-04-10","https://i.scdn.co/image/ab67616d0000b2738bc861cfac741acbb9a94984","1","1","155977","","false","0","US7VG1956755","spotify:user:isak.sjoholm.","2025-07-18T13:23:33Z","sertanejo tradicional","0.684","0.489","2","-6.497","1","0.0322","0.602","0","0.298","0.882","106.457","3","","CENTER COMÉRCIO DE CD DO BRASIL LTDA","C 1983 Itaipu LTDA, P 1983 Itaipu LTDA"
"spotify:track:4KRzGzeUJLobMGUbBDc4Um","Rock Estrela - Remasterizado 2013","spotify:artist:2TjzEhCBd9s3YPWKPwKZYo","Leo Jaime","spotify:album:7pn0tjUBXXNNLmckBNtv6H","Nada Mudou (Box) [Remasterizado]","spotify:artist:2TjzEhCBd9s3YPWKPwKZYo","Leo Jaime","1983","https://i.scdn.co/image/ab67616d0000b273d398957b75a441c6a8014e9d","2","11","247280","https://p.scdn.co/mp3-preview/1524e5b12d5d09edabf5165c1ea6e4f29ab068f7?cid=9950ac751e34487dbbe027c4fd7f8e99","false","23","BRSME1301089","spotify:user:isak.sjoholm.","2025-07-18T13:23:33Z","brasiliansk rock,brasiliansk pop,mpb","0.386","0.913","6","-5.965","0","0.0562","0.00812","0.00151","0.149","0.724","136.639","4","","Sony Music Entertainment","P (P) 1983 DISCOS CBS I.C.L./(P) 1985 DISCOS CBS I.C.L./(P) 1986 DISCOS CBS I.C.L./(P) 1988 DISCOS CBS I.C.L./(P) 1992 SONY NUSIC ENTERTAINMENT (Brasil) I.C.L."
"spotify:track:4j9UJzUplJR66DndA04ZZV","So Glad You're Mine - Ao Vivo","spotify:artist:7jrRQZg4FZq6dwpi3baKcu","Raul Seixas","spotify:album:5lbHLi7b5oukp3M4qF0Bgj","Raul Seixas","spotify:artist:7jrRQZg4FZq6dwpi3baKcu","Raul Seixas","1983-07-01","https://i.scdn.co/image/ab67616d0000b2739441654e664a54d5e849a6fa","1","13","280813","https://p.scdn.co/mp3-preview/4e9486de55388bccf437279af2bb2fd2be169311?cid=9950ac751e34487dbbe027c4fd7f8e99","false","27","BRELD0200101","spotify:user:isak.sjoholm.","2025-07-18T13:23:33Z","brasiliansk rock,mpb,brasiliansk pop","0.351","0.68","2","-11.293","1","0.18","0.139","0.000723","0.857","0.622","91.16","4","","Gravadora Eldorado","C Gravadora Eldorado, P Gravadora Eldorado"
"spotify:track:23ATFanMKPTo2CXYfSebpw","Preço do Prazer","spotify:artist:4KWRrTJoM6MhOq3UTYctJV","Ritchie","spotify:album:2folhiorW4UtZhloQOUqZt","Vôo de Coração","spotify:artist:4KWRrTJoM6MhOq3UTYctJV","Ritchie","1983-01-01","https://i.scdn.co/image/ab67616d0000b273df1ad76d06fe7f07e70b164a","1","6","237613","https://p.scdn.co/mp3-preview/00252ecf166372224aa4cba82dd3bb2209cea025?cid=9950ac751e34487dbbe027c4fd7f8e99","false","27","BRSME8300017","spotify:user:isak.sjoholm.","2025-07-18T13:23:33Z","mpb,brasiliansk rock,brega,brasiliansk pop","0.586","0.841","0","-6.721","1","0.0479","0.0323","0","0.333","0.605","135.651","4","","Sony BMG Music Entertainment","P (P) 1983 Discos CBS I.C.L."
"spotify:track:4925ThJtVj5xGxY606CdNK","Rouge Carmin","spotify:artist:559vxOLTzlAv0zB77JMcdG","Alceu Valença","spotify:album:2QsjauuCi7hvlk5A9PRmzH","Anjo Avesso","spotify:artist:559vxOLTzlAv0zB77JMcdG","Alceu Valença","1983-01-01","https://i.scdn.co/image/ab67616d0000b273dcee4c4bcbd8bc17a18656fe","1","3","183853","https://p.scdn.co/mp3-preview/29474a7d06870bef23a0d3063f622fe9e65e3fb5?cid=9950ac751e34487dbbe027c4fd7f8e99","false","25","BRMCA8300119","spotify:user:isak.sjoholm.","2025-07-18T13:23:33Z","mpb,forró tradicional,forró","0.626","0.725","8","-7.575","0","0.0774","0.614","0.00000386","0.114","0.552","135.793","4","","Universal Music Ltda.","C © 2013 Universal Music Ltda, P ℗ 1983 Universal Music Ltda"
"spotify:track:52qZOHYIys89eC5bcQksVw","Blues do Iniciante","spotify:artist:5zq0SGWxrmzpTSXkBEQzMj","Barão Vermelho","spotify:album:3tPQA9m5HhUPxFi14K9YRr","Barão Vermelho 2","spotify:artist:5zq0SGWxrmzpTSXkBEQzMj","Barão Vermelho","1983-01-01","https://i.scdn.co/image/ab67616d0000b27370fa35a4c2bb1d695fb5866f","1","11","236866","https://p.scdn.co/mp3-preview/28447dee7aca04f6670a60ed5861e85921978d3b?cid=9950ac751e34487dbbe027c4fd7f8e99","false","24","BRRGE8300010","spotify:user:isak.sjoholm.","2025-07-18T13:23:33Z","brasiliansk rock,mpb,brasiliansk pop","0.378","0.17","4","-14.833","0","0.0484","0.956","0","0.0968","0.187","48.597","4","","Som Livre","C (C) 1983 Som Livre, P (P) 1983 Som Livre"
"spotify:track:6yVboKBBklSv8YRQATFXF0","Amor - Remasterizado 2013","spotify:artist:2TjzEhCBd9s3YPWKPwKZYo","Leo Jaime","spotify:album:7pn0tjUBXXNNLmckBNtv6H","Nada Mudou (Box) [Remasterizado]","spotify:artist:2TjzEhCBd9s3YPWKPwKZYo","Leo Jaime","1983","https://i.scdn.co/image/ab67616d0000b273d398957b75a441c6a8014e9d","3","5","254733","https://p.scdn.co/mp3-preview/f68b3c3cada819dc5d1886978838ee937c7d7a72?cid=9950ac751e34487dbbe027c4fd7f8e99","false","20","BRSME1301090","spotify:user:isak.sjoholm.","2025-07-18T13:23:33Z","brasiliansk rock,brasiliansk pop,mpb","0.615","0.604","9","-9.235","1","0.0327","0.415","0.000258","0.127","0.563","96.392","4","","Sony Music Entertainment","P (P) 1983 DISCOS CBS I.C.L./(P) 1985 DISCOS CBS I.C.L./(P) 1986 DISCOS CBS I.C.L./(P) 1988 DISCOS CBS I.C.L./(P) 1992 SONY NUSIC ENTERTAINMENT (Brasil) I.C.L."
"spotify:track:46xO2KLXamxY3ieH1wMNlY","Romance da Lua Lua","spotify:artist:5hzHutt6DLPzctqvnS6Fdv","Amelinha","spotify:album:5sNTIz51lu9HFpjZlxP8RH","Romance Da Lua Lua","spotify:artist:5hzHutt6DLPzctqvnS6Fdv","Amelinha","1983-03-30","https://i.scdn.co/image/ab67616d0000b2732f4c268db77cdfacc849acb6","1","1","169760","https://p.scdn.co/mp3-preview/3ac71471ba30e78655220772b443723efe841f4d?cid=9950ac751e34487dbbe027c4fd7f8e99","false","31","BRSME8300006","spotify:user:isak.sjoholm.","2025-07-18T13:23:33Z","mpb,forró tradicional,forró,brega","0.436","0.662","2","-11.556","1","0.218","0.424","0","0.146","0.949","165.864","4","","Sony BMG Music Entertainment","P 1983 SONY MUSIC ENTERTAINMENT (BRASIL) I.C.L."
"spotify:track:6iwG2AeeN77jW767i0dSuC","Estou Aqui - Versão Remasterizada","spotify:artist:7fAKtXSdNInWAIf0jVUz65","Roberto Carlos","spotify:album:0hauvK98UWJhA925rkXjzH","Roberto Carlos (1983 Remasterizado)","spotify:artist:7fAKtXSdNInWAIf0jVUz65","Roberto Carlos","1983-04-07","https://i.scdn.co/image/ab67616d0000b273a5f59e03f99b940e7946a519","1","3","281906","https://p.scdn.co/mp3-preview/d140fe5aa67ff430922193fe40b9eba60b28c5e7?cid=9950ac751e34487dbbe027c4fd7f8e99","false","33","BRSME8300096","spotify:user:isak.sjoholm.","2025-07-18T13:23:33Z","mpb,brega,bolero","0.512","0.146","3","-18.488","1","0.0352","0.277","0.00000451","0.0848","0.298","129.149","4","","Sony BMG Music Entertainment","P (P) 1983 Sony Music Entertainment Brasil Ltda"
"spotify:track:0rAX31FT5w3ZQbQMUSkxy8","Lança Perfume","spotify:artist:7dnT2FUXhjirperXaH22IJ, spotify:artist:4w4ll81d0dR8gz989jjko1","Rita Lee, Roberto De Carvalho","spotify:album:7i4l4zXrbUuK3sL3K99J27","Rita Hits","spotify:artist:0S1CERiykEQlCp8f3RXMSl","Rita Lee & Roberto De Carvalho","1984-02-07","https://i.scdn.co/image/ab67616d0000b2735aabb86e6230b68e258f675f","1","21","127840","","false","67","BREMI8000030","spotify:user:isak.sjoholm.","2025-07-18T13:23:33Z","mpb,brasiliansk rock,brasiliansk pop,mpb,brasiliansk rock","0.843","0.528","4","-12.88","1","0.0473","0.0396","0.0202","0.0594","0.962","127.284","4","","EMI Brazil","C © 1984 EMI Music Brasil Ltda, P This Compilation ℗ 1984 EMI Music Brasil Ltda"
"spotify:track:5KA4eI8lDoKSFd2Il7HVUe","Fim De Festa","spotify:artist:2yioZ2qyEHpU02c0zbvYza","Adílson Ramos","spotify:album:2CTrVrHg92Owv31L8VpUvt","Em Nome do Amor","spotify:artist:2yioZ2qyEHpU02c0zbvYza","Adílson Ramos","1984-04-06","https://i.scdn.co/image/ab67616d0000b273dcd367f555dcf5c3aee960ae","1","1","235813","https://p.scdn.co/mp3-preview/d527eecd5863154dcd2d9ecfd3b187738048254b?cid=9950ac751e34487dbbe027c4fd7f8e99","false","41","BRBMG8400147","spotify:user:isak.sjoholm.","2025-07-18T13:23:33Z","brega,seresta,tecnobrega,bolero","0.696","0.538","6","-9.953","1","0.0601","0.228","0","0.238","0.747","129.706","4","","Sony Music Entertainment","P (P) 1984 Sony Music Entertainment Brasil ltda."
"spotify:track:2oKy9MenJx69LTXiFiI5Nb","Sonho Impossível","spotify:artist:3f5VCwd57gZsqMad28jyLV","Maria Bethânia","spotify:album:5XZ0A8aTBOCF16KR62F8hU","""A Beira E O Mar""","spotify:artist:3f5VCwd57gZsqMad28jyLV","Maria Bethânia","1984-01-01","https://i.scdn.co/image/ab67616d0000b273851d6dfdc24aee00e7a1482c","1","13","166333","https://p.scdn.co/mp3-preview/f8c90f00d671106dc6c6d5efbb86a62d9b194f30?cid=9950ac751e34487dbbe027c4fd7f8e99","false","30","BRUM70500203","spotify:user:isak.sjoholm.","2025-07-18T13:23:33Z","mpb,samba,bossa nova,axé","0.445","0.294","4","-8.14","0","0.0349","0.915","0.00000297","0.106","0.498","130.884","3","","Universal Music Ltda.","C © 1984 Universal Music Ltda, P ℗ 1984 Universal Music Ltda"
"spotify:track:5CeeAFuy5kxNoq1Xn7v8tb","Coraçao Feliz","spotify:artist:56TkPi7rpmU8jTpkcK7FY3","Beth Carvalho","spotify:album:7vESlBDYniNTpgvZvvv4u7","Coração Feliz","spotify:artist:56TkPi7rpmU8jTpkcK7FY3","Beth Carvalho","1984-03-30","https://i.scdn.co/image/ab67616d0000b273dd5946298a1c895e29c8f9f7","1","7","203573","https://p.scdn.co/mp3-preview/90f8d5cc8c6f27ace8555dd50f85b2c3f030e2f2?cid=9950ac751e34487dbbe027c4fd7f8e99","false","34","BRBMG8400222","spotify:user:isak.sjoholm.","2025-07-18T13:23:33Z","samba,pagode,mpb","0.622","0.691","11","-7.076","0","0.0446","0.35","0","0.0851","0.742","149.998","4","","RCA Records Label","P (P) 1984 RCA"
"spotify:track:3mHDw3dk96UXHdCE4EBAQT","Senta Aqui (Sientate)","spotify:artist:60iOwdF3A0p4pAwgUXMaWU","Fábio Jr.","spotify:album:26gtdc34gWFtmew3Z9qvHC","Fábio Jr.","spotify:artist:60iOwdF3A0p4pAwgUXMaWU","Fábio Jr.","1984-03-02","https://i.scdn.co/image/ab67616d0000b273100168ed46d8d59918317188","1","6","210960","https://p.scdn.co/mp3-preview/eb94efa766e8ca1fa42d125fc2642256cae75e37?cid=9950ac751e34487dbbe027c4fd7f8e99","false","36","BRSME8400022","spotify:user:isak.sjoholm.","2025-07-18T13:23:33Z","mpb,brega,brasiliansk pop","0.656","0.368","9","-12.445","1","0.0361","0.552","0.0000334","0.118","0.595","109.793","4","","Sony BMG Music Entertainment","P 1984 SONY MUSIC ENTERTAINMENT (BRASIL) I.C.L."
"spotify:track:5SX064OiMZFmvno6l5CubJ","Entre lágrimas","spotify:artist:4oa7ETNZH1ivfzFkCGVZlR, spotify:artist:55Wn8tf8dBvfl1HRsD7Kze","Milionário & José Rico, Continental","spotify:album:7m29XHfIsbcj3tsCpRblt6","Volume 14 (Lembrança)","spotify:artist:4oa7ETNZH1ivfzFkCGVZlR, spotify:artist:55Wn8tf8dBvfl1HRsD7Kze","Milionário & José Rico, Continental","1984","https://i.scdn.co/image/ab67616d0000b27340fdf42d9fd7316173a0455e","1","3","248360","https://p.scdn.co/mp3-preview/a5ea65d484a792b085604be6b04cd3f9f3941d2e?cid=9950ac751e34487dbbe027c4fd7f8e99","false","32","BRWMB9800185","spotify:user:isak.sjoholm.","2025-07-18T13:23:33Z","sertanejo tradicional,sertanejo,sertanejo tradicional,sertanejo,brega","0.611","0.56","4","-6.667","1","0.0301","0.807","0.0000024","0.407","0.663","88.047","4","","WM Brazil","C © 1984 WEA International Inc., P ℗ 2001 WEA International Inc."
"spotify:track:765RTyV2os2vvSyWSMRwmM","Eu Quero Apenas","spotify:artist:5QN2JfJUOhcX4MVMNxgjyT","Waldik Soriano","spotify:album:4i3ykhLxxmYjisl6QYIRTG","Waldik Soriano Interpreta Roberto Carlos","spotify:artist:5QN2JfJUOhcX4MVMNxgjyT","Waldik Soriano","1984-01-01","https://i.scdn.co/image/ab67616d0000b27364a805a69f0a01bbb5a2e68e","1","11","276920","https://p.scdn.co/mp3-preview/01cdabe863163eef8cb42a34c752d72a09b79723?cid=9950ac751e34487dbbe027c4fd7f8e99","false","15","QM6MZ1417107","spotify:user:isak.sjoholm.","2025-07-18T13:23:33Z","brega,seresta,bolero","0.836","0.601","9","-7.517","1","0.0431","0.761","0.000161","0.0665","0.911","133.268","4","","Arca","C (C) 1984 Arca"
"spotify:track:7qrxRRkaqVoYs7UWTkL11n","Liberdade / Guerra Fria","spotify:artist:7lfmakKFOeQWdUrbmVK6EQ","RPM","spotify:album:1hbH0q0Ff3BRP2iuwLd5om","Revoluções por Minuto","spotify:artist:7lfmakKFOeQWdUrbmVK6EQ","RPM","1984","https://i.scdn.co/image/ab67616d0000b273589037de723d1763f13c7396","1","7","224600","https://p.scdn.co/mp3-preview/74da3194bb78a42bcf5e2fdaef8ac2b6515f3a16?cid=9950ac751e34487dbbe027c4fd7f8e99","false","25","BRSME8500016","spotify:user:isak.sjoholm.","2025-07-18T13:23:33Z","brasiliansk rock,brasiliansk pop,mpb","0.481","0.498","0","-15.223","1","0.0787","0.185","0.051","0.068","0.585","135.459","4","","Epic","P (P) 1984, 1985 Sony Music Entertainment (Brasil) I.C.L."
"spotify:track:4rGlExzvieJUZeAla0Cx6R","Nunca Pare De Sonhar (Sementes Do Amanhã)","spotify:artist:1LOFaxDBvn3YuvarTldGAe","Gonzaguinha","spotify:album:2sTdX5IvSvf8cZLUcnAlc0","Grávido","spotify:artist:1LOFaxDBvn3YuvarTldGAe","Gonzaguinha","1984-08-03","https://i.scdn.co/image/ab67616d0000b273f8c741087f67696c0503851c","1","9","229893","https://p.scdn.co/mp3-preview/dd5f1a5b8cdf82f7de83fc695b071cfebb9606bc?cid=9950ac751e34487dbbe027c4fd7f8e99","false","37","BREMI8400768","spotify:user:isak.sjoholm.","2025-07-18T13:23:33Z","mpb,samba","0.31","0.316","2","-11.563","1","0.0308","0.598","0.0000122","0.0462","0.313","65.401","4","","Universal Music Ltda.","C © 1984 EMI Records Brasil Ltda, P ℗ 1984 EMI Records Brasil Ltda"
"spotify:track:2HrocmoGvXltItP4LtueVH","Geléia geral","spotify:artist:7oEkUINVIj1Nr3Wnj8tzqr","Gilberto Gil","spotify:album:07taQ3ncLDpGdLKMm2OuXi","Quilombo (Original Motion Picture Soundtrack)","spotify:artist:7oEkUINVIj1Nr3Wnj8tzqr","Gilberto Gil","1984","https://i.scdn.co/image/ab67616d0000b273aad1e6a0be7798c2b8352c0a","1","15","273466","https://p.scdn.co/mp3-preview/8b485780f97cb4ccd38fdedc286a270a67b46ff2?cid=9950ac751e34487dbbe027c4fd7f8e99","false","13","BRWMB0201393","spotify:user:isak.sjoholm.","2025-07-18T13:23:33Z","mpb,bossa nova,forró tradicional,samba,brasiliansk jazz","0.813","0.695","2","-9.705","1","0.0387","0.164","0","0.0441","0.814","111.648","4","","WM Brazil","C © 1984 Warner Music Brasil Ltda., P ℗ 1984 Warner Music Brasil Ltda."
"spotify:track:7tZyS4ZpaLKqDEd5SzKoBu","Coração de luto","spotify:artist:5vY559DZMyUwsSYRGDZd7U, spotify:artist:55Wn8tf8dBvfl1HRsD7Kze","Teixeirinha, Continental","spotify:album:0dAB8tOloUEXF95oHgw6by","25 Anos de Sucesso","spotify:artist:5vY559DZMyUwsSYRGDZd7U, spotify:artist:55Wn8tf8dBvfl1HRsD7Kze","Teixeirinha, Continental","1984","https://i.scdn.co/image/ab67616d0000b273ddb960920327488817e89f53","1","7","196546","https://p.scdn.co/mp3-preview/fbf973fb53c9103844f1f1d419b1d65d0227ceb5?cid=9950ac751e34487dbbe027c4fd7f8e99","false","38","BRWMB9705135","spotify:user:isak.sjoholm.","2025-07-18T13:23:33Z","sertanejo tradicional,chamamé,sertanejo tradicional,sertanejo,brega","0.4","0.545","2","-6.439","0","0.0321","0.647","0","0.107","0.743","80.816","4","","WM Brazil","C © 1984 WEA International Inc., P ℗ 1996 WEA International Inc."
"spotify:track:7fFyfhbOyzX7q3qzkKDqzB","Diversão","spotify:artist:2euX7vCVnJy3TVEGfc0RCl","Titãs","spotify:album:7ve69fgxLJKauNa5cGelKV","84 94 - Volume 1","spotify:artist:2euX7vCVnJy3TVEGfc0RCl","Titãs","1984-05-30","https://i.scdn.co/image/ab67616d0000b2736dd8efd8b9bddbb39bc99ece","1","8","305200","https://p.scdn.co/mp3-preview/ac57255ec3f7dc5050e36c2376e7c49d55cedda9?cid=9950ac751e34487dbbe027c4fd7f8e99","false","27","BRWMB9701536","spotify:user:isak.sjoholm.","2025-07-18T13:23:33Z","brasiliansk rock,mpb,brasiliansk pop,poprock","0.792","0.883","4","-8.075","1","0.0337","0.128","0.00000176","0.11","0.908","121.126","4","","WM Brazil","C © 1994 WEA International Inc., P ℗ 1994 WEA International Inc."
"spotify:track:30FhcwCkWeiAYJAzFP7Cv9","Bombom (Maria Isabel)","spotify:artist:227JycdANvGMALjqUrdrp4","A Turma Do Balão Mágico","spotify:album:1aHexbt9oTbvleu0yEGn53","A Turma do Balão Mágico","spotify:artist:227JycdANvGMALjqUrdrp4","A Turma Do Balão Mágico","1984","https://i.scdn.co/image/ab67616d0000b27310bf4301ec1420a3ac23eca7","1","6","195933","https://p.scdn.co/mp3-preview/b5bdd5662830743aac6c6d92fd79ef76ea902d25?cid=9950ac751e34487dbbe027c4fd7f8e99","false","27","BRSME8400019","spotify:user:isak.sjoholm.","2025-07-18T13:23:33Z","vaggvisa,barnmusik","0.789","0.722","4","-7.609","1","0.116","0.326","0.0000408","0.132","0.799","153.813","4","","Sony Music Entertainment","P (P) 1984 Discos CBS I.C.L"
"spotify:track:3LLTIDNkO1wE46hqAhMCge","Toda cor","spotify:artist:2euX7vCVnJy3TVEGfc0RCl","Titãs","spotify:album:7ve69fgxLJKauNa5cGelKV","84 94 - Volume 1","spotify:artist:2euX7vCVnJy3TVEGfc0RCl","Titãs","1984-05-30","https://i.scdn.co/image/ab67616d0000b2736dd8efd8b9bddbb39bc99ece","1","2","204866","https://p.scdn.co/mp3-preview/daf780e61cccf93cfe979d0fc278b38f633dc89b?cid=9950ac751e34487dbbe027c4fd7f8e99","false","29","BRWMB9802084","spotify:user:isak.sjoholm.","2025-07-18T13:23:33Z","brasiliansk rock,mpb,brasiliansk pop,poprock","0.53","0.809","11","-8.776","0","0.0505","0.0512","0.0000551","0.285","0.881","183.694","4","","WM Brazil","C © 1994 WEA International Inc., P ℗ 1994 WEA International Inc."
"spotify:track:4sHQ8dsdc6dyTe4zsnzMA5","Cicatrizes","spotify:artist:6Enh1ZjJTJxuBsFCEf3xqI","Jorge Araújo","spotify:album:7vxOurc5MQhGdFd99jFHYL","Cicatrizes, Vol. 10","spotify:artist:6Enh1ZjJTJxuBsFCEf3xqI","Jorge Araújo","1984-04-05","https://i.scdn.co/image/ab67616d0000b2731ec43b1f0b1ad9adc4c0e56d","1","2","276266","https://p.scdn.co/mp3-preview/0afac430d7483635fc5b5753352dd741b5b42680?cid=9950ac751e34487dbbe027c4fd7f8e99","false","39","US7VG1904174","spotify:user:isak.sjoholm.","2025-07-18T13:23:33Z","brasiliansk gospel,pentecostal,gospel","0.305","0.444","7","-7.5","1","0.0286","0.418","0","0.166","0.286","182.942","3","","Editora e Gravadora Nova Geração","C 2019 Editora e Gravadora Nova Geração, P 2019 Editora e Gravadora Nova Geração"
"spotify:track:7428HIMOjase6r6Ybr4VWI","Pra Sempre E Mais Um Dia","spotify:artist:28IcRPf399RPv4TUiZ7uol","Marina Lima","spotify:album:3CgjFI4cjXwJEf7EQaXJQP","Fullgás","spotify:artist:28IcRPf399RPv4TUiZ7uol","Marina Lima","1984-01-03","https://i.scdn.co/image/ab67616d0000b2730c1b5f723452b5b2b7bc4ada","1","3","177440","https://p.scdn.co/mp3-preview/4822b8b22b5ca8270a230f2a2cd57295e8a803b3?cid=9950ac751e34487dbbe027c4fd7f8e99","false","35","BRMCA0500256","spotify:user:isak.sjoholm.","2025-07-18T13:23:33Z","mpb,brasiliansk rock,brasiliansk pop","0.677","0.53","4","-8.916","1","0.0274","0.514","0.000313","0.263","0.383","122.395","4","","Universal Music Ltda.","C © 1984 Universal Music International, P ℗ 1984 Universal Music International"
"spotify:track:5UdL4R04eb62LAJqiUPnNZ","Esquina do adeus","spotify:artist:4oa7ETNZH1ivfzFkCGVZlR, spotify:artist:55Wn8tf8dBvfl1HRsD7Kze","Milionário & José Rico, Continental","spotify:album:7m29XHfIsbcj3tsCpRblt6","Volume 14 (Lembrança)","spotify:artist:4oa7ETNZH1ivfzFkCGVZlR, spotify:artist:55Wn8tf8dBvfl1HRsD7Kze","Milionário & José Rico, Continental","1984","https://i.scdn.co/image/ab67616d0000b27340fdf42d9fd7316173a0455e","1","5","223746","https://p.scdn.co/mp3-preview/3f8c87bebc1d0b2e2db33a3e3857d3b241be79a2?cid=9950ac751e34487dbbe027c4fd7f8e99","false","35","BRWMB9706021","spotify:user:isak.sjoholm.","2025-07-18T13:23:33Z","sertanejo tradicional,sertanejo,sertanejo tradicional,sertanejo,brega","0.718","0.544","9","-6.24","1","0.035","0.612","0","0.131","0.902","143.849","3","","WM Brazil","C © 1984 WEA International Inc., P ℗ 2001 WEA International Inc."
"spotify:track:3i3kjQPfaEBr7YRzLeMWj2","Transe","spotify:artist:5rrmaoBXZ7Jcs4Qb77j0YA","Djavan","spotify:album:1FbOGgnq17jjkK5CqdgzqX","Lilás","spotify:artist:5rrmaoBXZ7Jcs4Qb77j0YA","Djavan","1984-03-25","https://i.scdn.co/image/ab67616d0000b273bab3edc61086b9dec4a1bbe0","1","4","293173","https://p.scdn.co/mp3-preview/b6432065bfb99e01347a7da2f5a2281d3247340f?cid=9950ac751e34487dbbe027c4fd7f8e99","false","36","BRSME8400055","spotify:user:isak.sjoholm.","2025-07-18T13:23:33Z","mpb,bossa nova","0.634","0.533","2","-8.636","0","0.0349","0.413","0","0.066","0.776","86.17","4","","Columbia","P (P) 1984 Discos CBS I.C.L."
"spotify:track:3lgJS4piPBtzeYcy78NgIW","Pr' Esse Vício","spotify:artist:7lfmakKFOeQWdUrbmVK6EQ","RPM","spotify:album:1hbH0q0Ff3BRP2iuwLd5om","Revoluções por Minuto","spotify:artist:7lfmakKFOeQWdUrbmVK6EQ","RPM","1984","https://i.scdn.co/image/ab67616d0000b273589037de723d1763f13c7396","1","10","229106","https://p.scdn.co/mp3-preview/effbb96e41a7a66e2dd34a3625e112d0a8980193?cid=9950ac751e34487dbbe027c4fd7f8e99","false","22","BRSME8500019","spotify:user:isak.sjoholm.","2025-07-18T13:23:33Z","brasiliansk rock,brasiliansk pop,mpb","0.494","0.654","2","-13.111","1","0.0344","0.374","0.00012","0.153","0.424","120.521","4","","Epic","P (P) 1984, 1985 Sony Music Entertainment (Brasil) I.C.L."
"spotify:track:1GQNVlSEpDxVUe4P1ELUjF","Mineiro do pé quente","spotify:artist:2PLF4pjm6A5eztTVbt9ou4, spotify:artist:55Wn8tf8dBvfl1HRsD7Kze","Tião Carreiro & Pardinho, Continental","spotify:album:1o9itRmGiKc7JvqrYNMpzE","Moda de Viola Classe A Volume 4","spotify:artist:2PLF4pjm6A5eztTVbt9ou4, spotify:artist:55Wn8tf8dBvfl1HRsD7Kze","Tião Carreiro & Pardinho, Continental","1984","https://i.scdn.co/image/ab67616d0000b273ec2fd7f08898c42b005a68af","1","11","242293","https://p.scdn.co/mp3-preview/cd25793d7e364539626a745be21b8d0c56c1d8ec?cid=9950ac751e34487dbbe027c4fd7f8e99","false","29","BRWMB9704878","spotify:user:isak.sjoholm.","2025-07-18T13:23:33Z","sertanejo tradicional,sertanejo,sertanejo tradicional,sertanejo,brega","0.626","0.298","10","-8.001","1","0.0543","0.864","0","0.0852","0.46","123.326","4","","WM Brazil","C © 1984 WEA International Inc., P ℗ 2000 WEA International Inc."
"spotify:track:5vj0qzKIn0mzr5x6bKfZuT","Matriz Ou Filial","spotify:artist:7gfkYbxpguEc9bm6m8TpAr","Chitãozinho & Xororó","spotify:album:1kttf5iV8pJrXSGGI15FiL","Amante","spotify:artist:7gfkYbxpguEc9bm6m8TpAr","Chitãozinho & Xororó","1984","https://i.scdn.co/image/ab67616d0000b273b27c06c13c9db897720a0556","1","4","186440","https://p.scdn.co/mp3-preview/811fece90158b2f8b29b9b86f147e8f4efc0288d?cid=9950ac751e34487dbbe027c4fd7f8e99","false","31","BREMI8400005","spotify:user:isak.sjoholm.","2025-07-18T13:23:33Z","sertanejo tradicional,sertanejo,agronejo","0.542","0.511","4","-9.786","1","0.0313","0.595","0.00000178","0.331","0.605","93.843","4","","EMI Music Brasil Ltda","C © 2015 EMI Records Brasil Ltda/Universal Music International Ltda, P ℗ 1984 EMI Records Brasil Ltda/Universal Music International Ltda"
"spotify:track:70v8p7rPaCvnWiiA8lT6JA","Go Back - Remix","spotify:artist:2euX7vCVnJy3TVEGfc0RCl","Titãs","spotify:album:7ve69fgxLJKauNa5cGelKV","84 94 - Volume 1","spotify:artist:2euX7vCVnJy3TVEGfc0RCl","Titãs","1984-05-30","https://i.scdn.co/image/ab67616d0000b2736dd8efd8b9bddbb39bc99ece","1","9","322093","https://p.scdn.co/mp3-preview/5773d5c710ba86c353f4a3d4876577a65b2a640f?cid=9950ac751e34487dbbe027c4fd7f8e99","false","30","BRWMB9806647","spotify:user:isak.sjoholm.","2025-07-18T13:23:33Z","brasiliansk rock,mpb,brasiliansk pop,poprock","0.697","0.724","2","-9.433","1","0.174","0.354","0.0301","0.346","0.796","178.358","4","","WM Brazil","C © 1994 WEA International Inc., P ℗ 1994 WEA International Inc."
"spotify:track:3hBQKN4M4zbf19AJF5GhuH","Não vou me adaptar","spotify:artist:2euX7vCVnJy3TVEGfc0RCl","Titãs","spotify:album:1euUIL6amId1FryJ18s8eo","Televisão","spotify:artist:2euX7vCVnJy3TVEGfc0RCl","Titãs","1984-05-30","https://i.scdn.co/image/ab67616d0000b273201d1c91db48f80b1b885d28","1","6","159973","https://p.scdn.co/mp3-preview/7716e4b31cb239152584fff800d8b6812895bde4?cid=9950ac751e34487dbbe027c4fd7f8e99","false","27","BRWMB9802085","spotify:user:isak.sjoholm.","2025-07-18T13:23:33Z","brasiliansk rock,mpb,brasiliansk pop,poprock","0.692","0.51","9","-12.661","1","0.0849","0.0691","0.000154","0.0716","0.705","100.187","4","","WM Brazil",""
"spotify:track:1CKeUYlrEIWLhClcyuUFFd","Um Messias Indeciso","spotify:artist:7jrRQZg4FZq6dwpi3baKcu","Raul Seixas","spotify:album:5oel0xSydYj8G6dGbqsIcr","Metrô Linha 743","spotify:artist:7jrRQZg4FZq6dwpi3baKcu","Raul Seixas","1984","https://i.scdn.co/image/ab67616d0000b27366c0c3008cbc8f512eea139e","1","2","294573","https://p.scdn.co/mp3-preview/c942a06a68844e65c75212ccac0ee9d772d75f99?cid=9950ac751e34487dbbe027c4fd7f8e99","false","39","BRRGE8800419","spotify:user:isak.sjoholm.","2025-07-18T13:23:33Z","brasiliansk rock,mpb,brasiliansk pop","0.492","0.362","9","-12.752","1","0.0426","0.298","0.000612","0.0853","0.208","124.125","4","","Som Livre","C (C) 1984 Som Livre, P (P) 1984 Som Livre"
"spotify:track:3b50rViMILSDgqQ1dGjp8i","Situações (feat. Paulo Cézar)","spotify:artist:41XTLrYfIdtr8frsp8Em5C, spotify:artist:59tkQh4975FMO2hfRLVfc7","Grupo Logos, Paulo Cézar","spotify:album:5ZKsL9G0Ph8JBJ3jKklMiI","Situações","spotify:artist:41XTLrYfIdtr8frsp8Em5C","Grupo Logos","1984-03-04","https://i.scdn.co/image/ab67616d0000b2737be5dac9b8f2d80afe25e0d6","1","1","246826","https://p.scdn.co/mp3-preview/bf0e31b42be7ac1e7157c2bfa54a1059332b110b?cid=9950ac751e34487dbbe027c4fd7f8e99","false","45","BRMIE1600011","spotify:user:isak.sjoholm.","2025-07-18T13:23:33Z","brasiliansk gospel,gospel","0.501","0.396","2","-12.111","1","0.0319","0.689","0","0.156","0.433","77.12","4","","Missão Evangélica Logos (Mel) - Distribution Baby Planet Digital","C 1984 Paulo Cézar da Silva, P 1984 Paulo Cézar da Silva"
"spotify:track:7M8NmxCUX8O5W7dtU9zxua","A mão da limpeza","spotify:artist:7oEkUINVIj1Nr3Wnj8tzqr","Gilberto Gil","spotify:album:09BGgHwf5W2jnE5UeJuuCk","Raça humana","spotify:artist:7oEkUINVIj1Nr3Wnj8tzqr","Gilberto Gil","1984","https://i.scdn.co/image/ab67616d0000b273f0d3cdef8fa7a810f33710f5","1","6","209120","https://p.scdn.co/mp3-preview/deb74b172d9a0395a3ae57c35078f56be31640b0?cid=9950ac751e34487dbbe027c4fd7f8e99","false","28","BRWMB9900483","spotify:user:isak.sjoholm.","2025-07-18T13:23:33Z","mpb,bossa nova,forró tradicional,samba,brasiliansk jazz","0.814","0.702","5","-9.11","1","0.0365","0.302","0.00105","0.116","0.959","105.419","4","","WM Brazil","C © 1984 Warner Music Brasil Ltda., P ℗ 1984 Warner Music Brasil Ltda."
"spotify:track:2KGhBlIunrALG8yxLKZS7X","Dolorosa","spotify:artist:5zq0SGWxrmzpTSXkBEQzMj","Barão Vermelho","spotify:album:6k3oXZh66IHJ9EznRhC9kR","Maior Abandonado","spotify:artist:5zq0SGWxrmzpTSXkBEQzMj","Barão Vermelho","1984-01-01","https://i.scdn.co/image/ab67616d0000b27358913ac3a01c4015ccb94565","1","10","174720","https://p.scdn.co/mp3-preview/47e683ec1b1f0b3daf0fdcad2d39786dbed5319e?cid=9950ac751e34487dbbe027c4fd7f8e99","false","29","BRRGE8400008","spotify:user:isak.sjoholm.","2025-07-18T13:23:33Z","brasiliansk rock,mpb,brasiliansk pop","0.71","0.762","2","-10.591","1","0.06","0.419","0.0000174","0.143","0.938","142.588","4","","Som Livre","C (C) 1984 Som Livre, P (P) 2006 Som Livre"
"spotify:track:08x2L2c3Sa9onKrK2CDPrj","Tordilho negro","spotify:artist:5vY559DZMyUwsSYRGDZd7U, spotify:artist:55Wn8tf8dBvfl1HRsD7Kze","Teixeirinha, Continental","spotify:album:0dAB8tOloUEXF95oHgw6by","25 Anos de Sucesso","spotify:artist:5vY559DZMyUwsSYRGDZd7U, spotify:artist:55Wn8tf8dBvfl1HRsD7Kze","Teixeirinha, Continental","1984","https://i.scdn.co/image/ab67616d0000b273ddb960920327488817e89f53","1","10","194440","https://p.scdn.co/mp3-preview/5669db208980dce8e1f7b162ff6525061f1a9839?cid=9950ac751e34487dbbe027c4fd7f8e99","false","37","BRWMB9705138","spotify:user:isak.sjoholm.","2025-07-18T13:23:33Z","sertanejo tradicional,chamamé,sertanejo tradicional,sertanejo,brega","0.765","0.522","2","-7.38","1","0.0341","0.405","0","0.213","0.967","106.599","3","","WM Brazil","C © 1984 WEA International Inc., P ℗ 1996 WEA International Inc."
"spotify:track:0gDvyUgaBYhTS8rGiaYofp","Fogueira","spotify:artist:4oqEOTTnqopPdYFYz0i61Y","Angela Ro Ro","spotify:album:2eds2m7S6XeralhbluMYa3","A Vida É Mesmo Assim","spotify:artist:4oqEOTTnqopPdYFYz0i61Y","Angela Ro Ro","1984-01-01","https://i.scdn.co/image/ab67616d0000b273ae59c199554dc93db2d1fa09","1","2","244986","https://p.scdn.co/mp3-preview/fed30b16b37afe8607826cf0cd7df576a13db396?cid=9950ac751e34487dbbe027c4fd7f8e99","false","33","BRPGD8400025","spotify:user:isak.sjoholm.","2025-07-18T13:23:33Z","mpb","0.298","0.267","0","-13.202","1","0.0344","0.899","0.00162","0.0921","0.133","90.413","3","","Universal Music Ltda.","C © 1984 Universal Music Ltda, P ℗ 1984 Universal Music Ltda"
"spotify:track:3mjEirwzr1IBLMqTjdUscn","Realidade","spotify:artist:1WkZvxuA4zCcFF9GChK6Vr","Grupo Fundo De Quintal","spotify:album:3h8475Q6mlm1uDIN68GQUT","Seja Sambista Também","spotify:artist:1WkZvxuA4zCcFF9GChK6Vr","Grupo Fundo De Quintal","1984-01-01","https://i.scdn.co/image/ab67616d0000b27306a2e8014cec5dca76d8261b","1","4","207026","https://p.scdn.co/mp3-preview/d5e6e5639bdedc3e377c0e11c6e88fdda24e7349?cid=9950ac751e34487dbbe027c4fd7f8e99","false","34","BRSGL8400067","spotify:user:isak.sjoholm.","2025-07-18T13:23:33Z","samba,pagode","0.692","0.77","11","-8.152","1","0.205","0.337","0","0.0654","0.849","98.063","4","","Som Livre","C (C) 1984 Som Livre"
"spotify:track:1TcA3oGrhEIcxmj83EjJ7h","Mas I Love You (Pra Ser Feliz)","spotify:artist:7jrRQZg4FZq6dwpi3baKcu","Raul Seixas","spotify:album:5oel0xSydYj8G6dGbqsIcr","Metrô Linha 743","spotify:artist:7jrRQZg4FZq6dwpi3baKcu","Raul Seixas","1984","https://i.scdn.co/image/ab67616d0000b27366c0c3008cbc8f512eea139e","1","7","218373","https://p.scdn.co/mp3-preview/7ef26549f48be8c6da459a2e55a4b708cf8a8fc8?cid=9950ac751e34487dbbe027c4fd7f8e99","false","42","BRSGL8400029","spotify:user:isak.sjoholm.","2025-07-18T13:23:33Z","brasiliansk rock,mpb,brasiliansk pop","0.724","0.533","7","-10.535","1","0.0268","0.0573","0.00333","0.218","0.743","115.249","4","","Som Livre","C (C) 1984 Som Livre, P (P) 1984 Som Livre"
"spotify:track:0tJ1gLwDqKzVh7JlUZGju2","Não vou me adaptar","spotify:artist:2euX7vCVnJy3TVEGfc0RCl","Titãs","spotify:album:7ve69fgxLJKauNa5cGelKV","84 94 - Volume 1","spotify:artist:2euX7vCVnJy3TVEGfc0RCl","Titãs","1984-05-30","https://i.scdn.co/image/ab67616d0000b2736dd8efd8b9bddbb39bc99ece","1","3","159973","https://p.scdn.co/mp3-preview/7716e4b31cb239152584fff800d8b6812895bde4?cid=9950ac751e34487dbbe027c4fd7f8e99","false","25","BRWMB9802085","spotify:user:isak.sjoholm.","2025-07-18T13:23:33Z","brasiliansk rock,mpb,brasiliansk pop,poprock","0.692","0.51","9","-12.661","1","0.0849","0.0691","0.000154","0.0716","0.705","100.187","4","","WM Brazil","C © 1994 WEA International Inc., P ℗ 1994 WEA International Inc."
"spotify:track:5D0fUrqK1FHzYOJBUelCqh","Cachorro de Madame","spotify:artist:7HUHsmvWREkN4l179tvpBe","Chrystian & Ralf","spotify:album:2Vm9vduBNJ93CZ7k7lEMaT","Noite de Tortura","spotify:artist:7HUHsmvWREkN4l179tvpBe","Chrystian & Ralf","1984-01-01","https://i.scdn.co/image/ab67616d0000b273a8ced7df3d176496b00b167a","1","9","148880","https://p.scdn.co/mp3-preview/6e3ec90e8ca4d12fc8c38339fd2234112d1a6da1?cid=9950ac751e34487dbbe027c4fd7f8e99","false","16","BRRGE8400102","spotify:user:isak.sjoholm.","2025-07-18T13:23:33Z","sertanejo tradicional,sertanejo","0.641","0.335","11","-14.403","1","0.0404","0.651","0","0.0982","0.914","104.655","3","","Som Livre","C (C) 2017 Som Livre"
"spotify:track:43iV4vJ6ObLWsiJYrmODFf","A Deserdada","spotify:artist:7HUHsmvWREkN4l179tvpBe","Chrystian & Ralf","spotify:album:2Vm9vduBNJ93CZ7k7lEMaT","Noite de Tortura","spotify:artist:7HUHsmvWREkN4l179tvpBe","Chrystian & Ralf","1984-01-01","https://i.scdn.co/image/ab67616d0000b273a8ced7df3d176496b00b167a","1","3","213626","https://p.scdn.co/mp3-preview/7a7e5a591796204fc45250aeedbad168c064dcfa?cid=9950ac751e34487dbbe027c4fd7f8e99","false","20","BRRGE8400104","spotify:user:isak.sjoholm.","2025-07-18T13:23:33Z","sertanejo tradicional,sertanejo","0.312","0.329","10","-13.806","1","0.0417","0.602","0","0.399","0.607","81.685","4","","Som Livre","C (C) 2017 Som Livre"
"spotify:track:6pf88f6votx0SNxPJZxjSI","Brejo Da Cruz","spotify:artist:6tOsSffQQIXmK8TqsDck8t","Chico Buarque","spotify:album:7gPPAMMYpqGNrhKwLGNibG","Chico Buarque","spotify:artist:6tOsSffQQIXmK8TqsDck8t","Chico Buarque","1984","https://i.scdn.co/image/ab67616d0000b273f506a580cdd13816825df17c","1","2","214400","https://p.scdn.co/mp3-preview/ac0cc03a140030b5ac794c4479c173d5b4ab2de8?cid=9950ac751e34487dbbe027c4fd7f8e99","false","28","BRPGD8400008","spotify:user:isak.sjoholm.","2025-07-18T13:23:33Z","mpb,bossa nova,samba,brasiliansk jazz","0.749","0.683","8","-7.512","0","0.0423","0.646","0.000653","0.112","0.628","117.207","4","","Universal Music Ltda.","C © 1984 Universal Music Ltda, P ℗ 1984 Universal Music Ltda"
"spotify:track:7El6fYwROPS94X1XtDuuqm","Castelo de Cera","spotify:artist:1WkZvxuA4zCcFF9GChK6Vr","Grupo Fundo De Quintal","spotify:album:3h8475Q6mlm1uDIN68GQUT","Seja Sambista Também","spotify:artist:1WkZvxuA4zCcFF9GChK6Vr","Grupo Fundo De Quintal","1984-01-01","https://i.scdn.co/image/ab67616d0000b27306a2e8014cec5dca76d8261b","1","7","207666","https://p.scdn.co/mp3-preview/ba4f990772a23a4458e15a058b172f1471b1d0e8?cid=9950ac751e34487dbbe027c4fd7f8e99","false","29","BRSGL8400070","spotify:user:isak.sjoholm.","2025-07-18T13:23:33Z","samba,pagode","0.721","0.869","2","-8.42","1","0.189","0.104","0","0.143","0.926","111.584","4","","Som Livre","C (C) 1984 Som Livre"
"spotify:track:6uVxeT7xGjZHL1AdgCElnI","Boi cigano","spotify:artist:2PLF4pjm6A5eztTVbt9ou4, spotify:artist:55Wn8tf8dBvfl1HRsD7Kze","Tião Carreiro & Pardinho, Continental","spotify:album:1o9itRmGiKc7JvqrYNMpzE","Moda de Viola Classe A Volume 4","spotify:artist:2PLF4pjm6A5eztTVbt9ou4, spotify:artist:55Wn8tf8dBvfl1HRsD7Kze","Tião Carreiro & Pardinho, Continental","1984","https://i.scdn.co/image/ab67616d0000b273ec2fd7f08898c42b005a68af","1","5","172493","https://p.scdn.co/mp3-preview/85cb377a4326059163d88019bc7e2c4381305e71?cid=9950ac751e34487dbbe027c4fd7f8e99","false","28","BRWMB0001056","spotify:user:isak.sjoholm.","2025-07-18T13:23:33Z","sertanejo tradicional,sertanejo,sertanejo tradicional,sertanejo,brega","0.644","0.305","10","-8.979","1","0.0776","0.909","0","0.0848","0.5","120.4","1","","WM Brazil","C © 1984 WEA International Inc., P ℗ 2000 WEA International Inc."
"spotify:track:7nz4tD0Eg2u5hFkyGPGjkV","O que","spotify:artist:2euX7vCVnJy3TVEGfc0RCl","Titãs","spotify:album:7ve69fgxLJKauNa5cGelKV","84 94 - Volume 1","spotify:artist:2euX7vCVnJy3TVEGfc0RCl","Titãs","1984-05-30","https://i.scdn.co/image/ab67616d0000b2736dd8efd8b9bddbb39bc99ece","1","6","402826","https://p.scdn.co/mp3-preview/7c5e720cd34144c9eadd68425f663345b47b42d0?cid=9950ac751e34487dbbe027c4fd7f8e99","false","23","BRWMB9701531","spotify:user:isak.sjoholm.","2025-07-18T13:23:33Z","brasiliansk rock,mpb,brasiliansk pop,poprock","0.832","0.912","7","-4.857","1","0.101","0.0139","0.00071","0.0632","0.759","117.561","4","","WM Brazil","C © 1994 WEA International Inc., P ℗ 1994 WEA International Inc."
"spotify:track:1VJFyixnIuV2UnI1n3DLD3","Situações","spotify:artist:41XTLrYfIdtr8frsp8Em5C","Grupo Logos","spotify:album:2e43T2k8IhaJ3xLt7YLu5e","Situações","spotify:artist:41XTLrYfIdtr8frsp8Em5C","Grupo Logos","1984-06-03","https://i.scdn.co/image/ab67616d0000b273c3eebef1435eaeedd45f7b0d","1","1","246839","https://p.scdn.co/mp3-preview/2557553f265637dcae332b715fe53a60297e247d?cid=9950ac751e34487dbbe027c4fd7f8e99","false","31","BRMIE1600011","spotify:user:isak.sjoholm.","2025-07-18T13:23:33Z","brasiliansk gospel,gospel","0.497","0.408","2","-12.078","1","0.0326","0.653","0","0.165","0.43","77.62","4","","Grupo Logos","C 1984 MEL, P 1984 MEL"
"spotify:track:4hHKyCr0domL5f6cYK5DPJ","Milagre da Flecha","spotify:artist:3RcYwgJMwT88VPivNwlIza, spotify:artist:5H2vNcnFlfbkgCgph6PaRS","Moacyr Franco, Eduardo Assad","spotify:album:1KuhIHUvJBo58m0EAhjRdk","Milagre da Flecha - Single","spotify:artist:3RcYwgJMwT88VPivNwlIza","Moacyr Franco","1984-01-01","https://i.scdn.co/image/ab67616d0000b2735f3de67be7d018c8b5de2c9a","1","1","235720","https://p.scdn.co/mp3-preview/8244a3d4e23033e3f106093068762b893a7931c8?cid=9950ac751e34487dbbe027c4fd7f8e99","false","15","QM4TW1502555","spotify:user:isak.sjoholm.","2025-07-18T13:23:33Z","brega,seresta,bolero","0.435","0.473","7","-10.9","1","0.0303","0.256","0.00000828","0.304","0.544","100.876","4","","Arca","C (C) 1984 Arca"
"spotify:track:373HQDCGtyRZAauT1PHJ2b","Amor Vazio","spotify:artist:2SQHdu1so7C2b5yBwnEUYP","Celso Blues Boy","spotify:album:3EItTwyFeAEhiSOtupVVwY","Som Na Guitarra","spotify:artist:2SQHdu1so7C2b5yBwnEUYP","Celso Blues Boy","1984-04-24","https://i.scdn.co/image/ab67616d0000b2734b7fd4bc82d95b188de54575","1","5","261511","https://p.scdn.co/mp3-preview/95b7f53d7dd20be84afe4b661198a869b0868e7e?cid=9950ac751e34487dbbe027c4fd7f8e99","false","26","BRUM71703728","spotify:user:isak.sjoholm.","2025-07-18T13:23:33Z","brasiliansk rock,blues","0.642","0.757","11","-5.452","0","0.0304","0.101","0.000761","0.0828","0.945","136.133","4","","Universal Music Ltda.","C © 1984 Universal Music Ltda, P ℗ 1984 Universal Music Ltda"
"spotify:track:4npM4vgcLdhWa8p6AeKQ5b","Eu Sou Egoísta","spotify:artist:7jrRQZg4FZq6dwpi3baKcu","Raul Seixas","spotify:album:5oel0xSydYj8G6dGbqsIcr","Metrô Linha 743","spotify:artist:7jrRQZg4FZq6dwpi3baKcu","Raul Seixas","1984","https://i.scdn.co/image/ab67616d0000b27366c0c3008cbc8f512eea139e","1","8","183786","https://p.scdn.co/mp3-preview/4c04b691eee4301efbdf5c3aa509caa5f6aed142?cid=9950ac751e34487dbbe027c4fd7f8e99","false","29","BRRGE8800423","spotify:user:isak.sjoholm.","2025-07-18T13:23:33Z","brasiliansk rock,mpb,brasiliansk pop","0.54","0.522","5","-12.419","1","0.169","0.357","0","0.272","0.68","150.792","4","","Som Livre","C (C) 1984 Som Livre, P (P) 1984 Som Livre"
"spotify:track:6ZXhvunc9tJlEyChk0kjTQ","Desafio das perguntas","spotify:artist:5vY559DZMyUwsSYRGDZd7U, spotify:artist:55Wn8tf8dBvfl1HRsD7Kze","Teixeirinha, Continental","spotify:album:0dAB8tOloUEXF95oHgw6by","25 Anos de Sucesso","spotify:artist:5vY559DZMyUwsSYRGDZd7U, spotify:artist:55Wn8tf8dBvfl1HRsD7Kze","Teixeirinha, Continental","1984","https://i.scdn.co/image/ab67616d0000b273ddb960920327488817e89f53","1","12","354600","https://p.scdn.co/mp3-preview/dabc2e2021435df00d9f406ec8d19034ac49033c?cid=9950ac751e34487dbbe027c4fd7f8e99","false","32","BRWMB9705140","spotify:user:isak.sjoholm.","2025-07-18T13:23:33Z","sertanejo tradicional,chamamé,sertanejo tradicional,sertanejo,brega","0.742","0.647","5","-7.353","1","0.0439","0.165","0","0.105","0.934","117.973","4","","WM Brazil","C © 1984 WEA International Inc., P ℗ 1996 WEA International Inc."
"spotify:track:0vgdUndQX3KglIsQMzDUXM","Anarkilópolis (Cowboy Fora da Lei Nº 2) - Faixa Bônus","spotify:artist:7jrRQZg4FZq6dwpi3baKcu","Raul Seixas","spotify:album:5oel0xSydYj8G6dGbqsIcr","Metrô Linha 743","spotify:artist:7jrRQZg4FZq6dwpi3baKcu","Raul Seixas","1984","https://i.scdn.co/image/ab67616d0000b27366c0c3008cbc8f512eea139e","1","11","207226","https://p.scdn.co/mp3-preview/21afbdbd8fcacc50e409fd9eb5b3c26629c3c984?cid=9950ac751e34487dbbe027c4fd7f8e99","false","32","BRSGL0300003","spotify:user:isak.sjoholm.","2025-07-18T13:23:33Z","brasiliansk rock,mpb,brasiliansk pop","0.787","0.629","3","-7.478","0","0.108","0.352","0","0.135","0.816","96.784","4","","Som Livre","C (C) 1984 Som Livre, P (P) 1984 Som Livre"
"spotify:track:0OwUgnOVqNf88Swjr8ugh7","Nova Esperança","spotify:artist:1WkZvxuA4zCcFF9GChK6Vr","Grupo Fundo De Quintal","spotify:album:3h8475Q6mlm1uDIN68GQUT","Seja Sambista Também","spotify:artist:1WkZvxuA4zCcFF9GChK6Vr","Grupo Fundo De Quintal","1984-01-01","https://i.scdn.co/image/ab67616d0000b27306a2e8014cec5dca76d8261b","1","11","201373","https://p.scdn.co/mp3-preview/60f918b18850f34f6220b33a9e76282bfe62789a?cid=9950ac751e34487dbbe027c4fd7f8e99","false","32","BRSGL8400074","spotify:user:isak.sjoholm.","2025-07-18T13:23:33Z","samba,pagode","0.556","0.794","2","-9.119","1","0.0514","0.213","0","0.048","0.936","87.989","4","","Som Livre","C (C) 1984 Som Livre"
"spotify:track:1oZJavFgtyWB6sDrjxp8SZ","Sucesso Sexual","spotify:artist:4oqEOTTnqopPdYFYz0i61Y","Angela Ro Ro","spotify:album:2eds2m7S6XeralhbluMYa3","A Vida É Mesmo Assim","spotify:artist:4oqEOTTnqopPdYFYz0i61Y","Angela Ro Ro","1984-01-01","https://i.scdn.co/image/ab67616d0000b273ae59c199554dc93db2d1fa09","1","6","197013","https://p.scdn.co/mp3-preview/319340337d3f5f2a1f1a583a3106929029d4f4c2?cid=9950ac751e34487dbbe027c4fd7f8e99","false","38","BRMCA8400101","spotify:user:isak.sjoholm.","2025-07-18T13:23:33Z","mpb","0.726","0.668","0","-7.877","1","0.16","0.293","0.125","0.137","0.894","104.648","4","","Universal Music Ltda.","C © 1984 Universal Music Ltda, P ℗ 1984 Universal Music Ltda"
"spotify:track:23XSm0cqVdlNllwnIck1id","Estrada do Coração","spotify:artist:5T2UOU9fV8RcUgLH3b6TTN","Agepê","spotify:album:5PM74ZBfnDdbY2JtmmNmp6","Mistura Brasileira","spotify:artist:5T2UOU9fV8RcUgLH3b6TTN","Agepê","1984-01-01","https://i.scdn.co/image/ab67616d0000b273857b27beabf0241efc4afade","1","3","228893","https://p.scdn.co/mp3-preview/5eec0bc8af5a19aa5bb61036be7a1315d6a790e3?cid=9950ac751e34487dbbe027c4fd7f8e99","false","40","BRSGL9400015","spotify:user:isak.sjoholm.","2025-07-18T13:23:33Z","samba,pagode,mpb","0.664","0.732","7","-8.636","0","0.0377","0.432","0.0000032","0.135","0.943","131.942","4","","Som Livre","C (C) 1984 Som Livre"
"spotify:track:290MVBsnAcx7tM1jlJ0bzZ","Minha Amiga","spotify:artist:7gfkYbxpguEc9bm6m8TpAr","Chitãozinho & Xororó","spotify:album:1kttf5iV8pJrXSGGI15FiL","Amante","spotify:artist:7gfkYbxpguEc9bm6m8TpAr","Chitãozinho & Xororó","1984","https://i.scdn.co/image/ab67616d0000b273b27c06c13c9db897720a0556","1","2","207800","https://p.scdn.co/mp3-preview/b71e1eb73911630949af79aeaedc99e4e538d040?cid=9950ac751e34487dbbe027c4fd7f8e99","false","33","BREMI8400003","spotify:user:isak.sjoholm.","2025-07-18T13:23:33Z","sertanejo tradicional,sertanejo,agronejo","0.292","0.443","10","-10.135","1","0.0427","0.729","0","0.241","0.665","174.521","3","","EMI Music Brasil Ltda","C © 2015 EMI Records Brasil Ltda/Universal Music International Ltda, P ℗ 1984 EMI Records Brasil Ltda/Universal Music International Ltda"
"spotify:track:2UWOUVoVDX4lLjtDGS3ML1","Pot Pourri: Cantei Só Pra Distrair/ Cadê Iô Iô","spotify:artist:1WkZvxuA4zCcFF9GChK6Vr","Grupo Fundo De Quintal","spotify:album:3h8475Q6mlm1uDIN68GQUT","Seja Sambista Também","spotify:artist:1WkZvxuA4zCcFF9GChK6Vr","Grupo Fundo De Quintal","1984-01-01","https://i.scdn.co/image/ab67616d0000b27306a2e8014cec5dca76d8261b","1","1","269693","https://p.scdn.co/mp3-preview/ea7e79084214db634131eb8d63838e5d893a6161?cid=9950ac751e34487dbbe027c4fd7f8e99","false","30","BRSGL8400064","spotify:user:isak.sjoholm.","2025-07-18T13:23:33Z","samba,pagode","0.719","0.781","1","-7.028","1","0.164","0.196","0","0.0497","0.912","107.689","4","","Som Livre","C (C) 1984 Som Livre"
"spotify:track:53VHn7cXr0Xn4AenaxvEpk","Amor Verdadeiro","spotify:artist:0jOs0wnXCu1bGGP7kh5uIu","Tim Maia","spotify:album:7KNagdSl8fh69ceZLx06jU","Sufocante","spotify:artist:0jOs0wnXCu1bGGP7kh5uIu","Tim Maia","1984-01-09","https://i.scdn.co/image/ab67616d0000b27335af707a2caf8a441d291d01","1","8","308427","https://p.scdn.co/mp3-preview/7df8f3b50f7cc61be0019d066108ba78486646d3?cid=9950ac751e34487dbbe027c4fd7f8e99","false","24","BRUM70700553","spotify:user:isak.sjoholm.","2025-07-18T13:23:33Z","mpb","0.414","0.527","9","-10.968","0","0.035","0.474","0.000277","0.101","0.375","121.172","4","","Universal Music Ltda.","C © 1984 Universal Music International, P ℗ 1984 Universal Music International"
"spotify:track:7BtBhEqSIBoWeOkJTDIGkN","As Mesmas Coisas - Versão Remasterizada","spotify:artist:7fAKtXSdNInWAIf0jVUz65","Roberto Carlos","spotify:album:1x0CxTDlE8xqCVUTQnh98f","Roberto Carlos (1984 Remasterizado)","spotify:artist:7fAKtXSdNInWAIf0jVUz65","Roberto Carlos","1984-02-01","https://i.scdn.co/image/ab67616d0000b2737e7b9c15b99b0a8d0c0790a6","1","9","227493","https://p.scdn.co/mp3-preview/95d2cbe981583ea8a12e9b1b8be7a645f79fd683?cid=9950ac751e34487dbbe027c4fd7f8e99","false","25","BRSME8400139","spotify:user:isak.sjoholm.","2025-07-18T13:23:33Z","mpb,brega,bolero","0.474","0.23","11","-19.933","0","0.0296","0.106","0.00208","0.132","0.192","84.698","4","","Sony BMG Music Entertainment","P (P) 1984 Sony Music Entertainment Brasil Ltda"
"spotify:track:11T7zZJGL5wUroVOreU6BP","Por que não eu?","spotify:artist:0qF4CwUutS8ukBdGKV4vfl","Kid Abelha e os Abóboras Selvagens","spotify:album:4NLVOcRYthD3SL6gm7fyVN","Seu Espião (Remasterizado)","spotify:artist:4bOZtegYNmYOe3gMgPtt0H","Kid Abelha","1984","https://i.scdn.co/image/ab67616d0000b273d5de9c0529298a4408cc7c79","1","8","183493","https://p.scdn.co/mp3-preview/b79fc5cd3b7b05244111442c47538b26b9926ea7?cid=9950ac751e34487dbbe027c4fd7f8e99","false","35","BRWMB9701507","spotify:user:isak.sjoholm.","2025-07-18T13:23:33Z","brasiliansk rock","0.719","0.645","7","-8.395","1","0.0348","0.113","0.0354","0.071","0.965","138.002","4","","WM Brazil","C © 2006 Warner Music Brazil Ltda, P ℗ 2006 Warner Music Brazil Ltda"
"spotify:track:0DvA1rwFdypY7WQNowoPVJ","A Geração da Luz","spotify:artist:7jrRQZg4FZq6dwpi3baKcu","Raul Seixas","spotify:album:5oel0xSydYj8G6dGbqsIcr","Metrô Linha 743","spotify:artist:7jrRQZg4FZq6dwpi3baKcu","Raul Seixas","1984","https://i.scdn.co/image/ab67616d0000b27366c0c3008cbc8f512eea139e","1","10","176200","https://p.scdn.co/mp3-preview/31448f2e816691254fd9c9536101619e189a3a92?cid=9950ac751e34487dbbe027c4fd7f8e99","false","38","BRRGE8800425","spotify:user:isak.sjoholm.","2025-07-18T13:23:33Z","brasiliansk rock,mpb,brasiliansk pop","0.7","0.656","4","-7.911","1","0.109","0.224","0","0.0797","0.962","138.214","4","","Som Livre","C (C) 1984 Som Livre, P (P) 1984 Som Livre"
"spotify:track:7gowLNY0HqyvpD5Cq6T43N","A raça humana","spotify:artist:7oEkUINVIj1Nr3Wnj8tzqr","Gilberto Gil","spotify:album:09BGgHwf5W2jnE5UeJuuCk","Raça humana","spotify:artist:7oEkUINVIj1Nr3Wnj8tzqr","Gilberto Gil","1984","https://i.scdn.co/image/ab67616d0000b273f0d3cdef8fa7a810f33710f5","1","9","269813","https://p.scdn.co/mp3-preview/5620d8a371f31a1e7441c3d7bf684c205eb248ee?cid=9950ac751e34487dbbe027c4fd7f8e99","false","29","BRWMB9900485","spotify:user:isak.sjoholm.","2025-07-18T13:23:33Z","mpb,bossa nova,forró tradicional,samba,brasiliansk jazz","0.621","0.633","9","-9.176","0","0.0493","0.221","0.25","0.0675","0.851","172.949","3","","WM Brazil","C © 1984 Warner Music Brasil Ltda., P ℗ 1984 Warner Music Brasil Ltda."
"spotify:track:47K4oXbgFXzA81pw6uJhjU","Eu Te Amo (And I Love Her) - Versão Remasterizada","spotify:artist:7fAKtXSdNInWAIf0jVUz65","Roberto Carlos","spotify:album:1x0CxTDlE8xqCVUTQnh98f","Roberto Carlos (1984 Remasterizado)","spotify:artist:7fAKtXSdNInWAIf0jVUz65","Roberto Carlos","1984-02-01","https://i.scdn.co/image/ab67616d0000b2737e7b9c15b99b0a8d0c0790a6","1","7","226666","https://p.scdn.co/mp3-preview/2ddcc26f80f4037f845ed79e9cb69473b23f3414?cid=9950ac751e34487dbbe027c4fd7f8e99","false","30","BRSME8400137","spotify:user:isak.sjoholm.","2025-07-18T13:23:33Z","mpb,brega,bolero","0.584","0.248","11","-18.621","0","0.0271","0.0473","0.00652","0.261","0.427","91.184","4","","Sony BMG Music Entertainment","P (P) 1984 Sony Music Entertainment Brasil Ltda"
"spotify:track:6lHNO0NVCwrH1Ak2MzCi5x","Amor, Agora Não","spotify:artist:1WkZvxuA4zCcFF9GChK6Vr","Grupo Fundo De Quintal","spotify:album:3h8475Q6mlm1uDIN68GQUT","Seja Sambista Também","spotify:artist:1WkZvxuA4zCcFF9GChK6Vr","Grupo Fundo De Quintal","1984-01-01","https://i.scdn.co/image/ab67616d0000b27306a2e8014cec5dca76d8261b","1","2","179266","https://p.scdn.co/mp3-preview/c87f714b8c31ef6006766eb117631d330eefcc2e?cid=9950ac751e34487dbbe027c4fd7f8e99","false","32","BRRGE8400042","spotify:user:isak.sjoholm.","2025-07-18T13:23:33Z","samba,pagode","0.685","0.787","5","-8.89","0","0.0974","0.198","0","0.116","0.941","94.216","4","","Som Livre","C (C) 1984 Som Livre"
"spotify:track:5ZQlA2c1wJGFXtrkKuDUPd","Verdades e Mentiras","spotify:artist:3X1DjCUqdGyFRCT2cQ7345","Voluntários da Pátria","spotify:album:2CC94Hi6GncLnLZqf4Rnum","Voluntários da Pátria","spotify:artist:3X1DjCUqdGyFRCT2cQ7345","Voluntários da Pátria","1984-07-07","https://i.scdn.co/image/ab67616d0000b27353fca2e7769ceebc66b980bf","1","6","211560","https://p.scdn.co/mp3-preview/473ffa8d547166e930e2d55be392e8ec2ae26341?cid=9950ac751e34487dbbe027c4fd7f8e99","false","22","BRCEP1600114","spotify:user:isak.sjoholm.","2025-07-18T13:23:33Z","postpunk,brasiliansk rock","0.643","0.613","0","-12.145","1","0.0466","0.00805","0.00212","0.0925","0.692","80.12","4","","Baratos Afins","C Baratos Afins, P Baratos Afins"
"spotify:track:5pBTFaE5NF2gtpVfAPHerI","O Filho Do 'Seu Menino'","spotify:artist:7K4gHixgiMhvBDewgHoxVk, spotify:artist:0rzVUhvOIVNUbY6uKCpGfb","Jair Rodrigues, Luciana Mello","spotify:album:6PJmtawraZbOUlyuzGNNNC","Luzes Do Prazer","spotify:artist:7K4gHixgiMhvBDewgHoxVk","Jair Rodrigues","1984-08-01","https://i.scdn.co/image/ab67616d0000b273307168ccd3cb36d7a3617ab2","1","5","233446","https://p.scdn.co/mp3-preview/b76883c871f8798b89f53b22662d2adc284ea4e6?cid=9950ac751e34487dbbe027c4fd7f8e99","false","23","BRUM70700542","spotify:user:isak.sjoholm.","2025-07-18T13:23:33Z","samba,mpb,seresta,sertanejo tradicional,samba,mpb,nova mpb,pagode","0.499","0.525","5","-8.48","1","0.0295","0.478","0.00000197","0.115","0.575","141.649","4","","Universal Music Ltda.","C © 1984 Universal Music International, P ℗ 1984 Universal Music International"
"spotify:track:4FhqDutZiOobzjy4lMBFQy","Agressão Repressão","spotify:artist:3d2xlrGC9JGD7ycsf0e8mF","Ratos De Porão","spotify:album:1Y2wWidBq1ihHEL05iJVHa","Crucificados Pelo Sistema","spotify:artist:3d2xlrGC9JGD7ycsf0e8mF","Ratos De Porão","1984-09-11","https://i.scdn.co/image/ab67616d0000b273636912e72e1c298d111aff45","1","4","81293","https://p.scdn.co/mp3-preview/119ba6dc97035cae727a622224d46ace21f39727?cid=9950ac751e34487dbbe027c4fd7f8e99","false","1","BXJFA1500001","spotify:user:isak.sjoholm.","2025-07-18T13:23:33Z","hardcorepunk,thrash metal,punk,brasiliansk rock,hardcore","0.237","0.963","2","-5.688","1","0.159","0.0000687","0.0000547","0.057","0.613","122.706","4","","Independent","C 1984 Ratos De Porão, P 1984 Ratos De Porão"
"spotify:track:1vrllnfs5ysBaeR85YOJxT","Obi","spotify:artist:5rrmaoBXZ7Jcs4Qb77j0YA","Djavan","spotify:album:1FbOGgnq17jjkK5CqdgzqX","Lilás","spotify:artist:5rrmaoBXZ7Jcs4Qb77j0YA","Djavan","1984-03-25","https://i.scdn.co/image/ab67616d0000b273bab3edc61086b9dec4a1bbe0","1","5","283893","https://p.scdn.co/mp3-preview/08dfc102d6b9d09570eae896adc6cb6f12e0d2ef?cid=9950ac751e34487dbbe027c4fd7f8e99","false","31","BRSME8400056","spotify:user:isak.sjoholm.","2025-07-18T13:23:33Z","mpb,bossa nova","0.513","0.756","7","-10.533","1","0.041","0.488","0.031","0.184","0.784","88.791","4","","Columbia","P (P) 1984 Discos CBS I.C.L."
"spotify:track:1C4YwMaygEACjxO0b4AbSK","Frente a Frente","spotify:artist:41XTLrYfIdtr8frsp8Em5C","Grupo Logos","spotify:album:2e43T2k8IhaJ3xLt7YLu5e","Situações","spotify:artist:41XTLrYfIdtr8frsp8Em5C","Grupo Logos","1984-06-03","https://i.scdn.co/image/ab67616d0000b273c3eebef1435eaeedd45f7b0d","1","2","196546","https://p.scdn.co/mp3-preview/cae8a284cb0f11379452f646ea0b6cceb6b43712?cid=9950ac751e34487dbbe027c4fd7f8e99","false","26","BRMIE1600012","spotify:user:isak.sjoholm.","2025-07-18T13:23:33Z","brasiliansk gospel,gospel","0.509","0.415","6","-10.466","1","0.0332","0.772","0","0.0981","0.394","83.682","4","","Grupo Logos","C 1984 MEL, P 1984 MEL"
"spotify:track:5wSc1nbQxOaJH9VlMK7Ela","Boi veludo","spotify:artist:2PLF4pjm6A5eztTVbt9ou4, spotify:artist:55Wn8tf8dBvfl1HRsD7Kze","Tião Carreiro & Pardinho, Continental","spotify:album:1o9itRmGiKc7JvqrYNMpzE","Moda de Viola Classe A Volume 4","spotify:artist:2PLF4pjm6A5eztTVbt9ou4, spotify:artist:55Wn8tf8dBvfl1HRsD7Kze","Tião Carreiro & Pardinho, Continental","1984","https://i.scdn.co/image/ab67616d0000b273ec2fd7f08898c42b005a68af","1","12","146253","https://p.scdn.co/mp3-preview/d230c4dd0ea70d0af14603ac6bf7abfb44bff44d?cid=9950ac751e34487dbbe027c4fd7f8e99","false","27","BRWMB9704879","spotify:user:isak.sjoholm.","2025-07-18T13:23:33Z","sertanejo tradicional,sertanejo,sertanejo tradicional,sertanejo,brega","0.649","0.198","9","-11.373","1","0.0535","0.921","0","0.135","0.694","117.919","5","","WM Brazil","C © 1984 WEA International Inc., P ℗ 2000 WEA International Inc."
"spotify:track:7C5XMbTKRYrqFMlKJ4hW0a","Orgulhosa e bonita (Orgulhosa y bonita)","spotify:artist:4oa7ETNZH1ivfzFkCGVZlR, spotify:artist:55Wn8tf8dBvfl1HRsD7Kze","Milionário & José Rico, Continental","spotify:album:7m29XHfIsbcj3tsCpRblt6","Volume 14 (Lembrança)","spotify:artist:4oa7ETNZH1ivfzFkCGVZlR, spotify:artist:55Wn8tf8dBvfl1HRsD7Kze","Milionário & José Rico, Continental","1984","https://i.scdn.co/image/ab67616d0000b27340fdf42d9fd7316173a0455e","1","10","228706","https://p.scdn.co/mp3-preview/c3aeb1b62c5562b1438b2b1dd6c57025076a7830?cid=9950ac751e34487dbbe027c4fd7f8e99","false","34","BRWMB0001100","spotify:user:isak.sjoholm.","2025-07-18T13:23:33Z","sertanejo tradicional,sertanejo,sertanejo tradicional,sertanejo,brega","0.313","0.461","7","-5.945","1","0.0315","0.606","0","0.274","0.618","154.933","3","","WM Brazil","C © 1984 WEA International Inc., P ℗ 2001 WEA International Inc."
"spotify:track:7vZI1o9jeyt2Kfa5radb34","Meu Piano","spotify:artist:7jrRQZg4FZq6dwpi3baKcu","Raul Seixas","spotify:album:5oel0xSydYj8G6dGbqsIcr","Metrô Linha 743","spotify:artist:7jrRQZg4FZq6dwpi3baKcu","Raul Seixas","1984","https://i.scdn.co/image/ab67616d0000b27366c0c3008cbc8f512eea139e","1","3","204306","https://p.scdn.co/mp3-preview/e289a0b03000b662a052a2771788209b506040c5?cid=9950ac751e34487dbbe027c4fd7f8e99","false","29","BRRGE8800420","spotify:user:isak.sjoholm.","2025-07-18T13:23:33Z","brasiliansk rock,mpb,brasiliansk pop","0.732","0.51","4","-10.912","1","0.045","0.029","0.000043","0.0794","0.874","122.431","4","","Som Livre","C (C) 1984 Som Livre, P (P) 1984 Som Livre"
"spotify:track:7g9QBOrIvuEEkBVuN0bFKT","Sonho Real","spotify:artist:1mZbRiSVb2ExneAlDbBiiT","Lô Borges","spotify:album:3E2QTkETyNoyB8BhfXg05N","Sonho Real","spotify:artist:1mZbRiSVb2ExneAlDbBiiT","Lô Borges","1984-05-05","https://i.scdn.co/image/ab67616d0000b273aa718ada6c14feb538d05a2c","1","2","238386","https://p.scdn.co/mp3-preview/c75540886e13139f4178ea8c60b79dfe1855769a?cid=9950ac751e34487dbbe027c4fd7f8e99","false","29","BRMCA8400007","spotify:user:isak.sjoholm.","2025-07-18T13:23:33Z","mpb,brasiliansk jazz","0.521","0.507","2","-7.508","1","0.0251","0.656","0","0.2","0.452","89.954","4","","Universal Music Ltda.","C © 1984 Universal Music International, P ℗ 1984 Universal Music International"
"spotify:track:2GYZKWeM1VMNqzSRv4SBoV","Agrada-Te do Senhor","spotify:artist:41XTLrYfIdtr8frsp8Em5C","Grupo Logos","spotify:album:2e43T2k8IhaJ3xLt7YLu5e","Situações","spotify:artist:41XTLrYfIdtr8frsp8Em5C","Grupo Logos","1984-06-03","https://i.scdn.co/image/ab67616d0000b273c3eebef1435eaeedd45f7b0d","1","8","259612","https://p.scdn.co/mp3-preview/41ed1bf23bf2600403cfaca0259a8c763a286dc4?cid=9950ac751e34487dbbe027c4fd7f8e99","false","20","BRMIE1600020","spotify:user:isak.sjoholm.","2025-07-18T13:23:33Z","brasiliansk gospel,gospel","0.361","0.288","7","-11.916","1","0.032","0.758","0","0.123","0.172","136.055","4","","Grupo Logos","C 1984 MEL, P 1984 MEL"
"spotify:track:7wQiMtwDCWa74ucKoJWXfH","Meu velho pai","spotify:artist:5vY559DZMyUwsSYRGDZd7U, spotify:artist:55Wn8tf8dBvfl1HRsD7Kze","Teixeirinha, Continental","spotify:album:0dAB8tOloUEXF95oHgw6by","25 Anos de Sucesso","spotify:artist:5vY559DZMyUwsSYRGDZd7U, spotify:artist:55Wn8tf8dBvfl1HRsD7Kze","Teixeirinha, Continental","1984","https://i.scdn.co/image/ab67616d0000b273ddb960920327488817e89f53","1","6","184253","https://p.scdn.co/mp3-preview/803e8eed83adf9d24600493849f31b1ea4905d57?cid=9950ac751e34487dbbe027c4fd7f8e99","false","27","BRWMB9705134","spotify:user:isak.sjoholm.","2025-07-18T13:23:33Z","sertanejo tradicional,chamamé,sertanejo tradicional,sertanejo,brega","0.563","0.405","2","-8.099","1","0.048","0.482","0","0.11","0.771","87.762","4","","WM Brazil","C © 1984 WEA International Inc., P ℗ 1996 WEA International Inc."
"spotify:track:2INabnZlx28LiMNUxeuxWx","O Trem das Sete","spotify:artist:7jrRQZg4FZq6dwpi3baKcu","Raul Seixas","spotify:album:5oel0xSydYj8G6dGbqsIcr","Metrô Linha 743","spotify:artist:7jrRQZg4FZq6dwpi3baKcu","Raul Seixas","1984","https://i.scdn.co/image/ab67616d0000b27366c0c3008cbc8f512eea139e","1","9","194666","https://p.scdn.co/mp3-preview/ec70ee8b6e58ecf7d2fa6a615c4256ea458e0cf6?cid=9950ac751e34487dbbe027c4fd7f8e99","false","27","BRRGE8800424","spotify:user:isak.sjoholm.","2025-07-18T13:23:33Z","brasiliansk rock,mpb,brasiliansk pop","0.791","0.375","2","-11.409","1","0.0396","0.124","0","0.155","0.72","114.229","4","","Som Livre","C (C) 1984 Som Livre, P (P) 1984 Som Livre"
"spotify:track:34NG1qSvy4Pi02FrUlQWbz","Igual a um Menino","spotify:artist:41XTLrYfIdtr8frsp8Em5C","Grupo Logos","spotify:album:2e43T2k8IhaJ3xLt7YLu5e","Situações","spotify:artist:41XTLrYfIdtr8frsp8Em5C","Grupo Logos","1984-06-03","https://i.scdn.co/image/ab67616d0000b273c3eebef1435eaeedd45f7b0d","1","6","212252","https://p.scdn.co/mp3-preview/d89dd3392ff85c12a0df2ef81830d1b49b02c8e0?cid=9950ac751e34487dbbe027c4fd7f8e99","false","19","BRMIE1600016","spotify:user:isak.sjoholm.","2025-07-18T13:23:33Z","brasiliansk gospel,gospel","0.436","0.427","0","-10.533","1","0.0333","0.71","0","0.122","0.474","82.45","4","","Grupo Logos","C 1984 MEL, P 1984 MEL"
"spotify:track:7hMbl3RhUDcELILwctf0gx","Mamãe Eu Não Queria","spotify:artist:7jrRQZg4FZq6dwpi3baKcu","Raul Seixas","spotify:album:5oel0xSydYj8G6dGbqsIcr","Metrô Linha 743","spotify:artist:7jrRQZg4FZq6dwpi3baKcu","Raul Seixas","1984","https://i.scdn.co/image/ab67616d0000b27366c0c3008cbc8f512eea139e","1","6","251773","https://p.scdn.co/mp3-preview/7bd5c7e94a17717a3c9fc140fed9cd88b4683595?cid=9950ac751e34487dbbe027c4fd7f8e99","false","46","BRSGL8400028","spotify:user:isak.sjoholm.","2025-07-18T13:23:33Z","brasiliansk rock,mpb,brasiliansk pop","0.554","0.563","0","-10.378","1","0.0318","0.0665","0.00000365","0.347","0.698","92.185","4","","Som Livre","C (C) 1984 Som Livre, P (P) 1984 Som Livre"
"spotify:track:5DWZpXvoUJNaNEZULrqugu","Extra II (O Rock do segurança)","spotify:artist:7oEkUINVIj1Nr3Wnj8tzqr","Gilberto Gil","spotify:album:09BGgHwf5W2jnE5UeJuuCk","Raça humana","spotify:artist:7oEkUINVIj1Nr3Wnj8tzqr","Gilberto Gil","1984","https://i.scdn.co/image/ab67616d0000b273f0d3cdef8fa7a810f33710f5","1","1","275213","https://p.scdn.co/mp3-preview/2fca24419edc4bb40b16632f590f84be7305930a?cid=9950ac751e34487dbbe027c4fd7f8e99","false","42","BRWMB9900481","spotify:user:isak.sjoholm.","2025-07-18T13:23:33Z","mpb,bossa nova,forró tradicional,samba,brasiliansk jazz","0.733","0.86","11","-6.508","0","0.03","0.238","0.0384","0.25","0.939","139.845","4","","WM Brazil","C © 1984 Warner Music Brasil Ltda., P ℗ 1984 Warner Music Brasil Ltda."
"spotify:track:5dcFOj00AZQZh9acmvWrGL","Milagres","spotify:artist:5zq0SGWxrmzpTSXkBEQzMj","Barão Vermelho","spotify:album:6k3oXZh66IHJ9EznRhC9kR","Maior Abandonado","spotify:artist:5zq0SGWxrmzpTSXkBEQzMj","Barão Vermelho","1984-01-01","https://i.scdn.co/image/ab67616d0000b27358913ac3a01c4015ccb94565","1","5","149186","https://p.scdn.co/mp3-preview/31e946dd9f976d9519c16e147c8c508512ac0a58?cid=9950ac751e34487dbbe027c4fd7f8e99","false","28","BRRGE8400004","spotify:user:isak.sjoholm.","2025-07-18T13:23:33Z","brasiliansk rock,mpb,brasiliansk pop","0.751","0.527","2","-11.497","1","0.0518","0.261","0","0.0897","0.787","140.892","4","","Som Livre","C (C) 1984 Som Livre, P (P) 2006 Som Livre"
"spotify:track:3MqpINd6pszkyX8qzZeIfn","Brilho Da Noite","spotify:artist:2SQHdu1so7C2b5yBwnEUYP","Celso Blues Boy","spotify:album:3EItTwyFeAEhiSOtupVVwY","Som Na Guitarra","spotify:artist:2SQHdu1so7C2b5yBwnEUYP","Celso Blues Boy","1984-04-24","https://i.scdn.co/image/ab67616d0000b2734b7fd4bc82d95b188de54575","1","4","262203","https://p.scdn.co/mp3-preview/0a15767c4f9485cb2585775187b4797bccb928b9?cid=9950ac751e34487dbbe027c4fd7f8e99","false","23","BRMCA8400053","spotify:user:isak.sjoholm.","2025-07-18T13:23:33Z","brasiliansk rock,blues","0.334","0.561","7","-7.97","1","0.0438","0.158","0.00851","0.137","0.39","186.266","3","","Universal Music Ltda.","C © 1984 Universal Music Ltda, P ℗ 1984 Universal Music Ltda"
"spotify:track:4tCgJuMLLx3cayEHg4KSrl","Sobremesa de Beijos","spotify:artist:6BhM6KMEMCo4ifiEpRKh6i","Carlos Alexandre","spotify:album:1co3rspi2zFInkRI8xsQjP","Vem Ver Como Eu Estou","spotify:artist:6BhM6KMEMCo4ifiEpRKh6i","Carlos Alexandre","1984-01-01","","1","5","181786","https://p.scdn.co/mp3-preview/2ba6d21a92c05cf98014a8d8625885f14b7e9b9f?cid=9950ac751e34487dbbe027c4fd7f8e99","false","0","BRRGE8400075","spotify:user:isak.sjoholm.","2025-07-18T13:23:33Z","brega,seresta","0.639","0.562","3","-12.372","0","0.032","0.118","0.00378","0.0877","0.948","136.764","4","","Som Livre",""
"spotify:track:5Mpd3UcajgIfTWf6sAwroN","No Céu, Com Diamantes","spotify:artist:4ijgnqYvE1INXb1NSVT11m","Beto Guedes","spotify:album:4HP0MPgKlZNi4hCUlVSPAD","Viagem Das Mãos","spotify:artist:4ijgnqYvE1INXb1NSVT11m","Beto Guedes","1984-07-02","https://i.scdn.co/image/ab67616d0000b2735b4a4dab89688e50d5db429b","1","7","197693","https://p.scdn.co/mp3-preview/b8992efd00ff8dfc9edc5ff091b5713f534a9ef3?cid=9950ac751e34487dbbe027c4fd7f8e99","false","28","BREMI8300257","spotify:user:isak.sjoholm.","2025-07-18T13:23:33Z","mpb","0.414","0.505","10","-9.478","1","0.0263","0.385","0.0125","0.283","0.515","93.45","4","","EMI Music Brasil Ltda","C © 1984 EMI Music Brasil Ltda, P ℗ 1984 EMI Music Brasil Ltda"
"spotify:track:6Xu4KpQrHPwihB7odBpfe0","Amiga, Amante, Amor","spotify:artist:2yioZ2qyEHpU02c0zbvYza","Adílson Ramos","spotify:album:2CTrVrHg92Owv31L8VpUvt","Em Nome do Amor","spotify:artist:2yioZ2qyEHpU02c0zbvYza","Adílson Ramos","1984-04-06","https://i.scdn.co/image/ab67616d0000b273dcd367f555dcf5c3aee960ae","1","9","219160","https://p.scdn.co/mp3-preview/cfaa95ce50f06d5d8533c71aee4d9a993940ab55?cid=9950ac751e34487dbbe027c4fd7f8e99","false","35","BRBMG1800006","spotify:user:isak.sjoholm.","2025-07-18T13:23:33Z","brega,seresta,tecnobrega,bolero","0.719","0.569","11","-9.486","0","0.0767","0.338","0","0.293","0.695","128.874","4","","Sony Music Entertainment","P (P) 1984 Sony Music Entertainment Brasil ltda."
"spotify:track:4ctGtzMsmcS37przuQBddj","Metade de Mim","spotify:artist:0hPar6ePAELiu9rYMdvMEo","Alcione","spotify:album:3t1HopsSTfLkMuFnkn3IDp","Ouro E Cobre","spotify:artist:0hPar6ePAELiu9rYMdvMEo","Alcione","1984-06-21","https://i.scdn.co/image/ab67616d0000b2731f80b0214598a97dcff8425f","1","3","240826","https://p.scdn.co/mp3-preview/5aa547edd9849722c28f1cc37b62601ae4faa602?cid=9950ac751e34487dbbe027c4fd7f8e99","false","16","BRBMG8800235","spotify:user:isak.sjoholm.","2025-07-18T13:23:33Z","samba,pagode,mpb","0.454","0.61","2","-6.737","0","0.038","0.539","0","0.196","0.421","92.449","4","","RCA Records Label","P 1984 BMG BRASIL LTDA"
"spotify:track:1ag9WqGdUwbgK6IyXHh4Jd","I Want You Back","spotify:artist:7HZQqtnOYmjJl8XAB3Vg8y","Hoodoo Gurus","spotify:album:2tFNJVZwc6psdz6U2toGQp","Stoneage Romeos","spotify:artist:7HZQqtnOYmjJl8XAB3Vg8y","Hoodoo Gurus","1984-07-16","https://i.scdn.co/image/ab67616d0000b27312560e42904c62ebed2ea900","1","2","190653","https://p.scdn.co/mp3-preview/e1bee798146e98a5ac03eaf26be66334ea6a8fc9?cid=9950ac751e34487dbbe027c4fd7f8e99","false","0","AUHD00500002","spotify:user:isak.sjoholm.","2025-07-18T13:23:33Z","surfrock,powerpop,jangle pop","0.412","0.943","2","-2.877","1","0.0343","0.00118","0","0.0782","0.511","90.856","4","","Big Time Phonograph Recording Co.","C 2006 Hoodoo Gurus Pty Limited, P 2006 Hoodoo Gurus Pty Limited"
"spotify:track:43oGb98IEP9KA6NwyukLeE","Mate O Véio Mate","spotify:artist:7rvXVHYf5HbDKWokAc0HrV","Genival Lacerda","spotify:album:2OrwpO1dQm5xAN85XEQcV8","Troque As Pilhas, Só Não Mate O Véio","spotify:artist:7rvXVHYf5HbDKWokAc0HrV","Genival Lacerda","1984-01-02","https://i.scdn.co/image/ab67616d0000b2732d68e9f5ebd10ede549e6235","1","8","234805","https://p.scdn.co/mp3-preview/b5eef39189842704d379804dba7550280074392b?cid=9950ac751e34487dbbe027c4fd7f8e99","false","30","BREMI8400075","spotify:user:isak.sjoholm.","2025-07-18T13:23:33Z","forró tradicional,forró,brega","0.687","0.865","11","-8.511","0","0.124","0.646","0","0.639","0.906","95.933","4","","Universal Music Ltda.","C © 1984 EMI Records Brasil Ltda, P ℗ 1984 EMI Records Brasil Ltda"
"spotify:track:1QK8QsBTv6oczsjeXRGEa9","Miséria","spotify:artist:2euX7vCVnJy3TVEGfc0RCl","Titãs","spotify:album:7ve69fgxLJKauNa5cGelKV","84 94 - Volume 1","spotify:artist:2euX7vCVnJy3TVEGfc0RCl","Titãs","1984-05-30","https://i.scdn.co/image/ab67616d0000b2736dd8efd8b9bddbb39bc99ece","1","12","261972","https://p.scdn.co/mp3-preview/4d2fff29c7991270a253af433e5a48bf0d180893?cid=9950ac751e34487dbbe027c4fd7f8e99","false","28","BRWMB9802087","spotify:user:isak.sjoholm.","2025-07-18T13:23:33Z","brasiliansk rock,mpb,brasiliansk pop,poprock","0.627","0.983","6","-4.608","0","0.0479","0.0668","0.0166","0.0871","0.868","100.133","4","","WM Brazil","C © 1994 WEA International Inc., P ℗ 1994 WEA International Inc."
"spotify:track:7nLRRNeNK1UknjI6kK6Rwh","Nada tanto assim","spotify:artist:0qF4CwUutS8ukBdGKV4vfl","Kid Abelha e os Abóboras Selvagens","spotify:album:4NLVOcRYthD3SL6gm7fyVN","Seu Espião (Remasterizado)","spotify:artist:4bOZtegYNmYOe3gMgPtt0H","Kid Abelha","1984","https://i.scdn.co/image/ab67616d0000b273d5de9c0529298a4408cc7c79","1","2","231560","https://p.scdn.co/mp3-preview/5ddfef700928773c73811e887df22319cf6e4dce?cid=9950ac751e34487dbbe027c4fd7f8e99","false","35","BRWMB9701501","spotify:user:isak.sjoholm.","2025-07-18T13:23:33Z","brasiliansk rock","0.669","0.662","11","-7.416","1","0.0316","0.0841","0.0053","0.138","0.891","135.403","4","","WM Brazil","C © 2006 Warner Music Brazil Ltda, P ℗ 2006 Warner Music Brazil Ltda"
"spotify:track:2qkZrInD4PmKyIXXmmnjLB","Fazenda caio?ara","spotify:artist:2PLF4pjm6A5eztTVbt9ou4, spotify:artist:55Wn8tf8dBvfl1HRsD7Kze","Tião Carreiro & Pardinho, Continental","spotify:album:1o9itRmGiKc7JvqrYNMpzE","Moda de Viola Classe A Volume 4","spotify:artist:2PLF4pjm6A5eztTVbt9ou4, spotify:artist:55Wn8tf8dBvfl1HRsD7Kze","Tião Carreiro & Pardinho, Continental","1984","https://i.scdn.co/image/ab67616d0000b273ec2fd7f08898c42b005a68af","1","8","213853","https://p.scdn.co/mp3-preview/e7bcfff4a06a8d39ad3ed0b20db2f52b89d2c138?cid=9950ac751e34487dbbe027c4fd7f8e99","false","28","BRWMB9704875","spotify:user:isak.sjoholm.","2025-07-18T13:23:33Z","sertanejo tradicional,sertanejo,sertanejo tradicional,sertanejo,brega","0.671","0.293","1","-9.048","1","0.0522","0.82","0","0.052","0.526","110.552","4","","WM Brazil","C © 1984 WEA International Inc., P ℗ 2000 WEA International Inc."
"spotify:track:4RbKKg3OXwmo83MlxSXHim","Sabor Colorido","spotify:artist:65TbyndeGrDlFd4IkZNfbN","Geraldo Azevedo","spotify:album:62eTVHCod3wRNsthf61Ugu","Tempo Tempero","spotify:artist:65TbyndeGrDlFd4IkZNfbN","Geraldo Azevedo","1984-01-01","https://i.scdn.co/image/ab67616d0000b2738a8a422c94e30831a76e2d36","1","2","147560","https://p.scdn.co/mp3-preview/f40feb30b7df5ef51a7be23816b23da407eedf49?cid=9950ac751e34487dbbe027c4fd7f8e99","false","35","BRMCA8400060","spotify:user:isak.sjoholm.","2025-07-18T13:23:33Z","mpb,forró tradicional,forró","0.75","0.377","2","-11.547","0","0.0559","0.861","0.000238","0.0801","0.583","82.543","4","","Universal Music Ltda.","C © 1984 Universal Music Ltda, P ℗ 1984 Universal Music Ltda"
"spotify:track:4UG04Qac073xNjUNX6awF7","Mesmo Se O Vento Levou","spotify:artist:28IcRPf399RPv4TUiZ7uol","Marina Lima","spotify:album:3CgjFI4cjXwJEf7EQaXJQP","Fullgás","spotify:artist:28IcRPf399RPv4TUiZ7uol","Marina Lima","1984-01-03","https://i.scdn.co/image/ab67616d0000b2730c1b5f723452b5b2b7bc4ada","1","7","179106","https://p.scdn.co/mp3-preview/1a64ccd376320ff03719793a202f88e1f900f5e3?cid=9950ac751e34487dbbe027c4fd7f8e99","false","32","BRMCA0500260","spotify:user:isak.sjoholm.","2025-07-18T13:23:33Z","mpb,brasiliansk rock,brasiliansk pop","0.739","0.68","6","-7.441","1","0.0247","0.292","0","0.308","0.89","111.874","4","","Universal Music Ltda.","C © 1984 Universal Music International, P ℗ 1984 Universal Music International"
"spotify:track:5IusQlQne0JF0Lsb5EasJx","Nossas Vidas","spotify:artist:41XTLrYfIdtr8frsp8Em5C","Grupo Logos","spotify:album:2e43T2k8IhaJ3xLt7YLu5e","Situações","spotify:artist:41XTLrYfIdtr8frsp8Em5C","Grupo Logos","1984-06-03","https://i.scdn.co/image/ab67616d0000b273c3eebef1435eaeedd45f7b0d","1","5","193372","https://p.scdn.co/mp3-preview/e6ecbae69c4dca67b4dccc961a59fe54350a97be?cid=9950ac751e34487dbbe027c4fd7f8e99","false","14","BRMIE1600015","spotify:user:isak.sjoholm.","2025-07-18T13:23:33Z","brasiliansk gospel,gospel","0.324","0.393","9","-10.838","0","0.0355","0.828","0.00000157","0.0721","0.303","156.931","4","","Grupo Logos","C 1984 MEL, P 1984 MEL"
"spotify:track:2rccvSkaKuwXaGjPb2GCxe","Nós","spotify:artist:5zq0SGWxrmzpTSXkBEQzMj","Barão Vermelho","spotify:album:6k3oXZh66IHJ9EznRhC9kR","Maior Abandonado","spotify:artist:5zq0SGWxrmzpTSXkBEQzMj","Barão Vermelho","1984-01-01","https://i.scdn.co/image/ab67616d0000b27358913ac3a01c4015ccb94565","1","9","192986","https://p.scdn.co/mp3-preview/b923a1bfbdbb796b0b26ca4caec2652c5d249ffc?cid=9950ac751e34487dbbe027c4fd7f8e99","false","28","BRRGE8400007","spotify:user:isak.sjoholm.","2025-07-18T13:23:33Z","brasiliansk rock,mpb,brasiliansk pop","0.661","0.53","0","-11.116","1","0.034","0.405","0","0.0683","0.692","134.015","4","","Som Livre","C (C) 1984 Som Livre, P (P) 2006 Som Livre"
"spotify:track:7riwJSPNPgy9QhRyZ5MaBL","Vem morena","spotify:artist:7oEkUINVIj1Nr3Wnj8tzqr","Gilberto Gil","spotify:album:09BGgHwf5W2jnE5UeJuuCk","Raça humana","spotify:artist:7oEkUINVIj1Nr3Wnj8tzqr","Gilberto Gil","1984","https://i.scdn.co/image/ab67616d0000b273f0d3cdef8fa7a810f33710f5","1","8","253173","https://p.scdn.co/mp3-preview/efed4141e2af00bb9310b66a9de03d5ee040e030?cid=9950ac751e34487dbbe027c4fd7f8e99","false","28","BRWMB9900484","spotify:user:isak.sjoholm.","2025-07-18T13:23:33Z","mpb,bossa nova,forró tradicional,samba,brasiliansk jazz","0.676","0.877","11","-7.566","0","0.0428","0.193","0.154","0.0946","0.961","124.071","4","","WM Brazil","C © 1984 Warner Music Brasil Ltda., P ℗ 1984 Warner Music Brasil Ltda."
"spotify:track:6FvEAiTnpGWyrjmYsjZPVg","Lua Nova - Versão Remasterizada","spotify:artist:7fAKtXSdNInWAIf0jVUz65","Roberto Carlos","spotify:album:1x0CxTDlE8xqCVUTQnh98f","Roberto Carlos (1984 Remasterizado)","spotify:artist:7fAKtXSdNInWAIf0jVUz65","Roberto Carlos","1984-02-01","https://i.scdn.co/image/ab67616d0000b2737e7b9c15b99b0a8d0c0790a6","1","4","289906","https://p.scdn.co/mp3-preview/258422acf320db295318e47d794ac9809318bbba?cid=9950ac751e34487dbbe027c4fd7f8e99","false","25","BRSME8400134","spotify:user:isak.sjoholm.","2025-07-18T13:23:33Z","mpb,brega,bolero","0.568","0.386","2","-15.976","1","0.029","0.18","0.000245","0.212","0.496","97.194","4","","Sony BMG Music Entertainment","P (P) 1984 Sony Music Entertainment Brasil Ltda"
"spotify:track:6uCIYjXl2V5hCzs6cM0Xid","Quilombo, o el dorado negro","spotify:artist:7oEkUINVIj1Nr3Wnj8tzqr","Gilberto Gil","spotify:album:07taQ3ncLDpGdLKMm2OuXi","Quilombo (Original Motion Picture Soundtrack)","spotify:artist:7oEkUINVIj1Nr3Wnj8tzqr","Gilberto Gil","1984","https://i.scdn.co/image/ab67616d0000b273aad1e6a0be7798c2b8352c0a","1","1","287560","https://p.scdn.co/mp3-preview/d4fd2a8d5168ac7c91044c9ce9af8057c73f9e95?cid=9950ac751e34487dbbe027c4fd7f8e99","false","19","BRWMB0101444","spotify:user:isak.sjoholm.","2025-07-18T13:23:33Z","mpb,bossa nova,forró tradicional,samba,brasiliansk jazz","0.661","0.744","1","-11.747","1","0.0375","0.551","0.00389","0.0916","0.848","104.538","4","","WM Brazil","C © 1984 Warner Music Brasil Ltda., P ℗ 1984 Warner Music Brasil Ltda."
"spotify:track:3z1yxGhyHr5I7AnOnblmdL","Iris","spotify:artist:5rrmaoBXZ7Jcs4Qb77j0YA","Djavan","spotify:album:1FbOGgnq17jjkK5CqdgzqX","Lilás","spotify:artist:5rrmaoBXZ7Jcs4Qb77j0YA","Djavan","1984-03-25","https://i.scdn.co/image/ab67616d0000b273bab3edc61086b9dec4a1bbe0","1","7","220906","https://p.scdn.co/mp3-preview/69f6d8068c41a516768eb9da766d9e25f39c9b81?cid=9950ac751e34487dbbe027c4fd7f8e99","false","32","BRSME8400058","spotify:user:isak.sjoholm.","2025-07-18T13:23:33Z","mpb,bossa nova","0.613","0.554","0","-10.413","0","0.0333","0.322","0","0.169","0.674","83.675","4","","Columbia","P (P) 1984 Discos CBS I.C.L."
"spotify:track:4texDOTPYXRZJaPzR4Y9k3","Para Que Servimos Nós","spotify:artist:41XTLrYfIdtr8frsp8Em5C","Grupo Logos","spotify:album:2e43T2k8IhaJ3xLt7YLu5e","Situações","spotify:artist:41XTLrYfIdtr8frsp8Em5C","Grupo Logos","1984-06-03","https://i.scdn.co/image/ab67616d0000b273c3eebef1435eaeedd45f7b0d","1","3","192012","https://p.scdn.co/mp3-preview/8a981a8901218241ac07737432e1271ab5b73605?cid=9950ac751e34487dbbe027c4fd7f8e99","false","11","BRMIE1600013","spotify:user:isak.sjoholm.","2025-07-18T13:23:33Z","brasiliansk gospel,gospel","0.525","0.293","9","-14.015","1","0.0313","0.866","0.0000419","0.283","0.317","88.67","4","","Grupo Logos","C 1984 MEL, P 1984 MEL"
"spotify:track:5SM2ZAjHXZmpVL9sn4LSok","Venha Ser Minha Mulher","spotify:artist:0jOs0wnXCu1bGGP7kh5uIu","Tim Maia","spotify:album:7KNagdSl8fh69ceZLx06jU","Sufocante","spotify:artist:0jOs0wnXCu1bGGP7kh5uIu","Tim Maia","1984-01-09","https://i.scdn.co/image/ab67616d0000b27335af707a2caf8a441d291d01","1","9","315631","https://p.scdn.co/mp3-preview/1deb32c3471068e81150b01298746b24953f6b81?cid=9950ac751e34487dbbe027c4fd7f8e99","false","22","BRUM70700560","spotify:user:isak.sjoholm.","2025-07-18T13:23:33Z","mpb","0.603","0.247","11","-14.388","0","0.0455","0.79","0","0.0734","0.211","129.069","4","","Universal Music Ltda.","C © 1984 Universal Music International, P ℗ 1984 Universal Music International"
"spotify:track:6oIRdX2e5H58Sf65mDmFJC","Cabecinha no ombro","spotify:artist:4oa7ETNZH1ivfzFkCGVZlR, spotify:artist:55Wn8tf8dBvfl1HRsD7Kze","Milionário & José Rico, Continental","spotify:album:7m29XHfIsbcj3tsCpRblt6","Volume 14 (Lembrança)","spotify:artist:4oa7ETNZH1ivfzFkCGVZlR, spotify:artist:55Wn8tf8dBvfl1HRsD7Kze","Milionário & José Rico, Continental","1984","https://i.scdn.co/image/ab67616d0000b27340fdf42d9fd7316173a0455e","1","9","197413","https://p.scdn.co/mp3-preview/3f942f54d05f62d47c9b79a7b922db72dfe79a9b?cid=9950ac751e34487dbbe027c4fd7f8e99","false","29","BRWMB9800189","spotify:user:isak.sjoholm.","2025-07-18T13:23:33Z","sertanejo tradicional,sertanejo,sertanejo tradicional,sertanejo,brega","0.527","0.406","10","-7.36","1","0.0278","0.654","0","0.281","0.514","95.705","3","","WM Brazil","C © 1984 WEA International Inc., P ℗ 2001 WEA International Inc."
"spotify:track:3KtBSQylUNBD4BtL55fuWb","Menino E Menina","spotify:artist:7EM9m7HOXxVgP9oEpDDv70","Os Paralamas Do Sucesso","spotify:album:4C70kCh7SQW3XFQIsMrQTQ","O Passo Do Lui","spotify:artist:7EM9m7HOXxVgP9oEpDDv70","Os Paralamas Do Sucesso","1984","https://i.scdn.co/image/ab67616d0000b2736b419e9dbdac56e7844e3938","1","9","235306","https://p.scdn.co/mp3-preview/40442718aaa3f074c353836713a8e3e2159d7580?cid=9950ac751e34487dbbe027c4fd7f8e99","false","21","BREMI8400727","spotify:user:isak.sjoholm.","2025-07-18T13:23:33Z","brasiliansk rock,mpb,brasiliansk pop,latinamerikansk rock,poprock","0.854","0.754","9","-6.926","1","0.0613","0.0483","0.00105","0.0274","0.962","104.96","4","","EMI","C © 1997 EMI Music Brasil Ltda, P ℗ 1997 EMI Music Brasil Ltda"
"spotify:track:3yq0x19iGXSeAweW2D1WkH","Como é Grande o Meu Amor por Você","spotify:artist:2wi99swSP87YaFjVOI3zGJ, spotify:artist:3TbM7sfQ1oDiZVGScaKr02","Nelson Gonçalves, Joanna","spotify:album:3KokjIkM5nwtf1vKUuQnwB","Ele & Elas","spotify:artist:2wi99swSP87YaFjVOI3zGJ","Nelson Gonçalves","1984","https://i.scdn.co/image/ab67616d0000b273cad959321d99aee3b9f7a099","1","7","254440","https://p.scdn.co/mp3-preview/be0bbfa8a8fdecaf356add90d626cae3b35318e0?cid=9950ac751e34487dbbe027c4fd7f8e99","false","31","BRBMG8400244","spotify:user:isak.sjoholm.","2025-07-18T13:23:33Z","brega,mpb,samba,bolero,mpb,brega,seresta","0.561","0.351","9","-14.492","0","0.0268","0.691","0.00000421","0.0704","0.349","94.498","4","","Sony Music Entertainment","P (P) 1984 Sony Music Entertainment Brasil ltda."
"spotify:track:0Sw2JKuTCQO386LCaemykx","Ensaios De Amor","spotify:artist:28IcRPf399RPv4TUiZ7uol","Marina Lima","spotify:album:3CgjFI4cjXwJEf7EQaXJQP","Fullgás","spotify:artist:28IcRPf399RPv4TUiZ7uol","Marina Lima","1984-01-03","https://i.scdn.co/image/ab67616d0000b2730c1b5f723452b5b2b7bc4ada","1","4","211733","https://p.scdn.co/mp3-preview/22b403514fd01e9b9f216f202ae995ff83a0aa12?cid=9950ac751e34487dbbe027c4fd7f8e99","false","31","BRMCA0500257","spotify:user:isak.sjoholm.","2025-07-18T13:23:33Z","mpb,brasiliansk rock,brasiliansk pop","0.774","0.69","9","-9.559","0","0.0416","0.00487","0.00521","0.095","0.862","142.117","4","","Universal Music Ltda.","C © 1984 Universal Music International, P ℗ 1984 Universal Music International"
"spotify:track:0iL3g2SwGcl35I7h67VojG","Seu espião","spotify:artist:0qF4CwUutS8ukBdGKV4vfl","Kid Abelha e os Abóboras Selvagens","spotify:album:4NLVOcRYthD3SL6gm7fyVN","Seu Espião (Remasterizado)","spotify:artist:4bOZtegYNmYOe3gMgPtt0H","Kid Abelha","1984","https://i.scdn.co/image/ab67616d0000b273d5de9c0529298a4408cc7c79","1","1","274240","https://p.scdn.co/mp3-preview/1743c7ceada7fc20fb76afe2d0efb5ec495ea6c8?cid=9950ac751e34487dbbe027c4fd7f8e99","false","32","BRWMB9701500","spotify:user:isak.sjoholm.","2025-07-18T13:23:33Z","brasiliansk rock","0.711","0.716","7","-8.346","1","0.197","0.291","0.00343","0.244","0.918","160.202","4","","WM Brazil","C © 2006 Warner Music Brazil Ltda, P ℗ 2006 Warner Music Brazil Ltda"
"spotify:track:0sQHBgoLL6F4c5np0qupvg","Liberdade","spotify:artist:5rrmaoBXZ7Jcs4Qb77j0YA","Djavan","spotify:album:1FbOGgnq17jjkK5CqdgzqX","Lilás","spotify:artist:5rrmaoBXZ7Jcs4Qb77j0YA","Djavan","1984-03-25","https://i.scdn.co/image/ab67616d0000b273bab3edc61086b9dec4a1bbe0","1","9","251266","https://p.scdn.co/mp3-preview/f83680eff0d6d9955532ffbdcb4c1f6185378ea6?cid=9950ac751e34487dbbe027c4fd7f8e99","false","35","BRSME8400060","spotify:user:isak.sjoholm.","2025-07-18T13:23:33Z","mpb,bossa nova","0.465","0.339","10","-11.58","0","0.0291","0.539","0.00000401","0.12","0.176","113.347","4","","Columbia","P (P) 1984 Discos CBS I.C.L."
"spotify:track:1MVfbKhbb3pSwy44rbM4Ps","Aa uu","spotify:artist:2euX7vCVnJy3TVEGfc0RCl","Titãs","spotify:album:4KU5Aq8IrHy5AHqE1ugVoO","2 É Demais","spotify:artist:2euX7vCVnJy3TVEGfc0RCl","Titãs","1984-05-30","https://i.scdn.co/image/ab67616d0000b273f705c0962e68dc8ef36a9e18","1","2","183840","https://p.scdn.co/mp3-preview/3fda7519553b5e6e7111d0564c3eb4691d6a50d7?cid=9950ac751e34487dbbe027c4fd7f8e99","false","28","BRWMB9600799","spotify:user:isak.sjoholm.","2025-07-18T13:23:33Z","brasiliansk rock,mpb,brasiliansk pop,poprock","0.705","0.838","4","-8.355","1","0.0351","0.0375","0.262","0.0678","0.874","135.68","4","","WM Brazil","C © 1986 / 1987 WEA International Inc., P ℗ 1996 WEA International Inc."
"spotify:track:0dMqh7owbgadoPtGQQxgI6","William Tell: Overture","spotify:artist:0roWUeP7Ac4yK4VN6L2gF4, spotify:artist:7s7mJ4NrJc1XcWWblPVgaH, spotify:artist:6uRJnvQ3f8whVnmeoecv5Z, spotify:artist:5zCaQxjl110XTrm4LQ1CxY","Gioachino Rossini, Ottomar Borwitzky, Berliner Philharmoniker, Herbert von Karajan","spotify:album:7D2CxVvZ0XaDmROnsQIpAR","Smetana: The Moldau / Liszt: Les Préludes; Hungarian Rhapsody No.5 / Weber: Invitation to the Dance / Rossini: ""William Tell"" Overture","spotify:artist:6uRJnvQ3f8whVnmeoecv5Z, spotify:artist:25Eab1kIY1gh0Yo1oV04G4, spotify:artist:5zCaQxjl110XTrm4LQ1CxY, spotify:artist:1385hLNbrnbCJGokfH2ac2, spotify:artist:1p6wR69pnH9LBWZvwliuz2, spotify:artist:0roWUeP7Ac4yK4VN6L2gF4","Berliner Philharmoniker, Bedřich Smetana, Herbert von Karajan, Franz Liszt, Carl Maria von Weber, Gioachino Rossini","1984-01-01","https://i.scdn.co/image/ab67616d0000b2730911ca8828184628d0f7de25","1","5","707200","https://p.scdn.co/mp3-preview/0aee95543787c2a9e0f3450d02fa26bab47a582f?cid=9950ac751e34487dbbe027c4fd7f8e99","false","29","DEF058300790","spotify:user:isak.sjoholm.","2025-07-18T13:23:33Z","klassiskt,opera,kammarmusik,klassiskt,orkester,opera,requiem,klassiskt,opera,orkester,requiem","0.15","0.15","7","-18.305","1","0.0581","0.923","0.812","0.362","0.0819","76.296","4","","Deutsche Grammophon (DG)","C © 1984 Deutsche Grammophon GmbH, Berlin, P ℗ 1984 Deutsche Grammophon GmbH, Berlin"
"spotify:track:1N4jU65Z3yOYSwC1eR4JTm","Quero Ser o Homem Que Sou (Dizendo a Verdade)","spotify:artist:7jrRQZg4FZq6dwpi3baKcu","Raul Seixas","spotify:album:5oel0xSydYj8G6dGbqsIcr","Metrô Linha 743","spotify:artist:7jrRQZg4FZq6dwpi3baKcu","Raul Seixas","1984","https://i.scdn.co/image/ab67616d0000b27366c0c3008cbc8f512eea139e","1","4","278693","https://p.scdn.co/mp3-preview/7ca811449d1a06ba28a055ae49a39e11b1c0ebc1?cid=9950ac751e34487dbbe027c4fd7f8e99","false","27","BRRGE8800421","spotify:user:isak.sjoholm.","2025-07-18T13:23:33Z","brasiliansk rock,mpb,brasiliansk pop","0.34","0.479","9","-11.044","1","0.0289","0.0477","0.00000104","0.115","0.517","182.305","3","","Som Livre","C (C) 1984 Som Livre, P (P) 1984 Som Livre"
"spotify:track:01Hid2q7KLVf0zNsQj7Bln","Fumando Na Escuridão","spotify:artist:2SQHdu1so7C2b5yBwnEUYP","Celso Blues Boy","spotify:album:3EItTwyFeAEhiSOtupVVwY","Som Na Guitarra","spotify:artist:2SQHdu1so7C2b5yBwnEUYP","Celso Blues Boy","1984-04-24","https://i.scdn.co/image/ab67616d0000b2734b7fd4bc82d95b188de54575","1","2","253332","https://p.scdn.co/mp3-preview/6928d24077f57d7cd2ac990596da607507ab99b3?cid=9950ac751e34487dbbe027c4fd7f8e99","false","19","BRUM71703722","spotify:user:isak.sjoholm.","2025-07-18T13:23:33Z","brasiliansk rock,blues","0.766","0.613","11","-6.476","0","0.0797","0.354","0.0000998","0.118","0.813","118.586","4","","Universal Music Ltda.","C © 1984 Universal Music Ltda, P ℗ 1984 Universal Music Ltda"
"spotify:track:1dsJalMmZp8q8i0K6AOw8m","Coração - Versão Remasterizada","spotify:artist:7fAKtXSdNInWAIf0jVUz65","Roberto Carlos","spotify:album:1x0CxTDlE8xqCVUTQnh98f","Roberto Carlos (1984 Remasterizado)","spotify:artist:7fAKtXSdNInWAIf0jVUz65","Roberto Carlos","1984-02-01","https://i.scdn.co/image/ab67616d0000b2737e7b9c15b99b0a8d0c0790a6","1","1","246426","https://p.scdn.co/mp3-preview/f0f4e0019dc001de4900cf345266e48d4f4a6405?cid=9950ac751e34487dbbe027c4fd7f8e99","false","24","BRSME8400131","spotify:user:isak.sjoholm.","2025-07-18T13:23:33Z","mpb,brega,bolero","0.522","0.292","11","-15.297","1","0.0281","0.284","0.00000327","0.127","0.321","137.105","4","","Sony BMG Music Entertainment","P (P) 1984 Sony Music Entertainment Brasil Ltda"
"spotify:track:1gXxBrCC6ARMtBYQJFiveM","Quem Dera","spotify:artist:7rvXVHYf5HbDKWokAc0HrV","Genival Lacerda","spotify:album:2OrwpO1dQm5xAN85XEQcV8","Troque As Pilhas, Só Não Mate O Véio","spotify:artist:7rvXVHYf5HbDKWokAc0HrV","Genival Lacerda","1984-01-02","https://i.scdn.co/image/ab67616d0000b2732d68e9f5ebd10ede549e6235","1","1","206308","https://p.scdn.co/mp3-preview/f072260861ec4a0d1e2e9e41fa755f55827b2a51?cid=9950ac751e34487dbbe027c4fd7f8e99","false","32","BREMI8400076","spotify:user:isak.sjoholm.","2025-07-18T13:23:33Z","forró tradicional,forró,brega","0.692","0.926","9","-8.268","1","0.077","0.169","0","0.113","0.845","120.186","4","","Universal Music Ltda.","C © 1984 EMI Records Brasil Ltda, P ℗ 1984 EMI Records Brasil Ltda"
"spotify:track:2dmqZDyZn2CDu0VSUC3Nx2","Nossas Roupas","spotify:artist:7gfkYbxpguEc9bm6m8TpAr","Chitãozinho & Xororó","spotify:album:1kttf5iV8pJrXSGGI15FiL","Amante","spotify:artist:7gfkYbxpguEc9bm6m8TpAr","Chitãozinho & Xororó","1984","https://i.scdn.co/image/ab67616d0000b273b27c06c13c9db897720a0556","1","3","197133","https://p.scdn.co/mp3-preview/321ddda7793464088945841c09c184d6e98242b1?cid=9950ac751e34487dbbe027c4fd7f8e99","false","29","BREMI8400004","spotify:user:isak.sjoholm.","2025-07-18T13:23:33Z","sertanejo tradicional,sertanejo,agronejo","0.364","0.636","9","-7.979","1","0.0403","0.696","0","0.0754","0.963","160.974","3","","EMI Music Brasil Ltda","C © 2015 EMI Records Brasil Ltda/Universal Music International Ltda, P ℗ 1984 EMI Records Brasil Ltda/Universal Music International Ltda"
"spotify:track:3OeXyUFizU0fqCFKrQQSjh","Mano A Mano","spotify:artist:6tOsSffQQIXmK8TqsDck8t, spotify:artist:3DF0ClNOUuvS3gh8V8sRJH","Chico Buarque, João Bosco","spotify:album:7gPPAMMYpqGNrhKwLGNibG","Chico Buarque","spotify:artist:6tOsSffQQIXmK8TqsDck8t","Chico Buarque","1984","https://i.scdn.co/image/ab67616d0000b273f506a580cdd13816825df17c","1","4","232693","","false","20","BRPGD8400010","spotify:user:isak.sjoholm.","2025-07-18T13:23:33Z","mpb,bossa nova,samba,brasiliansk jazz,mpb,samba,bossa nova,brasiliansk jazz","0.422","0.639","11","-6.549","0","0.0363","0.71","0.0000424","0.109","0.361","116.255","4","","Universal Music Ltda.","C © 1984 Universal Music Ltda, P ℗ 1984 Universal Music Ltda"
"spotify:track:6WH7JQtPd52ngpQocxbJz6","Reach (NBC Olympic Version)","spotify:artist:5IFCkqu9J6xdWeYMk5I889","Gloria Estefan","spotify:album:1Hx9JuA0e9dAm5z6f0oNE6","The Very Best Of Gloria Estefan (English Version)","spotify:artist:5IFCkqu9J6xdWeYMk5I889","Gloria Estefan","2006-09-26","https://i.scdn.co/image/ab67616d0000b273710b01ac6bc0a9b602db1d32","1","10","230213","https://p.scdn.co/mp3-preview/92fd694d8017e538bb665b6b6f2adb77d66c6c2e?cid=9950ac751e34487dbbe027c4fd7f8e99","false","28","USSM19600205","spotify:user:isak.sjoholm.","2025-07-18T13:23:33Z","","0.444","0.809","3","-5.871","1","0.0434","0.319","0","0.0703","0.376","156.036","4","","Epic/Legacy","P (P) 1984, 1985, 1987, 1989, 1991, 1994, 1996, 1998, 2003, 2006 SONY BMG MUSIC ENTERTAINMENT/ (P) 2005 Breastfed Records Ltd."
"spotify:track:0aOtOKXs0XpFpCEJLrbjeO","O Passo Do Lui","spotify:artist:7EM9m7HOXxVgP9oEpDDv70","Os Paralamas Do Sucesso","spotify:album:4C70kCh7SQW3XFQIsMrQTQ","O Passo Do Lui","spotify:artist:7EM9m7HOXxVgP9oEpDDv70","Os Paralamas Do Sucesso","1984","https://i.scdn.co/image/ab67616d0000b2736b419e9dbdac56e7844e3938","1","10","138986","https://p.scdn.co/mp3-preview/7eb682bf67226cc6b1469dbee6d07bac412fc054?cid=9950ac751e34487dbbe027c4fd7f8e99","false","21","BREMI8400728","spotify:user:isak.sjoholm.","2025-07-18T13:23:33Z","brasiliansk rock,mpb,brasiliansk pop,latinamerikansk rock,poprock","0.771","0.818","11","-7.216","0","0.052","0.0871","0.325","0.0588","0.903","147.257","4","","EMI","C © 1997 EMI Music Brasil Ltda, P ℗ 1997 EMI Music Brasil Ltda"
"spotify:track:4YGGmUxFAKUmUPQdmXuMSn","O milagre da vela","spotify:artist:2PLF4pjm6A5eztTVbt9ou4, spotify:artist:55Wn8tf8dBvfl1HRsD7Kze","Tião Carreiro & Pardinho, Continental","spotify:album:1o9itRmGiKc7JvqrYNMpzE","Moda de Viola Classe A Volume 4","spotify:artist:2PLF4pjm6A5eztTVbt9ou4, spotify:artist:55Wn8tf8dBvfl1HRsD7Kze","Tião Carreiro & Pardinho, Continental","1984","https://i.scdn.co/image/ab67616d0000b273ec2fd7f08898c42b005a68af","1","4","215546","https://p.scdn.co/mp3-preview/7d43ef167cf68100f34bd136dcd16abc28090be4?cid=9950ac751e34487dbbe027c4fd7f8e99","false","20","BRWMB9704874","spotify:user:isak.sjoholm.","2025-07-18T13:23:33Z","sertanejo tradicional,sertanejo,sertanejo tradicional,sertanejo,brega","0.583","0.109","10","-9.287","1","0.0444","0.951","0","0.0902","0.322","114.027","4","","WM Brazil","C © 1984 WEA International Inc., P ℗ 2000 WEA International Inc."
"spotify:track:4meBrmJIGwIav5iltaLLYj","Rosto e Aeroportos","spotify:artist:6kJHpEjr5eNnVJeyfTbs3G","Camisa de Vênus","spotify:album:5Le2qjifHoAvAO0Yzl8E7T","Batalhões de Estranhos","spotify:artist:6kJHpEjr5eNnVJeyfTbs3G","Camisa de Vênus","1984-01-01","https://i.scdn.co/image/ab67616d0000b27305338b197c8f22803c471d97","1","8","232800","https://p.scdn.co/mp3-preview/c35c054906096671d8f09268ee43907108ea9d97?cid=9950ac751e34487dbbe027c4fd7f8e99","false","22","BRSGL8500005","spotify:user:isak.sjoholm.","2025-07-18T13:23:33Z","brasiliansk rock,brasiliansk pop","0.412","0.444","0","-12.15","1","0.045","0.186","0.0000243","0.298","0.253","74.737","4","","Som Livre","C (C) 1984 Som Livre"
"spotify:track:0UPkLuHCnXE5zHVr1eZIln","Mil E Uma Noites E Mais Uma","spotify:artist:60iOwdF3A0p4pAwgUXMaWU","Fábio Jr.","spotify:album:26gtdc34gWFtmew3Z9qvHC","Fábio Jr.","spotify:artist:60iOwdF3A0p4pAwgUXMaWU","Fábio Jr.","1984-03-02","https://i.scdn.co/image/ab67616d0000b273100168ed46d8d59918317188","1","2","175826","https://p.scdn.co/mp3-preview/9b7dcd400a795c25fac144edb417d21860e25859?cid=9950ac751e34487dbbe027c4fd7f8e99","false","34","BRSME8400154","spotify:user:isak.sjoholm.","2025-07-18T13:23:33Z","mpb,brega,brasiliansk pop","0.648","0.388","7","-11.184","1","0.0281","0.613","0","0.259","0.495","79.705","4","","Sony BMG Music Entertainment","P 1984 SONY MUSIC ENTERTAINMENT (BRASIL) I.C.L."
"spotify:track:1ECtyP6iN0JhYIFDgb5MD8","Doutora No Amor","spotify:artist:7oraQbXIkvzBmNLzjRVvCH","Teodoro & Sampaio","spotify:album:6zYneNEDVLX5O7H38IDL0z","Vestido De Seda","spotify:artist:7oraQbXIkvzBmNLzjRVvCH","Teodoro & Sampaio","1984-01-02","https://i.scdn.co/image/ab67616d0000b273211f31a70f6e3ca5f8093c1b","1","5","155400","https://p.scdn.co/mp3-preview/36932762448e4e4c99dcbf8f13a44b93164f6560?cid=9950ac751e34487dbbe027c4fd7f8e99","false","20","BREMI8400228","spotify:user:isak.sjoholm.","2025-07-18T13:23:33Z","sertanejo tradicional,sertanejo","0.676","0.43","9","-7.089","1","0.0282","0.778","0","0.315","0.772","93.311","3","","EMI Music Brasil Ltda","C © 1984 EMI Music Brasil Ltda, P ℗ 1984 EMI Music Brasil Ltda"
"spotify:track:0sWGT1TKQDaNGRkezc2aEd","Go Back","spotify:artist:2euX7vCVnJy3TVEGfc0RCl","Titãs","spotify:album:43lQwQI0K0tnOb1noQa3qm","Titãs","spotify:artist:2euX7vCVnJy3TVEGfc0RCl","Titãs","1984-08-22","https://i.scdn.co/image/ab67616d0000b2736032ca9dc79fc65f15990a6e","1","4","221440","https://p.scdn.co/mp3-preview/83e278ef6ebfb3c15f8fe62d72cef58c3d2344df?cid=9950ac751e34487dbbe027c4fd7f8e99","false","28","BRWMB9900874","spotify:user:isak.sjoholm.","2025-07-18T13:23:33Z","brasiliansk rock,mpb,brasiliansk pop,poprock","0.82","0.444","9","-10.07","1","0.0622","0.363","0.0000157","0.0654","0.869","78.831","4","","WM Brazil",""
"spotify:track:1TFsrYUPtMf8YL5TC2uI2F","Sonho De Icaro","spotify:artist:5x6FJR9Qhxvs6It8l63qaC","Biafra","spotify:album:3KqvoxXKM2rd4pCLVKd4kQ","Existe Uma Idéia","spotify:artist:5x6FJR9Qhxvs6It8l63qaC","Biafra","1984-06-03","https://i.scdn.co/image/ab67616d0000b27313a85fc89e3ad8526ea25e36","1","1","327171","https://p.scdn.co/mp3-preview/5586fd1bf27a4c4923b22b4ef0880db2ab1b9e3a?cid=9950ac751e34487dbbe027c4fd7f8e99","false","37","BRMCA8400024","spotify:user:isak.sjoholm.","2025-07-18T13:23:33Z","mpb,brega","0.36","0.438","11","-9.4","1","0.0304","0.574","0","0.125","0.11","144.248","4","","Universal Music Ltda.","C © 1984 Universal Music International, P ℗ 1984 Universal Music International"
"spotify:track:1YwDv2piGk6o85K6Ph7v4L","Nossas Brigas","spotify:artist:7oraQbXIkvzBmNLzjRVvCH","Teodoro & Sampaio","spotify:album:6zYneNEDVLX5O7H38IDL0z","Vestido De Seda","spotify:artist:7oraQbXIkvzBmNLzjRVvCH","Teodoro & Sampaio","1984-01-02","https://i.scdn.co/image/ab67616d0000b273211f31a70f6e3ca5f8093c1b","1","6","169106","https://p.scdn.co/mp3-preview/06579deda3b741c3722e58a4e04e5d50661aa9f1?cid=9950ac751e34487dbbe027c4fd7f8e99","false","20","BREMI8400229","spotify:user:isak.sjoholm.","2025-07-18T13:23:33Z","sertanejo tradicional,sertanejo","0.681","0.424","0","-7.649","1","0.0284","0.813","0","0.377","0.886","105.914","3","","EMI Music Brasil Ltda","C © 1984 EMI Music Brasil Ltda, P ℗ 1984 EMI Music Brasil Ltda"
"spotify:track:6OExM9xNOy72fvllJ0vr4N","Cão De Guarda","spotify:artist:7oraQbXIkvzBmNLzjRVvCH","Teodoro & Sampaio","spotify:album:6zYneNEDVLX5O7H38IDL0z","Vestido De Seda","spotify:artist:7oraQbXIkvzBmNLzjRVvCH","Teodoro & Sampaio","1984-01-02","https://i.scdn.co/image/ab67616d0000b273211f31a70f6e3ca5f8093c1b","1","2","153133","https://p.scdn.co/mp3-preview/eb9e72c5a17ff9b085c233e65dded2a138c633ab?cid=9950ac751e34487dbbe027c4fd7f8e99","false","23","BREMI8400050","spotify:user:isak.sjoholm.","2025-07-18T13:23:33Z","sertanejo tradicional,sertanejo","0.454","0.475","9","-6.57","1","0.0299","0.724","0","0.0387","0.902","170.117","3","","EMI Music Brasil Ltda","C © 1984 EMI Music Brasil Ltda, P ℗ 1984 EMI Music Brasil Ltda"
"spotify:track:6oc1M3zPBxq74n83nxK7YI","Língua","spotify:artist:7HGNYPmbDrMkylWqeFCOIQ, spotify:artist:4cn4gMq0KXORHeYA45PcBi","Caetano Veloso, Elza Soares","spotify:album:1A8ZLCxDufsUVf5NvDSb84","Velô","spotify:artist:7HGNYPmbDrMkylWqeFCOIQ","Caetano Veloso","1984-01-13","https://i.scdn.co/image/ab67616d0000b27383e31a6de19f06a593404794","1","11","250453","https://p.scdn.co/mp3-preview/bd1aa90f82980b062cb9d889d3f5a4ff8360709d?cid=9950ac751e34487dbbe027c4fd7f8e99","false","25","BRUM70700068","spotify:user:isak.sjoholm.","2025-07-18T13:23:33Z","mpb,bossa nova,samba,samba,mpb,bossa nova,nova mpb","0.813","0.809","4","-3.024","1","0.322","0.189","0","0.0638","0.94","119.942","4","","Universal Music Ltda.","C © 1984 Universal Music International, P ℗ 1984 Universal Music International"
"spotify:track:71LUYU24ViqX8wf7NSeQL9","Pobre Menina Rica","spotify:artist:7oraQbXIkvzBmNLzjRVvCH","Teodoro & Sampaio","spotify:album:6zYneNEDVLX5O7H38IDL0z","Vestido De Seda","spotify:artist:7oraQbXIkvzBmNLzjRVvCH","Teodoro & Sampaio","1984-01-02","https://i.scdn.co/image/ab67616d0000b273211f31a70f6e3ca5f8093c1b","1","7","186626","https://p.scdn.co/mp3-preview/299b00a50164d04446164a4b84941e37294d9e8d?cid=9950ac751e34487dbbe027c4fd7f8e99","false","20","BREMI8400049","spotify:user:isak.sjoholm.","2025-07-18T13:23:33Z","sertanejo tradicional,sertanejo","0.513","0.434","2","-7.089","1","0.0271","0.699","0","0.0944","0.797","81.132","3","","EMI Music Brasil Ltda","C © 1984 EMI Music Brasil Ltda, P ℗ 1984 EMI Music Brasil Ltda"
"spotify:track:7wB0swiFlGkqsZ5hjwKXJC","Tempo de Amar","spotify:artist:5T2UOU9fV8RcUgLH3b6TTN","Agepê","spotify:album:5PM74ZBfnDdbY2JtmmNmp6","Mistura Brasileira","spotify:artist:5T2UOU9fV8RcUgLH3b6TTN","Agepê","1984-01-01","https://i.scdn.co/image/ab67616d0000b273857b27beabf0241efc4afade","1","2","165040","https://p.scdn.co/mp3-preview/3f55f4c8231ebd955394771d3c1f975e3d033232?cid=9950ac751e34487dbbe027c4fd7f8e99","false","20","BRSGL9400014","spotify:user:isak.sjoholm.","2025-07-18T13:23:33Z","samba,pagode,mpb","0.471","0.849","5","-9.832","0","0.0868","0.162","0.00000425","0.101","0.865","128.751","4","","Som Livre","C (C) 1984 Som Livre"
"spotify:track:6OD9A5cpJPlgGWq710SGfU","Casas Modernas","spotify:artist:6kJHpEjr5eNnVJeyfTbs3G","Camisa de Vênus","spotify:album:5Le2qjifHoAvAO0Yzl8E7T","Batalhões de Estranhos","spotify:artist:6kJHpEjr5eNnVJeyfTbs3G","Camisa de Vênus","1984-01-01","https://i.scdn.co/image/ab67616d0000b27305338b197c8f22803c471d97","1","2","156506","https://p.scdn.co/mp3-preview/bea1551601c9dc12fbdf862b825583a722f312b0?cid=9950ac751e34487dbbe027c4fd7f8e99","false","17","BRRGE8500111","spotify:user:isak.sjoholm.","2025-07-18T13:23:33Z","brasiliansk rock,brasiliansk pop","0.634","0.772","9","-10.286","0","0.0489","0.000462","0.00000767","0.122","0.699","113.435","4","","Som Livre","C (C) 1984 Som Livre"
"spotify:track:18L6UmWAFMfn1RZs1vOUBp","Cabeça dinossauro","spotify:artist:2euX7vCVnJy3TVEGfc0RCl","Titãs","spotify:album:6WTyhGl3sbN6qvvFQ1NkwK","84 94 - Volume 2","spotify:artist:2euX7vCVnJy3TVEGfc0RCl","Titãs","1984-05-30","https://i.scdn.co/image/ab67616d0000b273d8e3688c85563b3541835228","1","4","140293","https://p.scdn.co/mp3-preview/e53d1784d25eeb9f415ead62ceb3e7abc35ac194?cid=9950ac751e34487dbbe027c4fd7f8e99","false","21","BRWMB9701519","spotify:user:isak.sjoholm.","2025-07-18T13:23:33Z","brasiliansk rock,mpb,brasiliansk pop,poprock","0.698","0.941","11","-5.468","0","0.0325","0.00209","0.568","0.101","0.786","113.46","4","","WM Brazil","C © 1994 WEA International Inc., P ℗ 1994 WEA International Inc."
"spotify:track:4OKQ1tfPcuU5TH43hrsSg4","Mais Uma Vez","spotify:artist:28IcRPf399RPv4TUiZ7uol","Marina Lima","spotify:album:3CgjFI4cjXwJEf7EQaXJQP","Fullgás","spotify:artist:28IcRPf399RPv4TUiZ7uol","Marina Lima","1984-01-03","https://i.scdn.co/image/ab67616d0000b2730c1b5f723452b5b2b7bc4ada","1","10","184866","https://p.scdn.co/mp3-preview/fc57859dda2fffa7161685398237e94fb093cde7?cid=9950ac751e34487dbbe027c4fd7f8e99","false","29","BRMCA0500263","spotify:user:isak.sjoholm.","2025-07-18T13:23:33Z","mpb,brasiliansk rock,brasiliansk pop","0.556","0.734","1","-8.136","1","0.0971","0.343","0.00832","0.121","0.902","188.253","4","","Universal Music Ltda.","C © 1984 Universal Music International, P ℗ 1984 Universal Music International"
"spotify:track:6gktoPjOvWQuj9ny1Jp7bn","Tudo azul","spotify:artist:0A1oy7PC7fdzURgaLaWkL1","Lulu Santos","spotify:album:0PpZQ3C8ljMrg2crN5pA0G","Tudo Azul (Remasterizado)","spotify:artist:0A1oy7PC7fdzURgaLaWkL1","Lulu Santos","1984","https://i.scdn.co/image/ab67616d0000b273e9e7d18863b66c725af46b71","1","2","218066","https://p.scdn.co/mp3-preview/8050db15b13cbe1f65e37a5a8be35e2f29041e52?cid=9950ac751e34487dbbe027c4fd7f8e99","false","19","BRWMB9801210","spotify:user:isak.sjoholm.","2025-07-18T13:23:33Z","mpb,brasiliansk rock,brasiliansk pop","0.565","0.61","0","-13.236","1","0.0372","0.568","0","0.245","0.921","93.503","4","","WM Brazil","C © 1984 WEA International Inc., P ℗ 1984 Warner Music Brasil Ltda."
"spotify:track:2N4Q9JjkLDURep4wKmS20F","Canto Maior","spotify:artist:1WkZvxuA4zCcFF9GChK6Vr","Grupo Fundo De Quintal","spotify:album:3h8475Q6mlm1uDIN68GQUT","Seja Sambista Também","spotify:artist:1WkZvxuA4zCcFF9GChK6Vr","Grupo Fundo De Quintal","1984-01-01","https://i.scdn.co/image/ab67616d0000b27306a2e8014cec5dca76d8261b","1","9","227360","https://p.scdn.co/mp3-preview/5c95c014432490753b4c284eb83082d863e86fda?cid=9950ac751e34487dbbe027c4fd7f8e99","false","25","BRSGL8400072","spotify:user:isak.sjoholm.","2025-07-18T13:23:33Z","samba,pagode","0.654","0.874","5","-7.733","0","0.0676","0.24","0","0.144","0.908","93.228","4","","Som Livre","C (C) 1984 Som Livre"
"spotify:track:3KCiPLouPR2AJTRHH34Cui","A Voz Do Povo","spotify:artist:7oraQbXIkvzBmNLzjRVvCH","Teodoro & Sampaio","spotify:album:6zYneNEDVLX5O7H38IDL0z","Vestido De Seda","spotify:artist:7oraQbXIkvzBmNLzjRVvCH","Teodoro & Sampaio","1984-01-02","https://i.scdn.co/image/ab67616d0000b273211f31a70f6e3ca5f8093c1b","1","8","186973","https://p.scdn.co/mp3-preview/c97184b6a5c6e943a76c889a190bfebd9f7422e6?cid=9950ac751e34487dbbe027c4fd7f8e99","false","20","BREMI8400225","spotify:user:isak.sjoholm.","2025-07-18T13:23:33Z","sertanejo tradicional,sertanejo","0.562","0.416","5","-6.728","1","0.0268","0.895","0.00000422","0.357","0.644","84.248","3","","EMI Music Brasil Ltda","C © 1984 EMI Music Brasil Ltda, P ℗ 1984 EMI Music Brasil Ltda"
"spotify:track:53SUuDKDr9fh8ZGLz3dxr8","Viola vermelha","spotify:artist:2PLF4pjm6A5eztTVbt9ou4, spotify:artist:55Wn8tf8dBvfl1HRsD7Kze","Tião Carreiro & Pardinho, Continental","spotify:album:1o9itRmGiKc7JvqrYNMpzE","Moda de Viola Classe A Volume 4","spotify:artist:2PLF4pjm6A5eztTVbt9ou4, spotify:artist:55Wn8tf8dBvfl1HRsD7Kze","Tião Carreiro & Pardinho, Continental","1984","https://i.scdn.co/image/ab67616d0000b273ec2fd7f08898c42b005a68af","1","2","204573","https://p.scdn.co/mp3-preview/478f2062200ed9d94baf37ded979b70dda9595b5?cid=9950ac751e34487dbbe027c4fd7f8e99","false","18","BRWMB9704872","spotify:user:isak.sjoholm.","2025-07-18T13:23:33Z","sertanejo tradicional,sertanejo,sertanejo tradicional,sertanejo,brega","0.668","0.252","8","-10.533","1","0.0525","0.885","0","0.0791","0.466","100.118","4","","WM Brazil","C © 1984 WEA International Inc., P ℗ 2000 WEA International Inc."
"spotify:track:15IeSjrzjRNjHkUTHSH5AJ","Blues Motel","spotify:artist:2SQHdu1so7C2b5yBwnEUYP","Celso Blues Boy","spotify:album:3EItTwyFeAEhiSOtupVVwY","Som Na Guitarra","spotify:artist:2SQHdu1so7C2b5yBwnEUYP","Celso Blues Boy","1984-04-24","https://i.scdn.co/image/ab67616d0000b2734b7fd4bc82d95b188de54575","1","8","300017","https://p.scdn.co/mp3-preview/05d69a2ea3ed0b1f3047285e0750b93eef63698f?cid=9950ac751e34487dbbe027c4fd7f8e99","false","23","BRMCA8400052","spotify:user:isak.sjoholm.","2025-07-18T13:23:33Z","brasiliansk rock,blues","0.463","0.639","0","-6.36","1","0.0314","0.569","0.512","0.104","0.487","76.765","4","","Universal Music Ltda.","C © 1984 Universal Music Ltda, P ℗ 1984 Universal Music Ltda"
"spotify:track:15yIbe7pIFuV4NVLU2Vo74","Tomten, jag vill ha en riktig jul","spotify:artist:5ZQZv5H3Y0o5poG0Din676","Busungarna","spotify:album:57hpg6lFFuxvj771nbvtzB","Tjena, vi är busungarna","spotify:artist:5ZQZv5H3Y0o5poG0Din676","Busungarna","1984-04-01","https://i.scdn.co/image/ab67616d0000b273607454be2019ea6784393382","1","7","212146","https://p.scdn.co/mp3-preview/e8a7988ca539157a08cefec0b84e79a9ce147050?cid=9950ac751e34487dbbe027c4fd7f8e99","false","24","SEAYD8404010","spotify:user:isak.sjoholm.","2025-07-18T13:23:33Z","jul","0.665","0.906","7","-3.316","1","0.0518","0.225","0.00000343","0.147","0.583","127.303","4","","Universal Music AB","C © 1984 Universal Music AB, P ℗ 1984 Universal Music AB"
"spotify:track:1CdqIc2egF8Z5zeUFMQ0zb","O Amor Não Precisa Razão","spotify:artist:4ijgnqYvE1INXb1NSVT11m","Beto Guedes","spotify:album:4HP0MPgKlZNi4hCUlVSPAD","Viagem Das Mãos","spotify:artist:4ijgnqYvE1INXb1NSVT11m","Beto Guedes","1984-07-02","https://i.scdn.co/image/ab67616d0000b2735b4a4dab89688e50d5db429b","1","1","273800","https://p.scdn.co/mp3-preview/5b742224b95497d33dd545e3da8ae55c88809d2b?cid=9950ac751e34487dbbe027c4fd7f8e99","false","23","BREMI8300615","spotify:user:isak.sjoholm.","2025-07-18T13:23:33Z","mpb","0.333","0.525","9","-8.948","1","0.0274","0.549","0.00527","0.161","0.159","136.984","4","","EMI Music Brasil Ltda","C © 1984 EMI Music Brasil Ltda, P ℗ 1984 EMI Music Brasil Ltda"
"spotify:track:1a7fWD6ICc5Dbr5d22UyRV","Dieseline Dreams","spotify:artist:0M4w6wFmaVFmP4lIndnEU5","Slim Dusty","spotify:album:2R1izUaVNUSMbNYS2S2vit","Trucks On The Track","spotify:artist:0M4w6wFmaVFmP4lIndnEU5","Slim Dusty","1984-01-01","https://i.scdn.co/image/ab67616d0000b273aac1e56996dc27271b9f057d","1","7","203666","https://p.scdn.co/mp3-preview/cc3aea695380273cf78f4d8e295c1f0ecf4bcbf9?cid=9950ac751e34487dbbe027c4fd7f8e99","false","36","AUEM08400025","spotify:user:isak.sjoholm.","2025-07-18T13:23:33Z","","0.439","0.309","0","-16.08","1","0.0311","0.371","0.0000285","0.124","0.335","179.528","3","","Slim Dusty Enterprises","C © 1992 EMI Recorded Music Australia Pty Ltd., P ℗ 1984 EMI Recorded Music Australia Pty Ltd."
"spotify:track:5SNHIdygM2Xtf4kCMKXsqV","General","spotify:artist:1VJspRsoC6c0bvqhnSiFCs","iNi Kamoze","spotify:album:4LAY1FlsUIxoYTcDDgwLta","Ini Kamoze","spotify:artist:1VJspRsoC6c0bvqhnSiFCs","iNi Kamoze","1984","https://i.scdn.co/image/ab67616d0000b27397c23d2f2878bf230fdba44d","1","4","377160","https://p.scdn.co/mp3-preview/6ab2a7525671c3874f73064ba5270bd2ee7fcb1a?cid=9950ac751e34487dbbe027c4fd7f8e99","false","38","FR5U10600675","spotify:user:isak.sjoholm.","2025-07-18T13:23:33Z","reggae,roots reggae","0.769","0.528","6","-8.909","1","0.264","0.0212","0.00137","0.294","0.637","71.872","4","","Taxi","C (C) 1983 TAXI, P (P) 1983 TAXI"
"spotify:track:0ZnyowYSUSLCYl7ucWFMnm","Canto da Lira","spotify:artist:5rrmaoBXZ7Jcs4Qb77j0YA","Djavan","spotify:album:1FbOGgnq17jjkK5CqdgzqX","Lilás","spotify:artist:5rrmaoBXZ7Jcs4Qb77j0YA","Djavan","1984-03-25","https://i.scdn.co/image/ab67616d0000b273bab3edc61086b9dec4a1bbe0","1","8","261760","https://p.scdn.co/mp3-preview/5d0486eee2014903a6be16aaf42aa9c7b7bb869a?cid=9950ac751e34487dbbe027c4fd7f8e99","false","28","BRSME8400059","spotify:user:isak.sjoholm.","2025-07-18T13:23:33Z","mpb,bossa nova","0.608","0.751","1","-9.445","0","0.0352","0.178","0.00000387","0.108","0.815","98.525","4","","Columbia","P (P) 1984 Discos CBS I.C.L."
"spotify:track:2CGXsap4mOzMOFze2SnhSi","Paulistinha bonita","spotify:artist:5vY559DZMyUwsSYRGDZd7U, spotify:artist:55Wn8tf8dBvfl1HRsD7Kze","Teixeirinha, Continental","spotify:album:0dAB8tOloUEXF95oHgw6by","25 Anos de Sucesso","spotify:artist:5vY559DZMyUwsSYRGDZd7U, spotify:artist:55Wn8tf8dBvfl1HRsD7Kze","Teixeirinha, Continental","1984","https://i.scdn.co/image/ab67616d0000b273ddb960920327488817e89f53","1","8","217080","https://p.scdn.co/mp3-preview/4eea4cf4c3e5f4f50afc398306c1beb7a08704a8?cid=9950ac751e34487dbbe027c4fd7f8e99","false","22","BRWMB9705136","spotify:user:isak.sjoholm.","2025-07-18T13:23:33Z","sertanejo tradicional,chamamé,sertanejo tradicional,sertanejo,brega","0.741","0.553","7","-6.522","1","0.0386","0.708","0","0.169","0.959","118.186","3","","WM Brazil","C © 1984 WEA International Inc., P ℗ 1996 WEA International Inc."
"spotify:track:4RfH0fVOtKKsEFINARThZ2","Encontros E Despedidas","spotify:artist:3Bnq7jiU506HcPjRgQ43TM, spotify:artist:2Mb147hrrMIoAy425UZkhv","Milton Nascimento, Hubert Laws","spotify:album:0IEmp0Itesd1YpeKeQ19CX","Encontros E Despedidas","spotify:artist:3Bnq7jiU506HcPjRgQ43TM","Milton Nascimento","1985-01-08","https://i.scdn.co/image/ab67616d0000b273f4a83a135f30d0a63f1b8340","1","8","214080","https://p.scdn.co/mp3-preview/e66d4ca932cc43b132491aabfd2ced6b7be6ebba?cid=9950ac751e34487dbbe027c4fd7f8e99","false","43","BRPGD8500026","spotify:user:isak.sjoholm.","2025-07-18T13:23:33Z","mpb,bossa nova,brasiliansk jazz,jazzfunk,jazzfusion,soul jazz,jazz","0.407","0.517","7","-11.395","0","0.0635","0.55","0.00000105","0.0948","0.522","106.73","3","","Universal Music Ltda.","C © 1985 Universal Music International, P ℗ 1985 Universal Music International"
"spotify:track:2SfokmYhR71HAJhTpMjyei","Tímida","spotify:artist:2poCUrtJvVVgfA2hgri1IS","Roupa Nova","spotify:album:6j7c7meldSJgeHmoa5IbC1","Roupa Nova - 1984","spotify:artist:2poCUrtJvVVgfA2hgri1IS","Roupa Nova","1985-08-22","https://i.scdn.co/image/ab67616d0000b27375a895df390602ce00eb18ee","1","10","236506","https://p.scdn.co/mp3-preview/e163f9b485bb3cea465e2d028f5e0ba389b5175c?cid=9950ac751e34487dbbe027c4fd7f8e99","false","40","BRBMG8400016","spotify:user:isak.sjoholm.","2025-07-18T13:23:33Z","mpb,brasiliansk pop,brasiliansk rock","0.604","0.483","9","-12.566","1","0.0325","0.708","0","0.203","0.858","75.485","4","","Sony Music Entertainment","P (P) 1984 Sony Music Entertainment Brasil ltda"
"spotify:track:5nNYwNhWkCGbYkVfmBJbAF","Lembranças (feat. Martinho Da Vila)","spotify:artist:2wi99swSP87YaFjVOI3zGJ, spotify:artist:6rM2yY0GnVcOHMU5GD3y9E","Nelson Gonçalves, Martinho Da Vila","spotify:album:6bAh8Q1kKNUs4PsSmLZ8Rg","Eu e Eles","spotify:artist:2wi99swSP87YaFjVOI3zGJ","Nelson Gonçalves","1985-03-30","https://i.scdn.co/image/ab67616d0000b273e630775605e718835edfa962","1","3","176560","https://p.scdn.co/mp3-preview/f5fe970dea96524f84947a4a329786722615c544?cid=9950ac751e34487dbbe027c4fd7f8e99","false","40","BRBMG8500241","spotify:user:isak.sjoholm.","2025-07-18T13:23:33Z","brega,mpb,samba,bolero,samba,pagode,mpb","0.327","0.638","7","-7.98","0","0.047","0.727","0.000521","0.295","0.584","207.429","4","","Sony Music Entertainment","P (P) 1998 Sony Music Entertainment Brasil ltda."
"spotify:track:7ebU9TYlPMvvLyNoh23JBQ","Amor, Amor - Versão Estendida","spotify:artist:5zq0SGWxrmzpTSXkBEQzMj","Barão Vermelho","spotify:album:2jGyiRzQpIUs4ZATSHzUVa","Melhores Momentos","spotify:artist:1PwOU6fFbmaGkK3wkbb8fU, spotify:artist:5zq0SGWxrmzpTSXkBEQzMj","Cazuza, Barão Vermelho","1985","https://i.scdn.co/image/ab67616d0000b273e696882787a684c77c05426f","1","16","239920","https://p.scdn.co/mp3-preview/7118c97869b8ec069bb3a2aa0ebd1371f1d75526?cid=9950ac751e34487dbbe027c4fd7f8e99","true","25","BRRGE8400044","spotify:user:isak.sjoholm.","2025-07-18T13:23:33Z","brasiliansk rock,mpb,brasiliansk pop","0.684","0.682","9","-8.415","0","0.0724","0.177","0.0000118","0.107","0.5","122.1","4","","Som Livre","C (C) 1989 Som Livre, P (P) 1985 Som Livre"
"spotify:track:6XSJQXy5UVcUFxJ6qZBsCg","Só As Mães São Felizes","spotify:artist:1PwOU6fFbmaGkK3wkbb8fU","Cazuza","spotify:album:6WvN5lJoLYNXc8HYLuxjeX","Exagerado","spotify:artist:1PwOU6fFbmaGkK3wkbb8fU","Cazuza","1985","https://i.scdn.co/image/ab67616d0000b2738e9e126030415b0b367e7ab7","1","9","223800","https://p.scdn.co/mp3-preview/f271eeb770354410ed250b662e22e4343fe12a6e?cid=9950ac751e34487dbbe027c4fd7f8e99","false","34","BRRGE8500025","spotify:user:isak.sjoholm.","2025-07-18T13:23:33Z","mpb,brasiliansk rock,brasiliansk pop","0.715","0.654","9","-8.174","1","0.0405","0.16","0","0.19","0.686","107.477","4","","Som Livre","C (C) 1985 Som Livre, P (P) 1985 Som Livre"
"spotify:track:4VpN588tf1Fh87vW1p5585","Natureza Humana","spotify:artist:7dn5SkyeOlBiTIXd3KnuKG, spotify:artist:2KXkZWeHOB0xCp3w3THoyL, spotify:artist:4XYjfiyel3fIefJsIU6ixk","Dulce Quental, Nico Resende, Mayrton Bahia","spotify:album:6b1RB7BJcIUKUrNpE7uAiQ","Délica","spotify:artist:7dn5SkyeOlBiTIXd3KnuKG","Dulce Quental","1985","https://i.scdn.co/image/ab67616d0000b2738cd9406e985bbdc49077a6f4","1","4","217326","https://p.scdn.co/mp3-preview/5a2e9520443c95d7bb4a4c1d509ed05de7230e67?cid=9950ac751e34487dbbe027c4fd7f8e99","false","24","BREMI8500017","spotify:user:isak.sjoholm.","2025-07-18T13:23:33Z","mpb,brasiliansk rock,brasiliansk pop","0.57","0.638","8","-8.503","1","0.0591","0.501","0.000696","0.0796","0.844","176.174","4","","Cafezinho Edições e Produções Musicais","C 2019 Cafezinho Edições e Produções Musicais, P 1985 EMI"
"spotify:track:1DK0aJux0IXWBPCBP4NTal","Felicidade","spotify:artist:2PLF4pjm6A5eztTVbt9ou4, spotify:artist:55Wn8tf8dBvfl1HRsD7Kze","Tião Carreiro & Pardinho, Continental","spotify:album:2vnLE09VvmNL2UHgkp8bJI","Felicidade","spotify:artist:2PLF4pjm6A5eztTVbt9ou4, spotify:artist:55Wn8tf8dBvfl1HRsD7Kze","Tião Carreiro & Pardinho, Continental","1985","https://i.scdn.co/image/ab67616d0000b273a440527df49260352dbdfce1","1","2","199786","https://p.scdn.co/mp3-preview/9a3af14c4d80090a9b8dfcf7c63d491cdcda6ba2?cid=9950ac751e34487dbbe027c4fd7f8e99","false","34","BRWMB9705174","spotify:user:isak.sjoholm.","2025-07-18T13:23:33Z","sertanejo tradicional,sertanejo,sertanejo tradicional,sertanejo,brega","0.506","0.262","9","-12.287","1","0.0255","0.76","0","0.228","0.414","75.526","3","","WM Brazil","C © 1985 WEA International Inc., P ℗ 2000 WEA International Inc."
"spotify:track:71f653BBxAHVmENj3FZqrc","Brincar de esconder","spotify:artist:4rOoJbjbSc9bNHPyHGdfbc, spotify:artist:55Wn8tf8dBvfl1HRsD7Kze","João Paulo & Daniel, Continental","spotify:album:14r5GRw2uFpyIGaFnkrZKV","Amor Sempre Amor","spotify:artist:4rOoJbjbSc9bNHPyHGdfbc, spotify:artist:55Wn8tf8dBvfl1HRsD7Kze","João Paulo & Daniel, Continental","1985","https://i.scdn.co/image/ab67616d0000b27388aef9a279e169d06ab0c5f8","1","1","201200","https://p.scdn.co/mp3-preview/93b91a554dceff0445ee26428e45ed083eb8113e?cid=9950ac751e34487dbbe027c4fd7f8e99","false","33","BRWMB9703831","spotify:user:isak.sjoholm.","2025-07-18T13:23:33Z","sertanejo tradicional,sertanejo,sertanejo tradicional,sertanejo,brega","0.415","0.363","0","-8.764","1","0.037","0.569","0","0.317","0.703","175.915","3","","WM Brazil","C © 1985 WEA International Inc., P ℗ 1997 WEA International Inc."
"spotify:track:7h0766ikYJEenWIDUHEcuH","Fã Número 1 - Remix","spotify:artist:3LNTNOb2Bhh0g0etnZEyNE","Guilherme Arantes","spotify:album:00FW6sTVwjsTl0W8isfA38","Despertar","spotify:artist:3LNTNOb2Bhh0g0etnZEyNE","Guilherme Arantes","1985-11-04","https://i.scdn.co/image/ab67616d0000b2739687f77813bfd59c235503ab","1","2","284640","https://p.scdn.co/mp3-preview/8a55688f6dcdeb64980ebd76bbd3b92c19dfcbdd?cid=9950ac751e34487dbbe027c4fd7f8e99","false","32","BRSME1500885","spotify:user:isak.sjoholm.","2025-07-18T13:23:33Z","mpb,brasiliansk pop,brasiliansk rock","0.554","0.637","3","-8.021","1","0.0258","0.444","0.000287","0.27","0.705","175.532","4","","Sony Music Entertainment","P (P) 1985 Sony Music Entertainment (Brasil) I.C.L."
"spotify:track:1cH5aCYfGw5Ya8d8zIScgi","Eu gosto de mulher","spotify:artist:3zkkrMSBLHuTKMI6I3fDWi","Ultraje a Rigor","spotify:album:5m5sI5HVbldsqv546EChSw","2 é Demais","spotify:artist:3zkkrMSBLHuTKMI6I3fDWi","Ultraje a Rigor","1985","https://i.scdn.co/image/ab67616d0000b273da0937dee39293d96463a789","1","12","251266","https://p.scdn.co/mp3-preview/57ff6b3a0104a7f2d906a623aebe9ca41264b918?cid=9950ac751e34487dbbe027c4fd7f8e99","false","34","BRWMB9600851","spotify:user:isak.sjoholm.","2025-07-18T13:23:33Z","brasiliansk rock,brasiliansk pop,mpb","0.418","0.926","2","-8.852","1","0.0491","0.046","0.00000716","0.233","0.793","188.85","4","","WM Brazil","C © 1985 / 1987 WEA International Inc., P ℗ 1996 WEA International Inc."
"spotify:track:49Iu3m77Po9I3hkeOzBexb","Chão preto","spotify:artist:1AcEfwSjknCZZxlJhrT15B","Vieira & Vieirinha","spotify:album:02phIYayOjgEfBkWUTNZpI","Só Catira - Vol. 2","spotify:artist:1AcEfwSjknCZZxlJhrT15B","Vieira & Vieirinha","1985","https://i.scdn.co/image/ab67616d0000b2739cf9b9e7a32fd06c9ae7aef7","1","1","111186","https://p.scdn.co/mp3-preview/e871369e17e3ba1d9bc77d1b927a951a068f322e?cid=9950ac751e34487dbbe027c4fd7f8e99","false","26","BRWMB9803384","spotify:user:isak.sjoholm.","2025-07-18T13:23:33Z","sertanejo tradicional,sertanejo","0.756","0.623","5","-9.14","1","0.169","0.691","0.000224","0.275","0.622","102.157","4","","WM Brazil","C © 1985 WEA International Inc., P ℗ 2001 WEA International Inc."
"spotify:track:3Fre6ZFkc4LAf90ZkQmf0u","Death-Defying","spotify:artist:7HZQqtnOYmjJl8XAB3Vg8y","Hoodoo Gurus","spotify:album:0FTmym9mJ3R1S2W4h9Qw81","Mars Needs Guitars!","spotify:artist:7HZQqtnOYmjJl8XAB3Vg8y","Hoodoo Gurus","1985","https://i.scdn.co/image/ab67616d0000b27370bdebfa2ff49d2b8096b382","1","4","203053","https://p.scdn.co/mp3-preview/67770260254a7016f0dfaf5af0e9d1abfdf37e5c?cid=9950ac751e34487dbbe027c4fd7f8e99","false","0","AUHD00500018","spotify:user:isak.sjoholm.","2025-07-18T13:23:33Z","surfrock,powerpop,jangle pop","0.663","0.77","2","-3.948","1","0.0255","0.000237","0.0124","0.298","0.79","111.613","4","","Big Time Phonograph Recording Co.","C 2005 Hoodoo Gurus Pty Limited, P 2005 Hoodoo Gurus Pty Limited"
"spotify:track:4PmBwaeb9ycRdUCsM7VlMH","Até Que Amanheça","spotify:artist:2yioZ2qyEHpU02c0zbvYza","Adílson Ramos","spotify:album:425Vipe2HUsTjiwmQJahuH","Adilson Ramos","spotify:artist:2yioZ2qyEHpU02c0zbvYza","Adílson Ramos","1985-04-06","https://i.scdn.co/image/ab67616d0000b27330a5d88649b6bb6aeda6d48c","1","10","234760","https://p.scdn.co/mp3-preview/7ef5c456e692ad107bcc94fe1edf2522e0d862fd?cid=9950ac751e34487dbbe027c4fd7f8e99","false","44","BRBMG1800027","spotify:user:isak.sjoholm.","2025-07-18T13:23:33Z","brega,seresta,tecnobrega,bolero","0.728","0.575","6","-7.457","1","0.0357","0.151","0","0.102","0.864","125.415","4","","Sony Music Entertainment","P (P) 1985 Sony Music Entertainment Brasil ltda."
"spotify:track:2K2Pq50VYn18xRInYymHFH","Vestido Colado","spotify:artist:7HUHsmvWREkN4l179tvpBe","Chrystian & Ralf","spotify:album:3mSJ2wlhd72Uxa2i2CwdMC","Chrystian & Ralf, Vol. 3","spotify:artist:7HUHsmvWREkN4l179tvpBe","Chrystian & Ralf","1985-01-01","","1","10","133773","","false","0","BRSGL8500119","spotify:user:isak.sjoholm.","2025-07-18T13:23:33Z","sertanejo tradicional,sertanejo","0.712","0.37","6","-14.087","1","0.0412","0.703","0","0.0507","0.926","127.735","3","","Som Livre",""
"spotify:track:4JKy3RgYnZkkKWPckU00N4","Sexo","spotify:artist:3zkkrMSBLHuTKMI6I3fDWi","Ultraje a Rigor","spotify:album:5m5sI5HVbldsqv546EChSw","2 é Demais","spotify:artist:3zkkrMSBLHuTKMI6I3fDWi","Ultraje a Rigor","1985","https://i.scdn.co/image/ab67616d0000b273da0937dee39293d96463a789","1","17","277466","https://p.scdn.co/mp3-preview/2b6499626ca4ebc4c3bb4f030120d6a8a6de4c65?cid=9950ac751e34487dbbe027c4fd7f8e99","false","30","BRWMB9600856","spotify:user:isak.sjoholm.","2025-07-18T13:23:33Z","brasiliansk rock,brasiliansk pop,mpb","0.779","0.556","9","-9.456","0","0.0281","0.021","0.00000682","0.083","0.915","134.078","4","","WM Brazil","C © 1985 / 1987 WEA International Inc., P ℗ 1996 WEA International Inc."
"spotify:track:7MxPTf60QYiSwhS5IEwTQ7","Brasilia","spotify:artist:2azqeHE13Y8hP8YAjew9zL","Plebe Rude","spotify:album:24C4G6Kc0eMOm7HxW2MTjB","O Concreto Já Rachou","spotify:artist:2azqeHE13Y8hP8YAjew9zL","Plebe Rude","1985-03-25","https://i.scdn.co/image/ab67616d0000b2732d25993d21d52f3ce43138d0","1","7","168706","https://p.scdn.co/mp3-preview/5a6a859ac956516251ee3f8368fc6e89755f0a00?cid=9950ac751e34487dbbe027c4fd7f8e99","false","28","BREMI8500022","spotify:user:isak.sjoholm.","2025-07-18T13:23:33Z","brasiliansk rock,brasiliansk pop","0.454","0.869","9","-8.425","0","0.0499","0.0223","0.00000699","0.184","0.761","75.41","4","","EMI Music Brasil Ltda","C © 1985 EMI Music Brasil Ltda, P ℗ 1985 EMI Music Brasil Ltda"
"spotify:track:5GMxW0016vZOZ6l1MWwCIC","Parabéns Pra Você","spotify:artist:1WkZvxuA4zCcFF9GChK6Vr","Grupo Fundo De Quintal","spotify:album:4OpIW4laU9oJIrzS6e3SxQ","Divina Luz","spotify:artist:1WkZvxuA4zCcFF9GChK6Vr","Grupo Fundo De Quintal","1985-01-01","https://i.scdn.co/image/ab67616d0000b2734c7f4a9d3a5122d9a7a8716c","1","1","276733","https://p.scdn.co/mp3-preview/ab8d76a8c49882e5cb83bc6eb423192b423996ec?cid=9950ac751e34487dbbe027c4fd7f8e99","false","32","BRSGL8500106","spotify:user:isak.sjoholm.","2025-07-18T13:23:33Z","samba,pagode","0.628","0.748","9","-7.318","1","0.0525","0.577","0","0.396","0.899","156.241","4","","Som Livre","C (C) 1985 Som Livre"
"spotify:track:3D3EZ41KrLIIboL5Nw3qel","Skyline Piggeon","spotify:artist:7vr15l4ulzvj0ef7x10jrO","Pholhas","spotify:album:7htTM7NqAPz5qImKNqlaId","Pholhas 25 Anos","spotify:artist:7vr15l4ulzvj0ef7x10jrO","Pholhas","1985-11-11","https://i.scdn.co/image/ab67616d0000b273383c816d01c906f1d6b2c5ee","1","4","220961","https://p.scdn.co/mp3-preview/8ee7a50a33f1cbad6fe9f1ace9a273a4b035e9ed?cid=9950ac751e34487dbbe027c4fd7f8e99","false","32","BRLSR0300093","spotify:user:isak.sjoholm.","2025-07-18T13:23:33Z","","0.528","0.316","4","-15.033","1","0.0302","0.401","0.00000226","0.116","0.379","137.994","4","","blhlaser","C 1985 Laser Records, P 1985 Laser Records"
"spotify:track:5ghGX9YMiavA7HoqYPasYu","Rubro zorro","spotify:artist:7L5YQQJPL1wrmrdigJavV7","Ira!","spotify:album:3xp5VNqVDTysxy1PvIW4P7","2 é demais- Vol 2","spotify:artist:7L5YQQJPL1wrmrdigJavV7","Ira!","2013-01-22","https://i.scdn.co/image/ab67616d0000b2736ecbddbe4a3c5c3228530599","1","1","249413","https://p.scdn.co/mp3-preview/231890d7abd3322501d522b70dd4ad329739e80d?cid=9950ac751e34487dbbe027c4fd7f8e99","false","18","BRWMB9806809","spotify:user:isak.sjoholm.","2025-07-18T13:23:33Z","brasiliansk rock,brasiliansk pop,mpb,poprock","0.502","0.832","11","-6.906","0","0.0387","0.0682","0.0000413","0.223","0.84","130.742","4","","WM Brazil","C © 2016Warner Music Brazil Ltda, P ℗ 2016 Warner Music Brazil Ltda"
"spotify:track:5vTP8xPwNe1loILmMJ8uzK","E Eu Não Fui Convidado","spotify:artist:1WkZvxuA4zCcFF9GChK6Vr","Grupo Fundo De Quintal","spotify:album:4OpIW4laU9oJIrzS6e3SxQ","Divina Luz","spotify:artist:1WkZvxuA4zCcFF9GChK6Vr","Grupo Fundo De Quintal","1985-01-01","https://i.scdn.co/image/ab67616d0000b2734c7f4a9d3a5122d9a7a8716c","1","9","229293","https://p.scdn.co/mp3-preview/b36887e544fc22bfe709159d78ce70cc0d2217fc?cid=9950ac751e34487dbbe027c4fd7f8e99","false","33","BRSGL8500081","spotify:user:isak.sjoholm.","2025-07-18T13:23:33Z","samba,pagode","0.701","0.796","2","-7.496","1","0.273","0.615","0","0.0788","0.892","107.758","4","","Som Livre","C (C) 1985 Som Livre"
"spotify:track:3aaIpxsQx1iPKbTNQqtklG","O Pobre","spotify:artist:2TjzEhCBd9s3YPWKPwKZYo","Leo Jaime","spotify:album:1MqfjwTccggOAGTyet6835","Sessão da Tarde","spotify:artist:2TjzEhCBd9s3YPWKPwKZYo","Leo Jaime","1985","https://i.scdn.co/image/ab67616d0000b2738301909541f8ad12c031d475","1","1","262800","https://p.scdn.co/mp3-preview/276b6f072f72fad0dc9c3ab4538ee9ada02a7075?cid=9950ac751e34487dbbe027c4fd7f8e99","false","28","BRSME8500041","spotify:user:isak.sjoholm.","2025-07-18T13:23:33Z","brasiliansk rock,brasiliansk pop,mpb","0.766","0.633","11","-8.569","0","0.0379","0.234","0.00000742","0.148","0.962","137.288","4","","Epic","P (P) 1999 Sony Music Entertainment (Brasil) I.C.L."
"spotify:track:08x53bZuSrskECl5JMtlWz","Luz Negra","spotify:artist:1PwOU6fFbmaGkK3wkbb8fU","Cazuza","spotify:album:2jGyiRzQpIUs4ZATSHzUVa","Melhores Momentos","spotify:artist:1PwOU6fFbmaGkK3wkbb8fU, spotify:artist:5zq0SGWxrmzpTSXkBEQzMj","Cazuza, Barão Vermelho","1985","https://i.scdn.co/image/ab67616d0000b273e696882787a684c77c05426f","1","15","184426","https://p.scdn.co/mp3-preview/bf32c139fc71f8d004baab0b0d68705b12165b31?cid=9950ac751e34487dbbe027c4fd7f8e99","false","33","BRSGL8600001","spotify:user:isak.sjoholm.","2025-07-18T13:23:33Z","mpb,brasiliansk rock,brasiliansk pop","0.477","0.117","0","-20.325","0","0.0469","0.916","0.0363","0.972","0.24","78.98","4","","Som Livre","C (C) 1989 Som Livre, P (P) 1985 Som Livre"
"spotify:track:7gzFsWddK80Jr2XbAIlY4I","Sonho","spotify:artist:2poCUrtJvVVgfA2hgri1IS","Roupa Nova","spotify:album:0YbKr2xXLLaQANkJqtrQTY","Roupa Nova - 1985","spotify:artist:2poCUrtJvVVgfA2hgri1IS","Roupa Nova","1985-08-22","https://i.scdn.co/image/ab67616d0000b27352f64465cdb6b0f4f469ec8b","1","11","269666","https://p.scdn.co/mp3-preview/a88406b969b643a3d65fe3a2d6221368f0033144?cid=9950ac751e34487dbbe027c4fd7f8e99","false","29","BRBMG8500262","spotify:user:isak.sjoholm.","2025-07-18T13:23:33Z","mpb,brasiliansk pop,brasiliansk rock","0.598","0.421","0","-11.464","0","0.0377","0.457","0.0000322","0.0722","0.63","122.654","4","","Sony BMG Music Entertainment","P (P) 1985 Sony Music Entertainment Brasil ltda"
"spotify:track:2KxqJ8TOECL8MRZG44p7Gs","O Destino de Maria","spotify:artist:2x5fdOl1kpBgD74cOkzNY0","Almir Guineto","spotify:album:6feYPsatT11pATJroTIBEn","Sorriso Novo","spotify:artist:2x5fdOl1kpBgD74cOkzNY0","Almir Guineto","1985-01-01","https://i.scdn.co/image/ab67616d0000b273c5ad44821e29bf89d0ee63f2","1","3","220826","https://p.scdn.co/mp3-preview/1b2431dfb7a0c6e09b4fe8580dfea1deae4a9a9d?cid=9950ac751e34487dbbe027c4fd7f8e99","false","25","BRRGE8500072","spotify:user:isak.sjoholm.","2025-07-18T13:23:33Z","samba,pagode","0.588","0.763","5","-5.086","0","0.0414","0.436","0","0.132","0.88","107.756","4","","Som Livre","C (C) 1985 Som Livre, P (P) 1985 Som Livre"
"spotify:track:21KSkuaqVdHWhq5nNFSdWH","Matine","spotify:artist:2yioZ2qyEHpU02c0zbvYza","Adílson Ramos","spotify:album:425Vipe2HUsTjiwmQJahuH","Adilson Ramos","spotify:artist:2yioZ2qyEHpU02c0zbvYza","Adílson Ramos","1985-04-06","https://i.scdn.co/image/ab67616d0000b27330a5d88649b6bb6aeda6d48c","1","8","195626","https://p.scdn.co/mp3-preview/5231fe1340a51b386c63a8290cc500a36811af25?cid=9950ac751e34487dbbe027c4fd7f8e99","false","36","BRBMG8500124","spotify:user:isak.sjoholm.","2025-07-18T13:23:33Z","brega,seresta,tecnobrega,bolero","0.717","0.794","5","-6.568","1","0.0301","0.426","0.00000554","0.227","0.883","132.206","4","","Sony Music Entertainment","P (P) 1985 Sony Music Entertainment Brasil ltda."
"spotify:track:6x6FiZ1VAHKwhObu3E0uxs","Passe Bem","spotify:artist:2x5fdOl1kpBgD74cOkzNY0","Almir Guineto","spotify:album:6feYPsatT11pATJroTIBEn","Sorriso Novo","spotify:artist:2x5fdOl1kpBgD74cOkzNY0","Almir Guineto","1985-01-01","https://i.scdn.co/image/ab67616d0000b273c5ad44821e29bf89d0ee63f2","1","11","234600","https://p.scdn.co/mp3-preview/19c4818b3a69ede0970dbf81df3f8dda1bd4e0cd?cid=9950ac751e34487dbbe027c4fd7f8e99","false","29","BRRGE8500077","spotify:user:isak.sjoholm.","2025-07-18T13:23:33Z","samba,pagode","0.618","0.899","2","-5.84","1","0.054","0.455","0.000174","0.059","0.786","102.177","4","","Som Livre","C (C) 1985 Som Livre, P (P) 1985 Som Livre"
"spotify:track:1mFKJyn2szIBfMP4XgfPtz","De Coração pra Coração - Versão Remasterizada","spotify:artist:7fAKtXSdNInWAIf0jVUz65","Roberto Carlos","spotify:album:0Q1CavPzrjhyUedyl5xnhJ","Roberto Carlos (1985 Remasterizado)","spotify:artist:7fAKtXSdNInWAIf0jVUz65","Roberto Carlos","1985-04-07","https://i.scdn.co/image/ab67616d0000b273ae742325149f09d1314a26c7","1","2","260600","https://p.scdn.co/mp3-preview/9978825f3257fd23c4a32bf6d8cb79366cd09397?cid=9950ac751e34487dbbe027c4fd7f8e99","false","30","BRSME8500174","spotify:user:isak.sjoholm.","2025-07-18T13:23:33Z","mpb,brega,bolero","0.585","0.247","5","-17.34","1","0.0266","0.31","0.000158","0.216","0.359","91.587","4","","Sony BMG Music Entertainment","P (P) 1985 Sony Music Entertainment Brasil Ltda"
"spotify:track:2YPTyerCXd5q7Nc76wcyrl","Desejo Missionário","spotify:artist:7hJOo2E8xDWPgC4rLUxkfe","Otoniel e Oziel","spotify:album:3Yw8pJKd1XEThelUb273ga","Desejo Missionário","spotify:artist:7hJOo2E8xDWPgC4rLUxkfe","Otoniel e Oziel","1985-10-06","https://i.scdn.co/image/ab67616d0000b2734df0f5608813509ccafa1c4c","1","1","204539","https://p.scdn.co/mp3-preview/c42b375596ef8b435b1e80dbd3c64529a8a3ff71?cid=9950ac751e34487dbbe027c4fd7f8e99","false","36","BRGVR1900080","spotify:user:isak.sjoholm.","2025-07-18T13:23:33Z","brasiliansk gospel","0.469","0.401","0","-7.331","0","0.0291","0.812","0.0000253","0.276","0.581","179.124","3","","Gravadora Doce Harmonia","C 1985 Gravadora Doce Harmonia, P 1985 Gravadora Doce Harmonia"
"spotify:track:4Fq33C3cSFRty8eb9lykRY","Ela Chora Chora","spotify:artist:7gfkYbxpguEc9bm6m8TpAr","Chitãozinho & Xororó","spotify:album:03TuTu9Z5PjaStZnNqB0Sy","Fotografia","spotify:artist:7gfkYbxpguEc9bm6m8TpAr","Chitãozinho & Xororó","1985","https://i.scdn.co/image/ab67616d0000b2739c231fd9403c3057bbb2c360","1","6","223266","https://p.scdn.co/mp3-preview/1ff4d5ac7a7471721241b56152a34466e221b4a3?cid=9950ac751e34487dbbe027c4fd7f8e99","false","32","BREMI8500006","spotify:user:isak.sjoholm.","2025-07-18T13:23:33Z","sertanejo tradicional,sertanejo,agronejo","0.536","0.918","2","-5.605","1","0.0514","0.219","0","0.361","0.831","99.131","4","","EMI Music Brasil Ltda","C © 2015 EMI Records Brasil Ltda/Universal Music International Ltda, P ℗ 1985 EMI Records Brasil Ltda/Universal Music International Ltda"
"spotify:track:5E5fB29eLQ9TGY836Giyfs","Poesia de Nós Dois","spotify:artist:1WkZvxuA4zCcFF9GChK6Vr","Grupo Fundo De Quintal","spotify:album:4OpIW4laU9oJIrzS6e3SxQ","Divina Luz","spotify:artist:1WkZvxuA4zCcFF9GChK6Vr","Grupo Fundo De Quintal","1985-01-01","https://i.scdn.co/image/ab67616d0000b2734c7f4a9d3a5122d9a7a8716c","1","3","180693","https://p.scdn.co/mp3-preview/cec771e206b766342b18ecda68f6000b38ce56b0?cid=9950ac751e34487dbbe027c4fd7f8e99","false","33","BRSGL8500108","spotify:user:isak.sjoholm.","2025-07-18T13:23:33Z","samba,pagode","0.709","0.821","2","-5.996","1","0.0396","0.484","0","0.0592","0.905","99.421","4","","Som Livre","C (C) 1985 Som Livre"
"spotify:track:6HAW4qeNGsJ8ZviMFoyreQ","All by Myself","spotify:artist:7vr15l4ulzvj0ef7x10jrO","Pholhas","spotify:album:7htTM7NqAPz5qImKNqlaId","Pholhas 25 Anos","spotify:artist:7vr15l4ulzvj0ef7x10jrO","Pholhas","1985-11-11","https://i.scdn.co/image/ab67616d0000b273383c816d01c906f1d6b2c5ee","1","1","290481","https://p.scdn.co/mp3-preview/dec8e10aa64535cf324485550ace289e02efa10f?cid=9950ac751e34487dbbe027c4fd7f8e99","false","31","BRLSR0300090","spotify:user:isak.sjoholm.","2025-07-18T13:23:33Z","","0.402","0.173","7","-16.912","0","0.0319","0.723","0.00107","0.06","0.0745","119.334","4","","blhlaser","C 1985 Laser Records, P 1985 Laser Records"
"spotify:track:1YG2PoNw51rHMdGC0AfPJw","Sub-Produto de Rock (Geração do Rock)","spotify:artist:5zq0SGWxrmzpTSXkBEQzMj","Barão Vermelho","spotify:album:2jGyiRzQpIUs4ZATSHzUVa","Melhores Momentos","spotify:artist:1PwOU6fFbmaGkK3wkbb8fU, spotify:artist:5zq0SGWxrmzpTSXkBEQzMj","Cazuza, Barão Vermelho","1985","https://i.scdn.co/image/ab67616d0000b273e696882787a684c77c05426f","1","5","206666","https://p.scdn.co/mp3-preview/45a930d77616536c1c02c8b8f221a65912f75d8d?cid=9950ac751e34487dbbe027c4fd7f8e99","false","24","BRSGL8400018","spotify:user:isak.sjoholm.","2025-07-18T13:23:33Z","brasiliansk rock,mpb,brasiliansk pop","0.773","0.739","7","-10.534","1","0.0714","0.116","0.00000824","0.0621","0.902","151.961","4","","Som Livre","C (C) 1989 Som Livre, P (P) 1985 Som Livre"
"spotify:track:5mzzT4kRMIC4KwxoUuDW6c","Down Em Mim","spotify:artist:5zq0SGWxrmzpTSXkBEQzMj","Barão Vermelho","spotify:album:2jGyiRzQpIUs4ZATSHzUVa","Melhores Momentos","spotify:artist:1PwOU6fFbmaGkK3wkbb8fU, spotify:artist:5zq0SGWxrmzpTSXkBEQzMj","Cazuza, Barão Vermelho","1985","https://i.scdn.co/image/ab67616d0000b273e696882787a684c77c05426f","1","12","195706","https://p.scdn.co/mp3-preview/29f02d0383be378be8bd2a81269d107ba3372937?cid=9950ac751e34487dbbe027c4fd7f8e99","false","22","BRRGE8200003","spotify:user:isak.sjoholm.","2025-07-18T13:23:33Z","brasiliansk rock,mpb,brasiliansk pop","0.397","0.566","9","-9.908","0","0.114","0.638","0.0000104","0.0893","0.188","163.83","3","","Som Livre","C (C) 1989 Som Livre, P (P) 1985 Som Livre"
"spotify:track:1MZousAdC6apwO0q9Oxtrf","Cristo Esta Comigo","spotify:artist:41XTLrYfIdtr8frsp8Em5C","Grupo Logos","spotify:album:2qgM7aqUnxMkfefxBNDQ4A","Mão no Arado","spotify:artist:41XTLrYfIdtr8frsp8Em5C","Grupo Logos","1985-06-03","https://i.scdn.co/image/ab67616d0000b27306ce9d95b2e1803f5a8d57df","1","5","213386","https://p.scdn.co/mp3-preview/d540241e8a18ad610fb160dbc4d1363ff9e2a4b4?cid=9950ac751e34487dbbe027c4fd7f8e99","false","20","BRMIE1600040","spotify:user:isak.sjoholm.","2025-07-18T13:23:33Z","brasiliansk gospel,gospel","0.409","0.298","9","-12.783","1","0.0285","0.822","0","0.0936","0.483","146.851","4","","Grupo Logos","C 1985 MEL, P 1985 MEL"
"spotify:track:24V2UVqaHfBFH2AGNBtrlI","Filho De Maria","spotify:artist:7gfkYbxpguEc9bm6m8TpAr","Chitãozinho & Xororó","spotify:album:03TuTu9Z5PjaStZnNqB0Sy","Fotografia","spotify:artist:7gfkYbxpguEc9bm6m8TpAr","Chitãozinho & Xororó","1985","https://i.scdn.co/image/ab67616d0000b2739c231fd9403c3057bbb2c360","1","12","203666","https://p.scdn.co/mp3-preview/b950428fa30312ab7e7f50235234c91c69034803?cid=9950ac751e34487dbbe027c4fd7f8e99","false","30","BREMI8500012","spotify:user:isak.sjoholm.","2025-07-18T13:23:33Z","sertanejo tradicional,sertanejo,agronejo","0.229","0.755","0","-5.148","1","0.0497","0.427","0","0.197","0.669","209.057","4","","EMI Music Brasil Ltda","C © 2015 EMI Records Brasil Ltda/Universal Music International Ltda, P ℗ 1985 EMI Records Brasil Ltda/Universal Music International Ltda"
"spotify:track:4n9PXR3jZtOBowaR2c3Dsj","Prisão das ruas","spotify:artist:7L5YQQJPL1wrmrdigJavV7","Ira!","spotify:album:3xp5VNqVDTysxy1PvIW4P7","2 é demais- Vol 2","spotify:artist:7L5YQQJPL1wrmrdigJavV7","Ira!","2013-01-22","https://i.scdn.co/image/ab67616d0000b2736ecbddbe4a3c5c3228530599","1","17","213733","https://p.scdn.co/mp3-preview/6a5e6fc9a17c286887450657c603805b48da2256?cid=9950ac751e34487dbbe027c4fd7f8e99","false","6","BRWMB9801032","spotify:user:isak.sjoholm.","2025-07-18T13:23:33Z","brasiliansk rock,brasiliansk pop,mpb,poprock","0.571","0.376","7","-12.563","1","0.0299","0.202","0.00018","0.166","0.24","59.415","4","","WM Brazil","C © 2016Warner Music Brazil Ltda, P ℗ 2016 Warner Music Brazil Ltda"
"spotify:track:7HCx3fi4NAnPCFEPZDVtGx","Desencontro","spotify:artist:7HUHsmvWREkN4l179tvpBe","Chrystian & Ralf","spotify:album:3mSJ2wlhd72Uxa2i2CwdMC","Chrystian & Ralf, Vol. 3","spotify:artist:7HUHsmvWREkN4l179tvpBe","Chrystian & Ralf","1985-01-01","","1","7","178786","","false","0","BRRGE8500159","spotify:user:isak.sjoholm.","2025-07-18T13:23:33Z","sertanejo tradicional,sertanejo","0.558","0.278","10","-15.517","1","0.0292","0.632","0","0.194","0.386","96.248","4","","Som Livre",""
"spotify:track:6O3QhdOC4SpzbXKe2HWaEa","Seu Nome","spotify:artist:5x6FJR9Qhxvs6It8l63qaC","Biafra","spotify:album:0URgP4TIuoMt0nUPMyptUs","O Sonho Deve Ser","spotify:artist:5x6FJR9Qhxvs6It8l63qaC","Biafra","1985-05-03","https://i.scdn.co/image/ab67616d0000b27368c348c4ad3a316d7677a6fd","1","1","207424","https://p.scdn.co/mp3-preview/a94280c3e36b10d36bbf7185c375a34e87611a55?cid=9950ac751e34487dbbe027c4fd7f8e99","false","42","BRMCA8500085","spotify:user:isak.sjoholm.","2025-07-18T13:23:33Z","mpb,brega","0.387","0.447","7","-8.969","1","0.0303","0.558","0.00000113","0.0774","0.321","142.629","4","","Universal Music Ltda.","C © 1985 Universal Music International, P ℗ 1985 Universal Music International"
"spotify:track:5wyXwifGAZ8Lc9rZQWQz47","Se Confessarmos","spotify:artist:41XTLrYfIdtr8frsp8Em5C","Grupo Logos","spotify:album:2jYqfZwPGS5CEb25ZyeLU4","Expressão de Louvor","spotify:artist:41XTLrYfIdtr8frsp8Em5C","Grupo Logos","1985","https://i.scdn.co/image/ab67616d0000b273c51dbea0d47167d7a4d5657a","1","7","253679","https://p.scdn.co/mp3-preview/d149808d3b61356d82ebb7f3396fc7bf6f492620?cid=9950ac751e34487dbbe027c4fd7f8e99","false","31","BRMIE1600078","spotify:user:isak.sjoholm.","2025-07-18T13:23:33Z","brasiliansk gospel,gospel","0.263","0.323","0","-9.85","1","0.0315","0.822","0","0.0801","0.148","82.097","5","","Grupo Logos","C 1985 MEL, P 1985 MEL"
"spotify:track:1rUZuEVixKKDnJ71BJkqNh","Novo Aeon","spotify:artist:7jrRQZg4FZq6dwpi3baKcu","Raul Seixas","spotify:album:6YkkoAG1rnLqET8SgT6ngp","Rock","spotify:artist:7jrRQZg4FZq6dwpi3baKcu","Raul Seixas","1985-01-01","https://i.scdn.co/image/ab67616d0000b27317e3bd5f1be7c220b36f5ce7","1","2","152693","https://p.scdn.co/mp3-preview/7cf551f65ac05af38fde1dc45e86d55f78f71698?cid=9950ac751e34487dbbe027c4fd7f8e99","false","21","BRMCA7500149","spotify:user:isak.sjoholm.","2025-07-18T13:23:33Z","brasiliansk rock,mpb,brasiliansk pop","0.369","0.7","2","-9.476","1","0.338","0.35","0","0.219","0.898","186.105","4","","Universal Music Ltda.","C © 1985 Universal Music Ltda, P ℗ 1985 Universal Music Ltda"
"spotify:track:24HnHPczTkm13ayWwZknzt","O Perú","spotify:artist:4ph6Bt1mkDlmf32PSvRa8A","Elba Ramalho","spotify:album:0hOsAwcrHj9NjH6Vnp0DiI","Pra Gente Miúda","spotify:artist:0LyfQWJT6nXafLPZqxe9Of","Blandade Artister","1985-01-25","https://i.scdn.co/image/ab67616d0000b27320cd64741f626a89fe746b17","1","12","153093","https://p.scdn.co/mp3-preview/96e9ca6a98dcf2946b26ba6174c7bb1c278dca72?cid=9950ac751e34487dbbe027c4fd7f8e99","false","16","BRPGD8100029","spotify:user:isak.sjoholm.","2025-07-18T13:23:33Z","forró tradicional,forró,mpb,samba","0.515","0.633","2","-12.286","1","0.137","0.595","0.0000109","0.618","0.893","79.562","5","","Universal Music Ltda.","C © 1985 Universal Music Ltda, P This Compilation ℗ 1985 Universal Music Ltda"
"spotify:track:1HPdcpWNnsg8M8VyhUVQsc","Mim quer tocar","spotify:artist:3zkkrMSBLHuTKMI6I3fDWi","Ultraje a Rigor","spotify:album:5m5sI5HVbldsqv546EChSw","2 é Demais","spotify:artist:3zkkrMSBLHuTKMI6I3fDWi","Ultraje a Rigor","1985","https://i.scdn.co/image/ab67616d0000b273da0937dee39293d96463a789","1","3","229026","https://p.scdn.co/mp3-preview/45ed53af0efac2ccc22149da4f0bc0cae05c02a4?cid=9950ac751e34487dbbe027c4fd7f8e99","false","29","BRWMB9600842","spotify:user:isak.sjoholm.","2025-07-18T13:23:33Z","brasiliansk rock,brasiliansk pop,mpb","0.911","0.497","8","-11.554","1","0.105","0.0868","0.00141","0.914","0.891","126.254","4","","WM Brazil","C © 1985 / 1987 WEA International Inc., P ℗ 1996 WEA International Inc."
"spotify:track:3RNDzrKP1EVFyBUAERN4Lm","Paranóia","spotify:artist:7jrRQZg4FZq6dwpi3baKcu","Raul Seixas","spotify:album:6YkkoAG1rnLqET8SgT6ngp","Rock","spotify:artist:7jrRQZg4FZq6dwpi3baKcu","Raul Seixas","1985-01-01","https://i.scdn.co/image/ab67616d0000b27317e3bd5f1be7c220b36f5ce7","1","6","230626","https://p.scdn.co/mp3-preview/442d5b27bfe10409c70b2edf96e2634ed74ba9dd?cid=9950ac751e34487dbbe027c4fd7f8e99","false","19","BRMCA7500144","spotify:user:isak.sjoholm.","2025-07-18T13:23:33Z","brasiliansk rock,mpb,brasiliansk pop","0.404","0.527","4","-11.124","0","0.071","0.349","0.00000219","0.387","0.65","147.544","4","","Universal Music Ltda.","C © 1985 Universal Music Ltda, P ℗ 1985 Universal Music Ltda"
"spotify:track:0SggAcEtC5qRRM5VP01Az1","Ópio","spotify:artist:1WkZvxuA4zCcFF9GChK6Vr","Grupo Fundo De Quintal","spotify:album:4OpIW4laU9oJIrzS6e3SxQ","Divina Luz","spotify:artist:1WkZvxuA4zCcFF9GChK6Vr","Grupo Fundo De Quintal","1985-01-01","https://i.scdn.co/image/ab67616d0000b2734c7f4a9d3a5122d9a7a8716c","1","8","224306","https://p.scdn.co/mp3-preview/2c51da7b90656951498f32bc9e1d8b1c07c09aaa?cid=9950ac751e34487dbbe027c4fd7f8e99","false","29","BRSGL8500113","spotify:user:isak.sjoholm.","2025-07-18T13:23:33Z","samba,pagode","0.602","0.768","2","-7.96","1","0.0538","0.505","0.00000287","0.336","0.906","101.967","4","","Som Livre","C (C) 1985 Som Livre"
"spotify:track:0yNvCWhV6EyDpYAAczCm1E","Every Time You Go Away - Single Version","spotify:artist:6rqU9HQ57NYGBnBzbrY3a4","Paul Young","spotify:album:34PyD90DDeHfhFEymKgjho","The Secret Of Association","spotify:artist:6rqU9HQ57NYGBnBzbrY3a4","Paul Young","1985-12-17","https://i.scdn.co/image/ab67616d0000b2734853144cf46737cf7d945376","1","15","257959","https://p.scdn.co/mp3-preview/60d693a60d21f953d54ae25ea3c62d9e51101d76?cid=9950ac751e34487dbbe027c4fd7f8e99","false","42","GBBBN8502029","spotify:user:isak.sjoholm.","2025-07-18T13:23:33Z","","0.621","0.484","5","-11.966","1","0.029","0.37","0.0000224","0.0955","0.506","164.199","4","","Sony Music UK","P (P) 1985 Sony Music Entertainment UK Limited"
"spotify:track:1xxFJ2VdbLYRenTnqcdTio","Na Canção","spotify:artist:5WQw86oZtrTc4nUfagqpcU","Vinicius Cantuaria","spotify:album:0Fsmu5F3aZVNCdftNdxiyg","Siga-Me","spotify:artist:5WQw86oZtrTc4nUfagqpcU","Vinicius Cantuaria","1985-07-01","https://i.scdn.co/image/ab67616d0000b273f0278c9920b593a0dd88380b","1","1","210666","https://p.scdn.co/mp3-preview/8c0fd2f844b733684764cffd2a85379bf569afe5?cid=9950ac751e34487dbbe027c4fd7f8e99","false","34","BREMI8500800","spotify:user:isak.sjoholm.","2025-07-18T13:23:33Z","mpb,brasiliansk rock,brasiliansk pop,brasiliansk jazz","0.614","0.896","4","-6.543","1","0.0326","0.664","0.000133","0.0974","0.841","131.183","4","","EMI Music Brasil Ltda","C © 1985 EMI Music Brasil Ltda, P ℗ 1985 EMI Music Brasil Ltda"
"spotify:track:4v6kfVw8GS49zrAkCyv2Ch","Te Faço Meu Cafuné","spotify:artist:1mCHLu4gizrN9PwHxKrJv4","Dominguinhos","spotify:album:20o5e13eMOZddMSMWvNrHE","Isso Aqui Tá Bom Demais","spotify:artist:1mCHLu4gizrN9PwHxKrJv4","Dominguinhos","1985-08-14","https://i.scdn.co/image/ab67616d0000b273d5fe9a2b4c35f440cb0e82cd","1","11","191239","","false","0","QZEQU1906182","spotify:user:isak.sjoholm.","2025-07-18T13:23:33Z","forró tradicional,forró,mpb","0.544","0.631","9","-6.56","1","0.0385","0.876","0.000272","0.54","0.786","141.026","4","","Força Cultural","C 1985 Força Cultural, P 1985 Força Cultural"
"spotify:track:79LO2DEs15xOyAqoYuhwtJ","Plena Luz","spotify:artist:41XTLrYfIdtr8frsp8Em5C","Grupo Logos","spotify:album:2qgM7aqUnxMkfefxBNDQ4A","Mão no Arado","spotify:artist:41XTLrYfIdtr8frsp8Em5C","Grupo Logos","1985-06-03","https://i.scdn.co/image/ab67616d0000b27306ce9d95b2e1803f5a8d57df","1","3","207146","https://p.scdn.co/mp3-preview/19ca7ab5e715dfa53c78c9460fb85b274f7bc341?cid=9950ac751e34487dbbe027c4fd7f8e99","false","10","BRMIE1600033","spotify:user:isak.sjoholm.","2025-07-18T13:23:33Z","brasiliansk gospel,gospel","0.395","0.282","0","-12.347","1","0.0337","0.786","0.00057","0.107","0.192","141.583","4","","Grupo Logos","C 1985 MEL, P 1985 MEL"
"spotify:track:2exMEyIVdhY3AtevEHQ83X","Corações Psicodélicos","spotify:artist:2poCUrtJvVVgfA2hgri1IS","Roupa Nova","spotify:album:0YbKr2xXLLaQANkJqtrQTY","Roupa Nova - 1985","spotify:artist:2poCUrtJvVVgfA2hgri1IS","Roupa Nova","1985-08-22","https://i.scdn.co/image/ab67616d0000b27352f64465cdb6b0f4f469ec8b","1","4","207800","https://p.scdn.co/mp3-preview/83c3e46898c4c0af823e70a739a91abe58872b19?cid=9950ac751e34487dbbe027c4fd7f8e99","false","28","BRBMG8500181","spotify:user:isak.sjoholm.","2025-07-18T13:23:33Z","mpb,brasiliansk pop,brasiliansk rock","0.712","0.772","9","-6.767","1","0.0355","0.759","0.000361","0.153","0.691","124.871","4","","Sony BMG Music Entertainment","P (P) 1985 Sony Music Entertainment Brasil ltda"
"spotify:track:40IFxABqEDGwPhbBrQkiQm","Rock da Descerebração","spotify:artist:1PwOU6fFbmaGkK3wkbb8fU","Cazuza","spotify:album:6WvN5lJoLYNXc8HYLuxjeX","Exagerado","spotify:artist:1PwOU6fFbmaGkK3wkbb8fU","Cazuza","1985","https://i.scdn.co/image/ab67616d0000b2738e9e126030415b0b367e7ab7","1","10","246600","https://p.scdn.co/mp3-preview/13cf3a22cca3a74a19964ef9bcb1ddc463e12e2e?cid=9950ac751e34487dbbe027c4fd7f8e99","false","31","BRRGE8500026","spotify:user:isak.sjoholm.","2025-07-18T13:23:33Z","mpb,brasiliansk rock,brasiliansk pop","0.649","0.866","11","-7.76","1","0.0533","0.194","0.00000933","0.26","0.51","122.38","4","","Som Livre","C (C) 1985 Som Livre, P (P) 1985 Som Livre"
"spotify:track:2O4XMdBkMqnoAIPJBAkfI8","Garça branca","spotify:artist:1AcEfwSjknCZZxlJhrT15B","Vieira & Vieirinha","spotify:album:02phIYayOjgEfBkWUTNZpI","Só Catira - Vol. 2","spotify:artist:1AcEfwSjknCZZxlJhrT15B","Vieira & Vieirinha","1985","https://i.scdn.co/image/ab67616d0000b2739cf9b9e7a32fd06c9ae7aef7","1","11","218600","https://p.scdn.co/mp3-preview/958d5862f81856913c55e342f44d05fd337337db?cid=9950ac751e34487dbbe027c4fd7f8e99","false","28","BRWMB9802903","spotify:user:isak.sjoholm.","2025-07-18T13:23:33Z","sertanejo tradicional,sertanejo","0.566","0.184","0","-10.293","1","0.0337","0.948","0.00000523","0.11","0.367","142.882","4","","WM Brazil","C © 1985 WEA International Inc., P ℗ 2001 WEA International Inc."
"spotify:track:70lIHwsTsEYdl4CQ3bL1TL","Dona de Casa","spotify:artist:7HUHsmvWREkN4l179tvpBe","Chrystian & Ralf","spotify:album:3mSJ2wlhd72Uxa2i2CwdMC","Chrystian & Ralf, Vol. 3","spotify:artist:7HUHsmvWREkN4l179tvpBe","Chrystian & Ralf","1985-01-01","","1","1","173000","","false","0","BRRGE8500155","spotify:user:isak.sjoholm.","2025-07-18T13:23:33Z","sertanejo tradicional,sertanejo","0.289","0.314","11","-12.684","1","0.0609","0.732","0","0.153","0.606","178.578","3","","Som Livre",""
"spotify:track:3MmgEWWcyGp9337cFMBMze","Portal Da Cor","spotify:artist:3Bnq7jiU506HcPjRgQ43TM","Milton Nascimento","spotify:album:0IEmp0Itesd1YpeKeQ19CX","Encontros E Despedidas","spotify:artist:3Bnq7jiU506HcPjRgQ43TM","Milton Nascimento","1985-01-08","https://i.scdn.co/image/ab67616d0000b273f4a83a135f30d0a63f1b8340","1","1","248733","https://p.scdn.co/mp3-preview/53024757e323d15e5288d8e72bcfc20f71fbef9f?cid=9950ac751e34487dbbe027c4fd7f8e99","false","28","BRPGD8500027","spotify:user:isak.sjoholm.","2025-07-18T13:23:33Z","mpb,bossa nova,brasiliansk jazz","0.568","0.541","4","-12.939","0","0.0408","0.67","0.109","0.326","0.579","119.061","5","","Universal Music Ltda.","C © 1985 Universal Music International, P ℗ 1985 Universal Music International"
"spotify:track:11NGxrma0GPwxzis3cEGwG","Rootsie & Boopsie","spotify:artist:6P27gAS4BvXxz42rpiUjMa","Papa Winnie","spotify:album:7iBjclCHcGbbqWgwqZ9vxN","Reggae Movement","spotify:artist:0LyfQWJT6nXafLPZqxe9Of","Blandade Artister","2019-07-25","https://i.scdn.co/image/ab67616d0000b273615c6cffd76d512360eabc92","1","2","249600","https://p.scdn.co/mp3-preview/bc52fbcd8b8d2b44309bdbbbaa491711810bea0c?cid=9950ac751e34487dbbe027c4fd7f8e99","false","0","FR59R1967431","spotify:user:isak.sjoholm.","2025-07-18T13:23:33Z","brasiliansk rock,reggae","0.705","0.673","9","-13.005","1","0.117","0.0845","0","0.083","0.318","90.025","4","","Mauricio World Music","C 1985 Mauricio World Music, P 1985 Mauricio World Music"
"spotify:track:2bS6e8RJmvWNR3wUHLHfdZ","Acertei No Milhar","spotify:artist:73gbBVz7ei7Pg9TCCsm3xB","Moreira Da Silva","spotify:album:7I55aaFjnnhEktH7NxP0ai","O Rei Do Gatilho","spotify:artist:73gbBVz7ei7Pg9TCCsm3xB","Moreira Da Silva","1985-03-02","https://i.scdn.co/image/ab67616d0000b27386eb8fc99a4ac9c05d3b76b4","1","5","169296","https://p.scdn.co/mp3-preview/b287d0429410d5d24a2845f41e670917ca54e01e?cid=9950ac751e34487dbbe027c4fd7f8e99","false","26","BREMI5800006","spotify:user:isak.sjoholm.","2025-07-18T13:23:33Z","samba","0.652","0.764","0","-8.024","1","0.688","0.797","0","0.0978","0.835","162.598","4","","Universal Music Ltda.","C © 1985 Universal Music International, P This Compilation ℗ 1985 Universal Music International"
"spotify:track:18IiJvi8rxiGJ7icjTn1ds","Proezas do Coração","spotify:artist:5T2UOU9fV8RcUgLH3b6TTN","Agepê","spotify:album:61Lx9NHwXRuZDXyRn57gLR","Agepê 85","spotify:artist:5T2UOU9fV8RcUgLH3b6TTN","Agepê","1985-01-01","https://i.scdn.co/image/ab67616d0000b273c898e5eb4a3d7cac0b258ad2","1","3","234666","https://p.scdn.co/mp3-preview/624dd5ac23d6371d323abd05701311f4b71e2603?cid=9950ac751e34487dbbe027c4fd7f8e99","false","37","BRRGE8500030","spotify:user:isak.sjoholm.","2025-07-18T13:23:33Z","samba,pagode,mpb","0.581","0.668","0","-11.304","0","0.112","0.642","0","0.119","0.872","139.937","4","","Som Livre","C (C) 1985 Som Livre"
"spotify:track:2fce1GxbQDNShi3bluZjXa","Consagrai-Vos","spotify:artist:41XTLrYfIdtr8frsp8Em5C","Grupo Logos","spotify:album:2qgM7aqUnxMkfefxBNDQ4A","Mão no Arado","spotify:artist:41XTLrYfIdtr8frsp8Em5C","Grupo Logos","1985-06-03","https://i.scdn.co/image/ab67616d0000b27306ce9d95b2e1803f5a8d57df","1","2","172386","https://p.scdn.co/mp3-preview/5637a5035306e415a0fe22f70bd0dad212ffa723?cid=9950ac751e34487dbbe027c4fd7f8e99","false","12","BRMIE1600032","spotify:user:isak.sjoholm.","2025-07-18T13:23:33Z","brasiliansk gospel,gospel","0.448","0.403","7","-11.761","1","0.0252","0.452","0","0.334","0.429","91.756","4","","Grupo Logos","C 1985 MEL, P 1985 MEL"
"spotify:track:2ky28ydLOn243w73GhXP2y","Rock Do Diabo","spotify:artist:7jrRQZg4FZq6dwpi3baKcu","Raul Seixas","spotify:album:6YkkoAG1rnLqET8SgT6ngp","Rock","spotify:artist:7jrRQZg4FZq6dwpi3baKcu","Raul Seixas","1985-01-01","https://i.scdn.co/image/ab67616d0000b27317e3bd5f1be7c220b36f5ce7","1","14","132560","https://p.scdn.co/mp3-preview/760841238e070d04c61dcc990422bb463973a8be?cid=9950ac751e34487dbbe027c4fd7f8e99","false","19","BRMCA7500138","spotify:user:isak.sjoholm.","2025-07-18T13:23:33Z","brasiliansk rock,mpb,brasiliansk pop","0.32","0.647","9","-11.245","1","0.104","0.184","0.0000283","0.082","0.742","184.52","4","","Universal Music Ltda.","C © 1985 Universal Music Ltda, P ℗ 1985 Universal Music Ltda"
"spotify:track:43E2fDN4BHx7UJi8w66WVt","O Milagre da Flecha","spotify:artist:3RcYwgJMwT88VPivNwlIza","Moacyr Franco","spotify:album:43Qr07QPiGPR9GqaJyg30L","Os Sucessos da Arca","spotify:artist:0LyfQWJT6nXafLPZqxe9Of","Blandade Artister","1985-01-01","https://i.scdn.co/image/ab67616d0000b273e92e26d1e2e6c86f65d0714e","1","5","224757","https://p.scdn.co/mp3-preview/3ca8386992bfbed79e2f46823036c0a53d11be1b?cid=9950ac751e34487dbbe027c4fd7f8e99","false","28","QM6P41489535","spotify:user:isak.sjoholm.","2025-07-18T13:23:33Z","brega,seresta,bolero","0.478","0.559","7","-7.32","1","0.0503","0.458","0.00000289","0.578","0.556","103.74","4","","Arca","C (C) 1985 Arca"
"spotify:track:3eyuxRV81uxMms3Yr3KEiZ","Super Heróis","spotify:artist:7jrRQZg4FZq6dwpi3baKcu","Raul Seixas","spotify:album:6YkkoAG1rnLqET8SgT6ngp","Rock","spotify:artist:7jrRQZg4FZq6dwpi3baKcu","Raul Seixas","1985-01-01","https://i.scdn.co/image/ab67616d0000b27317e3bd5f1be7c220b36f5ce7","1","7","189466","https://p.scdn.co/mp3-preview/bc6a5dcd87e9f6f338db4e710d00f8ca70f1d685?cid=9950ac751e34487dbbe027c4fd7f8e99","false","20","BRMCA7400113","spotify:user:isak.sjoholm.","2025-07-18T13:23:33Z","brasiliansk rock,mpb,brasiliansk pop","0.612","0.595","6","-11.556","1","0.0823","0.646","0","0.529","0.524","108.403","4","","Universal Music Ltda.","C © 1985 Universal Music Ltda, P ℗ 1985 Universal Music Ltda"
"spotify:track:3z5hBOqWXGXH3spKCTytrv","Sanfoneiro Macho","spotify:artist:2ZofT7n9AlTKf7KDCoHGgD","Luiz Gonzaga","spotify:album:3okAN5ab7pCf10vUe7sTYU","Sanfoneiro Macho","spotify:artist:2ZofT7n9AlTKf7KDCoHGgD","Luiz Gonzaga","1985-03-30","https://i.scdn.co/image/ab67616d0000b27395e01d6c20ed2f8c152f4061","1","4","184640","https://p.scdn.co/mp3-preview/ca8a74a658ba5c66c229cb8c01b1bdf259b21269?cid=9950ac751e34487dbbe027c4fd7f8e99","false","43","BRBMG8500239","spotify:user:isak.sjoholm.","2025-07-18T13:23:33Z","forró tradicional,forró,mpb","0.726","0.965","9","-5.019","1","0.0472","0.244","0","0.283","0.935","120.616","4","","Best","P (P) 1985 Sony Music Entertainment Brasil ltda."
"spotify:track:05eqRlavN0TIW5jUrWOlNG","What's Gone Wrong","spotify:artist:4PeH0LM0QG4jFfzSmU0SuB","The Untouchables","spotify:album:1ZSUIt9nDPifP1dexDXG2v","Wild Child","spotify:artist:4PeH0LM0QG4jFfzSmU0SuB","The Untouchables","1985-06-01","https://i.scdn.co/image/ab67616d0000b2732335be41de029b44831b3af6","1","4","296946","https://p.scdn.co/mp3-preview/5efc4d33a3f78f3776f3a6938b0b1b55a3413fb3?cid=9950ac751e34487dbbe027c4fd7f8e99","false","31","GBAHW0500474","spotify:user:isak.sjoholm.","2025-07-18T13:23:33Z","ska,rocksteady","0.765","0.442","0","-14.753","1","0.049","0.807","0.000277","0.14","0.848","150.102","4","","Stiff Records","C © 2004 Stiff Records Limited, P ℗ 2004 Stiff Records Limited"
"spotify:track:54sX5KKg6i2rgNnxtOnjQy","Ao Pôr do Sol","spotify:artist:5Y0XaJJjCuFcCw9vgvH5wn","Teddy Max","spotify:album:32txntCO6BAIamgDCXJ8Vg","Teddy Max (1985)","spotify:artist:5Y0XaJJjCuFcCw9vgvH5wn","Teddy Max","1985-12-14","https://i.scdn.co/image/ab67616d0000b2738adedb8ee041a27f15e4346e","1","8","162089","https://p.scdn.co/mp3-preview/062eca1943fe8d468c8f58ab42b152c74e423653?cid=9950ac751e34487dbbe027c4fd7f8e99","false","0","QZNJY2005894","spotify:user:isak.sjoholm.","2025-07-18T13:23:33Z","","0.674","0.516","0","-7.179","1","0.0388","0.185","0","0.291","0.962","136.302","4","","Music Gospel","C 2020 Music Gospel, P 2020 Music Gospel"
"spotify:track:3x3x1qpiloSm9QaREm9pqD","Vem Cantar","spotify:artist:41XTLrYfIdtr8frsp8Em5C","Grupo Logos","spotify:album:2qgM7aqUnxMkfefxBNDQ4A","Mão no Arado","spotify:artist:41XTLrYfIdtr8frsp8Em5C","Grupo Logos","1985-06-03","https://i.scdn.co/image/ab67616d0000b27306ce9d95b2e1803f5a8d57df","1","10","208439","https://p.scdn.co/mp3-preview/5bccebc01a6c2cbad1900a2436e42048065d7fb2?cid=9950ac751e34487dbbe027c4fd7f8e99","false","10","BRMIE1600039","spotify:user:isak.sjoholm.","2025-07-18T13:23:33Z","brasiliansk gospel,gospel","0.252","0.41","5","-10.51","1","0.028","0.454","0","0.247","0.32","167.012","4","","Grupo Logos","C 1985 MEL, P 1985 MEL"
"spotify:track:5MP8qdgRS0LfKlFgV6PM65","Making the Bombs","spotify:artist:4ubY8RYfXkcEqgjEMDuLYl","Circle Jerks","spotify:album:5vU4QWL6gxcQvDjyrt03py","Wonderful","spotify:artist:4ubY8RYfXkcEqgjEMDuLYl","Circle Jerks","1985-07-21","https://i.scdn.co/image/ab67616d0000b273593ad1c4a1aa4524b76b9a25","1","3","203506","","false","24","USSM11503760","spotify:user:isak.sjoholm.","2025-07-18T13:23:33Z","punk,hardcorepunk,skatepunk,hardcore,proto‑punk","0.402","0.907","9","-6.376","1","0.109","0.0835","0","0.128","0.529","139.299","4","","Legacy Recordings","P (P)1985, 2015 Columbia Records a division of Sony Music Entertainment"
"spotify:track:1PbgykXyFHaASnn1tyksiW","Fla-Men-Gol","spotify:artist:7s6K4YGtN6umad2vEORNM4","Bebeto","spotify:album:2VvFeJTZVdmfOax2OAnDGI","Fases","spotify:artist:7s6K4YGtN6umad2vEORNM4","Bebeto","1985","https://i.scdn.co/image/ab67616d0000b273f73f6d12947c2e5cb8877c0a","1","9","218034","https://p.scdn.co/mp3-preview/700fbbe69751c3f2530961ac48c210b4fa2e1a0f?cid=9950ac751e34487dbbe027c4fd7f8e99","false","5","BRBMG8500194","spotify:user:isak.sjoholm.","2025-07-18T13:23:33Z","samba,mpb","0.657","0.737","9","-7.645","0","0.0409","0.0605","0","0.335","0.672","119.313","4","","Sony Music Entertainment","P (P) 1985 RCA"
"spotify:track:2wp2ukZOml0gjl064fHohw","Lágrimas Do Sul (Para Winnie Mandela)","spotify:artist:3Bnq7jiU506HcPjRgQ43TM","Milton Nascimento","spotify:album:0IEmp0Itesd1YpeKeQ19CX","Encontros E Despedidas","spotify:artist:3Bnq7jiU506HcPjRgQ43TM","Milton Nascimento","1985-01-08","https://i.scdn.co/image/ab67616d0000b273f4a83a135f30d0a63f1b8340","1","5","221466","https://p.scdn.co/mp3-preview/d2e1421662a7b84c2b114f4fd5cfd5fc8b26f245?cid=9950ac751e34487dbbe027c4fd7f8e99","false","20","BRMCA8500049","spotify:user:isak.sjoholm.","2025-07-18T13:23:33Z","mpb,bossa nova,brasiliansk jazz","0.682","0.369","2","-14.39","1","0.0315","0.818","0.0000618","0.1","0.793","136.628","3","","Universal Music Ltda.","C © 1985 Universal Music International, P ℗ 1985 Universal Music International"
"spotify:track:4px52olg2a0UhTTRAvEHVU","Férias de Verão","spotify:artist:3LNTNOb2Bhh0g0etnZEyNE","Guilherme Arantes","spotify:album:00FW6sTVwjsTl0W8isfA38","Despertar","spotify:artist:3LNTNOb2Bhh0g0etnZEyNE","Guilherme Arantes","1985-11-04","https://i.scdn.co/image/ab67616d0000b2739687f77813bfd59c235503ab","1","4","272960","https://p.scdn.co/mp3-preview/82d052b8046fbbf175c2af21acd6c1ce1196fce4?cid=9950ac751e34487dbbe027c4fd7f8e99","false","22","BRSME8500039","spotify:user:isak.sjoholm.","2025-07-18T13:23:33Z","mpb,brasiliansk pop,brasiliansk rock","0.416","0.22","4","-13.412","1","0.0275","0.691","0.00000348","0.147","0.125","104.041","4","","Sony Music Entertainment","P (P) 1985 Sony Music Entertainment (Brasil) I.C.L."
"spotify:track:7iCT2rkgEwScJqA6CMtoYb","Jerusalém Cidade Santa","spotify:artist:4zOcSY6Sfk8SAwgAfBoIDK","Jessé","spotify:album:26JSZpgFhcRucM8lTBurSL","Ao Meu Pai","spotify:artist:4zOcSY6Sfk8SAwgAfBoIDK","Jessé","1985-01-01","https://i.scdn.co/image/ab67616d0000b273455d87f3e0c420040b9ace0a","1","4","285213","https://p.scdn.co/mp3-preview/6416884e2fcd603e2fe490c49ca39ab316693125?cid=9950ac751e34487dbbe027c4fd7f8e99","false","24","BRSGL8500033","spotify:user:isak.sjoholm.","2025-07-18T13:23:33Z","brega,mpb,seresta","0.185","0.256","0","-11.086","1","0.0304","0.692","0","0.189","0.094","80.841","4","","Som Livre","C (C) 1985 Som Livre, P (P) 1985 Som Livre"
"spotify:track:3Jf9GWxct9snhDLlL4h4UP","Isto É Olho Seco","spotify:artist:27CzKTYN9snef9Hn1kBHRG","Olho Seco","spotify:album:2imc8M10ITff8nhRdrLq7g","Botas, Fuzis e Capacetes","spotify:artist:27CzKTYN9snef9Hn1kBHRG","Olho Seco","1985-01-01","https://i.scdn.co/image/ab67616d0000b27384302e7ca13f37ad3a44e767","1","3","138083","","false","0","QZ5AB2018271","spotify:user:isak.sjoholm.","2025-07-18T13:23:33Z","hardcorepunk,punk","0.229","0.833","0","-9.173","1","0.0548","0.00349","0.00000128","0.148","0.454","91.25","4","","Olho Seco","C 1985 Olho Seco, P 1985 Olho Seco"
"spotify:track:3SgC9N0Yxr1tZWG6A610CH","Rainha Quelê","spotify:artist:6Q1U3z1hge970f3QhrPKcW","Dona Ivone Lara","spotify:album:4GvchyCWA83Ef4235CufJN","1985","spotify:artist:6Q1U3z1hge970f3QhrPKcW","Dona Ivone Lara","1985-01-01","https://i.scdn.co/image/ab67616d0000b2731106f9c4e097c73a8e075271","1","3","192466","https://p.scdn.co/mp3-preview/cddce1996d18a08069f78ce5c57354c1f7429df2?cid=9950ac751e34487dbbe027c4fd7f8e99","false","17","BRRGE8500166","spotify:user:isak.sjoholm.","2025-07-18T13:23:33Z","samba,pagode,mpb","0.71","0.538","7","-14.849","0","0.0626","0.397","0","0.207","0.957","96.348","4","","Som Livre","C (C) 1985 Som Livre, P (P) 1985 Som Livre"
"spotify:track:5ww3W5DeQ12wSTE6IgUaJb","A Vaca","spotify:artist:2x5fdOl1kpBgD74cOkzNY0","Almir Guineto","spotify:album:6feYPsatT11pATJroTIBEn","Sorriso Novo","spotify:artist:2x5fdOl1kpBgD74cOkzNY0","Almir Guineto","1985-01-01","https://i.scdn.co/image/ab67616d0000b273c5ad44821e29bf89d0ee63f2","1","8","208093","https://p.scdn.co/mp3-preview/71f06eb4d3644f6670fcec7ac1f5002882148a56?cid=9950ac751e34487dbbe027c4fd7f8e99","false","21","BRRGE8500074","spotify:user:isak.sjoholm.","2025-07-18T13:23:33Z","samba,pagode","0.753","0.85","7","-5.519","1","0.0732","0.331","0","0.0948","0.965","105.831","4","","Som Livre","C (C) 1985 Som Livre, P (P) 1985 Som Livre"
"spotify:track:7jizMYJuMBNFd0vjrBYHFQ","Pranto de Saudade","spotify:artist:7HUHsmvWREkN4l179tvpBe","Chrystian & Ralf","spotify:album:3mSJ2wlhd72Uxa2i2CwdMC","Chrystian & Ralf, Vol. 3","spotify:artist:7HUHsmvWREkN4l179tvpBe","Chrystian & Ralf","1985-01-01","","1","8","160906","","false","0","BRRGE8500160","spotify:user:isak.sjoholm.","2025-07-18T13:23:33Z","sertanejo tradicional,sertanejo","0.528","0.323","7","-14.144","1","0.0374","0.633","0","0.373","0.45","97.771","3","","Som Livre",""
"spotify:track:3XHg0TnrM7uzqui2mjpZch","Metade de Alguem","spotify:artist:7gfkYbxpguEc9bm6m8TpAr","Chitãozinho & Xororó","spotify:album:03TuTu9Z5PjaStZnNqB0Sy","Fotografia","spotify:artist:7gfkYbxpguEc9bm6m8TpAr","Chitãozinho & Xororó","1985","https://i.scdn.co/image/ab67616d0000b2739c231fd9403c3057bbb2c360","1","3","189333","https://p.scdn.co/mp3-preview/33c471d1a7b9b4258a2686de23d54eef491b753e?cid=9950ac751e34487dbbe027c4fd7f8e99","false","29","BREMI8500003","spotify:user:isak.sjoholm.","2025-07-18T13:23:33Z","sertanejo tradicional,sertanejo,agronejo","0.651","0.717","2","-4.817","1","0.0307","0.571","0","0.278","0.953","128.256","3","","EMI Music Brasil Ltda","C © 2015 EMI Records Brasil Ltda/Universal Music International Ltda, P ℗ 1985 EMI Records Brasil Ltda/Universal Music International Ltda"
"spotify:track:6SOmJ39FJaaYz16pm6BUOh","As Minas Do Rei Salomão","spotify:artist:7jrRQZg4FZq6dwpi3baKcu","Raul Seixas","spotify:album:6YkkoAG1rnLqET8SgT6ngp","Rock","spotify:artist:7jrRQZg4FZq6dwpi3baKcu","Raul Seixas","1985-01-01","https://i.scdn.co/image/ab67616d0000b27317e3bd5f1be7c220b36f5ce7","1","13","177573","https://p.scdn.co/mp3-preview/17cd5ee66e52b5fd256818272d9021e2dd5dfec2?cid=9950ac751e34487dbbe027c4fd7f8e99","false","17","BRMCA7600082","spotify:user:isak.sjoholm.","2025-07-18T13:23:33Z","brasiliansk rock,mpb,brasiliansk pop","0.488","0.825","7","-11.304","1","0.13","0.0472","0.00000937","0.108","0.792","140.421","4","","Universal Music Ltda.","C © 1985 Universal Music Ltda, P ℗ 1985 Universal Music Ltda"
"spotify:track:07j9ruduulLqR4sIgBFdOS","Murmúrio da Cachoeira","spotify:artist:2x5fdOl1kpBgD74cOkzNY0","Almir Guineto","spotify:album:6feYPsatT11pATJroTIBEn","Sorriso Novo","spotify:artist:2x5fdOl1kpBgD74cOkzNY0","Almir Guineto","1985-01-01","https://i.scdn.co/image/ab67616d0000b273c5ad44821e29bf89d0ee63f2","1","4","264706","https://p.scdn.co/mp3-preview/e423babeda55317e4c1db0e59fb400d3980ec955?cid=9950ac751e34487dbbe027c4fd7f8e99","false","20","BRRGE8500073","spotify:user:isak.sjoholm.","2025-07-18T13:23:33Z","samba,pagode","0.619","0.659","0","-7.8","1","0.0337","0.608","0","0.0736","0.806","97.17","4","","Som Livre","C (C) 1985 Som Livre, P (P) 1985 Som Livre"
"spotify:track:0OXVwwy56F5yB6T7Wxh2ec","Senhor Tu És o Meu Viver","spotify:artist:41XTLrYfIdtr8frsp8Em5C","Grupo Logos","spotify:album:2qgM7aqUnxMkfefxBNDQ4A","Mão no Arado","spotify:artist:41XTLrYfIdtr8frsp8Em5C","Grupo Logos","1985-06-03","https://i.scdn.co/image/ab67616d0000b27306ce9d95b2e1803f5a8d57df","1","4","151972","https://p.scdn.co/mp3-preview/3ef10a7d0ed6d73a370e27c56ba2fb50de2ea94d?cid=9950ac751e34487dbbe027c4fd7f8e99","false","9","BRMIE1600034","spotify:user:isak.sjoholm.","2025-07-18T13:23:33Z","brasiliansk gospel,gospel","0.407","0.422","6","-10.588","1","0.0301","0.531","0","0.104","0.322","80.005","4","","Grupo Logos","C 1985 MEL, P 1985 MEL"
"spotify:track:4nPz8xMHHYtLt06siYVz1f","Jibóia","spotify:artist:2x5fdOl1kpBgD74cOkzNY0","Almir Guineto","spotify:album:6feYPsatT11pATJroTIBEn","Sorriso Novo","spotify:artist:2x5fdOl1kpBgD74cOkzNY0","Almir Guineto","1985-01-01","https://i.scdn.co/image/ab67616d0000b273c5ad44821e29bf89d0ee63f2","1","1","230893","https://p.scdn.co/mp3-preview/91c7911beaf58f587a50fc66c92880096edffd54?cid=9950ac751e34487dbbe027c4fd7f8e99","false","32","BRSGL8500029","spotify:user:isak.sjoholm.","2025-07-18T13:23:33Z","samba,pagode","0.629","0.823","1","-5.394","0","0.12","0.485","0","0.0823","0.905","104.114","4","","Som Livre","C (C) 1985 Som Livre, P (P) 1985 Som Livre"
"spotify:track:6tdCoAdRQkb0Dxst9B37db","Olhar","spotify:artist:6Z3jpHZzLLidOPRoHQ5wix","Metrô","spotify:album:5v3lU3wXy2nJIupumHomhJ","Olhar","spotify:artist:6Z3jpHZzLLidOPRoHQ5wix","Metrô","1985","https://i.scdn.co/image/ab67616d0000b2730c73401155edcedbd1334824","1","1","257693","https://p.scdn.co/mp3-preview/85ea8d68ac4e4655f04bdac3ec96ae00c77814e6?cid=9950ac751e34487dbbe027c4fd7f8e99","false","28","BRSME8500192","spotify:user:isak.sjoholm.","2025-07-18T13:23:33Z","brasiliansk rock,brasiliansk pop,mpb","0.417","0.532","9","-12.378","1","0.035","0.368","0.0556","0.235","0.594","143.285","4","","Sony BMG Music Entertainment","P 1995 SONY MUSIC ENTERTAINMENT (BRASIL) I.C.L."
"spotify:track:2YaWLxtBdDNW28o1PRkeCf","Iemanja","spotify:artist:7oEkUINVIj1Nr3Wnj8tzqr","Gilberto Gil","spotify:album:5HIAqMijAQwtFJfvKRrb5I","Caetano, Gal, Gil E Bethânia","spotify:artist:0LyfQWJT6nXafLPZqxe9Of","Blandade Artister","1985-02-26","https://i.scdn.co/image/ab67616d0000b273d6fdb612ef23d456b19cc055","1","9","131173","https://p.scdn.co/mp3-preview/26f17952d58698ec3a7bb5bb3bc93ba4e565d059?cid=9950ac751e34487dbbe027c4fd7f8e99","false","16","BRBMG6600130","spotify:user:isak.sjoholm.","2025-07-18T13:23:33Z","mpb,bossa nova,forró tradicional,samba,brasiliansk jazz","0.452","0.267","4","-16.552","0","0.0957","0.516","0","0.86","0.583","129.579","3","","RCA Records Label","P (P) 1985 Sony Music Entertainment Brasil ltda."
"spotify:track:2ny5wPSelwd42yn7CvFScG","Só","spotify:artist:2TjzEhCBd9s3YPWKPwKZYo","Leo Jaime","spotify:album:1MqfjwTccggOAGTyet6835","Sessão da Tarde","spotify:artist:2TjzEhCBd9s3YPWKPwKZYo","Leo Jaime","1985","https://i.scdn.co/image/ab67616d0000b2738301909541f8ad12c031d475","1","5","222400","https://p.scdn.co/mp3-preview/fc12ec60a65c71c368e203688beeea5617c81f2b?cid=9950ac751e34487dbbe027c4fd7f8e99","false","26","BRSME8500047","spotify:user:isak.sjoholm.","2025-07-18T13:23:33Z","brasiliansk rock,brasiliansk pop,mpb","0.546","0.494","9","-8.298","1","0.0589","0.654","0.00000182","0.164","0.755","129.528","3","","Epic","P (P) 1999 Sony Music Entertainment (Brasil) I.C.L."
"spotify:track:3ZfBb5NYfidG9kpgR1A2nN","Na Paz do Congá","spotify:artist:5T2UOU9fV8RcUgLH3b6TTN","Agepê","spotify:album:61Lx9NHwXRuZDXyRn57gLR","Agepê 85","spotify:artist:5T2UOU9fV8RcUgLH3b6TTN","Agepê","1985-01-01","https://i.scdn.co/image/ab67616d0000b273c898e5eb4a3d7cac0b258ad2","1","6","223173","https://p.scdn.co/mp3-preview/0055dc7097de6e71c7d6f2912d15842a2954b67b?cid=9950ac751e34487dbbe027c4fd7f8e99","false","13","BRRGE8500151","spotify:user:isak.sjoholm.","2025-07-18T13:23:33Z","samba,pagode,mpb","0.724","0.69","0","-11.62","0","0.0483","0.311","0.00705","0.184","0.887","119.347","4","","Som Livre","C (C) 1985 Som Livre"
"spotify:track:7I8XzHbsq8DIqhnFsn2K8e","Cobra venenosa","spotify:artist:2PLF4pjm6A5eztTVbt9ou4, spotify:artist:55Wn8tf8dBvfl1HRsD7Kze","Tião Carreiro & Pardinho, Continental","spotify:album:2vnLE09VvmNL2UHgkp8bJI","Felicidade","spotify:artist:2PLF4pjm6A5eztTVbt9ou4, spotify:artist:55Wn8tf8dBvfl1HRsD7Kze","Tião Carreiro & Pardinho, Continental","1985","https://i.scdn.co/image/ab67616d0000b273a440527df49260352dbdfce1","1","10","187760","https://p.scdn.co/mp3-preview/44f534249a998ec6426601dd814d89d34953eb6b?cid=9950ac751e34487dbbe027c4fd7f8e99","false","37","BRWMB0000072","spotify:user:isak.sjoholm.","2025-07-18T13:23:33Z","sertanejo tradicional,sertanejo,sertanejo tradicional,sertanejo,brega","0.551","0.357","0","-11.311","1","0.0317","0.79","0","0.0979","0.571","110.125","4","","WM Brazil","C © 1985 WEA International Inc., P ℗ 2000 WEA International Inc."
"spotify:track:4bY9TQSSXYzzvriiHxDHX9","Mosca Na Sopa","spotify:artist:7jrRQZg4FZq6dwpi3baKcu","Raul Seixas","spotify:album:6YkkoAG1rnLqET8SgT6ngp","Rock","spotify:artist:7jrRQZg4FZq6dwpi3baKcu","Raul Seixas","1985-01-01","https://i.scdn.co/image/ab67616d0000b27317e3bd5f1be7c220b36f5ce7","1","10","239000","https://p.scdn.co/mp3-preview/6dcdd60fc1a33653c670d563f131f9f9d1f3589f?cid=9950ac751e34487dbbe027c4fd7f8e99","false","18","BRMCA7300117","spotify:user:isak.sjoholm.","2025-07-18T13:23:33Z","brasiliansk rock,mpb,brasiliansk pop","0.569","0.69","2","-12.974","1","0.0742","0.437","0.000106","0.283","0.837","91.506","4","","Universal Music Ltda.","C © 1985 Universal Music Ltda, P ℗ 1985 Universal Music Ltda"
"spotify:track:5nGBH9mf2iU09aLq2ohhA1","Papai Vadiou","spotify:artist:5iiQvuDCnlXoK8iAhydW0u","Leci Brandao","spotify:album:4AnfgQ4FOryX8qy0w1xzm6","Leci Brandão","spotify:artist:5iiQvuDCnlXoK8iAhydW0u","Leci Brandao","1985-07-01","https://i.scdn.co/image/ab67616d0000b2733873c3634bb6e9e3855d435f","1","1","198866","https://p.scdn.co/mp3-preview/db5518bd31f4cd1926902f980fc2983cabd00795?cid=9950ac751e34487dbbe027c4fd7f8e99","false","32","BREMI8500128","spotify:user:isak.sjoholm.","2025-07-18T13:23:33Z","samba,pagode,mpb","0.744","0.668","5","-10.193","0","0.0522","0.576","0","0.0666","0.96","101.608","4","","Universal Music Ltda.","C © 1985 EMI Records Brasil Ltda, P ℗ 1985 EMI Records Brasil Ltda"
"spotify:track:0L8aUZ2UdTYs3zzroOv2YD","Conquista a Vitória","spotify:artist:41XTLrYfIdtr8frsp8Em5C","Grupo Logos","spotify:album:2qgM7aqUnxMkfefxBNDQ4A","Mão no Arado","spotify:artist:41XTLrYfIdtr8frsp8Em5C","Grupo Logos","1985-06-03","https://i.scdn.co/image/ab67616d0000b27306ce9d95b2e1803f5a8d57df","1","7","144106","https://p.scdn.co/mp3-preview/7a75b07b52e231c4fefd14f6c3085d67cc9164ab?cid=9950ac751e34487dbbe027c4fd7f8e99","false","9","BRMIE1600036","spotify:user:isak.sjoholm.","2025-07-18T13:23:34Z","brasiliansk gospel,gospel","0.673","0.372","2","-11.838","1","0.0997","0.891","0","0.0946","0.574","123.855","4","","Grupo Logos","C 1985 MEL, P 1985 MEL"
"spotify:track:2Zb1vzq95XsUDGdjOkaGie","Just Like Honey","spotify:artist:4rjlerN21ygkIhmUv55irs","The Jesus and Mary Chain","spotify:album:4NGWe17wxoQvF0an1ps49l","Psychocandy","spotify:artist:4rjlerN21ygkIhmUv55irs","The Jesus and Mary Chain","1985-11-18","https://i.scdn.co/image/ab67616d0000b2730d63a522dc9ca89bc76c502a","1","1","182493","https://p.scdn.co/mp3-preview/e0af66185e74afc9c5b1718b62924f1f0ca459da?cid=9950ac751e34487dbbe027c4fd7f8e99","false","0","GBAHT0200220","spotify:user:isak.sjoholm.","2025-07-18T13:23:34Z","shoegaze,postpunk,dream pop,noiserock,new wave","0.341","0.552","8","-10.503","1","0.0423","0.0000802","0.616","0.0591","0.486","121.361","4","","WM UK","C © 1985 Warner Music UK Ltd, P ℗ 1985 Warner Music UK Ltd"
"spotify:track:42Tut90TX5uBSSfItm69DM","Declare Guerra","spotify:artist:5zq0SGWxrmzpTSXkBEQzMj","Barão Vermelho","spotify:album:2jGyiRzQpIUs4ZATSHzUVa","Melhores Momentos","spotify:artist:1PwOU6fFbmaGkK3wkbb8fU, spotify:artist:5zq0SGWxrmzpTSXkBEQzMj","Cazuza, Barão Vermelho","1985","https://i.scdn.co/image/ab67616d0000b273e696882787a684c77c05426f","1","7","235840","https://p.scdn.co/mp3-preview/4c22318b1b0db6332c4e4b517774eb25639bd839?cid=9950ac751e34487dbbe027c4fd7f8e99","false","18","BRRGE8600006","spotify:user:isak.sjoholm.","2025-07-18T13:23:34Z","brasiliansk rock,mpb,brasiliansk pop","0.563","0.707","2","-9.82","1","0.0338","0.488","0.0272","0.322","0.683","142.652","4","","Som Livre","C (C) 1989 Som Livre, P (P) 1985 Som Livre"
"spotify:track:6FpQ5oe1q7NRJOBeHehPqV","Olhos Vermelhos","spotify:artist:3LNTNOb2Bhh0g0etnZEyNE","Guilherme Arantes","spotify:album:00FW6sTVwjsTl0W8isfA38","Despertar","spotify:artist:3LNTNOb2Bhh0g0etnZEyNE","Guilherme Arantes","1985-11-04","https://i.scdn.co/image/ab67616d0000b2739687f77813bfd59c235503ab","1","6","273946","https://p.scdn.co/mp3-preview/faa1925515d6b5c3aaefd998fec40a44892d1c54?cid=9950ac751e34487dbbe027c4fd7f8e99","false","28","BRSME8500032","spotify:user:isak.sjoholm.","2025-07-18T13:23:34Z","mpb,brasiliansk pop,brasiliansk rock","0.618","0.832","5","-8.608","1","0.0335","0.695","0.0000758","0.135","0.664","130.12","4","","Sony Music Entertainment","P (P) 1985 Sony Music Entertainment (Brasil) I.C.L."
"spotify:track:26QG8DgOjuKxQd46P9g7J3","Alma Ferida","spotify:artist:7gfkYbxpguEc9bm6m8TpAr","Chitãozinho & Xororó","spotify:album:03TuTu9Z5PjaStZnNqB0Sy","Fotografia","spotify:artist:7gfkYbxpguEc9bm6m8TpAr","Chitãozinho & Xororó","1985","https://i.scdn.co/image/ab67616d0000b2739c231fd9403c3057bbb2c360","1","4","215373","https://p.scdn.co/mp3-preview/45dc80e740f82f6e803168244910179e4e4eda06?cid=9950ac751e34487dbbe027c4fd7f8e99","false","28","BREMI8500004","spotify:user:isak.sjoholm.","2025-07-18T13:23:34Z","sertanejo tradicional,sertanejo,agronejo","0.192","0.743","0","-5.592","1","0.0527","0.549","0","0.234","0.678","208.276","4","","EMI Music Brasil Ltda","C © 2015 EMI Records Brasil Ltda/Universal Music International Ltda, P ℗ 1985 EMI Records Brasil Ltda/Universal Music International Ltda"
"spotify:track:2ZtbaVWhPtWAFNttNZ6aUu","Venus","spotify:artist:7vr15l4ulzvj0ef7x10jrO","Pholhas","spotify:album:7htTM7NqAPz5qImKNqlaId","Pholhas 25 Anos","spotify:artist:7vr15l4ulzvj0ef7x10jrO","Pholhas","1985-11-11","https://i.scdn.co/image/ab67616d0000b273383c816d01c906f1d6b2c5ee","1","5","188824","https://p.scdn.co/mp3-preview/06f1f2c7197d200ae029c610745fe31aa6916ea5?cid=9950ac751e34487dbbe027c4fd7f8e99","false","26","BRLSR0300094","spotify:user:isak.sjoholm.","2025-07-18T13:23:34Z","","0.628","0.505","11","-13.808","0","0.0299","0.0356","0.00769","0.106","0.857","133.135","4","","blhlaser","C 1985 Laser Records, P 1985 Laser Records"
"spotify:track:6HhTttSUKkup8b2AaygcmX","Fogo No Forró","spotify:artist:5T2UOU9fV8RcUgLH3b6TTN","Agepê","spotify:album:61Lx9NHwXRuZDXyRn57gLR","Agepê 85","spotify:artist:5T2UOU9fV8RcUgLH3b6TTN","Agepê","1985-01-01","https://i.scdn.co/image/ab67616d0000b273c898e5eb4a3d7cac0b258ad2","1","4","163226","https://p.scdn.co/mp3-preview/06138ef5eb1acf8e1691c434e65c22d443f20c14?cid=9950ac751e34487dbbe027c4fd7f8e99","false","23","BRRGE8500031","spotify:user:isak.sjoholm.","2025-07-18T13:23:34Z","samba,pagode,mpb","0.697","0.848","9","-10.925","1","0.0489","0.47","0","0.102","0.891","102.523","4","","Som Livre","C (C) 1985 Som Livre"
"spotify:track:5Ygz9lmXy8JXmsaz7Mgfjx","Coisa Mais Gostosa","spotify:artist:7hj6TfWecHlMmeUPwiAazv","Dr. Silvana & Cia.","spotify:album:6kM9tsyXNygsvtuhIpkAa8","Dr. Silvana & Cia","spotify:artist:7hj6TfWecHlMmeUPwiAazv","Dr. Silvana & Cia.","1985","https://i.scdn.co/image/ab67616d0000b2733bbbacc40ead39a6d579b3cc","1","3","203933","https://p.scdn.co/mp3-preview/f30047b839daa07a3d94e272e4b19e83c83516cd?cid=9950ac751e34487dbbe027c4fd7f8e99","false","24","BRSME8400091","spotify:user:isak.sjoholm.","2025-07-18T13:23:34Z","brasiliansk rock,brasiliansk pop","0.738","0.449","6","-14.534","0","0.0701","0.643","0","0.124","0.829","122.055","4","","Sony Music Entertainment","P (P) 1985 CBS"
"spotify:track:3jbh5tZZgBfYdCtTrOfBk3","Estrela Sensual","spotify:artist:3LNTNOb2Bhh0g0etnZEyNE","Guilherme Arantes","spotify:album:00FW6sTVwjsTl0W8isfA38","Despertar","spotify:artist:3LNTNOb2Bhh0g0etnZEyNE","Guilherme Arantes","1985-11-04","https://i.scdn.co/image/ab67616d0000b2739687f77813bfd59c235503ab","1","7","263906","https://p.scdn.co/mp3-preview/f893815ae6317bf23b0ea3324fbba1423abfe368?cid=9950ac751e34487dbbe027c4fd7f8e99","false","22","BRSME1500888","spotify:user:isak.sjoholm.","2025-07-18T13:23:34Z","mpb,brasiliansk pop,brasiliansk rock","0.703","0.537","2","-10.202","1","0.0313","0.119","0.0000125","0.0502","0.509","112.599","4","","Sony Music Entertainment","P (P) 1985 Sony Music Entertainment (Brasil) I.C.L."
"spotify:track:72OYbJH5brGfFBR3AJez3m","Brincar de Viver","spotify:artist:3LNTNOb2Bhh0g0etnZEyNE","Guilherme Arantes","spotify:album:00FW6sTVwjsTl0W8isfA38","Despertar","spotify:artist:3LNTNOb2Bhh0g0etnZEyNE","Guilherme Arantes","1985-11-04","https://i.scdn.co/image/ab67616d0000b2739687f77813bfd59c235503ab","1","5","226053","https://p.scdn.co/mp3-preview/5b8f34fa241f4f6567d4d8eadf931816ab5e1cc3?cid=9950ac751e34487dbbe027c4fd7f8e99","false","35","BRSME1500887","spotify:user:isak.sjoholm.","2025-07-18T13:23:34Z","mpb,brasiliansk pop,brasiliansk rock","0.521","0.119","4","-14.41","1","0.0423","0.873","0","0.0592","0.231","116.272","4","","Sony Music Entertainment","P (P) 1985 Sony Music Entertainment (Brasil) I.C.L."
"spotify:track:1548fYRElWaxkzG77V7Ugc","Minha casa","spotify:artist:4oa7ETNZH1ivfzFkCGVZlR, spotify:artist:55Wn8tf8dBvfl1HRsD7Kze","Milionário & José Rico, Continental","spotify:album:1FqS5AZJLrNKDDHrQ3hSVf","Volume 15 (Minha Prece)","spotify:artist:4oa7ETNZH1ivfzFkCGVZlR, spotify:artist:55Wn8tf8dBvfl1HRsD7Kze","Milionário & José Rico, Continental","1985","https://i.scdn.co/image/ab67616d0000b273b18af9c6f1b1401e057afae1","1","7","280773","https://p.scdn.co/mp3-preview/585d9135e0093e759feb7fb2bb5723f0f6f393e0?cid=9950ac751e34487dbbe027c4fd7f8e99","false","34","BRWMB9800309","spotify:user:isak.sjoholm.","2025-07-18T13:23:34Z","sertanejo tradicional,sertanejo,sertanejo tradicional,sertanejo,brega","0.503","0.438","7","-6.456","0","0.0332","0.875","0","0.102","0.3","95.959","3","","WM Brazil","C © 1985 WEA International Inc., P ℗ 2000 WEA International Inc."
"spotify:track:0asz3zkXcnPLgYEuKm7pXO","Nós vamos invadir sua praia - Remix","spotify:artist:3zkkrMSBLHuTKMI6I3fDWi","Ultraje a Rigor","spotify:album:5m5sI5HVbldsqv546EChSw","2 é Demais","spotify:artist:3zkkrMSBLHuTKMI6I3fDWi","Ultraje a Rigor","1985","https://i.scdn.co/image/ab67616d0000b273da0937dee39293d96463a789","1","1","257760","https://p.scdn.co/mp3-preview/840210d41764f201972a014e993bb9ef9d2124d5?cid=9950ac751e34487dbbe027c4fd7f8e99","false","22","BRWMB9600840","spotify:user:isak.sjoholm.","2025-07-18T13:23:34Z","brasiliansk rock,brasiliansk pop,mpb","0.522","0.961","4","-7.776","0","0.067","0.0993","0.0000637","0.0881","0.695","169.143","4","","WM Brazil","C © 1985 / 1987 WEA International Inc., P ℗ 1996 WEA International Inc."
"spotify:track:66ULOYY1yFo1ZZpQjmfYbw","Um Certo Capitão Rodrigo","spotify:artist:1CjvI1dBcZPfgd2PLD8pVj","Kleiton & Kledir","spotify:album:58ZbCFgQeWKVMy2F9CfWPw","O Tempo e o Vento","spotify:artist:0LyfQWJT6nXafLPZqxe9Of","Blandade Artister","1985-01-01","https://i.scdn.co/image/ab67616d0000b273ea902446fc3e67c3f47abdb0","1","5","167226","https://p.scdn.co/mp3-preview/fc82cc8e4834184f7cddf6bdb6afed7bbe508483?cid=9950ac751e34487dbbe027c4fd7f8e99","false","16","BRSGL8500053","spotify:user:isak.sjoholm.","2025-07-18T13:23:34Z","mpb,brasiliansk pop","0.396","0.353","0","-11.907","0","0.0467","0.864","0.0281","0.221","0.396","83.432","4","","Som Livre","C (C) 1985 Som Livre"
"spotify:track:1eTGpdEu2IwWC6CPYnbR0m","Verdadeira Chama","spotify:artist:5T2UOU9fV8RcUgLH3b6TTN","Agepê","spotify:album:61Lx9NHwXRuZDXyRn57gLR","Agepê 85","spotify:artist:5T2UOU9fV8RcUgLH3b6TTN","Agepê","1985-01-01","https://i.scdn.co/image/ab67616d0000b273c898e5eb4a3d7cac0b258ad2","1","5","185466","https://p.scdn.co/mp3-preview/0a0081262bad18670f9adfe787603c6702871c15?cid=9950ac751e34487dbbe027c4fd7f8e99","false","13","BRSGL8500102","spotify:user:isak.sjoholm.","2025-07-18T13:23:34Z","samba,pagode,mpb","0.586","0.672","5","-12.647","0","0.084","0.29","0.00000166","0.0822","0.947","135.267","4","","Som Livre","C (C) 1985 Som Livre"
"spotify:track:3hTgyavWgMAaWVJp7a1LKP","Gemidos Abafados","spotify:artist:7HUHsmvWREkN4l179tvpBe","Chrystian & Ralf","spotify:album:3mSJ2wlhd72Uxa2i2CwdMC","Chrystian & Ralf, Vol. 3","spotify:artist:7HUHsmvWREkN4l179tvpBe","Chrystian & Ralf","1985-01-01","","1","12","152333","","false","0","BRRGE8500162","spotify:user:isak.sjoholm.","2025-07-18T13:23:34Z","sertanejo tradicional,sertanejo","0.411","0.25","7","-15.992","1","0.0389","0.692","0","0.414","0.496","161.183","3","","Som Livre",""
"spotify:track:4meJlgVtwUU8fJGNcLHbhi","Venha Até Aqui","spotify:artist:5mQMEwn8ExRnlxpp3L0gHn","Amado Batista","spotify:album:1lRcSd5kx7UXg0St57uQF2","Amado Batista ""85""","spotify:artist:5mQMEwn8ExRnlxpp3L0gHn","Amado Batista","1985-05-14","https://i.scdn.co/image/ab67616d0000b27399192970c3fb90d2d874c0d1","1","3","183173","https://p.scdn.co/mp3-preview/720cc2dd41b91997c2d9397b63fa6902d087b5e7?cid=9950ac751e34487dbbe027c4fd7f8e99","false","40","BRBMG8500251","spotify:user:isak.sjoholm.","2025-07-18T13:23:34Z","brega,seresta,sertanejo tradicional,sertanejo","0.592","0.628","8","-7.982","1","0.0463","0.652","0","0.43","0.543","139.411","4","","RCA Records Label","P 1985 BMG BRASIL LTDA."
"spotify:track:6rGj2uO20aqlZzxBL95vYx","Zoraide","spotify:artist:3zkkrMSBLHuTKMI6I3fDWi","Ultraje a Rigor","spotify:album:5m5sI5HVbldsqv546EChSw","2 é Demais","spotify:artist:3zkkrMSBLHuTKMI6I3fDWi","Ultraje a Rigor","1985","https://i.scdn.co/image/ab67616d0000b273da0937dee39293d96463a789","1","4","207066","https://p.scdn.co/mp3-preview/90d92d16ff3be43fa0a7c56d61407bb9067146ab?cid=9950ac751e34487dbbe027c4fd7f8e99","false","29","BRWMB9600843","spotify:user:isak.sjoholm.","2025-07-18T13:23:34Z","brasiliansk rock,brasiliansk pop,mpb","0.463","0.857","9","-9.61","1","0.0613","0.0728","0.00000807","0.0667","0.705","179.262","4","","WM Brazil","C © 1985 / 1987 WEA International Inc., P ℗ 1996 WEA International Inc."
"spotify:track:1EmV3K7FZsmsRtQAW4L1Vr","Marylou","spotify:artist:3zkkrMSBLHuTKMI6I3fDWi","Ultraje a Rigor","spotify:album:5m5sI5HVbldsqv546EChSw","2 é Demais","spotify:artist:3zkkrMSBLHuTKMI6I3fDWi","Ultraje a Rigor","1985","https://i.scdn.co/image/ab67616d0000b273da0937dee39293d96463a789","1","7","137653","https://p.scdn.co/mp3-preview/27401e5c410a20e85462f13c31f0fc3acede7d52?cid=9950ac751e34487dbbe027c4fd7f8e99","false","28","BRWMB9600846","spotify:user:isak.sjoholm.","2025-07-18T13:23:34Z","brasiliansk rock,brasiliansk pop,mpb","0.506","0.903","9","-9.792","1","0.051","0.144","0.0000851","0.218","0.97","164.458","4","","WM Brazil","C © 1985 / 1987 WEA International Inc., P ℗ 1996 WEA International Inc."
"spotify:track:4TrNuQySA8fMUqy9V9EzmE","Oração da Noite","spotify:artist:4zOcSY6Sfk8SAwgAfBoIDK","Jessé","spotify:album:26JSZpgFhcRucM8lTBurSL","Ao Meu Pai","spotify:artist:4zOcSY6Sfk8SAwgAfBoIDK","Jessé","1985-01-01","https://i.scdn.co/image/ab67616d0000b273455d87f3e0c420040b9ace0a","1","5","202480","https://p.scdn.co/mp3-preview/be6959d4d4cce25600620619406f67476690dea0?cid=9950ac751e34487dbbe027c4fd7f8e99","false","21","BRSGL8500034","spotify:user:isak.sjoholm.","2025-07-18T13:23:34Z","brega,mpb,seresta","0.12","0.292","7","-9.872","1","0.0323","0.863","0","0.101","0.141","75.234","4","","Som Livre","C (C) 1985 Som Livre, P (P) 1985 Som Livre"
"spotify:track:62fi0PHLilpalFUBEKDYMZ","O Mundo Melhor De Pixinguinha (Pizindin) - Samba Enredo Do G.R.E.S Portela","spotify:artist:7K4gHixgiMhvBDewgHoxVk","Jair Rodrigues","spotify:album:6IKl4RxlbQUkorq8xNYPnY","Sambas De Enrêdo Nota 10!","spotify:artist:7K4gHixgiMhvBDewgHoxVk","Jair Rodrigues","1985-10-10","https://i.scdn.co/image/ab67616d0000b2737e7ce33da8381faea523412d","1","4","187547","https://p.scdn.co/mp3-preview/ab8ba009eab568ebb6c77e918de8e5064a593d8b?cid=9950ac751e34487dbbe027c4fd7f8e99","false","18","BRMCA7300040","spotify:user:isak.sjoholm.","2025-07-18T13:23:34Z","samba,mpb,seresta,sertanejo tradicional","0.578","0.914","4","-7.849","0","0.126","0.0268","0","0.345","0.774","115.89","4","","Universal Music Ltda.","C © 1985 Universal Music International, P This Compilation ℗ 1985 Universal Music International"
"spotify:track:159MiWYufUgQdrb3X5pgiX","How Can You Mind a Broken Heart","spotify:artist:7vr15l4ulzvj0ef7x10jrO","Pholhas","spotify:album:7htTM7NqAPz5qImKNqlaId","Pholhas 25 Anos","spotify:artist:7vr15l4ulzvj0ef7x10jrO","Pholhas","1985-11-11","https://i.scdn.co/image/ab67616d0000b273383c816d01c906f1d6b2c5ee","1","7","245156","https://p.scdn.co/mp3-preview/0748da4f34fe1de70dc70096b3aef38ef5317073?cid=9950ac751e34487dbbe027c4fd7f8e99","false","28","BRLSR0300096","spotify:user:isak.sjoholm.","2025-07-18T13:23:34Z","","0.271","0.215","4","-13.532","1","0.0373","0.809","0","0.101","0.108","201.158","3","","blhlaser","C 1985 Laser Records, P 1985 Laser Records"
"spotify:track:5VxFkPKLZzllIDfmvAlqWb","Chego Já","spotify:artist:559vxOLTzlAv0zB77JMcdG","Alceu Valença","spotify:album:0wMYtfrGJPApPWuW9dqexy","Estação da Luz","spotify:artist:559vxOLTzlAv0zB77JMcdG","Alceu Valença","1985","https://i.scdn.co/image/ab67616d0000b273341e69d1d217caa4bac74122","1","7","174893","https://p.scdn.co/mp3-preview/97af77586488b84be45c07a2d2247a8aa8f6ca75?cid=9950ac751e34487dbbe027c4fd7f8e99","false","18","BRBMG8500050","spotify:user:isak.sjoholm.","2025-07-18T13:23:34Z","mpb,forró tradicional,forró","0.603","0.937","0","-5.294","1","0.233","0.18","0.00000366","0.105","0.697","152.131","4","","RCA Records Label","P (P) 1996 BMG Brasil Ltda."
"spotify:track:5wXV99PPIBUZQhbxmrWV7h","Zé Fofinho de Ogum","spotify:artist:3aqtJPuhfwxQ60jG1OAFQt","Bezerra Da Silva","spotify:album:4v2MDdvCDz8VpsS3rc7EbF","Malandro Rife","spotify:artist:3aqtJPuhfwxQ60jG1OAFQt","Bezerra Da Silva","1985-01-19","https://i.scdn.co/image/ab67616d0000b2734dbc1ca346d837355f7b8df9","1","2","225800","https://p.scdn.co/mp3-preview/caaab0a895cbede948eb2122e67e4ca3336eab3b?cid=9950ac751e34487dbbe027c4fd7f8e99","false","29","BRBMG8500085","spotify:user:isak.sjoholm.","2025-07-18T13:23:34Z","samba,pagode","0.594","0.818","8","-4.594","1","0.0556","0.517","0","0.318","0.962","96.107","4","","RCA Records Label","P (P) 2000 Sony Music Entertainment Brasil ltda."
"spotify:track:0zs1jQqABLTVqmkifANRR9","Sexo E Karatê","spotify:artist:2azqeHE13Y8hP8YAjew9zL","Plebe Rude","spotify:album:24C4G6Kc0eMOm7HxW2MTjB","O Concreto Já Rachou","spotify:artist:2azqeHE13Y8hP8YAjew9zL","Plebe Rude","1985-03-25","https://i.scdn.co/image/ab67616d0000b2732d25993d21d52f3ce43138d0","1","5","121373","https://p.scdn.co/mp3-preview/c2da4b2360c42998f359eb35d08af4ce8dd5d099?cid=9950ac751e34487dbbe027c4fd7f8e99","false","19","BREMI8500021","spotify:user:isak.sjoholm.","2025-07-18T13:23:34Z","brasiliansk rock,brasiliansk pop","0.482","0.906","9","-8.087","1","0.103","0.00156","0.00015","0.35","0.443","94.805","4","","EMI Music Brasil Ltda","C © 1985 EMI Music Brasil Ltda, P ℗ 1985 EMI Music Brasil Ltda"
"spotify:track:4pkv3Pw94eTD0pf33Txy22","Mal Nenhum","spotify:artist:1PwOU6fFbmaGkK3wkbb8fU","Cazuza","spotify:album:2jGyiRzQpIUs4ZATSHzUVa","Melhores Momentos","spotify:artist:1PwOU6fFbmaGkK3wkbb8fU, spotify:artist:5zq0SGWxrmzpTSXkBEQzMj","Cazuza, Barão Vermelho","1985","https://i.scdn.co/image/ab67616d0000b273e696882787a684c77c05426f","1","14","226066","https://p.scdn.co/mp3-preview/85757c18513bc2efc7f25d03900e95ed4e935bfe?cid=9950ac751e34487dbbe027c4fd7f8e99","false","19","BRRGE8500049","spotify:user:isak.sjoholm.","2025-07-18T13:23:34Z","mpb,brasiliansk rock,brasiliansk pop","0.659","0.536","0","-11.474","1","0.0404","0.128","0.00054","0.0838","0.87","111.253","3","","Som Livre","C (C) 1989 Som Livre, P (P) 1985 Som Livre"
"spotify:track:5guc3RrF3YRFQlfeAGImJ8","Se o Caminho é Meu","spotify:artist:6Q1U3z1hge970f3QhrPKcW","Dona Ivone Lara","spotify:album:4GvchyCWA83Ef4235CufJN","1985","spotify:artist:6Q1U3z1hge970f3QhrPKcW","Dona Ivone Lara","1985-01-01","https://i.scdn.co/image/ab67616d0000b2731106f9c4e097c73a8e075271","1","1","185280","https://p.scdn.co/mp3-preview/123f2fc91f8b4e928e3c45f6e82a23d89e76c0f5?cid=9950ac751e34487dbbe027c4fd7f8e99","false","29","BRRGE8500165","spotify:user:isak.sjoholm.","2025-07-18T13:23:34Z","samba,pagode,mpb","0.661","0.666","0","-11.382","1","0.0716","0.355","0","0.0444","0.961","101.205","4","","Som Livre","C (C) 1985 Som Livre, P (P) 1985 Som Livre"
"spotify:track:7G3hebnZSjyTuVn3RkozL9","Tchau amor","spotify:artist:2PLF4pjm6A5eztTVbt9ou4, spotify:artist:55Wn8tf8dBvfl1HRsD7Kze","Tião Carreiro & Pardinho, Continental","spotify:album:2vnLE09VvmNL2UHgkp8bJI","Felicidade","spotify:artist:2PLF4pjm6A5eztTVbt9ou4, spotify:artist:55Wn8tf8dBvfl1HRsD7Kze","Tião Carreiro & Pardinho, Continental","1985","https://i.scdn.co/image/ab67616d0000b273a440527df49260352dbdfce1","1","1","181946","https://p.scdn.co/mp3-preview/e954f61fec4bcfaec99b2d870cb7f2a03555b8cf?cid=9950ac751e34487dbbe027c4fd7f8e99","false","26","BRWMB0001057","spotify:user:isak.sjoholm.","2025-07-18T13:23:34Z","sertanejo tradicional,sertanejo,sertanejo tradicional,sertanejo,brega","0.556","0.482","4","-10.82","1","0.0335","0.819","0","0.219","0.951","101.127","4","","WM Brazil","C © 1985 WEA International Inc., P ℗ 2000 WEA International Inc."
"spotify:track:7gWIKp4YmPt6kvO1g6YpY3","Espinho","spotify:artist:41XTLrYfIdtr8frsp8Em5C","Grupo Logos","spotify:album:2qgM7aqUnxMkfefxBNDQ4A","Mão no Arado","spotify:artist:41XTLrYfIdtr8frsp8Em5C","Grupo Logos","1985-06-03","https://i.scdn.co/image/ab67616d0000b27306ce9d95b2e1803f5a8d57df","1","8","220319","https://p.scdn.co/mp3-preview/94ff31224aee63e29bb128023a3621edc54ede63?cid=9950ac751e34487dbbe027c4fd7f8e99","false","28","BRMIE1600037","spotify:user:isak.sjoholm.","2025-07-18T13:23:34Z","brasiliansk gospel,gospel","0.412","0.32","2","-12.389","1","0.0277","0.758","0.00917","0.0949","0.252","79.462","4","","Grupo Logos","C 1985 MEL, P 1985 MEL"
"spotify:track:1spl6kvJuCI8r7hyDrUZeu","Alfa, Ômega","spotify:artist:0u03BTSkSxk0Fq3cyWjNOO","Ministério Life","spotify:album:553DDRKFnQFeO6qTGujSoB","Restauração 1 & 2","spotify:artist:0u03BTSkSxk0Fq3cyWjNOO","Ministério Life","1985-08-02","https://i.scdn.co/image/ab67616d0000b273c58216af4f6ff89ae76d0f3a","1","17","248466","https://p.scdn.co/mp3-preview/759094c12a484a6f70e9cd4fd3de8dbfa14edfdd?cid=9950ac751e34487dbbe027c4fd7f8e99","false","32","BRLPG1800169","spotify:user:isak.sjoholm.","2025-07-18T13:23:34Z","brasiliansk gospel,gospel","0.364","0.319","9","-13.168","1","0.0267","0.686","0","0.127","0.16","84.455","4","","Life Song Digital","C 2019 Life Song Digital, P 2019 Life Song Digital"
"spotify:track:4JkwwqIzxunowcimQRmAMP","Despertar do Amor","spotify:artist:3LNTNOb2Bhh0g0etnZEyNE","Guilherme Arantes","spotify:album:00FW6sTVwjsTl0W8isfA38","Despertar","spotify:artist:3LNTNOb2Bhh0g0etnZEyNE","Guilherme Arantes","1985-11-04","https://i.scdn.co/image/ab67616d0000b2739687f77813bfd59c235503ab","1","10","222373","https://p.scdn.co/mp3-preview/3e544e4f92c8babca26b044c96eb9ec49de37d91?cid=9950ac751e34487dbbe027c4fd7f8e99","false","15","BRSME1500891","spotify:user:isak.sjoholm.","2025-07-18T13:23:34Z","mpb,brasiliansk pop,brasiliansk rock","0.44","0.267","11","-9.939","0","0.0304","0.818","0.00000784","0.118","0.143","124.715","4","","Sony Music Entertainment","P (P) 1985 Sony Music Entertainment (Brasil) I.C.L."
"spotify:track:4v39r1G5axB2Wb0yC5ImpD","O Elefante","spotify:artist:1EkJItZB7SZ49NabsOINPX","Robertinho De Recife","spotify:album:0hOsAwcrHj9NjH6Vnp0DiI","Pra Gente Miúda","spotify:artist:0LyfQWJT6nXafLPZqxe9Of","Blandade Artister","1985-01-25","https://i.scdn.co/image/ab67616d0000b27320cd64741f626a89fe746b17","1","10","210600","https://p.scdn.co/mp3-preview/0766b5480d7ae9e8b16ca0f3198ccbc1b80c9cfd?cid=9950ac751e34487dbbe027c4fd7f8e99","false","21","BRPGD8500023","spotify:user:isak.sjoholm.","2025-07-18T13:23:34Z","brasiliansk rock","0.493","0.528","11","-15.195","0","0.187","0.461","0.011","0.11","0.69","141.83","4","","Universal Music Ltda.","C © 1985 Universal Music Ltda, P This Compilation ℗ 1985 Universal Music Ltda"
"spotify:track:1ZcYPrT3uX8hayoo5kWpSC","Solidão","spotify:artist:5Rxz1EE4Jj08mu40vlrqHv","Sandra De Sá","spotify:album:26IwLliGKeITQebBoAi7UQ","Sandra Sá (1986)","spotify:artist:5Rxz1EE4Jj08mu40vlrqHv","Sandra De Sá","1986-09-17","https://i.scdn.co/image/ab67616d0000b2732c13e527c2873de85d9995c0","1","3","253933","https://p.scdn.co/mp3-preview/8a48ffa7c81a66ca5113f9fe6e86ebb10cdd5c38?cid=9950ac751e34487dbbe027c4fd7f8e99","false","46","BRBMG8600085","spotify:user:isak.sjoholm.","2025-07-18T13:23:34Z","mpb,samba","0.535","0.303","0","-13.999","1","0.027","0.403","0","0.244","0.356","63.277","4","","RCA Records Label","P (P) 1986 Sony Music Entertainment Brasil ltda"
"spotify:track:6XDMLGPirnAhAZuQqm6ZBQ","All Over the World","spotify:artist:44zM7BZouAB5kNxnQOnl1K","vSpy vSpy","spotify:album:0NUHPgUBEvqRUayYPyJgpH","Harrys Reasons?","spotify:artist:44zM7BZouAB5kNxnQOnl1K","vSpy vSpy","1986-03-01","https://i.scdn.co/image/ab67616d0000b273f7d7b21d4b6594063c1bf9da","1","1","283026","https://p.scdn.co/mp3-preview/4eca82227d8ff7368e28683429b04d47e439f128?cid=9950ac751e34487dbbe027c4fd7f8e99","false","0","USA2P1571623","spotify:user:isak.sjoholm.","2025-07-18T13:23:34Z","surfrock","0.53","0.627","4","-15.55","0","0.0291","0.0467","0.108","0.0896","0.77","142.068","4","","Laneway Music","C 1986 Laneway Music, P 1986 Laneway Music"
"spotify:track:0BG93bmau3HMhGctc1Fx1e","Partido Alto Mora No Meu Coração","spotify:artist:56TkPi7rpmU8jTpkcK7FY3","Beth Carvalho","spotify:album:57u3pqnTEmTJvl9iJ5x2kO","Beth","spotify:artist:56TkPi7rpmU8jTpkcK7FY3","Beth Carvalho","1986","https://i.scdn.co/image/ab67616d0000b273d3645de1a371cd9a07ea7645","1","4","230373","https://p.scdn.co/mp3-preview/6c6eb0515b0630d4bacee44ee56fd76647b565da?cid=9950ac751e34487dbbe027c4fd7f8e99","false","31","BRBMG8600123","spotify:user:isak.sjoholm.","2025-07-18T13:23:34Z","samba,pagode,mpb","0.596","0.801","6","-6.542","0","0.0404","0.349","0","0.0997","0.969","90.499","4","","RCA Records Label","P (P) 1986 Sony Music Entertainment Brasil ltda."
"spotify:track:4xO5g3ld7U0i3a0lkSz2Sf","Eu Quero Apenas Carinho","spotify:artist:3CK7CIjBOogTeAbAJWPkr8","José Augusto","spotify:album:4X60gUmVAEn3SsqCHZLtsQ","Os Maiores Sucessos De José Augusto E Fernando Men","spotify:artist:0LyfQWJT6nXafLPZqxe9Of","Blandade Artister","1986-01-01","https://i.scdn.co/image/ab67616d0000b273e1e8e4371e96330b29f7f1ad","1","1","162120","https://p.scdn.co/mp3-preview/424c78c0f69ce8e17198654560bc85a4506350ae?cid=9950ac751e34487dbbe027c4fd7f8e99","false","33","BREMI7300008","spotify:user:isak.sjoholm.","2025-07-18T13:23:34Z","brega,mpb,seresta","0.551","0.558","0","-10.574","1","0.0496","0.00716","0.00000233","0.151","0.619","113.47","4","","EMI Brazil","C © 1986 EMI Music Brasil Ltda, P This Compilation ℗ 1986 EMI Music Brasil Ltda"
"spotify:track:1DV8KqiaSNJXdQX4BeYLWD","Sorriu Pra Mim","spotify:artist:1WkZvxuA4zCcFF9GChK6Vr","Grupo Fundo De Quintal","spotify:album:355C0Oi0ZNje0Po92sNf7e","O Mapa da Mina","spotify:artist:1WkZvxuA4zCcFF9GChK6Vr","Grupo Fundo De Quintal","1986-01-01","https://i.scdn.co/image/ab67616d0000b27372b4feffe94dfc7055743eef","1","7","214866","https://p.scdn.co/mp3-preview/3cf5eaded9f4eb2664f344108bcfe2375c76d497?cid=9950ac751e34487dbbe027c4fd7f8e99","false","40","BRSGL8600084","spotify:user:isak.sjoholm.","2025-07-18T13:23:34Z","samba,pagode","0.547","0.583","2","-9.824","1","0.0873","0.676","0","0.116","0.752","88.538","4","","Som Livre","C (C) 1986 Som Livre"
"spotify:track:7ifBGubWWbmeo6wm3EtovM","Boy Do Subterrâneo","spotify:artist:6hP7JNm3e4E0c5bldlKlO6","Os Replicantes","spotify:album:5sAsw8gTqMbSOPaemqBBuQ","O Futuro é Vortex","spotify:artist:6hP7JNm3e4E0c5bldlKlO6","Os Replicantes","1986","https://i.scdn.co/image/ab67616d0000b273874d1262b2402651e25a6710","1","1","140693","https://p.scdn.co/mp3-preview/c42e6312f54445281a8fef8abc2b7f212346fd43?cid=9950ac751e34487dbbe027c4fd7f8e99","false","33","BRBMG8600039","spotify:user:isak.sjoholm.","2025-07-18T13:23:34Z","brasiliansk rock,punk,hardcorepunk","0.5","0.908","10","-7.45","1","0.0595","0.00456","0","0.148","0.689","111.212","4","","Sony Music Entertainment","P (P) 1986 RCA"
"spotify:track:6uJcH1LcKh0zZA8zuWvEgx","A majestade ""o pagode ""","spotify:artist:2PLF4pjm6A5eztTVbt9ou4","Tião Carreiro & Pardinho","spotify:album:6UDTE2ln3qq8tGG3Fi1bK8","Dose Dupla (Vol 6)","spotify:artist:2PLF4pjm6A5eztTVbt9ou4","Tião Carreiro & Pardinho","1986","https://i.scdn.co/image/ab67616d0000b27347866a6bab49da45ba66ed9d","1","21","152373","https://p.scdn.co/mp3-preview/d7e7f68ed0948e7c94cff927baf127d4a826c41c?cid=9950ac751e34487dbbe027c4fd7f8e99","false","42","BRWMB9705391","spotify:user:isak.sjoholm.","2025-07-18T13:23:34Z","sertanejo tradicional,sertanejo","0.537","0.483","2","-9.459","1","0.0303","0.798","0","0.253","0.803","105.644","4","","WM Brazil","C © 1986/1988 WEA International Inc., P ℗ 1995 WEA International Inc."
"spotify:track:16gPHbFCY70lzypZPlM6r3","Sai o Sol","spotify:artist:6lNJyLZ53yiJlCfwcxtT71","Voz da Verdade","spotify:album:2xoZw5lGqKLmu5vBbeaOEA","Cristo Reina / Sangue Cor Púrpura","spotify:artist:6lNJyLZ53yiJlCfwcxtT71","Voz da Verdade","1986","https://i.scdn.co/image/ab67616d0000b273e2d235adf7f1e47ba9c3aca5","1","9","176933","https://p.scdn.co/mp3-preview/b9f805766a22ca3e571026b7d374d80f27db9c3e?cid=9950ac751e34487dbbe027c4fd7f8e99","false","27","BRA220906819","spotify:user:isak.sjoholm.","2025-07-18T13:23:34Z","gospel,pentecostal,brasiliansk gospel,worship","0.543","0.51","2","-10.265","1","0.0336","0.505","0.000121","0.583","0.924","144.021","4","","Voz da Verdade (MCK)","C 2017 Voz da Verdade (MCK), P 2017 Voz da Verdade (MCK)"
"spotify:track:4Fe0LqgcHWs0M8ciMCSmsg","Liberdade","spotify:artist:6lNJyLZ53yiJlCfwcxtT71","Voz da Verdade","spotify:album:2xoZw5lGqKLmu5vBbeaOEA","Cristo Reina / Sangue Cor Púrpura","spotify:artist:6lNJyLZ53yiJlCfwcxtT71","Voz da Verdade","1986","https://i.scdn.co/image/ab67616d0000b273e2d235adf7f1e47ba9c3aca5","1","16","226360","https://p.scdn.co/mp3-preview/c23feacee21b2c2313ef9fe857f6bf33f9a9ac83?cid=9950ac751e34487dbbe027c4fd7f8e99","false","17","BRA220906826","spotify:user:isak.sjoholm.","2025-07-18T13:23:34Z","gospel,pentecostal,brasiliansk gospel,worship","0.336","0.28","2","-12.448","1","0.0312","0.695","0.00000133","0.267","0.155","128.3","4","","Voz da Verdade (MCK)","C 2017 Voz da Verdade (MCK), P 2017 Voz da Verdade (MCK)"
"spotify:track:6MV49AxExpOSuiGo2cT1rL","Esconda O Que Houve","spotify:artist:7DyHP5H86MOuoReXuEzHYd","João Mineiro & Marciano","spotify:album:1D8J1q9EfDwYcwckzxA3Op","Os Inimitáveis","spotify:artist:7DyHP5H86MOuoReXuEzHYd","João Mineiro & Marciano","1986-06-06","https://i.scdn.co/image/ab67616d0000b27361aa641e26887dfbbd476734","1","6","152000","https://p.scdn.co/mp3-preview/c2b8a83ef42c44ab240dba7d462c6716066cf1fd?cid=9950ac751e34487dbbe027c4fd7f8e99","false","37","BREMI8800070","spotify:user:isak.sjoholm.","2025-07-18T13:23:34Z","sertanejo tradicional,sertanejo,brega","0.332","0.489","2","-8.084","1","0.0329","0.742","0","0.454","0.593","171.909","3","","EMI","C © 1986 EMI Records Brasil Ltda, P ℗ 1986 EMI Records Brasil Ltda"
"spotify:track:033VvDPJ3W9rg7sNbPVDDj","O Dia Se Zangou","spotify:artist:7AicXtLi5qHsZLArE6V9EP","Jovelina Perola Negra","spotify:album:2QWtUqNmlr3PVU9qPANbPf","Jovelina Pérola Negra","spotify:artist:7AicXtLi5qHsZLArE6V9EP","Jovelina Perola Negra","1986-01-01","https://i.scdn.co/image/ab67616d0000b27375dcb34aa836ee59a053fa04","1","1","194626","https://p.scdn.co/mp3-preview/321668a1c3e531b85f0ff5c1740122d59d7aa755?cid=9950ac751e34487dbbe027c4fd7f8e99","false","35","BRRGE9000107","spotify:user:isak.sjoholm.","2025-07-18T13:23:34Z","samba,pagode","0.652","0.779","7","-5.831","1","0.0926","0.396","0","0.123","0.867","115.756","4","","Som Livre","C (C) 1986 Som Livre"
"spotify:track:3awSMEQ1ZcKlKr7AX3rEd0","Padroeira","spotify:artist:56TkPi7rpmU8jTpkcK7FY3","Beth Carvalho","spotify:album:57u3pqnTEmTJvl9iJ5x2kO","Beth","spotify:artist:56TkPi7rpmU8jTpkcK7FY3","Beth Carvalho","1986","https://i.scdn.co/image/ab67616d0000b273d3645de1a371cd9a07ea7645","1","5","217733","https://p.scdn.co/mp3-preview/26ed2a718e2d7a269f6051a7b09932fd7c5b278a?cid=9950ac751e34487dbbe027c4fd7f8e99","false","26","BRBMG8600124","spotify:user:isak.sjoholm.","2025-07-18T13:23:34Z","samba,pagode,mpb","0.737","0.864","6","-5.015","1","0.0522","0.31","0","0.0674","0.967","104.027","4","","RCA Records Label","P (P) 1986 Sony Music Entertainment Brasil ltda."
"spotify:track:62KmOqoP9wuzdT908saqpn","Ô Irene","spotify:artist:1WkZvxuA4zCcFF9GChK6Vr","Grupo Fundo De Quintal","spotify:album:355C0Oi0ZNje0Po92sNf7e","O Mapa da Mina","spotify:artist:1WkZvxuA4zCcFF9GChK6Vr","Grupo Fundo De Quintal","1986-01-01","https://i.scdn.co/image/ab67616d0000b27372b4feffe94dfc7055743eef","1","3","164293","https://p.scdn.co/mp3-preview/2d0971bed1156155eeffdb41700d1bd09cb1c624?cid=9950ac751e34487dbbe027c4fd7f8e99","false","34","BRSGL8600080","spotify:user:isak.sjoholm.","2025-07-18T13:23:34Z","samba,pagode","0.719","0.573","6","-8.864","0","0.0392","0.74","0","0.0986","0.961","124.355","4","","Som Livre","C (C) 1986 Som Livre"
"spotify:track:75ftd7QfnNO4xvXVHVsSpt","Revanche","spotify:artist:3LWCuB9QxDmpLhhGwqU04N","Lobão","spotify:album:3FIucEe67u3bqrRiH9W0Io","O Rock Errou","spotify:artist:3LWCuB9QxDmpLhhGwqU04N","Lobão","1986-03-30","https://i.scdn.co/image/ab67616d0000b2731ea1324710157229497bd917","1","6","297733","https://p.scdn.co/mp3-preview/21756fdc65f3a01acbfec1def4d12dd388a8e967?cid=9950ac751e34487dbbe027c4fd7f8e99","false","0","BRBMG8600062","spotify:user:isak.sjoholm.","2025-07-18T13:23:34Z","brasiliansk rock,brasiliansk pop,mpb","0.398","0.36","7","-13.792","0","0.0352","0.638","0","0.0835","0.179","134.067","4","","RCA Records Label","P (P) 1986 Sony Music Entertainment Brasil ltda."
"spotify:track:72zF1ssZbqPE7g1rraZUzj","Estação do Inferno","spotify:artist:7lfmakKFOeQWdUrbmVK6EQ","RPM","spotify:album:5Ke99MN8fbp22N3XHf5g3S","Radio Pirata Ao Vivo","spotify:artist:7lfmakKFOeQWdUrbmVK6EQ","RPM","1986-11-04","https://i.scdn.co/image/ab67616d0000b27311456defcb245f79842aa577","1","6","202973","https://p.scdn.co/mp3-preview/c68cf959b90aa050a91d6db8837b94ae1211fbd1?cid=9950ac751e34487dbbe027c4fd7f8e99","false","30","BRSME8500014","spotify:user:isak.sjoholm.","2025-07-18T13:23:34Z","brasiliansk rock,brasiliansk pop,mpb","0.445","0.96","7","-5.853","0","0.0792","0.0188","0.000101","0.929","0.49","119.519","4","","Epic","P (P) 1986 Sony Music Entertainment (Brasil) I.C.L."
"spotify:track:39yfa4S5D1T5RdKT7opgNH","Medo","spotify:artist:6S6ll1Wa6FYvAgThEBX6qJ","Cólera","spotify:album:6xAc9Cw4XKpbePvnMSN6du","Pela Paz em Todo Mundo","spotify:artist:6S6ll1Wa6FYvAgThEBX6qJ","Cólera","1986-08-01","https://i.scdn.co/image/ab67616d0000b273b3c4bf6512f5db84171e93e2","1","1","194612","https://p.scdn.co/mp3-preview/65138ef94da567c0869b8fbdbf117ae1cab993d4?cid=9950ac751e34487dbbe027c4fd7f8e99","false","32","BXWIY1500253","spotify:user:isak.sjoholm.","2025-07-18T13:23:34Z","hardcorepunk,punk,brasiliansk rock","0.242","0.898","2","-5.591","1","0.123","0.000737","0","0.143","0.156","91.385","4","","EAEO Records","C 2016 EAEO Records, P 1986 Cólera"
"spotify:track:5P2RgBmbhBA3s3eARTDGwB","Pot Pourri: Chuá, Chuá/ Fui Passear No Norte/ Moema Morenou/ Baiana Serrana/ Serei Teu Iô-Iô/ Vem Menina Moça","spotify:artist:1WkZvxuA4zCcFF9GChK6Vr","Grupo Fundo De Quintal","spotify:album:355C0Oi0ZNje0Po92sNf7e","O Mapa da Mina","spotify:artist:1WkZvxuA4zCcFF9GChK6Vr","Grupo Fundo De Quintal","1986-01-01","https://i.scdn.co/image/ab67616d0000b27372b4feffe94dfc7055743eef","1","1","341333","https://p.scdn.co/mp3-preview/d3007a6fede3dd3f470cef4f8e825e02b9aae58e?cid=9950ac751e34487dbbe027c4fd7f8e99","false","38","BRSGL8600079","spotify:user:isak.sjoholm.","2025-07-18T13:23:34Z","samba,pagode","0.552","0.753","2","-7.449","0","0.0909","0.609","0","0.116","0.956","111.544","4","","Som Livre","C (C) 1986 Som Livre"
"spotify:track:33qymaNJuAItEN767y2snv","She-Ra","spotify:artist:4DOlsUBpxw706SXx05Xoi2","Xuxa","spotify:album:5DAm6XNePvpL9L6Duz71DG","Xou da Xuxa","spotify:artist:4DOlsUBpxw706SXx05Xoi2","Xuxa","1986-08-06","https://i.scdn.co/image/ab67616d0000b273e18aa5ea7297c766739e2b48","1","7","305200","https://p.scdn.co/mp3-preview/188a680dea483c9921abcd0d05ad238bceb7cc87?cid=9950ac751e34487dbbe027c4fd7f8e99","false","34","BRRGE8600061","spotify:user:isak.sjoholm.","2025-07-18T13:23:34Z","vaggvisa,barnmusik","0.528","0.601","0","-12.378","1","0.0364","0.0296","0.0112","0.227","0.38","145.048","4","","Som Livre","C (C) 1986 Som Livre, P (P) 1986 Som Livre"
"spotify:track:3EyfjHy0WQLG0sS6Glex90","Sopa De Letrinhas","spotify:artist:0GNq4xh8uFCyihPurnunf7","Engenheiros Do Hawaii","spotify:album:2uOcxJtzGlnsM7iLn4kxTL","Longe Demais Das Capitais","spotify:artist:0GNq4xh8uFCyihPurnunf7","Engenheiros Do Hawaii","1986-06-21","https://i.scdn.co/image/ab67616d0000b2732f1e1fff96899d9181def62e","1","12","188840","https://p.scdn.co/mp3-preview/2dcbdecc3e8485cce94955ea840f10ccd08b6c29?cid=9950ac751e34487dbbe027c4fd7f8e99","false","33","BRBMG8600020","spotify:user:isak.sjoholm.","2025-07-18T13:23:34Z","brasiliansk rock,mpb,brasiliansk pop,poprock","0.552","0.903","9","-6.486","1","0.0674","0.203","0.0000287","0.125","0.932","105.029","4","","RCA Records Label","P (P) 1986 Sony Music Entertainment Brasil ltda."
"spotify:track:1bo93csy6xaqLgr7BygDNW","Cheiro de Saudade","spotify:artist:3qZ2n5keOAat1SoF6bHwmb, spotify:artist:42OKnRjQvsymGumpKVMSYg","Zeca Pagodinho, Ana Clara","spotify:album:2enLS4TGDR3l4FtvpqswEs","Zeca Pagodinho","spotify:artist:3qZ2n5keOAat1SoF6bHwmb","Zeca Pagodinho","1986-01-01","https://i.scdn.co/image/ab67616d0000b2738989e0498a9c8cffd6a3bf23","1","6","225893","https://p.scdn.co/mp3-preview/33f0c4d61c2d39a62a7400c45153c29bf1c9180b?cid=9950ac751e34487dbbe027c4fd7f8e99","false","33","BRRGE8600027","spotify:user:isak.sjoholm.","2025-07-18T13:23:34Z","samba,pagode","0.565","0.543","2","-11.297","0","0.0413","0.48","0","0.307","0.799","158.384","4","","Som Livre","C (C) 1986 Som Livre, P (P) 1986 Som Livre"
"spotify:track:7tH8lMDiRwKUFco7HqjT17","Ainda É Cedo - Live","spotify:artist:28IcRPf399RPv4TUiZ7uol","Marina Lima","spotify:album:3g7J1aC0RKkCYVybsCXYC8","Marina Todas Ao Vivo","spotify:artist:28IcRPf399RPv4TUiZ7uol","Marina Lima","1986-01-01","https://i.scdn.co/image/ab67616d0000b2732715c0656c62eb139dbca167","1","2","235173","https://p.scdn.co/mp3-preview/bf4774c798f1c1663b7e6078eac9b025f128b8f6?cid=9950ac751e34487dbbe027c4fd7f8e99","false","35","BRPGD8600021","spotify:user:isak.sjoholm.","2025-07-18T13:23:34Z","mpb,brasiliansk rock,brasiliansk pop","0.322","0.952","11","-4.988","0","0.138","0.504","0.011","0.788","0.608","162.859","4","","Universal Music Ltda.","C © 1986 Universal Music Ltda, P ℗ 1986 Universal Music Ltda"
"spotify:track:733aPGdQfsioQ1DQDS6wzf","Eu Ligo Pra Você","spotify:artist:0GNq4xh8uFCyihPurnunf7","Engenheiros Do Hawaii","spotify:album:2uOcxJtzGlnsM7iLn4kxTL","Longe Demais Das Capitais","spotify:artist:0GNq4xh8uFCyihPurnunf7","Engenheiros Do Hawaii","1986-06-21","https://i.scdn.co/image/ab67616d0000b2732f1e1fff96899d9181def62e","1","3","215933","https://p.scdn.co/mp3-preview/c2bdace11bffcf7328f58c3f4119346377138d45?cid=9950ac751e34487dbbe027c4fd7f8e99","false","31","BRBMG8600011","spotify:user:isak.sjoholm.","2025-07-18T13:23:34Z","brasiliansk rock,mpb,brasiliansk pop,poprock","0.307","0.934","4","-7.126","0","0.203","0.119","0","0.255","0.558","194.757","4","","RCA Records Label","P (P) 1986 Sony Music Entertainment Brasil ltda."
"spotify:track:2IJEmGCTcZHIXyWOKbfNDm","Joga Fora","spotify:artist:5Rxz1EE4Jj08mu40vlrqHv","Sandra De Sá","spotify:album:26IwLliGKeITQebBoAi7UQ","Sandra Sá (1986)","spotify:artist:5Rxz1EE4Jj08mu40vlrqHv","Sandra De Sá","1986-09-17","https://i.scdn.co/image/ab67616d0000b2732c13e527c2873de85d9995c0","1","2","276840","https://p.scdn.co/mp3-preview/f5c4af1b44aa25cc766f740332ae43ca468b8116?cid=9950ac751e34487dbbe027c4fd7f8e99","false","34","BRBMG8600082","spotify:user:isak.sjoholm.","2025-07-18T13:23:34Z","mpb,samba","0.797","0.558","6","-11.323","0","0.034","0.133","0.000635","0.333","0.848","114.179","4","","RCA Records Label","P (P) 1986 Sony Music Entertainment Brasil ltda"
"spotify:track:3vKUD1VEGuIeI6N7BxCsbv","Leve Desespero","spotify:artist:4Z0yuwHVJBROVZqFpTIr0d","Capital Inicial","spotify:album:05tsAf1h467AEWN46GtKnD","Capital Inicial","spotify:artist:4Z0yuwHVJBROVZqFpTIr0d","Capital Inicial","1986-01-01","https://i.scdn.co/image/ab67616d0000b273b87bcfcea80521744480417a","1","8","233880","https://p.scdn.co/mp3-preview/0f4dabcb008aea4ae0e10d953194715b59ad5a14?cid=9950ac751e34487dbbe027c4fd7f8e99","false","31","BRMCA8600015","spotify:user:isak.sjoholm.","2025-07-18T13:23:34Z","brasiliansk rock,mpb,brasiliansk pop,poprock","0.37","0.812","4","-4.104","0","0.0532","0.00013","0.0242","0.0678","0.639","153.061","4","","Universal Music Ltda.","C © 1986 Universal Music Ltda, P ℗ 1986 Universal Music Ltda"
"spotify:track:6AVkws9PEU0GLuW2A5mg1N","Se Eu For Falar de Tristeza","spotify:artist:3qZ2n5keOAat1SoF6bHwmb","Zeca Pagodinho","spotify:album:2enLS4TGDR3l4FtvpqswEs","Zeca Pagodinho","spotify:artist:3qZ2n5keOAat1SoF6bHwmb","Zeca Pagodinho","1986-01-01","https://i.scdn.co/image/ab67616d0000b2738989e0498a9c8cffd6a3bf23","1","4","183106","https://p.scdn.co/mp3-preview/545cdbbde4fc6c8d3f3cbffba5cac671028c32bc?cid=9950ac751e34487dbbe027c4fd7f8e99","false","32","BRRGE8600067","spotify:user:isak.sjoholm.","2025-07-18T13:23:34Z","samba,pagode","0.607","0.733","9","-10.234","1","0.0548","0.264","0.00000147","0.328","0.935","105.702","4","","Som Livre","C (C) 1986 Som Livre, P (P) 1986 Som Livre"
"spotify:track:7pj3ztZ1KNsL6JrAe48YjM","Alfabeto","spotify:artist:44cnJJakDDnBCn5L87ew7P","Trem Da Alegria","spotify:album:17LfAvivmm9iObWXcDAK62","Trem da Alegria","spotify:artist:44cnJJakDDnBCn5L87ew7P","Trem Da Alegria","1986-01-01","https://i.scdn.co/image/ab67616d0000b273cb185b6c66d7bd42bb848d2c","1","5","205800","https://p.scdn.co/mp3-preview/f241e3e74809412817bc2a75ccce4cf2db2df73a?cid=9950ac751e34487dbbe027c4fd7f8e99","false","26","BRBMG1700745","spotify:user:isak.sjoholm.","2025-07-18T13:23:34Z","vaggvisa,barnmusik","0.727","0.67","11","-6.392","1","0.0501","0.426","0","0.0802","0.922","170.022","3","","Sony Music Entertainment","P (P) 1986 RCA"
"spotify:track:0ZXh3RWknwDv56wTVtxxum","Nas Veias Do Brasil","spotify:artist:56TkPi7rpmU8jTpkcK7FY3","Beth Carvalho","spotify:album:57u3pqnTEmTJvl9iJ5x2kO","Beth","spotify:artist:56TkPi7rpmU8jTpkcK7FY3","Beth Carvalho","1986","https://i.scdn.co/image/ab67616d0000b273d3645de1a371cd9a07ea7645","1","1","225093","https://p.scdn.co/mp3-preview/8436b82c72b66492165fbc0160ff3c922d66ed60?cid=9950ac751e34487dbbe027c4fd7f8e99","false","25","BRBMG8600120","spotify:user:isak.sjoholm.","2025-07-18T13:23:34Z","samba,pagode,mpb","0.673","0.872","8","-6.719","1","0.0808","0.326","0","0.0327","0.965","135.304","4","","RCA Records Label","P (P) 1986 Sony Music Entertainment Brasil ltda."
"spotify:track:5jDkoKYVGlA1YEDrKyigJP","Dona da Minha Cabeça","spotify:artist:65TbyndeGrDlFd4IkZNfbN","Geraldo Azevedo","spotify:album:57rIMku2lp1Zz2kXstJ3fj","De Outra Maneira","spotify:artist:65TbyndeGrDlFd4IkZNfbN","Geraldo Azevedo","1986-03-12","https://i.scdn.co/image/ab67616d0000b273c7cc8405eeb1ecff57290c88","1","3","320200","https://p.scdn.co/mp3-preview/4fab6eaf771fb222bd029aeabe6e4987d0ae7b59?cid=9950ac751e34487dbbe027c4fd7f8e99","false","38","BRGPL0900030","spotify:user:isak.sjoholm.","2025-07-18T13:23:34Z","mpb,forró tradicional,forró","0.679","0.389","2","-16.649","1","0.0347","0.732","0","0.0883","0.556","138.756","4","","GERAÇÃO","C 1986 Geração, P 1986 Geração"
"spotify:track:4T2BMaxfT3ghpyCIQM0esz","Luz Negra","spotify:artist:5VfKi2uYyP2DCi1JXQ2fX5","Nelson Cavaquinho","spotify:album:59dgRspqKxqsTOGveMpY7k","Série Documento - Nelson Cavaquinho","spotify:artist:5VfKi2uYyP2DCi1JXQ2fX5","Nelson Cavaquinho","1986-09-16","https://i.scdn.co/image/ab67616d0000b273db63a8d00abe60a80e8f15af","1","12","205160","https://p.scdn.co/mp3-preview/8ead25c6bb6c03cc2c9b84b01135d04a589cdc96?cid=9950ac751e34487dbbe027c4fd7f8e99","false","28","BRBMG7200095","spotify:user:isak.sjoholm.","2025-07-18T13:23:34Z","samba,mpb","0.508","0.775","0","-13.974","1","0.0862","0.458","0","0.245","0.787","86.676","4","","RCA Victor","P 1986 BMG BRASIL LTDA"
"spotify:track:1lYtW7ow7uJ7LSaUJsBOxY","Entre Nós (feat. Michael Sullivan)","spotify:artist:5Rxz1EE4Jj08mu40vlrqHv, spotify:artist:3lF1WfwVjShSiYwJqhuZBb","Sandra De Sá, Michael Sullivan","spotify:album:26IwLliGKeITQebBoAi7UQ","Sandra Sá (1986)","spotify:artist:5Rxz1EE4Jj08mu40vlrqHv","Sandra De Sá","1986-09-17","https://i.scdn.co/image/ab67616d0000b2732c13e527c2873de85d9995c0","1","4","305093","https://p.scdn.co/mp3-preview/5de5c0dcc2ceeeea047f13611002d36e1918b61f?cid=9950ac751e34487dbbe027c4fd7f8e99","false","33","BRBMG8600240","spotify:user:isak.sjoholm.","2025-07-18T13:23:34Z","mpb,samba,mpb","0.596","0.379","7","-11.578","1","0.0298","0.427","0","0.0453","0.503","66.656","4","","RCA Records Label","P (P) 1986 Sony Music Entertainment Brasil ltda"
"spotify:track:0usdXWB18LmCxmRFbyrY3m","Pot-Pourri de Partido Alto: Hei de Guardar Teu Nome/ Vou Lhe Deixar No Sereno/ Quem Sorriu Foi a Patroa (Macumba da Nêga)","spotify:artist:3qZ2n5keOAat1SoF6bHwmb, spotify:artist:3iSi41dTjwKdzsGKJwZNot","Zeca Pagodinho, Deni","spotify:album:2enLS4TGDR3l4FtvpqswEs","Zeca Pagodinho","spotify:artist:3qZ2n5keOAat1SoF6bHwmb","Zeca Pagodinho","1986-01-01","https://i.scdn.co/image/ab67616d0000b2738989e0498a9c8cffd6a3bf23","1","7","264066","https://p.scdn.co/mp3-preview/3d46b5f0cab616a4e981facc1fe75e309d109323?cid=9950ac751e34487dbbe027c4fd7f8e99","false","34","BRRGE8600069","spotify:user:isak.sjoholm.","2025-07-18T13:23:34Z","samba,pagode,freestyle,funk melody,miami bass","0.645","0.709","2","-9.487","1","0.141","0.498","0","0.156","0.792","110.328","4","","Som Livre","C (C) 1986 Som Livre, P (P) 1986 Som Livre"
"spotify:track:1tFwMhRhcOFTFqFg4eRC7A","Amanhã - Ao Vivo","spotify:artist:3LNTNOb2Bhh0g0etnZEyNE, spotify:artist:7HGNYPmbDrMkylWqeFCOIQ","Guilherme Arantes, Caetano Veloso","spotify:album:3t4DkATHAhOFul45NUYlqp","Caetano Veloso - Totalmente Demais","spotify:artist:7HGNYPmbDrMkylWqeFCOIQ","Caetano Veloso","1986-01-01","https://i.scdn.co/image/ab67616d0000b27362a7d6c47b8fe04a3d5e5d0b","1","16","218400","https://p.scdn.co/mp3-preview/a036708d2fe98d5156f68753c47f8d145f7463ac?cid=9950ac751e34487dbbe027c4fd7f8e99","false","28","BRMCA8600136","spotify:user:isak.sjoholm.","2025-07-18T13:23:34Z","mpb,brasiliansk pop,brasiliansk rock,mpb,bossa nova,samba","0.437","0.452","9","-20.645","1","0.242","0.782","0.00135","0.359","0.756","126.162","4","","Universal Music Ltda.","C © 1986 Universal Music Ltda, P ℗ 1986 Universal Music Ltda"
"spotify:track:5YHITDPISmc8AKdai6fXTR","Coisa de Pele","spotify:artist:56TkPi7rpmU8jTpkcK7FY3","Beth Carvalho","spotify:album:57u3pqnTEmTJvl9iJ5x2kO","Beth","spotify:artist:56TkPi7rpmU8jTpkcK7FY3","Beth Carvalho","1986","https://i.scdn.co/image/ab67616d0000b273d3645de1a371cd9a07ea7645","1","8","202960","https://p.scdn.co/mp3-preview/cb2f80501b8326318f35add2627d1b0609e7fe07?cid=9950ac751e34487dbbe027c4fd7f8e99","false","25","BRBMG8600126","spotify:user:isak.sjoholm.","2025-07-18T13:23:34Z","samba,pagode,mpb","0.541","0.695","11","-7.955","1","0.0483","0.406","0","0.1","0.963","92.595","4","","RCA Records Label","P (P) 1986 Sony Music Entertainment Brasil ltda."
"spotify:track:22p5grx8dxQukX8XbZyg6f","Todo O Amor Que Houver Nessa Vida - Ao Vivo","spotify:artist:5JSI9esdYgebkQhNJ8TZuY, spotify:artist:1PwOU6fFbmaGkK3wkbb8fU, spotify:artist:7HGNYPmbDrMkylWqeFCOIQ","Roberto Frejat, Cazuza, Caetano Veloso","spotify:album:3t4DkATHAhOFul45NUYlqp","Caetano Veloso - Totalmente Demais","spotify:artist:7HGNYPmbDrMkylWqeFCOIQ","Caetano Veloso","1986-01-01","https://i.scdn.co/image/ab67616d0000b27362a7d6c47b8fe04a3d5e5d0b","1","15","114933","https://p.scdn.co/mp3-preview/90180e36a9af31fcbef9af7b686a0de079a21b0a?cid=9950ac751e34487dbbe027c4fd7f8e99","false","22","BRMCA8600135","spotify:user:isak.sjoholm.","2025-07-18T13:23:34Z","brasiliansk rock,mpb,brasiliansk rock,brasiliansk pop,mpb,bossa nova,samba","0.663","0.239","9","-16.326","0","0.539","0.768","0","0.956","0.72","118.14","3","","Universal Music Ltda.","C © 1986 Universal Music Ltda, P ℗ 1986 Universal Music Ltda"
"spotify:track:21SiuaNQ6jaTsRQHBpPaHX","Beiral","spotify:artist:5rrmaoBXZ7Jcs4Qb77j0YA","Djavan","spotify:album:1Ie4OFyOqOlMUpWI6qdaxh","Meu Lado","spotify:artist:5rrmaoBXZ7Jcs4Qb77j0YA","Djavan","1986-03-25","https://i.scdn.co/image/ab67616d0000b27331c59ccabe5fed796d67bf0a","1","1","188493","https://p.scdn.co/mp3-preview/818515e5b394bcf1cb5ebb2d5331f4274aac40f9?cid=9950ac751e34487dbbe027c4fd7f8e99","false","34","BRSME8600006","spotify:user:isak.sjoholm.","2025-07-18T13:23:34Z","mpb,bossa nova","0.661","0.871","6","-7.31","0","0.0458","0.502","0.000906","0.0863","0.782","86.804","4","","Epic","P (P) 1986 Sony Music Entertainment (Brasil) I.C.L."
"spotify:track:2Beg5SJoc0mOqUDlWlMnyN","Trilhos Urbanos","spotify:artist:7HGNYPmbDrMkylWqeFCOIQ","Caetano Veloso","spotify:album:1BwLhGGzdD8xfWTaaj2PNi","Caetano Veloso","spotify:artist:7HGNYPmbDrMkylWqeFCOIQ","Caetano Veloso","1986-01-02","https://i.scdn.co/image/ab67616d0000b2737eaf487440e66ceb053e7f9c","1","1","163266","https://p.scdn.co/mp3-preview/18d5ff596b37979e7d663fc8014f56bc50f25514?cid=9950ac751e34487dbbe027c4fd7f8e99","false","28","BRMCA8600137","spotify:user:isak.sjoholm.","2025-07-18T13:23:34Z","mpb,bossa nova,samba","0.682","0.164","4","-15.611","0","0.0434","0.949","0.00182","0.122","0.5","62.209","4","","Universal Music Ltda.","C © 1986 Universal Music International, P ℗ 1986 Universal Music International"
"spotify:track:1hTJcicnsIrsm0AGqO3jxX","Ponta de Dor","spotify:artist:2cAooeeHKk2UvzUgIxpS0y","Jorge Aragão","spotify:album:3je8h1kMqaCq1TNaSvT02c","Coisa de Pele","spotify:artist:2cAooeeHKk2UvzUgIxpS0y","Jorge Aragão","1986-01-01","https://i.scdn.co/image/ab67616d0000b273276f5280e496aba20eb05090","1","8","190400","https://p.scdn.co/mp3-preview/d853eed7934da560196ac705a547ae09b7929e8e?cid=9950ac751e34487dbbe027c4fd7f8e99","false","26","BRRGE8600108","spotify:user:isak.sjoholm.","2025-07-18T13:23:34Z","samba,pagode","0.475","0.645","2","-10.444","1","0.0409","0.696","0.00000538","0.206","0.899","96.781","4","","Som Livre","C (C) 1986 Som Livre"
"spotify:track:31PcnuwQv5LbxArc1mO5cD","Casal Sem Vergonha","spotify:artist:3qZ2n5keOAat1SoF6bHwmb","Zeca Pagodinho","spotify:album:2enLS4TGDR3l4FtvpqswEs","Zeca Pagodinho","spotify:artist:3qZ2n5keOAat1SoF6bHwmb","Zeca Pagodinho","1986-01-01","https://i.scdn.co/image/ab67616d0000b2738989e0498a9c8cffd6a3bf23","1","8","223266","https://p.scdn.co/mp3-preview/81d62d7931ed6c99b3a3254bf5d8123fe6cc4488?cid=9950ac751e34487dbbe027c4fd7f8e99","false","30","BRRGE8600070","spotify:user:isak.sjoholm.","2025-07-18T13:23:34Z","samba,pagode","0.695","0.696","2","-10.84","1","0.155","0.35","0","0.283","0.862","103.113","4","","Som Livre","C (C) 1986 Som Livre, P (P) 1986 Som Livre"
"spotify:track:4NI1XQex7iNIMUF48RL74u","Chorando e Cantando","spotify:artist:65TbyndeGrDlFd4IkZNfbN","Geraldo Azevedo","spotify:album:57rIMku2lp1Zz2kXstJ3fj","De Outra Maneira","spotify:artist:65TbyndeGrDlFd4IkZNfbN","Geraldo Azevedo","1986-03-12","https://i.scdn.co/image/ab67616d0000b273c7cc8405eeb1ecff57290c88","1","2","239400","https://p.scdn.co/mp3-preview/944bcfb14c28d3284a28a423713485d426385de4?cid=9950ac751e34487dbbe027c4fd7f8e99","false","31","BRGPL0900029","spotify:user:isak.sjoholm.","2025-07-18T13:23:34Z","mpb,forró tradicional,forró","0.536","0.234","0","-17.571","0","0.0311","0.742","0.00000246","0.0594","0.28","129.187","4","","GERAÇÃO","C 1986 Geração, P 1986 Geração"
"spotify:track:7EP8iM3OAfom5hLiVvKmJM","Asa","spotify:artist:5rrmaoBXZ7Jcs4Qb77j0YA","Djavan","spotify:album:1Ie4OFyOqOlMUpWI6qdaxh","Meu Lado","spotify:artist:5rrmaoBXZ7Jcs4Qb77j0YA","Djavan","1986-03-25","https://i.scdn.co/image/ab67616d0000b27331c59ccabe5fed796d67bf0a","1","6","257733","https://p.scdn.co/mp3-preview/d03e3ec65ec418213b401e199ca3f379bb83a9b0?cid=9950ac751e34487dbbe027c4fd7f8e99","false","34","BRSME8600084","spotify:user:isak.sjoholm.","2025-07-18T13:23:34Z","mpb,bossa nova","0.777","0.829","2","-8.852","0","0.0466","0.566","0.0011","0.114","0.681","103.23","4","","Epic","P (P) 1986 Sony Music Entertainment (Brasil) I.C.L."
"spotify:track:2JeQUTVDuZUrzDcp55megq","Vale Tudo (feat. Tim Maia)","spotify:artist:5Rxz1EE4Jj08mu40vlrqHv, spotify:artist:0jOs0wnXCu1bGGP7kh5uIu","Sandra De Sá, Tim Maia","spotify:album:26IwLliGKeITQebBoAi7UQ","Sandra Sá (1986)","spotify:artist:5Rxz1EE4Jj08mu40vlrqHv","Sandra De Sá","1986-09-17","https://i.scdn.co/image/ab67616d0000b2732c13e527c2873de85d9995c0","1","12","234266","https://p.scdn.co/mp3-preview/f85f411a560e347d778cea31e1ce52672ae2e579?cid=9950ac751e34487dbbe027c4fd7f8e99","false","23","BRBMG8600246","spotify:user:isak.sjoholm.","2025-07-18T13:23:34Z","mpb,samba,mpb","0.758","0.591","4","-11.72","1","0.0786","0.0457","0.000159","0.329","0.873","133.825","4","","RCA Records Label","P (P) 1986 Sony Music Entertainment Brasil ltda"
"spotify:track:0rQ4bKlTWkG4RiQAeAhjs1","Troops of Doom","spotify:artist:6JW8wliOEwaDZ231ZY7cf4","Sepultura","spotify:album:2UgoF7ICKMUT4OZVpBKSVn","Morbid Visions _ Bestial Devastation","spotify:artist:6JW8wliOEwaDZ231ZY7cf4","Sepultura","1986-11-10","https://i.scdn.co/image/ab67616d0000b273dbe3369592a8404be3a68f16","1","3","203400","https://p.scdn.co/mp3-preview/1f5e01a480a2b02d48c7e21cefd1068d4fd8c255?cid=9950ac751e34487dbbe027c4fd7f8e99","false","25","BRCOG0800011","spotify:user:isak.sjoholm.","2025-07-18T13:23:34Z","thrash metal,groove metal,metal,death metal,nu metal,speed metal,heavy metal,alternativ metal","0.369","0.998","6","-4.981","0","0.309","0.0329","0.0129","0.0916","0.0357","105.389","4","","Cogumelo Records","C 2013 Cogumelo Records, P 1985 Cogumelo Records"
"spotify:track:27GHGhpIs95Hap8Sbwj7xS","Pela Paz","spotify:artist:6S6ll1Wa6FYvAgThEBX6qJ","Cólera","spotify:album:6xAc9Cw4XKpbePvnMSN6du","Pela Paz em Todo Mundo","spotify:artist:6S6ll1Wa6FYvAgThEBX6qJ","Cólera","1986-08-01","https://i.scdn.co/image/ab67616d0000b273b3c4bf6512f5db84171e93e2","1","14","243530","https://p.scdn.co/mp3-preview/dcbb485133bfd60f4f8fe3354eb55cf4533e637f?cid=9950ac751e34487dbbe027c4fd7f8e99","false","29","BXWIY1500266","spotify:user:isak.sjoholm.","2025-07-18T13:23:34Z","hardcorepunk,punk,brasiliansk rock","0.393","0.929","2","-4.863","1","0.148","0.000203","0","0.11","0.643","86.945","4","","EAEO Records","C 2016 EAEO Records, P 1986 Cólera"
"spotify:track:2Nkd8lM52LUToOgZeFqDr4","Quem Me Guia","spotify:artist:2x5fdOl1kpBgD74cOkzNY0","Almir Guineto","spotify:album:0cSu3GXFbddagVpwSpj0HX","Almir Guinéto - 1986","spotify:artist:2x5fdOl1kpBgD74cOkzNY0","Almir Guineto","1986-01-01","https://i.scdn.co/image/ab67616d0000b2731e2de06ec8dd99f8dee8b299","1","5","200186","https://p.scdn.co/mp3-preview/ea8f81f8db85c9a96acd124cf8a28b8d57b723fa?cid=9950ac751e34487dbbe027c4fd7f8e99","false","31","BRSGL8600076","spotify:user:isak.sjoholm.","2025-07-18T13:23:34Z","samba,pagode","0.636","0.836","5","-7.036","1","0.151","0.262","0","0.0455","0.898","108.207","4","","Som Livre","C (C) 1986 Som Livre"
"spotify:track:3qHMGDqIsb2XwoS4rbdyEv","The Earth, the Air, the Fire, the Water","spotify:artist:0HILD7LJRtT9ehnwJ7xCIy","Libana","spotify:album:1pXRTmU7oxA5Q7jlF6nrcJ","A Circle is Cast","spotify:artist:0HILD7LJRtT9ehnwJ7xCIy","Libana","1986-01-01","https://i.scdn.co/image/ab67616d0000b273ea5d91049c822361c3392262","1","13","169333","https://p.scdn.co/mp3-preview/b18d606e1e01bc7fcb8e7505ec3c9b1a3457391a?cid=9950ac751e34487dbbe027c4fd7f8e99","false","31","uscgj0719061","spotify:user:isak.sjoholm.","2025-07-18T13:23:34Z","","0.351","0.0735","6","-19.662","1","0.0398","0.995","0.288","0.101","0.0816","99.515","4","","Spinning Records","C 1986 Libana, P 1986 Libana"
"spotify:track:2oNwFNxTzeHOiWGD3gfnnM","Mel Na Boca","spotify:artist:2x5fdOl1kpBgD74cOkzNY0","Almir Guineto","spotify:album:0cSu3GXFbddagVpwSpj0HX","Almir Guinéto - 1986","spotify:artist:2x5fdOl1kpBgD74cOkzNY0","Almir Guineto","1986-01-01","https://i.scdn.co/image/ab67616d0000b2731e2de06ec8dd99f8dee8b299","1","2","226600","https://p.scdn.co/mp3-preview/de1e71899154c1639c3af4741cce33f697bd8f5d?cid=9950ac751e34487dbbe027c4fd7f8e99","false","39","BRSGL8600011","spotify:user:isak.sjoholm.","2025-07-18T13:23:34Z","samba,pagode","0.551","0.733","11","-7.887","0","0.107","0.434","0","0.177","0.872","85.048","4","","Som Livre","C (C) 1986 Som Livre"
"spotify:track:1QT8Wlu0nb59bwy9GKvumB","Meu protesto","spotify:artist:2PLF4pjm6A5eztTVbt9ou4, spotify:artist:55Wn8tf8dBvfl1HRsD7Kze","Tião Carreiro & Pardinho, Continental","spotify:album:1NSfLCmE9JkPKjjkbdpCFq","Estrela de Ouro (Os Reis do Pagode)","spotify:artist:2PLF4pjm6A5eztTVbt9ou4, spotify:artist:55Wn8tf8dBvfl1HRsD7Kze","Tião Carreiro & Pardinho, Continental","1986","https://i.scdn.co/image/ab67616d0000b273050d94632e13c00e704bbdfe","1","14","168626","https://p.scdn.co/mp3-preview/c436c14575ae5f1ed30f3b9919bcf4607e8858dc?cid=9950ac751e34487dbbe027c4fd7f8e99","false","20","BRWMB0000076","spotify:user:isak.sjoholm.","2025-07-18T13:23:34Z","sertanejo tradicional,sertanejo,sertanejo tradicional,sertanejo,brega","0.703","0.713","1","-5.605","1","0.0262","0.676","0","0.06","0.805","97.311","4","","WM Brazil","C © 1986 WEA International Inc., P ℗ 2000 WEA International Inc."
"spotify:track:3XlvFjeFuJekn4JcSN6XUa","Totalmente Demais - Ao Vivo","spotify:artist:31tPxXZRs26Tcw8o4xYclY, spotify:artist:7bxd8nPLqxicwittrtDwj3, spotify:artist:6xMqVufdYKKMr4FLyqMUwF, spotify:artist:7HGNYPmbDrMkylWqeFCOIQ","Arnaldo Brandão, Roberio Rafael, Tavinho Paes, Caetano Veloso","spotify:album:3t4DkATHAhOFul45NUYlqp","Caetano Veloso - Totalmente Demais","spotify:artist:7HGNYPmbDrMkylWqeFCOIQ","Caetano Veloso","1986-01-01","https://i.scdn.co/image/ab67616d0000b27362a7d6c47b8fe04a3d5e5d0b","1","9","160000","https://p.scdn.co/mp3-preview/34bbf2d18a13be2b9b51565b989cbfa93c5c8ebc?cid=9950ac751e34487dbbe027c4fd7f8e99","false","30","BRMCA8600129","spotify:user:isak.sjoholm.","2025-07-18T13:23:34Z","brasiliansk rock,brasiliansk rock,mpb,bossa nova,samba","0.609","0.338","2","-15.891","1","0.269","0.663","0.0000117","0.964","0.569","96.016","4","","Universal Music Ltda.","C © 1986 Universal Music Ltda, P ℗ 1986 Universal Music Ltda"
"spotify:track:7erjt3LfMeLvlRHGOxiwlU","Língua de Tamanduá","spotify:artist:3aqtJPuhfwxQ60jG1OAFQt","Bezerra Da Silva","spotify:album:37znmRInvE0JRX8rNkiXXO","Alô Malandragem Maloca o Flagrante","spotify:artist:3aqtJPuhfwxQ60jG1OAFQt","Bezerra Da Silva","1986-02-15","https://i.scdn.co/image/ab67616d0000b273f127e1f63ea529e8c3fecef8","1","8","168226","https://p.scdn.co/mp3-preview/23aabd86f3f1ae4f4f4b9f7ae4138a229ccda7d5?cid=9950ac751e34487dbbe027c4fd7f8e99","false","29","BRBMG8600115","spotify:user:isak.sjoholm.","2025-07-18T13:23:34Z","samba,pagode","0.686","0.747","8","-5.129","1","0.0676","0.198","0","0.218","0.935","94.261","4","","RCA Records Label","P (P) 2000 Sony Music Entertainment Brasil ltda."
"spotify:track:0VpUYstVRXoDathvoY397a","Noite E Dia / Me Chama - Live","spotify:artist:28IcRPf399RPv4TUiZ7uol","Marina Lima","spotify:album:3g7J1aC0RKkCYVybsCXYC8","Marina Todas Ao Vivo","spotify:artist:28IcRPf399RPv4TUiZ7uol","Marina Lima","1986-01-01","https://i.scdn.co/image/ab67616d0000b2732715c0656c62eb139dbca167","1","4","302800","https://p.scdn.co/mp3-preview/b17c80fc451ec3d304dd88049ce2b9fec8789b3c?cid=9950ac751e34487dbbe027c4fd7f8e99","false","33","BRMCA0500195","spotify:user:isak.sjoholm.","2025-07-18T13:23:34Z","mpb,brasiliansk rock,brasiliansk pop","0.345","0.669","2","-6.067","1","0.0474","0.811","0.0000306","0.969","0.205","114.496","4","","Universal Music Ltda.","C © 1986 Universal Music Ltda, P ℗ 1986 Universal Music Ltda"
"spotify:track:1EVRUuD8Qr4hI3zwVS1C2B","Quintal do Céu","spotify:artist:3qZ2n5keOAat1SoF6bHwmb","Zeca Pagodinho","spotify:album:2enLS4TGDR3l4FtvpqswEs","Zeca Pagodinho","spotify:artist:3qZ2n5keOAat1SoF6bHwmb","Zeca Pagodinho","1986-01-01","https://i.scdn.co/image/ab67616d0000b2738989e0498a9c8cffd6a3bf23","1","9","162466","https://p.scdn.co/mp3-preview/ac26af36152482ee491af85d7553e0199c03df90?cid=9950ac751e34487dbbe027c4fd7f8e99","false","29","BRRGE8600014","spotify:user:isak.sjoholm.","2025-07-18T13:23:34Z","samba,pagode","0.662","0.677","2","-9.478","1","0.0352","0.456","0","0.0541","0.967","102.641","4","","Som Livre","C (C) 1986 Som Livre, P (P) 1986 Som Livre"
"spotify:track:27d1O00BPlvrIiiaJRPacl","Condição","spotify:artist:0A1oy7PC7fdzURgaLaWkL1","Lulu Santos","spotify:album:0tpn7hMWARiY1NTFy3XNl5","Lulu","spotify:artist:0A1oy7PC7fdzURgaLaWkL1","Lulu Santos","1986-03-30","https://i.scdn.co/image/ab67616d0000b2733180492ba8ba2db03155f644","1","2","262773","https://p.scdn.co/mp3-preview/a188e982bb74501664cbd312aa2ff5ae737135f8?cid=9950ac751e34487dbbe027c4fd7f8e99","false","30","BRBMG8600089","spotify:user:isak.sjoholm.","2025-07-18T13:23:34Z","mpb,brasiliansk rock,brasiliansk pop","0.686","0.782","5","-7.535","1","0.044","0.0301","0.000874","0.0528","0.629","104.302","4","","RCA Records Label","P 1986 BMG BRASIL LTDA."
"spotify:track:68C1gzQFt8yrGfFEkrkz05","Coração Quebrado","spotify:artist:7gfkYbxpguEc9bm6m8TpAr","Chitãozinho & Xororó","spotify:album:5zNBpMWo4DajRLQ5MNolcO","Coração Quebrado","spotify:artist:7gfkYbxpguEc9bm6m8TpAr","Chitãozinho & Xororó","1986","https://i.scdn.co/image/ab67616d0000b2735d44fc80e171a4a5d7de38df","1","1","213666","https://p.scdn.co/mp3-preview/5404c8817aae56ffbaa17e4256ff8ee7cb124949?cid=9950ac751e34487dbbe027c4fd7f8e99","false","33","BREMI8600001","spotify:user:isak.sjoholm.","2025-07-18T13:23:34Z","sertanejo tradicional,sertanejo,agronejo","0.275","0.648","4","-4.789","1","0.0384","0.733","0","0.168","0.716","172.562","4","","EMI Music Brasil Ltda","C © 2015 EMI Records Brasil Ltda/Universal Music International Ltda, P ℗ 1986 EMI Records Brasil Ltda/Universal Music International Ltda"
"spotify:track:0QSIrkaX4eF47BJnhoE9NH","Vim dizer adeus","spotify:artist:2PLF4pjm6A5eztTVbt9ou4","Tião Carreiro & Pardinho","spotify:album:6UDTE2ln3qq8tGG3Fi1bK8","Dose Dupla (Vol 6)","spotify:artist:2PLF4pjm6A5eztTVbt9ou4","Tião Carreiro & Pardinho","1986","https://i.scdn.co/image/ab67616d0000b27347866a6bab49da45ba66ed9d","1","3","172160","https://p.scdn.co/mp3-preview/513dc9160db3b722672aa0ce3e5bc419b8305f96?cid=9950ac751e34487dbbe027c4fd7f8e99","false","30","BRWMB9802599","spotify:user:isak.sjoholm.","2025-07-18T13:23:34Z","sertanejo tradicional,sertanejo","0.489","0.375","4","-10.416","1","0.0289","0.607","0","0.313","0.476","111.075","4","","WM Brazil","C © 1986/1988 WEA International Inc., P ℗ 1995 WEA International Inc."
"spotify:track:2pFgWEvH6kjAQpM565f8kJ","Neste Deserto","spotify:artist:3wA7JDDndTDDVvR2hck8Gm","Cabine C","spotify:album:3Ox0B1yvln7sbck0lWXIzm","Fósforos de Oxford","spotify:artist:3wA7JDDndTDDVvR2hck8Gm","Cabine C","1986-01-01","https://i.scdn.co/image/ab67616d0000b2732155a39e2aa68e2f78835aba","1","10","225280","https://p.scdn.co/mp3-preview/34ff78d78e469896e99f01379159a81a7764efa3?cid=9950ac751e34487dbbe027c4fd7f8e99","false","24","BRCNU1800015","spotify:user:isak.sjoholm.","2025-07-18T13:23:34Z","postpunk,deathrock,darkwave,gotisk rock,cold wave,brasiliansk rock","0.558","0.569","6","-14.307","0","0.0335","0.000515","0.707","0.223","0.667","137.136","4","","Curumim Records [dist. Tratore]","C 1986 Curumim Records [dist. Tratore], P 1986 Curumim Records [dist. Tratore]"
"spotify:track:7vAe0PsA82YJU3zNRPZUrg","Não Desligue O Rádio","spotify:artist:7gfkYbxpguEc9bm6m8TpAr","Chitãozinho & Xororó","spotify:album:5zNBpMWo4DajRLQ5MNolcO","Coração Quebrado","spotify:artist:7gfkYbxpguEc9bm6m8TpAr","Chitãozinho & Xororó","1986","https://i.scdn.co/image/ab67616d0000b2735d44fc80e171a4a5d7de38df","1","7","238533","https://p.scdn.co/mp3-preview/cb1bb078ebd0deb051ace481b42472ab867b123c?cid=9950ac751e34487dbbe027c4fd7f8e99","false","38","BREMI8600007","spotify:user:isak.sjoholm.","2025-07-18T13:23:34Z","sertanejo tradicional,sertanejo,agronejo","0.265","0.747","2","-5.682","1","0.0559","0.706","0","0.382","0.595","201.246","4","","EMI Music Brasil Ltda","C © 2015 EMI Records Brasil Ltda/Universal Music International Ltda, P ℗ 1986 EMI Records Brasil Ltda/Universal Music International Ltda"
"spotify:track:3QEFvKlhkdn1A8MevFMiCh","Pagode No Serrado","spotify:artist:7AicXtLi5qHsZLArE6V9EP","Jovelina Perola Negra","spotify:album:2QWtUqNmlr3PVU9qPANbPf","Jovelina Pérola Negra","spotify:artist:7AicXtLi5qHsZLArE6V9EP","Jovelina Perola Negra","1986-01-01","https://i.scdn.co/image/ab67616d0000b27375dcb34aa836ee59a053fa04","1","2","213973","https://p.scdn.co/mp3-preview/b5309811cdfc7d21b9596b1192c915e2578cecf9?cid=9950ac751e34487dbbe027c4fd7f8e99","false","29","BRRGE9000108","spotify:user:isak.sjoholm.","2025-07-18T13:23:34Z","samba,pagode","0.691","0.759","2","-6.357","1","0.113","0.29","0","0.12","0.902","114.257","4","","Som Livre","C (C) 1986 Som Livre"
"spotify:track:0tiYWgNtrAudtrpliWBDHO","Harrys Reasons?","spotify:artist:44zM7BZouAB5kNxnQOnl1K","vSpy vSpy","spotify:album:0NUHPgUBEvqRUayYPyJgpH","Harrys Reasons?","spotify:artist:44zM7BZouAB5kNxnQOnl1K","vSpy vSpy","1986-03-01","https://i.scdn.co/image/ab67616d0000b273f7d7b21d4b6594063c1bf9da","1","6","269066","https://p.scdn.co/mp3-preview/d357b787123cfd09336faab54c096e71243c9c36?cid=9950ac751e34487dbbe027c4fd7f8e99","false","0","USA2P1571628","spotify:user:isak.sjoholm.","2025-07-18T13:23:34Z","surfrock","0.601","0.481","1","-12.75","0","0.0263","0.00776","0.00012","0.101","0.65","135.242","4","","Laneway Music","C 1986 Laneway Music, P 1986 Laneway Music"
"spotify:track:1s9OrAg0nHrYWb02EYUHyx","Todo Mundo É Uma Ilha","spotify:artist:0GNq4xh8uFCyihPurnunf7","Engenheiros Do Hawaii","spotify:album:2uOcxJtzGlnsM7iLn4kxTL","Longe Demais Das Capitais","spotify:artist:0GNq4xh8uFCyihPurnunf7","Engenheiros Do Hawaii","1986-06-21","https://i.scdn.co/image/ab67616d0000b2732f1e1fff96899d9181def62e","1","7","165360","https://p.scdn.co/mp3-preview/98177f57e760ed866a887cf2cfe106cd4d007050?cid=9950ac751e34487dbbe027c4fd7f8e99","false","32","BRBMG8600015","spotify:user:isak.sjoholm.","2025-07-18T13:23:34Z","brasiliansk rock,mpb,brasiliansk pop,poprock","0.486","0.873","9","-6.572","1","0.0521","0.105","0.000457","0.154","0.594","104.978","4","","RCA Records Label","P (P) 1986 Sony Music Entertainment Brasil ltda."
"spotify:track:41Vs2JGo3zHh3QutPqg2tM","A Rasteira do Presidente","spotify:artist:3aqtJPuhfwxQ60jG1OAFQt","Bezerra Da Silva","spotify:album:37znmRInvE0JRX8rNkiXXO","Alô Malandragem Maloca o Flagrante","spotify:artist:3aqtJPuhfwxQ60jG1OAFQt","Bezerra Da Silva","1986-02-15","https://i.scdn.co/image/ab67616d0000b273f127e1f63ea529e8c3fecef8","1","6","182226","https://p.scdn.co/mp3-preview/04d2beecd440e20b047f75c69c1ac6ba7f47ef30?cid=9950ac751e34487dbbe027c4fd7f8e99","false","23","BRBMG8600114","spotify:user:isak.sjoholm.","2025-07-18T13:23:34Z","samba,pagode","0.693","0.861","8","-4.157","1","0.0387","0.255","0","0.172","0.964","84.22","4","","RCA Records Label","P (P) 2000 Sony Music Entertainment Brasil ltda."
"spotify:track:2IA6hMFF7ghFfjBsJuj6Fb","Eu Não Matei Joana d'Arc - Ao Vivo","spotify:artist:6kJHpEjr5eNnVJeyfTbs3G","Camisa de Vênus","spotify:album:2pjnFwjPQ3Ko3D0wt6z9eB","Viva (Ao Vivo)","spotify:artist:6kJHpEjr5eNnVJeyfTbs3G","Camisa de Vênus","1986-01-01","https://i.scdn.co/image/ab67616d0000b2730c7a3230ffeae41ee607cec9","1","1","269453","https://p.scdn.co/mp3-preview/3dda7266344900d023fd04a6a1a7bda5ed43b838?cid=9950ac751e34487dbbe027c4fd7f8e99","false","24","BRSGL8500004","spotify:user:isak.sjoholm.","2025-07-18T13:23:34Z","brasiliansk rock,brasiliansk pop","0.302","0.948","9","-10.177","0","0.0871","0.000819","0.00309","0.959","0.286","100.939","4","","Som Livre","C (C) 2016 Som Livre"
"spotify:track:77PgjKKEEpBWAB29QSlZ0b","Imenso Amor (Stubborn Love)","spotify:artist:2Nj5eY05IUPK0AZKBzR9xB","Marina De Oliveira","spotify:album:2n4syjFpG5le0oAx3AzPh9","Imenso Amor","spotify:artist:2Nj5eY05IUPK0AZKBzR9xB","Marina De Oliveira","1986-12-30","https://i.scdn.co/image/ab67616d0000b2737873dc99c92b1d31ed4752a1","1","10","256812","https://p.scdn.co/mp3-preview/24baf3f5de6d57940b49f9ce3819a16143edc756?cid=9950ac751e34487dbbe027c4fd7f8e99","false","23","BRMKP0301179","spotify:user:isak.sjoholm.","2025-07-18T13:23:34Z","gospel,brasiliansk gospel","0.564","0.391","5","-6.162","1","0.0282","0.77","0.00000103","0.222","0.106","132.424","4","","MK Music","C (C) 1986 MK Music, P (P) 1986 MK Music"
"spotify:track:7BLQVzmiiOZDb14rUJ5qIn","Vovó Cantou Pra Subir","spotify:artist:3aqtJPuhfwxQ60jG1OAFQt","Bezerra Da Silva","spotify:album:37znmRInvE0JRX8rNkiXXO","Alô Malandragem Maloca o Flagrante","spotify:artist:3aqtJPuhfwxQ60jG1OAFQt","Bezerra Da Silva","1986-02-15","https://i.scdn.co/image/ab67616d0000b273f127e1f63ea529e8c3fecef8","1","5","215533","https://p.scdn.co/mp3-preview/18079c44a31963bd70fc7877a19660d8c7ad4781?cid=9950ac751e34487dbbe027c4fd7f8e99","false","28","BRBMG8600113","spotify:user:isak.sjoholm.","2025-07-18T13:23:34Z","samba,pagode","0.65","0.781","0","-5.143","0","0.0767","0.483","0","0.147","0.911","109.675","4","","RCA Records Label","P (P) 2000 Sony Music Entertainment Brasil ltda."
"spotify:track:1E1yXyOnJtg00LLa4zcEMO","Amor Total","spotify:artist:3qbjs9kk1Mh1cOX28NOCo8","Bob & Robson","spotify:album:489ZRXwCKQMIGiQctAhFrk","Vespeira","spotify:artist:3qbjs9kk1Mh1cOX28NOCo8","Bob & Robson","1986-12-01","https://i.scdn.co/image/ab67616d0000b273bf9202ce533fe564d65db180","1","3","150240","","false","0","US7VG1615500","spotify:user:isak.sjoholm.","2025-07-18T13:23:34Z","","0.287","0.482","9","-8.2","1","0.0397","0.735","0","0.126","0.751","53.471","4","","Brasil Caboclo","C 1986 BcbMusic Records, P 1986 Brasil Caboclo"
"spotify:track:6ItVn10PSJRGncAhfqWcFa","Maringá","spotify:artist:60T8gH8DDda6HA4MlUgam3","Carlos Galhardo","spotify:album:4eXp5H76aXNoDd1LNs8T5A","In Memoriam","spotify:artist:60T8gH8DDda6HA4MlUgam3","Carlos Galhardo","1986-03-15","https://i.scdn.co/image/ab67616d0000b273d2a77f61e41418202e6c86c3","1","2","208226","https://p.scdn.co/mp3-preview/e6e4c10b4e505a720d401f486b39de8323a0e866?cid=9950ac751e34487dbbe027c4fd7f8e99","false","21","BRBMG5700038","spotify:user:isak.sjoholm.","2025-07-18T13:23:34Z","","0.338","0.146","9","-12.971","1","0.0344","0.795","0","0.112","0.248","82.359","4","","Sony Music Entertainment","P 1986 BMG BRASIL LTDA."
"spotify:track:2rQwHBKCdRkK2MjOc0fgkB","O carpideiro","spotify:artist:2PLF4pjm6A5eztTVbt9ou4","Tião Carreiro & Pardinho","spotify:album:6UDTE2ln3qq8tGG3Fi1bK8","Dose Dupla (Vol 6)","spotify:artist:2PLF4pjm6A5eztTVbt9ou4","Tião Carreiro & Pardinho","1986","https://i.scdn.co/image/ab67616d0000b27347866a6bab49da45ba66ed9d","1","5","152080","https://p.scdn.co/mp3-preview/9b66cc0dcce475536ec58533a1be7d36f5976c88?cid=9950ac751e34487dbbe027c4fd7f8e99","false","15","BRWMB9802601","spotify:user:isak.sjoholm.","2025-07-18T13:23:34Z","sertanejo tradicional,sertanejo","0.605","0.739","11","-4.776","1","0.0263","0.703","0","0.272","0.861","93.173","4","","WM Brazil","C © 1986/1988 WEA International Inc., P ℗ 1995 WEA International Inc."
"spotify:track:4KGF0GtmMTGrV5MypmeBlZ","Eu Não Presto, Mas Eu Te Amo","spotify:artist:6DYBkobQCkvav5GCnfqlcC","Reginaldo Rossi","spotify:album:48WnfcGiMTGLG0bUCHefqJ","Com Todo Coração","spotify:artist:6DYBkobQCkvav5GCnfqlcC","Reginaldo Rossi","1986-01-01","https://i.scdn.co/image/ab67616d0000b273364a969603daf59bc46c0a7e","1","5","214560","https://p.scdn.co/mp3-preview/fa6693e1617bd2841b259e50e6b66556744fe050?cid=9950ac751e34487dbbe027c4fd7f8e99","false","39","BREMI8600013","spotify:user:isak.sjoholm.","2025-07-18T13:23:34Z","brega,seresta,tecnobrega","0.611","0.778","5","-6.339","1","0.03","0.331","0","0.639","0.856","130.309","4","","EMI Music Brasil Ltda","C © 2017 EMI Records Brasil Ltda, Universal Music Ltda, P ℗ 1986 EMI Records Brasil Ltda"
"spotify:track:5EC1lRrLRicJq1wh6Ae8wz","Use Your Head","spotify:artist:44zM7BZouAB5kNxnQOnl1K","vSpy vSpy","spotify:album:4E3V7nO3E6pmbfjQrs9umq","A.O. Mod. TV. Vers.","spotify:artist:44zM7BZouAB5kNxnQOnl1K","vSpy vSpy","1986-12-08","https://i.scdn.co/image/ab67616d0000b273282e288a45db6c75d24092be","1","8","268293","https://p.scdn.co/mp3-preview/a6b7becbabc507e91347f6ac188cebd6282d81e2?cid=9950ac751e34487dbbe027c4fd7f8e99","false","0","USA2P1571615","spotify:user:isak.sjoholm.","2025-07-18T13:23:34Z","surfrock","0.596","0.672","11","-12.078","1","0.0354","0.00562","0.00000181","0.0832","0.443","137.187","4","","Laneway Music","C 1986 Laneway Music, P 1986 Laneway Music"
"spotify:track:649HxHhebUjDBnSV0jiO6G","Topázio","spotify:artist:5rrmaoBXZ7Jcs4Qb77j0YA","Djavan","spotify:album:1Ie4OFyOqOlMUpWI6qdaxh","Meu Lado","spotify:artist:5rrmaoBXZ7Jcs4Qb77j0YA","Djavan","1986-03-25","https://i.scdn.co/image/ab67616d0000b27331c59ccabe5fed796d67bf0a","1","7","288933","https://p.scdn.co/mp3-preview/eea6b0d56fbcd0921c071229c16c81341c898077?cid=9950ac751e34487dbbe027c4fd7f8e99","false","30","BRSME8600083","spotify:user:isak.sjoholm.","2025-07-18T13:23:34Z","mpb,bossa nova","0.419","0.473","11","-9.279","0","0.0285","0.72","0.000228","0.121","0.237","177.936","4","","Epic","P (P) 1986 Sony Music Entertainment (Brasil) I.C.L."
"spotify:track:67aFIouqDyBVwNnfg0r5I5","Cenário","spotify:artist:2x5fdOl1kpBgD74cOkzNY0","Almir Guineto","spotify:album:0cSu3GXFbddagVpwSpj0HX","Almir Guinéto - 1986","spotify:artist:2x5fdOl1kpBgD74cOkzNY0","Almir Guineto","1986-01-01","https://i.scdn.co/image/ab67616d0000b2731e2de06ec8dd99f8dee8b299","1","4","209333","https://p.scdn.co/mp3-preview/ffaa7fb056e87b4a031c528a4d3c67c9fcf39ae0?cid=9950ac751e34487dbbe027c4fd7f8e99","false","26","BRRGE8600098","spotify:user:isak.sjoholm.","2025-07-18T13:23:34Z","samba,pagode","0.61","0.555","7","-10.375","1","0.0683","0.441","0","0.372","0.766","156.061","4","","Som Livre","C (C) 1986 Som Livre"
"spotify:track:2jONAYO6JniitrbnLEoCwX","De Que Vale Ter Tudo Na Vida","spotify:artist:3CK7CIjBOogTeAbAJWPkr8","José Augusto","spotify:album:4X60gUmVAEn3SsqCHZLtsQ","Os Maiores Sucessos De José Augusto E Fernando Men","spotify:artist:0LyfQWJT6nXafLPZqxe9Of","Blandade Artister","1986-01-01","https://i.scdn.co/image/ab67616d0000b273e1e8e4371e96330b29f7f1ad","1","8","210400","https://p.scdn.co/mp3-preview/53ad7a968f0c00052f5599d176f88b3e21f04687?cid=9950ac751e34487dbbe027c4fd7f8e99","false","33","BREMI7300007","spotify:user:isak.sjoholm.","2025-07-18T13:23:34Z","brega,mpb,seresta","0.567","0.548","5","-10.86","0","0.0293","0.0202","0.00000192","0.177","0.961","112.67","4","","EMI Brazil","C © 1986 EMI Music Brasil Ltda, P This Compilation ℗ 1986 EMI Music Brasil Ltda"
"spotify:track:5vAsdPPoK8xxbNem0uZNN0","Aluga-se","spotify:artist:6kJHpEjr5eNnVJeyfTbs3G","Camisa de Vênus","spotify:album:39KNbiw8xlL3FxroeB32aT","Duplo Sentido","spotify:artist:6kJHpEjr5eNnVJeyfTbs3G","Camisa de Vênus","1986-10-24","https://i.scdn.co/image/ab67616d0000b27318bb7ed97b5553f8695ac622","1","16","135133","https://p.scdn.co/mp3-preview/9ee69e6c754b13bf1c631a44b15099c183f2bd1c?cid=9950ac751e34487dbbe027c4fd7f8e99","false","27","BRWMB9800092","spotify:user:isak.sjoholm.","2025-07-18T13:23:34Z","brasiliansk rock,brasiliansk pop","0.433","0.868","5","-8.65","1","0.0879","0.00333","0.00000105","0.312","0.648","165.63","4","","WM Brazil","C © 2006 Warner Music Brazil Ltda, P ℗ 2006 Warner Music Brazil Ltda"
"spotify:track:6fDPjtTPsVuxwS2Pa8knWq","A Flor e o Espinho","spotify:artist:5VfKi2uYyP2DCi1JXQ2fX5","Nelson Cavaquinho","spotify:album:3myIM7QIdeKGHMAgRrUBWD","Nelson Cavaquinho","spotify:artist:5VfKi2uYyP2DCi1JXQ2fX5","Nelson Cavaquinho","1986-10-31","https://i.scdn.co/image/ab67616d0000b273a4ff64c03968d050d90be560","1","7","162666","https://p.scdn.co/mp3-preview/389a6cdbf163df56a153e59d52147e8379ea3cf0?cid=9950ac751e34487dbbe027c4fd7f8e99","false","24","BRBMG7200096","spotify:user:isak.sjoholm.","2025-07-18T13:23:34Z","samba,mpb","0.548","0.589","2","-13.08","0","0.0865","0.561","0","0.29","0.925","86.859","4","","RCA Victor","P (P) 1986 BMG BRASIL LTDA"
"spotify:track:1sd50WEiSDr0VdYgXHQKjU","Me Segura Que Senão Eu Caio","spotify:artist:559vxOLTzlAv0zB77JMcdG","Alceu Valença","spotify:album:0sktijOYQ90oTpYhd6ZdiT","Rubi","spotify:artist:559vxOLTzlAv0zB77JMcdG","Alceu Valença","1986","https://i.scdn.co/image/ab67616d0000b2733aff927265b97bc6bc7330f7","1","6","195906","https://p.scdn.co/mp3-preview/a56c3b1347b4933d4e5d821d8034abf45b93754c?cid=9950ac751e34487dbbe027c4fd7f8e99","false","20","BRBMG8600069","spotify:user:isak.sjoholm.","2025-07-18T13:23:34Z","mpb,forró tradicional,forró","0.45","0.909","4","-5.283","1","0.134","0.211","0","0.122","0.887","160.627","4","","RCA Records Label","P (P) 1996 BMG Brasil Ltda."
"spotify:track:651cvmTAK9wKBhMwXQOuZK","Teus Altares","spotify:artist:5yuSPPOsy3ozAuKhVLsCnL","Grupo Semente","spotify:album:1uljIeFkiG7eFrXzPHQYcu","Criação","spotify:artist:5yuSPPOsy3ozAuKhVLsCnL","Grupo Semente","1986-01-01","https://i.scdn.co/image/ab67616d0000b273459a92534688d1b0119ee3ae","1","6","243493","https://p.scdn.co/mp3-preview/748c77fe9196d228d2790c88826aada638ca080f?cid=9950ac751e34487dbbe027c4fd7f8e99","false","36","BRVEC0300279","spotify:user:isak.sjoholm.","2025-07-18T13:23:34Z","brasiliansk gospel,gospel","0.428","0.35","9","-14.979","1","0.0277","0.373","0","0.0774","0.57","105.424","4","","Grupo Semente","C 1986 Grupo Semente, P 1986 Grupo Semente"
"spotify:track:75gjkv1UuAJh3sUKh3sW5u","Nosso Estranho Amor - Ao Vivo","spotify:artist:7HGNYPmbDrMkylWqeFCOIQ","Caetano Veloso","spotify:album:3t4DkATHAhOFul45NUYlqp","Caetano Veloso - Totalmente Demais","spotify:artist:7HGNYPmbDrMkylWqeFCOIQ","Caetano Veloso","1986-01-01","https://i.scdn.co/image/ab67616d0000b27362a7d6c47b8fe04a3d5e5d0b","1","4","161266","https://p.scdn.co/mp3-preview/9489ff402660bae2c2c52cc43867222c94584129?cid=9950ac751e34487dbbe027c4fd7f8e99","false","24","BRMCA8600124","spotify:user:isak.sjoholm.","2025-07-18T13:23:34Z","mpb,bossa nova,samba","0.465","0.416","9","-18.219","1","0.0805","0.832","0.0139","0.952","0.887","97.667","3","","Universal Music Ltda.","C © 1986 Universal Music Ltda, P ℗ 1986 Universal Music Ltda"
"spotify:track:15oSS967Llaq9mSKoHWjzF","Aquele Que Me Ama","spotify:artist:5yuSPPOsy3ozAuKhVLsCnL","Grupo Semente","spotify:album:1uljIeFkiG7eFrXzPHQYcu","Criação","spotify:artist:5yuSPPOsy3ozAuKhVLsCnL","Grupo Semente","1986-01-01","https://i.scdn.co/image/ab67616d0000b273459a92534688d1b0119ee3ae","1","2","218973","https://p.scdn.co/mp3-preview/536c6b0b39ad07a34db65a6bb81b72313dc6a889?cid=9950ac751e34487dbbe027c4fd7f8e99","false","28","BRVEC0300275","spotify:user:isak.sjoholm.","2025-07-18T13:23:34Z","brasiliansk gospel,gospel","0.465","0.377","9","-14.189","1","0.0262","0.102","0.0000555","0.084","0.332","108.748","4","","Grupo Semente","C 1986 Grupo Semente, P 1986 Grupo Semente"
"spotify:track:1kKL1b19kx9JEvWKIUbUMi","O país do futuro","spotify:artist:6kJHpEjr5eNnVJeyfTbs3G","Camisa de Vênus","spotify:album:39KNbiw8xlL3FxroeB32aT","Duplo Sentido","spotify:artist:6kJHpEjr5eNnVJeyfTbs3G","Camisa de Vênus","1986-10-24","https://i.scdn.co/image/ab67616d0000b27318bb7ed97b5553f8695ac622","1","2","158866","https://p.scdn.co/mp3-preview/50533d41b1cc05c66e251295f592659a6677c9c8?cid=9950ac751e34487dbbe027c4fd7f8e99","false","27","BRWMB9800078","spotify:user:isak.sjoholm.","2025-07-18T13:23:34Z","brasiliansk rock,brasiliansk pop","0.576","0.924","7","-7.806","1","0.0644","0.0351","0","0.361","0.817","130.279","4","","WM Brazil","C © 2006 Warner Music Brazil Ltda, P ℗ 2006 Warner Music Brazil Ltda"
"spotify:track:39JLfxOpmI2FcfTJbDyV8u","Papel De Amante","spotify:artist:7DyHP5H86MOuoReXuEzHYd","João Mineiro & Marciano","spotify:album:1D8J1q9EfDwYcwckzxA3Op","Os Inimitáveis","spotify:artist:7DyHP5H86MOuoReXuEzHYd","João Mineiro & Marciano","1986-06-06","https://i.scdn.co/image/ab67616d0000b27361aa641e26887dfbbd476734","1","11","204760","https://p.scdn.co/mp3-preview/95436e03ec96639dddd46b2a7f17244fc1550910?cid=9950ac751e34487dbbe027c4fd7f8e99","false","34","BREMI8800074","spotify:user:isak.sjoholm.","2025-07-18T13:23:34Z","sertanejo tradicional,sertanejo,brega","0.428","0.566","7","-7.727","1","0.033","0.538","0","0.227","0.723","78.689","3","","EMI","C © 1986 EMI Records Brasil Ltda, P ℗ 1986 EMI Records Brasil Ltda"
"spotify:track:0z3CdO44SdRkW1ixUzfWBK","Superman","spotify:artist:2x5fdOl1kpBgD74cOkzNY0","Almir Guineto","spotify:album:0cSu3GXFbddagVpwSpj0HX","Almir Guinéto - 1986","spotify:artist:2x5fdOl1kpBgD74cOkzNY0","Almir Guineto","1986-01-01","https://i.scdn.co/image/ab67616d0000b2731e2de06ec8dd99f8dee8b299","1","3","204640","https://p.scdn.co/mp3-preview/bb780d232b3c4fde2726ba3d6600b44a634eec13?cid=9950ac751e34487dbbe027c4fd7f8e99","false","24","BRRGE8600021","spotify:user:isak.sjoholm.","2025-07-18T13:23:34Z","samba,pagode","0.669","0.767","11","-6.658","0","0.333","0.252","0","0.0596","0.879","107.219","4","","Som Livre","C (C) 1986 Som Livre"
"spotify:track:23JpaUstowKK2fiy3J7b6o","Quando Eu Me Chamar Saudade","spotify:artist:5VfKi2uYyP2DCi1JXQ2fX5","Nelson Cavaquinho","spotify:album:3myIM7QIdeKGHMAgRrUBWD","Nelson Cavaquinho","spotify:artist:5VfKi2uYyP2DCi1JXQ2fX5","Nelson Cavaquinho","1986-10-31","https://i.scdn.co/image/ab67616d0000b273a4ff64c03968d050d90be560","1","1","207786","https://p.scdn.co/mp3-preview/f3169cc0b896566e5fb97a70f648bc9e8845d653?cid=9950ac751e34487dbbe027c4fd7f8e99","false","23","BRBMG7200049","spotify:user:isak.sjoholm.","2025-07-18T13:23:34Z","samba,mpb","0.596","0.501","7","-13.145","0","0.0344","0.649","0","0.346","0.957","160.796","4","","RCA Victor","P (P) 1986 BMG BRASIL LTDA"
"spotify:track:2SMmMtFvL6Ztcqd1MtRURT","O baile da saudade","spotify:artist:12x4tY8RQ4jqNxQxvpFGK3","Francisco Petrônio","spotify:album:0TR1XjxISnzySkSzdrnB8A","25 Anos de Sucesso","spotify:artist:12x4tY8RQ4jqNxQxvpFGK3","Francisco Petrônio","1986","https://i.scdn.co/image/ab67616d0000b27375df592098b15a3e523c42ef","1","1","164680","https://p.scdn.co/mp3-preview/f82b49f6ef91f6bf14f6879314bd5aaf035e93e4?cid=9950ac751e34487dbbe027c4fd7f8e99","false","22","BRWMB9703887","spotify:user:isak.sjoholm.","2025-07-18T13:23:34Z","seresta,brega","0.326","0.521","9","-9.32","1","0.092","0.79","0","0.385","0.815","172.209","3","","WM Brazil","C © 1986 WEA International Inc., P ℗ 1996 WEA International Inc."
"spotify:track:4763TdAIkBCXrdZllxtjgE","Cidade do Pé Junto","spotify:artist:3qZ2n5keOAat1SoF6bHwmb","Zeca Pagodinho","spotify:album:2enLS4TGDR3l4FtvpqswEs","Zeca Pagodinho","spotify:artist:3qZ2n5keOAat1SoF6bHwmb","Zeca Pagodinho","1986-01-01","https://i.scdn.co/image/ab67616d0000b2738989e0498a9c8cffd6a3bf23","1","10","179666","https://p.scdn.co/mp3-preview/2e1973ebe4e459e18bcc3e11efee4aac97bed887?cid=9950ac751e34487dbbe027c4fd7f8e99","false","26","BRRGE8600047","spotify:user:isak.sjoholm.","2025-07-18T13:23:34Z","samba,pagode","0.72","0.608","5","-10.058","1","0.116","0.508","0","0.0709","0.889","109.386","4","","Som Livre","C (C) 1986 Som Livre, P (P) 1986 Som Livre"
"spotify:track:4TsXqvvwTySGdgqg2l9MOc","Jogo de Caipira","spotify:artist:3qZ2n5keOAat1SoF6bHwmb","Zeca Pagodinho","spotify:album:2enLS4TGDR3l4FtvpqswEs","Zeca Pagodinho","spotify:artist:3qZ2n5keOAat1SoF6bHwmb","Zeca Pagodinho","1986-01-01","https://i.scdn.co/image/ab67616d0000b2738989e0498a9c8cffd6a3bf23","1","3","185466","https://p.scdn.co/mp3-preview/aa7b35bd3724d86d1268f918648ef06a910322fe?cid=9950ac751e34487dbbe027c4fd7f8e99","false","24","BRRGE8600015","spotify:user:isak.sjoholm.","2025-07-18T13:23:34Z","samba,pagode","0.793","0.765","5","-9.985","1","0.079","0.391","0","0.1","0.951","107.851","4","","Som Livre","C (C) 1986 Som Livre, P (P) 1986 Som Livre"
"spotify:track:79GAEDbogeRwpU2R1i4TPI","Feito Aguardente","spotify:artist:2x5fdOl1kpBgD74cOkzNY0","Almir Guineto","spotify:album:0cSu3GXFbddagVpwSpj0HX","Almir Guinéto - 1986","spotify:artist:2x5fdOl1kpBgD74cOkzNY0","Almir Guineto","1986-01-01","https://i.scdn.co/image/ab67616d0000b2731e2de06ec8dd99f8dee8b299","1","11","206840","https://p.scdn.co/mp3-preview/5d05d16938aeb8c98c4d79558105f7d086da94e4?cid=9950ac751e34487dbbe027c4fd7f8e99","false","25","BRRGE8600102","spotify:user:isak.sjoholm.","2025-07-18T13:23:34Z","samba,pagode","0.589","0.802","0","-6.604","1","0.0707","0.364","0","0.138","0.754","104.728","4","","Som Livre","C (C) 1986 Som Livre"
"spotify:track:2SkE9HN53q7xNozAMeMR2r","Apocalipse - Versão Remasterizada","spotify:artist:7fAKtXSdNInWAIf0jVUz65","Roberto Carlos","spotify:album:7d5yZEr1TK257fC50CccpC","Roberto Carlos (1986 Remasterizado)","spotify:artist:7fAKtXSdNInWAIf0jVUz65","Roberto Carlos","1986-04-07","https://i.scdn.co/image/ab67616d0000b2735c4bfbc2a2300b6af53edbc8","1","1","322240","https://p.scdn.co/mp3-preview/75a72aeaa261330eca80d35ef82054dcb3e4dd67?cid=9950ac751e34487dbbe027c4fd7f8e99","false","24","BRSME8600172","spotify:user:isak.sjoholm.","2025-07-18T13:23:34Z","mpb,brega,bolero","0.739","0.427","10","-14.015","1","0.0276","0.122","0.0039","0.0939","0.855","111.121","4","","Sony BMG Music Entertainment","P (P) 1986 Sony Music Entertainment Brasil Ltda"
"spotify:track:1b1FponjEwac008IQyczRT","Crônica","spotify:artist:0GNq4xh8uFCyihPurnunf7","Engenheiros Do Hawaii","spotify:album:2uOcxJtzGlnsM7iLn4kxTL","Longe Demais Das Capitais","spotify:artist:0GNq4xh8uFCyihPurnunf7","Engenheiros Do Hawaii","1986-06-21","https://i.scdn.co/image/ab67616d0000b2732f1e1fff96899d9181def62e","1","11","166026","https://p.scdn.co/mp3-preview/cf68b20ca7fc2330709c63dca9d10f8c47abef66?cid=9950ac751e34487dbbe027c4fd7f8e99","false","27","BRBMG8600019","spotify:user:isak.sjoholm.","2025-07-18T13:23:34Z","brasiliansk rock,mpb,brasiliansk pop,poprock","0.378","0.941","4","-5.861","1","0.0963","0.17","0.0000652","0.397","0.782","100.625","4","","RCA Records Label","P (P) 1986 Sony Music Entertainment Brasil ltda."
"spotify:track:4fnABiTxG51eZFMXH3ityG","Fera Nenen (feat. Evandro Mesquita)","spotify:artist:44cnJJakDDnBCn5L87ew7P, spotify:artist:2ZoQlS1a8img7eJz7L6GK3","Trem Da Alegria, Evandro Mesquita","spotify:album:17LfAvivmm9iObWXcDAK62","Trem da Alegria","spotify:artist:44cnJJakDDnBCn5L87ew7P","Trem Da Alegria","1986-01-01","https://i.scdn.co/image/ab67616d0000b273cb185b6c66d7bd42bb848d2c","1","2","223626","https://p.scdn.co/mp3-preview/1f38f1d295acb40768368b4059efe92b555ba990?cid=9950ac751e34487dbbe027c4fd7f8e99","false","29","BRBMG8600355","spotify:user:isak.sjoholm.","2025-07-18T13:23:34Z","vaggvisa,barnmusik,brasiliansk rock","0.674","0.78","6","-6.991","1","0.111","0.317","0","0.162","0.739","142.961","4","","Sony Music Entertainment","P (P) 1986 RCA"
"spotify:track:3yEk9ACIX1cduvPqfMQrOQ","Santo Errado","spotify:artist:2x5fdOl1kpBgD74cOkzNY0","Almir Guineto","spotify:album:0cSu3GXFbddagVpwSpj0HX","Almir Guinéto - 1986","spotify:artist:2x5fdOl1kpBgD74cOkzNY0","Almir Guineto","1986-01-01","https://i.scdn.co/image/ab67616d0000b2731e2de06ec8dd99f8dee8b299","1","8","179053","https://p.scdn.co/mp3-preview/262a986e16ee66b50ba6c96a526b8534e46cff9d?cid=9950ac751e34487dbbe027c4fd7f8e99","false","22","BRRGE8600099","spotify:user:isak.sjoholm.","2025-07-18T13:23:34Z","samba,pagode","0.661","0.776","6","-7.649","0","0.35","0.233","0","0.32","0.836","134.943","4","","Som Livre","C (C) 1986 Som Livre"
"spotify:track:4EW5hd0Ut6vLjOiMluOCU8","Por Sentir Ciúmes...","spotify:artist:7DyHP5H86MOuoReXuEzHYd","João Mineiro & Marciano","spotify:album:1D8J1q9EfDwYcwckzxA3Op","Os Inimitáveis","spotify:artist:7DyHP5H86MOuoReXuEzHYd","João Mineiro & Marciano","1986-06-06","https://i.scdn.co/image/ab67616d0000b27361aa641e26887dfbbd476734","1","5","274133","https://p.scdn.co/mp3-preview/57459eedd7f1f42f51f5042db11ce9f0f8961a05?cid=9950ac751e34487dbbe027c4fd7f8e99","false","35","BREMI8800069","spotify:user:isak.sjoholm.","2025-07-18T13:23:34Z","sertanejo tradicional,sertanejo,brega","0.5","0.503","4","-8.753","0","0.0303","0.452","0","0.244","0.296","113.999","4","","EMI","C © 1986 EMI Records Brasil Ltda, P ℗ 1986 EMI Records Brasil Ltda"
"spotify:track:1su04WhC4AO2jqFIXFdmFl","Na Boca do Mato","spotify:artist:3aqtJPuhfwxQ60jG1OAFQt","Bezerra Da Silva","spotify:album:37znmRInvE0JRX8rNkiXXO","Alô Malandragem Maloca o Flagrante","spotify:artist:3aqtJPuhfwxQ60jG1OAFQt","Bezerra Da Silva","1986-02-15","https://i.scdn.co/image/ab67616d0000b273f127e1f63ea529e8c3fecef8","1","9","171093","https://p.scdn.co/mp3-preview/b4c7b7215574988aee38d61bb937d58a0802086c?cid=9950ac751e34487dbbe027c4fd7f8e99","false","24","BRBMG8600116","spotify:user:isak.sjoholm.","2025-07-18T13:23:34Z","samba,pagode","0.759","0.825","0","-5.503","0","0.0426","0.155","0","0.0552","0.85","91.344","4","","RCA Records Label","P (P) 2000 Sony Music Entertainment Brasil ltda."
"spotify:track:6tf3k34P7Etn9VvduRoWSw","Canos Silênciosos","spotify:artist:3LWCuB9QxDmpLhhGwqU04N","Lobão","spotify:album:3FIucEe67u3bqrRiH9W0Io","O Rock Errou","spotify:artist:3LWCuB9QxDmpLhhGwqU04N","Lobão","1986-03-30","https://i.scdn.co/image/ab67616d0000b2731ea1324710157229497bd917","1","8","206733","https://p.scdn.co/mp3-preview/06cb02297453d082af385720693fff7aba25d13e?cid=9950ac751e34487dbbe027c4fd7f8e99","false","0","BRBMG8600235","spotify:user:isak.sjoholm.","2025-07-18T13:23:34Z","brasiliansk rock,brasiliansk pop,mpb","0.553","0.741","5","-10.566","1","0.0522","0.0895","0.00453","0.355","0.813","125.713","4","","RCA Records Label","P (P) 1986 Sony Music Entertainment Brasil ltda."
"spotify:track:4jmmrTkNUeG3093rrvQES5","Novela das Oito","spotify:artist:0SzWnIde8xRsuGDZYZdvE5","Corpo e Alma","spotify:album:6VEQ0agdIoe5Iw9EtiZDfJ","Novela das Oito","spotify:artist:0SzWnIde8xRsuGDZYZdvE5","Corpo e Alma","1986-10-03","https://i.scdn.co/image/ab67616d0000b2735feb7f97dece3b394f7ace81","1","1","186226","https://p.scdn.co/mp3-preview/451fc0a9060d086c12c9e8e26d02b93b25e5ddfe?cid=9950ac751e34487dbbe027c4fd7f8e99","false","37","QZMZ92030746","spotify:user:isak.sjoholm.","2025-07-18T13:23:34Z","agronejo","0.575","0.933","4","-3.615","1","0.159","0.427","0.00000154","0.308","0.958","139.256","4","","Corpo e Alma","C 2020 Corpo e Alma, P 2020 Corpo e Alma"
"spotify:track:5DLRKf2fp6FF0KpB0bAX6L","Amor Explícito","spotify:artist:2poCUrtJvVVgfA2hgri1IS, spotify:artist:0sgV4klGs1Y1dgbBi28JlD","Roupa Nova, Simone","spotify:album:2WYYaNSS0dI0aE1x03GM7I","Amor e Paixão","spotify:artist:0sgV4klGs1Y1dgbBi28JlD","Simone","1986-03-30","https://i.scdn.co/image/ab67616d0000b2730d0ada322789bfa7b5576749","1","7","223960","https://p.scdn.co/mp3-preview/ad0efd50d1221cf35fff1eb988a5aa9a2e51618c?cid=9950ac751e34487dbbe027c4fd7f8e99","false","23","BRSME8600080","spotify:user:isak.sjoholm.","2025-07-18T13:23:34Z","mpb,brasiliansk pop,brasiliansk rock,mpb,samba","0.568","0.377","7","-13.741","1","0.0285","0.373","0.00000135","0.225","0.274","71.933","4","","Columbia","P (P) 1986 Sony Music Entertainment (Brasil) I.C.L."
"spotify:track:0jp2twwRfeNmb6V4IGfbLY","Peter Pan","spotify:artist:4DOlsUBpxw706SXx05Xoi2","Xuxa","spotify:album:5DAm6XNePvpL9L6Duz71DG","Xou da Xuxa","spotify:artist:4DOlsUBpxw706SXx05Xoi2","Xuxa","1986-08-06","https://i.scdn.co/image/ab67616d0000b273e18aa5ea7297c766739e2b48","1","4","218466","https://p.scdn.co/mp3-preview/87936c40065f148cb93c8b67eae6e9c6b60e79c3?cid=9950ac751e34487dbbe027c4fd7f8e99","false","19","BRRGE8600059","spotify:user:isak.sjoholm.","2025-07-18T13:23:34Z","vaggvisa,barnmusik","0.593","0.474","7","-12.252","1","0.0343","0.516","0.000654","0.114","0.297","129.788","4","","Som Livre","C (C) 1986 Som Livre, P (P) 1986 Som Livre"
"spotify:track:4lAkwid17PBHkFPMWq5MJ3","Olhos Coloridos","spotify:artist:5Rxz1EE4Jj08mu40vlrqHv","Sandra De Sá","spotify:album:26IwLliGKeITQebBoAi7UQ","Sandra Sá (1986)","spotify:artist:5Rxz1EE4Jj08mu40vlrqHv","Sandra De Sá","1986-09-17","https://i.scdn.co/image/ab67616d0000b2732c13e527c2873de85d9995c0","1","5","404960","https://p.scdn.co/mp3-preview/042eee38b9cc9480861ccdafe5e868933773e9b1?cid=9950ac751e34487dbbe027c4fd7f8e99","false","27","BRBMG8600100","spotify:user:isak.sjoholm.","2025-07-18T13:23:34Z","mpb,samba","0.822","0.444","5","-13.743","0","0.0386","0.0946","0.0162","0.0957","0.969","97.103","4","","RCA Records Label","P (P) 1986 Sony Music Entertainment Brasil ltda"
"spotify:track:7bCEQN8mrf8dgJtwqKXJUd","Sweet Begonia","spotify:artist:0GNq4xh8uFCyihPurnunf7","Engenheiros Do Hawaii","spotify:album:2uOcxJtzGlnsM7iLn4kxTL","Longe Demais Das Capitais","spotify:artist:0GNq4xh8uFCyihPurnunf7","Engenheiros Do Hawaii","1986-06-21","https://i.scdn.co/image/ab67616d0000b2732f1e1fff96899d9181def62e","1","9","150426","https://p.scdn.co/mp3-preview/96b5c8e29ba69bcd46c0375a137edf6c27a42c2d?cid=9950ac751e34487dbbe027c4fd7f8e99","false","25","BRBMG8600017","spotify:user:isak.sjoholm.","2025-07-18T13:23:34Z","brasiliansk rock,mpb,brasiliansk pop,poprock","0.716","0.678","9","-7.693","1","0.0381","0.649","0.00000418","0.0682","0.907","101.67","4","","RCA Records Label","P (P) 1986 Sony Music Entertainment Brasil ltda."
"spotify:track:3sxIH0Oj360MDYRAIf8sXq","Fé Nenhuma","spotify:artist:0GNq4xh8uFCyihPurnunf7","Engenheiros Do Hawaii","spotify:album:2uOcxJtzGlnsM7iLn4kxTL","Longe Demais Das Capitais","spotify:artist:0GNq4xh8uFCyihPurnunf7","Engenheiros Do Hawaii","1986-06-21","https://i.scdn.co/image/ab67616d0000b2732f1e1fff96899d9181def62e","1","5","165600","https://p.scdn.co/mp3-preview/8729a2da4228b91ca761ecaea3759ad63bf3970f?cid=9950ac751e34487dbbe027c4fd7f8e99","false","26","BRBMG8600013","spotify:user:isak.sjoholm.","2025-07-18T13:23:34Z","brasiliansk rock,mpb,brasiliansk pop,poprock","0.432","0.969","9","-5.995","1","0.0928","0.247","0.000304","0.823","0.537","141.778","4","","RCA Records Label","P (P) 1986 Sony Music Entertainment Brasil ltda."
"spotify:track:4GRD8CZMvnkzrZqTIiWmgc","Somos Vivos","spotify:artist:6S6ll1Wa6FYvAgThEBX6qJ","Cólera","spotify:album:6xAc9Cw4XKpbePvnMSN6du","Pela Paz em Todo Mundo","spotify:artist:6S6ll1Wa6FYvAgThEBX6qJ","Cólera","1986-08-01","https://i.scdn.co/image/ab67616d0000b273b3c4bf6512f5db84171e93e2","1","3","164652","https://p.scdn.co/mp3-preview/1ef9b5d771392edaa34968211c89c2b39ad1f540?cid=9950ac751e34487dbbe027c4fd7f8e99","false","25","BXWIY1500255","spotify:user:isak.sjoholm.","2025-07-18T13:23:34Z","hardcorepunk,punk,brasiliansk rock","0.377","0.927","9","-3.331","0","0.0514","0.000446","0","0.0912","0.532","110.553","4","","EAEO Records","C 2016 EAEO Records, P 1986 Cólera"
"spotify:track:4a0gyk6IDmxxocd79wDFVx","No Mundo Da Lua","spotify:artist:7E5dcvoiZra9wwBuXYAYTw","Biquini Cavadão","spotify:album:2pcjxJnS4i415pOfYiE6ul","Cidade Em Torrente","spotify:artist:7E5dcvoiZra9wwBuXYAYTw","Biquini Cavadão","1986","https://i.scdn.co/image/ab67616d0000b27307d104605c7f4d02515c655d","1","6","183560","https://p.scdn.co/mp3-preview/dc000b56507748d111274ec8c1cb262898b1701e?cid=9950ac751e34487dbbe027c4fd7f8e99","false","24","BRMCA8600031","spotify:user:isak.sjoholm.","2025-07-18T13:23:34Z","brasiliansk rock,brasiliansk pop,mpb,poprock","0.739","0.755","2","-9.187","0","0.0488","0.241","0.000822","0.209","0.961","172.525","4","","Universal Music Ltda.","C © 1986 Universal Music Ltda, P ℗ 2001 Universal Music Ltda"
"spotify:track:4JtULbERSsxUodqFtcGAvB","Lama Nas Ruas","spotify:artist:2x5fdOl1kpBgD74cOkzNY0","Almir Guineto","spotify:album:0cSu3GXFbddagVpwSpj0HX","Almir Guinéto - 1986","spotify:artist:2x5fdOl1kpBgD74cOkzNY0","Almir Guineto","1986-01-01","https://i.scdn.co/image/ab67616d0000b2731e2de06ec8dd99f8dee8b299","1","6","202840","https://p.scdn.co/mp3-preview/931ab38145c7d6c62c11bf7e1f4ba6adc606bf9e?cid=9950ac751e34487dbbe027c4fd7f8e99","false","28","BRSGL8500105","spotify:user:isak.sjoholm.","2025-07-18T13:23:34Z","samba,pagode","0.653","0.425","10","-8.477","0","0.0293","0.558","0","0.102","0.58","107.509","4","","Som Livre","C (C) 1986 Som Livre"
"spotify:track:0NSJq62gfkPxnXZnpQ8ofS","Compositores de Verdade","spotify:artist:3aqtJPuhfwxQ60jG1OAFQt","Bezerra Da Silva","spotify:album:37znmRInvE0JRX8rNkiXXO","Alô Malandragem Maloca o Flagrante","spotify:artist:3aqtJPuhfwxQ60jG1OAFQt","Bezerra Da Silva","1986-02-15","https://i.scdn.co/image/ab67616d0000b273f127e1f63ea529e8c3fecef8","1","12","209973","https://p.scdn.co/mp3-preview/b8b941d222e40bb20f684072e954ea5fa47578a4?cid=9950ac751e34487dbbe027c4fd7f8e99","false","21","BRBMG8600118","spotify:user:isak.sjoholm.","2025-07-18T13:23:34Z","samba,pagode","0.637","0.813","2","-5.355","1","0.0559","0.192","0","0.0371","0.948","84.205","4","","RCA Records Label","P (P) 2000 Sony Music Entertainment Brasil ltda."
"spotify:track:21tCkC3Esx9wxN6aQGiXcK","Nossas Vidas","spotify:artist:0GNq4xh8uFCyihPurnunf7","Engenheiros Do Hawaii","spotify:album:2uOcxJtzGlnsM7iLn4kxTL","Longe Demais Das Capitais","spotify:artist:0GNq4xh8uFCyihPurnunf7","Engenheiros Do Hawaii","1986-06-21","https://i.scdn.co/image/ab67616d0000b2732f1e1fff96899d9181def62e","1","4","185000","https://p.scdn.co/mp3-preview/164186beda22476e55552fc2488af1e725dbd7ff?cid=9950ac751e34487dbbe027c4fd7f8e99","false","26","BRBMG8600012","spotify:user:isak.sjoholm.","2025-07-18T13:23:34Z","brasiliansk rock,mpb,brasiliansk pop,poprock","0.433","0.618","9","-9.78","1","0.057","0.627","0.000185","0.0838","0.833","85.304","4","","RCA Records Label","P (P) 1986 Sony Music Entertainment Brasil ltda."
"spotify:track:2j9A16qMEN2n7vP2nCEqAf","Salmo 104","spotify:artist:6EVSAGY5ooM6Fw2dOMJqRM, spotify:artist:4HbBDeN5eLhY5MwyhedmR3, spotify:artist:23ElXC7ozm1utLvKLTKAZx, spotify:artist:4E3qnMFU3V76VnTci0YqHO, spotify:artist:6R12Ccn5eh4ESiEYfPRhu1","Grupo Mensagem, Carlos Sider, Claudia Lopez, Lúcio Machado de Freitas, Eduardo Sider","spotify:album:2wxGHWxA5kbGUaciPY7IWw","Mensagem","spotify:artist:6EVSAGY5ooM6Fw2dOMJqRM, spotify:artist:4HbBDeN5eLhY5MwyhedmR3","Grupo Mensagem, Carlos Sider","1986-11-30","https://i.scdn.co/image/ab67616d0000b2737ec2f38b4ffa0a3964d56196","1","1","208614","https://p.scdn.co/mp3-preview/10a40ccee285adb96308adfaf39dd1ec90217785?cid=9950ac751e34487dbbe027c4fd7f8e99","false","34","uscgj1709256","spotify:user:isak.sjoholm.","2025-07-18T13:23:34Z","brasiliansk gospel,brasiliansk gospel,gospel","0.299","0.392","4","-12.948","1","0.0282","0.659","0","0.0734","0.299","103.743","4","","Carlos Sider","C 1986 Carlos Sider, P 1986 Carlos Sider"
"spotify:track:1KBdNuVBZILDZD2wrpIgtU","Das Dores De Oratórios","spotify:artist:3DF0ClNOUuvS3gh8V8sRJH","João Bosco","spotify:album:11wDj5dQ9pehsVjhlWsM23","Ai, Ai, Ai De Mim","spotify:artist:3DF0ClNOUuvS3gh8V8sRJH","João Bosco","1986-11-08","https://i.scdn.co/image/ab67616d0000b2730df9a4742291ad8c69a0ba9c","1","10","303626","https://p.scdn.co/mp3-preview/5236a49af1292c8957a80d31c0938421a0cd80f5?cid=9950ac751e34487dbbe027c4fd7f8e99","false","19","BRSME8600091","spotify:user:isak.sjoholm.","2025-07-18T13:23:34Z","mpb,samba,bossa nova,brasiliansk jazz","0.54","0.212","0","-17.369","1","0.0362","0.914","0.0175","0.0905","0.284","115.067","4","","Sony BMG Music Entertainment","P (P) 1986 Sony Music Entertainment (Brasil) I.C.L."
"spotify:track:4sMckkR5fi14igyP3ib1RV","Heaven Tonight","spotify:artist:42ueAipELI8IvTUa9gN50Q","Waysted","spotify:album:4FkBHesvBW4E3cX89PLX86","Save Your Prayers","spotify:artist:42ueAipELI8IvTUa9gN50Q","Waysted","1986","https://i.scdn.co/image/ab67616d0000b273e83171d7313452337f0f5149","1","6","319000","https://p.scdn.co/mp3-preview/063b04cc23fee9c6ffc6fe561ed6e4209d24d040?cid=9950ac751e34487dbbe027c4fd7f8e99","false","29","GBKYA0703872","spotify:user:isak.sjoholm.","2025-07-18T13:23:34Z","glam metal,aor,arenarock,hårdrock,glamrock","0.503","0.861","2","-4.921","1","0.0505","0.322","0.0000026","0.103","0.448","135.731","4","","Majestic Rock","C 2004 Majestic Rock Records, P 2004 Majestic Rock Records"
"spotify:track:3fJHnl5cFFbd1Iud9Hx4em","Quando Vi Você Passar - Versão Remasterizada","spotify:artist:7fAKtXSdNInWAIf0jVUz65","Roberto Carlos","spotify:album:7d5yZEr1TK257fC50CccpC","Roberto Carlos (1986 Remasterizado)","spotify:artist:7fAKtXSdNInWAIf0jVUz65","Roberto Carlos","1986-04-07","https://i.scdn.co/image/ab67616d0000b2735c4bfbc2a2300b6af53edbc8","1","4","269773","https://p.scdn.co/mp3-preview/6213531cd8e9f6fa84977a2cdb482bfd42b99714?cid=9950ac751e34487dbbe027c4fd7f8e99","false","22","BRSME8600175","spotify:user:isak.sjoholm.","2025-07-18T13:23:34Z","mpb,brega,bolero","0.532","0.193","9","-19.423","1","0.029","0.578","0.0116","0.367","0.0769","131.15","4","","Sony BMG Music Entertainment","P (P) 1986 Sony Music Entertainment Brasil Ltda"
"spotify:track:4vxgUGNn3iZjJYGL2TRvEh","Em Flor (Too Young)","spotify:artist:0sgV4klGs1Y1dgbBi28JlD","Simone","spotify:album:2WYYaNSS0dI0aE1x03GM7I","Amor e Paixão","spotify:artist:0sgV4klGs1Y1dgbBi28JlD","Simone","1986-03-30","https://i.scdn.co/image/ab67616d0000b2730d0ada322789bfa7b5576749","1","6","220773","https://p.scdn.co/mp3-preview/0ceb2be0cb1b6f6bd5da6d5c7573bc07ee0daa1d?cid=9950ac751e34487dbbe027c4fd7f8e99","false","17","BRSME8600079","spotify:user:isak.sjoholm.","2025-07-18T13:23:34Z","mpb,samba","0.26","0.162","1","-16.164","1","0.0299","0.814","0.0000157","0.358","0.144","86.122","4","","Columbia","P (P) 1986 Sony Music Entertainment (Brasil) I.C.L."
"spotify:track:5rOeC1FqXuy57FQIJCGNLT","I Need You - Extended Vocal Version","spotify:artist:5bA1TGkZ4mXFNfP0BxAsIH","B.V.S.M.P.","spotify:album:3f5wwCtUjYG88ZMFiW06q2","I Need You","spotify:artist:5bA1TGkZ4mXFNfP0BxAsIH","B.V.S.M.P.","1986-04-01","https://i.scdn.co/image/ab67616d0000b273d05d5db43e770413fba246f5","1","3","306706","https://p.scdn.co/mp3-preview/a670d62745533e968eba32f1f91fab939934e4bd?cid=9950ac751e34487dbbe027c4fd7f8e99","false","34","DEG410500821","spotify:user:isak.sjoholm.","2025-07-18T13:23:34Z","funk melody,miami bass","0.84","0.551","7","-9.412","1","0.131","0.000479","0.000277","0.131","0.463","101.513","4","","BGM Music","C BGM Music, P BGM Music"
"spotify:track:22WZoLHaCQIpushcmdBL9D","Entre Nós (feat. Michael Sullivan)","spotify:artist:5Rxz1EE4Jj08mu40vlrqHv, spotify:artist:3lF1WfwVjShSiYwJqhuZBb","Sandra De Sá, Michael Sullivan","spotify:album:7f0xn4tbTfqRk1PgDM6KLP","Entre Nós / Love Time","spotify:artist:5Rxz1EE4Jj08mu40vlrqHv","Sandra De Sá","1986","https://i.scdn.co/image/ab67616d0000b2736b98d34307506ed520ec0d89","1","1","302200","https://p.scdn.co/mp3-preview/eacca2476bcc4daf75010decfccb058b5be77f56?cid=9950ac751e34487dbbe027c4fd7f8e99","false","14","BRBMG8600240","spotify:user:isak.sjoholm.","2025-07-18T13:23:34Z","mpb,samba,mpb","0.58","0.448","7","-9.698","1","0.029","0.213","0","0.0916","0.505","67.534","4","","Sony Music Entertainment","P (P) 1986 RCA Victor"
"spotify:track:3OEQ6VkZB2Rqn5u48mxQnB","Bodas De Prata","spotify:artist:60T8gH8DDda6HA4MlUgam3","Carlos Galhardo","spotify:album:4eXp5H76aXNoDd1LNs8T5A","In Memoriam","spotify:artist:60T8gH8DDda6HA4MlUgam3","Carlos Galhardo","1986-03-15","https://i.scdn.co/image/ab67616d0000b273d2a77f61e41418202e6c86c3","1","7","188760","https://p.scdn.co/mp3-preview/7cab5c26f9b12f34dc44712fea875c935fafdb89?cid=9950ac751e34487dbbe027c4fd7f8e99","false","21","BRBMG5200025","spotify:user:isak.sjoholm.","2025-07-18T13:23:34Z","","0.317","0.114","0","-13.524","1","0.0364","0.901","0","0.275","0.345","88.065","4","","Sony Music Entertainment","P 1986 BMG BRASIL LTDA."
"spotify:track:5lnnBCTFXgjP2Px2SG5oYZ","Calm Inside the Storm","spotify:artist:2BTZIqw0ntH9MvilQ3ewNY","Cyndi Lauper","spotify:album:31TRqoVBTQi0lzlPLtvINn","True Colors","spotify:artist:2BTZIqw0ntH9MvilQ3ewNY","Cyndi Lauper","1986-10-14","https://i.scdn.co/image/ab67616d0000b2735128af6747a56ccb3c7ea5b3","1","5","234880","https://p.scdn.co/mp3-preview/e35599a101845ed4c91c8675a913c86a0aba8d15?cid=9950ac751e34487dbbe027c4fd7f8e99","false","32","USSM18600633","spotify:user:isak.sjoholm.","2025-07-18T13:23:34Z","","0.54","0.753","1","-9.15","1","0.0662","0.252","0.00221","0.122","0.648","207.912","4","","Epic","P (P) 1986 Epic Records, a division of Sony Music Entertainment"
"spotify:track:17KjEnm7JlrjfeLfzoYUG3","Nada A Ver","spotify:artist:0GNq4xh8uFCyihPurnunf7","Engenheiros Do Hawaii","spotify:album:2uOcxJtzGlnsM7iLn4kxTL","Longe Demais Das Capitais","spotify:artist:0GNq4xh8uFCyihPurnunf7","Engenheiros Do Hawaii","1986-06-21","https://i.scdn.co/image/ab67616d0000b2732f1e1fff96899d9181def62e","1","10","198426","https://p.scdn.co/mp3-preview/2fd5b0c9d1b6dd3f1a4013b2f56cd4853ac66886?cid=9950ac751e34487dbbe027c4fd7f8e99","false","25","BRBMG8600018","spotify:user:isak.sjoholm.","2025-07-18T13:23:34Z","brasiliansk rock,mpb,brasiliansk pop,poprock","0.571","0.672","4","-7.622","0","0.082","0.396","0.00000132","0.234","0.849","99.871","4","","RCA Records Label","P (P) 1986 Sony Music Entertainment Brasil ltda."
"spotify:track:2MozE7o9iSFFifQBuJL5HG","Nem Lá, Nem Cá","spotify:artist:1WkZvxuA4zCcFF9GChK6Vr","Grupo Fundo De Quintal","spotify:album:355C0Oi0ZNje0Po92sNf7e","O Mapa da Mina","spotify:artist:1WkZvxuA4zCcFF9GChK6Vr","Grupo Fundo De Quintal","1986-01-01","https://i.scdn.co/image/ab67616d0000b27372b4feffe94dfc7055743eef","1","6","129093","https://p.scdn.co/mp3-preview/0f50c9c28f8048981e548ae95d5eb3f9dd2269c8?cid=9950ac751e34487dbbe027c4fd7f8e99","false","23","BRSGL8600083","spotify:user:isak.sjoholm.","2025-07-18T13:23:34Z","samba,pagode","0.671","0.505","0","-11.116","1","0.0363","0.35","0.00000379","0.105","0.946","142.17","4","","Som Livre","C (C) 1986 Som Livre"
"spotify:track:5jRU7sfff9yYfXwsqjGDUc","Beijos Pra Torcida","spotify:artist:0GNq4xh8uFCyihPurnunf7","Engenheiros Do Hawaii","spotify:album:2uOcxJtzGlnsM7iLn4kxTL","Longe Demais Das Capitais","spotify:artist:0GNq4xh8uFCyihPurnunf7","Engenheiros Do Hawaii","1986-06-21","https://i.scdn.co/image/ab67616d0000b2732f1e1fff96899d9181def62e","1","6","104706","https://p.scdn.co/mp3-preview/fad4c16d23615c03574fa61fb36dcc779bfb52a1?cid=9950ac751e34487dbbe027c4fd7f8e99","false","26","BRBMG8600014","spotify:user:isak.sjoholm.","2025-07-18T13:23:34Z","brasiliansk rock,mpb,brasiliansk pop,poprock","0.553","0.75","4","-8.553","1","0.0718","0.523","0","0.32","0.96","116.472","4","","RCA Records Label","P (P) 1986 Sony Music Entertainment Brasil ltda."
"spotify:track:5mbH0oFRg4hrHsohK8ySFM","Metástase","spotify:artist:6kJHpEjr5eNnVJeyfTbs3G","Camisa de Vênus","spotify:album:2pjnFwjPQ3Ko3D0wt6z9eB","Viva (Ao Vivo)","spotify:artist:6kJHpEjr5eNnVJeyfTbs3G","Camisa de Vênus","1986-01-01","https://i.scdn.co/image/ab67616d0000b2730c7a3230ffeae41ee607cec9","1","9","304640","https://p.scdn.co/mp3-preview/f3e56b195382f2783b0ef70cfe446a645dd3ee6a?cid=9950ac751e34487dbbe027c4fd7f8e99","false","22","BRRGE8600116","spotify:user:isak.sjoholm.","2025-07-18T13:23:34Z","brasiliansk rock,brasiliansk pop","0.438","0.741","9","-11.855","0","0.0491","0.0014","0.102","0.303","0.625","117.581","4","","Som Livre","C (C) 2016 Som Livre"
"spotify:track:6U6ZsNMp8cJoXOFOtpbqvA","Errado Fui Eu","spotify:artist:5T2UOU9fV8RcUgLH3b6TTN","Agepê","spotify:album:7HSp9GKeKIUmOll2yvVHOl","Agepê","spotify:artist:5T2UOU9fV8RcUgLH3b6TTN","Agepê","1986-01-01","https://i.scdn.co/image/ab67616d0000b273d458e40033b3928f375bf629","1","2","234426","https://p.scdn.co/mp3-preview/e8ad4d2bcd2cd68ee12dfb02a7773f75c2d1440c?cid=9950ac751e34487dbbe027c4fd7f8e99","false","34","BRSGL8600069","spotify:user:isak.sjoholm.","2025-07-18T13:23:34Z","samba,pagode,mpb","0.536","0.768","10","-8.306","0","0.117","0.466","0","0.176","0.909","93.494","4","","Som Livre","C (C) 1986 Som Livre"
"spotify:track:0Ps0zhbLROPNOJCg62HaGd","If You Could Remember","spotify:artist:5r2s5odRto89kixqNHepfT","Tony Stevens","spotify:album:1J5OcV8UppQCdwlYs1Pjmo","If You Could Remember","spotify:artist:5r2s5odRto89kixqNHepfT","Tony Stevens","1986-08-16","https://i.scdn.co/image/ab67616d0000b2730e495ae8796f83e5eb53c2b1","1","1","279040","https://p.scdn.co/mp3-preview/2c821fcd39231d37aa1e356fa412a4f0d4276603?cid=9950ac751e34487dbbe027c4fd7f8e99","false","33","BRRGE8600254","spotify:user:isak.sjoholm.","2025-07-18T13:23:34Z","","0.236","0.356","9","-12.779","1","0.0307","0.354","0.000718","0.173","0.364","128.276","4","","Som Livre","C (C) 1986 Som Livre"
"spotify:track:20DHa3SnBjc8agvqXcREnV","Na Casca do Ovo (feat. Xuxa & Sylvinho)","spotify:artist:44cnJJakDDnBCn5L87ew7P, spotify:artist:4DOlsUBpxw706SXx05Xoi2, spotify:artist:3mKFZYdsnQEdcJS4Lnh1wF","Trem Da Alegria, Xuxa, Sylvinho","spotify:album:17LfAvivmm9iObWXcDAK62","Trem da Alegria","spotify:artist:44cnJJakDDnBCn5L87ew7P","Trem Da Alegria","1986-01-01","https://i.scdn.co/image/ab67616d0000b273cb185b6c66d7bd42bb848d2c","1","8","194773","https://p.scdn.co/mp3-preview/f026a97ec574278c8a782854c5c83afe07d59ad3?cid=9950ac751e34487dbbe027c4fd7f8e99","false","28","BRBMG1700819","spotify:user:isak.sjoholm.","2025-07-18T13:23:34Z","vaggvisa,barnmusik,vaggvisa,barnmusik,mpb,brasiliansk pop,brega","0.831","0.833","8","-7.18","1","0.0401","0.374","0","0.0908","0.965","131.359","4","","Sony Music Entertainment","P (P) 1986 RCA"
"spotify:track:4bqxdLTVqoDXh3rAiVdYHn","Lei","spotify:artist:5rrmaoBXZ7Jcs4Qb77j0YA","Djavan","spotify:album:1Ie4OFyOqOlMUpWI6qdaxh","Meu Lado","spotify:artist:5rrmaoBXZ7Jcs4Qb77j0YA","Djavan","1986-03-25","https://i.scdn.co/image/ab67616d0000b27331c59ccabe5fed796d67bf0a","1","8","287373","https://p.scdn.co/mp3-preview/3ac0838b174b91c7bad413eb3afe5f6894d61b44?cid=9950ac751e34487dbbe027c4fd7f8e99","false","28","BRSME8600119","spotify:user:isak.sjoholm.","2025-07-18T13:23:34Z","mpb,bossa nova","0.651","0.764","3","-8.391","1","0.0895","0.465","0","0.11","0.831","82.377","4","","Epic","P (P) 1986 Sony Music Entertainment (Brasil) I.C.L."
"spotify:track:4h0GkgWKwf6sdj4C3soEZC","Leito de hospital","spotify:artist:2PLF4pjm6A5eztTVbt9ou4","Tião Carreiro & Pardinho","spotify:album:6UDTE2ln3qq8tGG3Fi1bK8","Dose Dupla (Vol 6)","spotify:artist:2PLF4pjm6A5eztTVbt9ou4","Tião Carreiro & Pardinho","1986","https://i.scdn.co/image/ab67616d0000b27347866a6bab49da45ba66ed9d","1","18","181200","https://p.scdn.co/mp3-preview/8aa1eeb7c80595c26f1f0f072ed863c6dc351a38?cid=9950ac751e34487dbbe027c4fd7f8e99","false","19","BRWMB9802609","spotify:user:isak.sjoholm.","2025-07-18T13:23:34Z","sertanejo tradicional,sertanejo","0.608","0.476","7","-9.491","1","0.0281","0.719","0","0.215","0.815","116.58","4","","WM Brazil","C © 1986/1988 WEA International Inc., P ℗ 1995 WEA International Inc."
"spotify:track:0H2uBQHcVfgB1rmsUsl9GT","A Patinha da Vovó (feat. Xuxa)","spotify:artist:44cnJJakDDnBCn5L87ew7P, spotify:artist:4DOlsUBpxw706SXx05Xoi2","Trem Da Alegria, Xuxa","spotify:album:17LfAvivmm9iObWXcDAK62","Trem da Alegria","spotify:artist:44cnJJakDDnBCn5L87ew7P","Trem Da Alegria","1986-01-01","https://i.scdn.co/image/ab67616d0000b273cb185b6c66d7bd42bb848d2c","1","4","181906","https://p.scdn.co/mp3-preview/ae08912f1e5656b489fbf805e3b495d4cacab1bf?cid=9950ac751e34487dbbe027c4fd7f8e99","false","25","BRBMG1700744","spotify:user:isak.sjoholm.","2025-07-18T13:23:34Z","vaggvisa,barnmusik,vaggvisa,barnmusik","0.854","0.751","9","-8","1","0.0566","0.165","0","0.0761","0.964","139.567","4","","Sony Music Entertainment","P (P) 1986 RCA"
"spotify:track:0qdcsAkBY8ThDnz4FAihvc","Hoje - Ao Vivo","spotify:artist:6kJHpEjr5eNnVJeyfTbs3G","Camisa de Vênus","spotify:album:2pjnFwjPQ3Ko3D0wt6z9eB","Viva (Ao Vivo)","spotify:artist:6kJHpEjr5eNnVJeyfTbs3G","Camisa de Vênus","1986-01-01","https://i.scdn.co/image/ab67616d0000b2730c7a3230ffeae41ee607cec9","1","2","266466","https://p.scdn.co/mp3-preview/5ecff596c13cafc89b86d1252a22b9de5d8ea3da?cid=9950ac751e34487dbbe027c4fd7f8e99","false","21","BRRGE8600111","spotify:user:isak.sjoholm.","2025-07-18T13:23:34Z","brasiliansk rock,brasiliansk pop","0.46","0.941","9","-9.821","1","0.0393","0.0034","0.000254","0.666","0.397","114.698","4","","Som Livre","C (C) 2016 Som Livre"
"spotify:track:14eeRnGLkhgsPoeBKSlaR7","No Calor Dos Salões","spotify:artist:1WkZvxuA4zCcFF9GChK6Vr","Grupo Fundo De Quintal","spotify:album:355C0Oi0ZNje0Po92sNf7e","O Mapa da Mina","spotify:artist:1WkZvxuA4zCcFF9GChK6Vr","Grupo Fundo De Quintal","1986-01-01","https://i.scdn.co/image/ab67616d0000b27372b4feffe94dfc7055743eef","1","5","173066","https://p.scdn.co/mp3-preview/a8b79d94ff807c1d6b6cceacdc136064d4bf9f50?cid=9950ac751e34487dbbe027c4fd7f8e99","false","24","BRSGL8600082","spotify:user:isak.sjoholm.","2025-07-18T13:23:34Z","samba,pagode","0.497","0.807","11","-6.428","0","0.0813","0.499","0","0.0597","0.963","144.837","4","","Som Livre","C (C) 1986 Som Livre"
"spotify:track:790UP45XKibAWVOYtggqgG","Pátria amada","spotify:artist:5PFAm9rM4jrm1X2jPX95E2","Inocentes","spotify:album:1eJbQZEUmikQ4AxNMGpv86","2 é Demais","spotify:artist:5PFAm9rM4jrm1X2jPX95E2","Inocentes","1986-05-25","https://i.scdn.co/image/ab67616d0000b273c93b21042ca77fb5607a588c","1","1","234973","https://p.scdn.co/mp3-preview/ca74aa21f402bdca4e57c538b693e3b41d6350ed?cid=9950ac751e34487dbbe027c4fd7f8e99","false","22","BRWMB9806825","spotify:user:isak.sjoholm.","2025-07-18T13:23:34Z","brasiliansk rock,punk,hardcorepunk","0.315","0.854","7","-7.391","0","0.136","0.0247","0.0893","0.16","0.483","189.561","4","","WM Brazil","C © 2006 Warner Music Brazil Ltda, P ℗ 2006 Warner Music Brazil Ltda"
"spotify:track:0JyLnf2DAKScPEQPtSotaP","O mundo velho não tem jeito","spotify:artist:2PLF4pjm6A5eztTVbt9ou4","Tião Carreiro & Pardinho","spotify:album:6UDTE2ln3qq8tGG3Fi1bK8","Dose Dupla (Vol 6)","spotify:artist:2PLF4pjm6A5eztTVbt9ou4","Tião Carreiro & Pardinho","1986","https://i.scdn.co/image/ab67616d0000b27347866a6bab49da45ba66ed9d","1","11","189106","https://p.scdn.co/mp3-preview/fb9533af3c6ccd4346c49d885086e667fcb6c3c7?cid=9950ac751e34487dbbe027c4fd7f8e99","false","30","BRWMB9802605","spotify:user:isak.sjoholm.","2025-07-18T13:23:34Z","sertanejo tradicional,sertanejo","0.686","0.657","11","-5.389","1","0.0293","0.751","0","0.11","0.893","102.252","4","","WM Brazil","C © 1986/1988 WEA International Inc., P ℗ 1995 WEA International Inc."
"spotify:track:1AkiwZIeFQqdcnMBI6xGc4","Mora no Coração","spotify:artist:5Rxz1EE4Jj08mu40vlrqHv","Sandra De Sá","spotify:album:26IwLliGKeITQebBoAi7UQ","Sandra Sá (1986)","spotify:artist:5Rxz1EE4Jj08mu40vlrqHv","Sandra De Sá","1986-09-17","https://i.scdn.co/image/ab67616d0000b2732c13e527c2873de85d9995c0","1","8","235866","https://p.scdn.co/mp3-preview/db35a10740f93d68ea610307e3bb5e3316c4d84e?cid=9950ac751e34487dbbe027c4fd7f8e99","false","19","BRBMG8600242","spotify:user:isak.sjoholm.","2025-07-18T13:23:34Z","mpb,samba","0.628","0.414","0","-11.832","1","0.0299","0.326","0","0.239","0.595","131.093","4","","RCA Records Label","P (P) 1986 Sony Music Entertainment Brasil ltda"
"spotify:track:1Q2IT82YHdHTkDuPr7SOqr","Lobo espiatório","spotify:artist:6kJHpEjr5eNnVJeyfTbs3G","Camisa de Vênus","spotify:album:39KNbiw8xlL3FxroeB32aT","Duplo Sentido","spotify:artist:6kJHpEjr5eNnVJeyfTbs3G","Camisa de Vênus","1986-10-24","https://i.scdn.co/image/ab67616d0000b27318bb7ed97b5553f8695ac622","1","1","193826","https://p.scdn.co/mp3-preview/bfb1a863809572a29074dbe4a3b6821903a85ea0?cid=9950ac751e34487dbbe027c4fd7f8e99","false","19","BRWMB9800077","spotify:user:isak.sjoholm.","2025-07-18T13:23:34Z","brasiliansk rock,brasiliansk pop","0.276","0.917","2","-6.87","1","0.0701","0.00045","0.000354","0.406","0.587","165.501","4","","WM Brazil","C © 2006 Warner Music Brazil Ltda, P ℗ 2006 Warner Music Brazil Ltda"
"spotify:track:2OYUC4WIzxFPypsal299xq","O Futuro é Vortex","spotify:artist:6hP7JNm3e4E0c5bldlKlO6","Os Replicantes","spotify:album:5sAsw8gTqMbSOPaemqBBuQ","O Futuro é Vortex","spotify:artist:6hP7JNm3e4E0c5bldlKlO6","Os Replicantes","1986","https://i.scdn.co/image/ab67616d0000b273874d1262b2402651e25a6710","1","6","134866","https://p.scdn.co/mp3-preview/1cf8e001c9cc8a7b24dc623dbf4c0372ba2a974e?cid=9950ac751e34487dbbe027c4fd7f8e99","false","24","BRBMG1701062","spotify:user:isak.sjoholm.","2025-07-18T13:23:34Z","brasiliansk rock,punk,hardcorepunk","0.451","0.766","9","-8.567","1","0.0311","0.000644","0.000455","0.556","0.842","104.975","4","","Sony Music Entertainment","P (P) 1986 RCA"
"spotify:track:3yHuABzGRLmdIclaevo8Xe","O Quereres - Ao Vivo","spotify:artist:7HGNYPmbDrMkylWqeFCOIQ, spotify:artist:33bdmhCttkgTcFXYW4VSMd","Caetano Veloso, Mazzola","spotify:album:3t4DkATHAhOFul45NUYlqp","Caetano Veloso - Totalmente Demais","spotify:artist:7HGNYPmbDrMkylWqeFCOIQ","Caetano Veloso","1986-01-01","https://i.scdn.co/image/ab67616d0000b27362a7d6c47b8fe04a3d5e5d0b","1","3","174560","https://p.scdn.co/mp3-preview/78642e365ca73822a367019491be47312715d647?cid=9950ac751e34487dbbe027c4fd7f8e99","false","22","BRMCA8600123","spotify:user:isak.sjoholm.","2025-07-18T13:23:34Z","mpb,bossa nova,samba","0.622","0.296","0","-12.561","1","0.673","0.8","0","0.67","0.345","149.696","3","","Universal Music Ltda.","C © 1986 Universal Music Ltda, P ℗ 1986 Universal Music Ltda"
"spotify:track:7IVBBjX5uKcJNNQuDimjVj","Jack, O Matador","spotify:artist:3lJjhnPxLYvynmO9pcV4x1","Léo Canhoto & Robertinho","spotify:album:418w57FG7kF8npAVLZjMxz","Léo Canhoto & Robertinho no Bang-Bang","spotify:artist:3lJjhnPxLYvynmO9pcV4x1","Léo Canhoto & Robertinho","1986-08-31","https://i.scdn.co/image/ab67616d0000b2737053dee5d0da56fc86c1e3f1","1","1","236733","https://p.scdn.co/mp3-preview/005356578285f03b9431189f7e9ae3c16b39b82e?cid=9950ac751e34487dbbe027c4fd7f8e99","false","29","BRBMG6900007","spotify:user:isak.sjoholm.","2025-07-18T13:23:34Z","sertanejo tradicional,sertanejo","0.805","0.717","5","-6.603","1","0.369","0.705","0","0.143","0.667","125.588","4","","Sony Music Entertainment","P (P) 1986 RCA"
"spotify:track:0GZisEgZtMDepHr1g49PIX","911","spotify:artist:2BTZIqw0ntH9MvilQ3ewNY","Cyndi Lauper","spotify:album:31TRqoVBTQi0lzlPLtvINn","True Colors","spotify:artist:2BTZIqw0ntH9MvilQ3ewNY","Cyndi Lauper","1986-10-14","https://i.scdn.co/image/ab67616d0000b2735128af6747a56ccb3c7ea5b3","1","9","195933","https://p.scdn.co/mp3-preview/79d83f9bfa50d5f715a1f0a43b7dd3066a7a2507?cid=9950ac751e34487dbbe027c4fd7f8e99","false","24","USSM18600637","spotify:user:isak.sjoholm.","2025-07-18T13:23:34Z","","0.705","0.96","0","-8.372","1","0.0441","0.0573","0.000242","0.624","0.835","144.102","4","","Epic","P (P) 1986 Epic Records, a division of Sony Music Entertainment"
"spotify:track:5nCMKEDnZvgX7bta4AppBo","Enchente De Paixão","spotify:artist:7gfkYbxpguEc9bm6m8TpAr","Chitãozinho & Xororó","spotify:album:5zNBpMWo4DajRLQ5MNolcO","Coração Quebrado","spotify:artist:7gfkYbxpguEc9bm6m8TpAr","Chitãozinho & Xororó","1986","https://i.scdn.co/image/ab67616d0000b2735d44fc80e171a4a5d7de38df","1","11","194733","https://p.scdn.co/mp3-preview/e8f51d527f4b39bf9fbfce60f509a1f3398bead1?cid=9950ac751e34487dbbe027c4fd7f8e99","false","27","BREMI8600011","spotify:user:isak.sjoholm.","2025-07-18T13:23:34Z","sertanejo tradicional,sertanejo,agronejo","0.623","0.657","5","-4.923","1","0.0311","0.702","0","0.174","0.911","122.241","3","","EMI Music Brasil Ltda","C © 2015 EMI Records Brasil Ltda/Universal Music International Ltda, P ℗ 1986 EMI Records Brasil Ltda/Universal Music International Ltda"
"spotify:track:6GbAyLtRpJnivDtGfZ0Gb1","Segredos","spotify:artist:6JId7qd5ni4xUDsDR1llo1","Gilliard","spotify:album:1W3Sv0K8uGbkfnrFeU14gY","Gilliard 1986","spotify:artist:6JId7qd5ni4xUDsDR1llo1","Gilliard","1986-01-01","https://i.scdn.co/image/ab67616d0000b273ae8ed5f8bc5da4eff1a28378","1","1","246282","https://p.scdn.co/mp3-preview/4f99c0e60cc119c4608efa23279a1ca550a2eeee?cid=9950ac751e34487dbbe027c4fd7f8e99","false","31","BRWMB0101033","spotify:user:isak.sjoholm.","2025-07-18T13:23:34Z","brega,seresta,mpb","0.369","0.656","1","-8.196","0","0.13","0.541","0","0.213","0.38","185.015","4","","WM Brazil","C © 1986 Warner Music Brasil Ltda., P ℗ 1986 Warner Music Brasil Ltda."
"spotify:track:2nZGDIKNJ2gM85EQaIQHSn","Oceano","spotify:artist:3LNTNOb2Bhh0g0etnZEyNE","Guilherme Arantes","spotify:album:4b26rEqz1QNn8oOPvOR1v8","Calor","spotify:artist:3LNTNOb2Bhh0g0etnZEyNE","Guilherme Arantes","1986-11-04","https://i.scdn.co/image/ab67616d0000b2736e5d930144c7d16edace0d95","1","6","303240","https://p.scdn.co/mp3-preview/b801696c7410081201ba009715659f88f183dc4c?cid=9950ac751e34487dbbe027c4fd7f8e99","false","14","BRSME8600008","spotify:user:isak.sjoholm.","2025-07-18T13:23:34Z","mpb,brasiliansk pop,brasiliansk rock","0.624","0.315","11","-10.767","1","0.0294","0.568","0","0.0518","0.233","121.181","4","","Sony Music Entertainment","P (P) 1986 Sony Music Entertainment (Brasil) I.C.L."
"spotify:track:2w1j0lD69tcZbFH4GnLcIh","Paradise Is Here","spotify:artist:1zuJe6b1roixEKMOtyrEak","Tina Turner","spotify:album:1C9kaOfbTQ9dxYM4E2Yju2","Break Every Rule","spotify:artist:1zuJe6b1roixEKMOtyrEak","Tina Turner","1986-09-05","https://i.scdn.co/image/ab67616d0000b273642b5e9d9636c51504d5efe2","1","10","335906","https://p.scdn.co/mp3-preview/ae175fc64fa4481d467715dd530c4eeceeec81fe?cid=9950ac751e34487dbbe027c4fd7f8e99","false","31","USCA28600042","spotify:user:isak.sjoholm.","2025-07-18T13:23:34Z","","0.751","0.291","0","-17.902","1","0.0278","0.233","0.0132","0.326","0.448","107.109","4","","Parlophone UK","C © 1986 Parlophone Records Ltd, P ℗ 1986 Parlophone Records Ltd. All rights reserved. Unauthorized reproduction is a violation of applicable laws. Manufactured by Parlophone Records Ltd,"
"spotify:track:3icrTggYfYvPbaRGObHeFp","Com Deus na frente","spotify:artist:2PLF4pjm6A5eztTVbt9ou4","Tião Carreiro & Pardinho","spotify:album:6UDTE2ln3qq8tGG3Fi1bK8","Dose Dupla (Vol 6)","spotify:artist:2PLF4pjm6A5eztTVbt9ou4","Tião Carreiro & Pardinho","1986","https://i.scdn.co/image/ab67616d0000b27347866a6bab49da45ba66ed9d","1","13","153866","https://p.scdn.co/mp3-preview/35f37f722b6d22256ae954f5134701ffe8834833?cid=9950ac751e34487dbbe027c4fd7f8e99","false","29","BRWMB9802606","spotify:user:isak.sjoholm.","2025-07-18T13:23:34Z","sertanejo tradicional,sertanejo","0.633","0.712","3","-6.417","1","0.0299","0.879","0","0.0601","0.957","114.919","4","","WM Brazil","C © 1986/1988 WEA International Inc., P ℗ 1995 WEA International Inc."
"spotify:track:53yIZQnNkhU2xPva9re32G","Segredo","spotify:artist:5rrmaoBXZ7Jcs4Qb77j0YA","Djavan","spotify:album:1Ie4OFyOqOlMUpWI6qdaxh","Meu Lado","spotify:artist:5rrmaoBXZ7Jcs4Qb77j0YA","Djavan","1986-03-25","https://i.scdn.co/image/ab67616d0000b27331c59ccabe5fed796d67bf0a","1","2","248706","https://p.scdn.co/mp3-preview/9321cf01bacdbd353a56b5125897b8dba3673ce1?cid=9950ac751e34487dbbe027c4fd7f8e99","false","30","BRSME8600115","spotify:user:isak.sjoholm.","2025-07-18T13:23:34Z","mpb,bossa nova","0.468","0.466","5","-8.753","1","0.0333","0.695","0.000027","0.345","0.15","71.249","4","","Epic","P (P) 1986 Sony Music Entertainment (Brasil) I.C.L."
"spotify:track:0Co9NRVVhjpEGIFIVmaqJx","Polícia","spotify:artist:21h33BkqOcNTY1b4qbEG6e","Mercenarias","spotify:album:3P23uQhBbnpm8Y7mbfxc1A","Cadê as Armas?","spotify:artist:21h33BkqOcNTY1b4qbEG6e","Mercenarias","1986-03-31","https://i.scdn.co/image/ab67616d0000b2736380a33e68dfff86b4c321ba","1","2","60693","https://p.scdn.co/mp3-preview/3b4925e251dfb346e0e76d04a1f45217f88f7182?cid=9950ac751e34487dbbe027c4fd7f8e99","false","24","BRCEP1500204","spotify:user:isak.sjoholm.","2025-07-18T13:23:34Z","brasiliansk rock,postpunk,riot grrrl","0.579","0.654","6","-12.631","0","0.0839","0.00481","0","0.378","0.964","161.449","4","","Baratos Afins","C Baratos Afins, P Baratos Afins"
"spotify:track:4OSUEa85a5gnI5cAMvMvbe","Retrato Falado","spotify:artist:2cAooeeHKk2UvzUgIxpS0y","Jorge Aragão","spotify:album:3je8h1kMqaCq1TNaSvT02c","Coisa de Pele","spotify:artist:2cAooeeHKk2UvzUgIxpS0y","Jorge Aragão","1986-01-01","https://i.scdn.co/image/ab67616d0000b273276f5280e496aba20eb05090","1","2","216093","https://p.scdn.co/mp3-preview/fe69ca0ea77ff0afd9ce4f556593bf87dfbc9573?cid=9950ac751e34487dbbe027c4fd7f8e99","false","22","BRSGL8600070","spotify:user:isak.sjoholm.","2025-07-18T13:23:34Z","samba,pagode","0.521","0.5","11","-11.654","0","0.0422","0.75","0.0000134","0.34","0.706","80.602","4","","Som Livre","C (C) 1986 Som Livre"
"spotify:track:6dJWOTVVAy9SEVbVOeF85i","Mania de Você","spotify:artist:0sgV4klGs1Y1dgbBi28JlD","Simone","spotify:album:2WYYaNSS0dI0aE1x03GM7I","Amor e Paixão","spotify:artist:0sgV4klGs1Y1dgbBi28JlD","Simone","1986-03-30","https://i.scdn.co/image/ab67616d0000b2730d0ada322789bfa7b5576749","1","4","225133","https://p.scdn.co/mp3-preview/7a1990352befca6599923e162034362ce783ac22?cid=9950ac751e34487dbbe027c4fd7f8e99","false","17","BRSME9100038","spotify:user:isak.sjoholm.","2025-07-18T13:23:34Z","mpb,samba","0.29","0.119","11","-17.573","0","0.0323","0.932","0.0572","0.113","0.0717","92.92","4","","Columbia","P (P) 1986 Sony Music Entertainment (Brasil) I.C.L."
"spotify:track:6vqOJXhbAUPzmBMNWkFAVH","Que Bom Seria","spotify:artist:6DYBkobQCkvav5GCnfqlcC","Reginaldo Rossi","spotify:album:48WnfcGiMTGLG0bUCHefqJ","Com Todo Coração","spotify:artist:6DYBkobQCkvav5GCnfqlcC","Reginaldo Rossi","1986-01-01","https://i.scdn.co/image/ab67616d0000b273364a969603daf59bc46c0a7e","1","3","190906","https://p.scdn.co/mp3-preview/b32c949c34f0902468d2bff9c409ba7b19377c24?cid=9950ac751e34487dbbe027c4fd7f8e99","false","11","BREMI8600071","spotify:user:isak.sjoholm.","2025-07-18T13:23:34Z","brega,seresta,tecnobrega","0.654","0.708","4","-6.961","0","0.0309","0.117","0","0.273","0.681","120.057","4","","EMI Music Brasil Ltda","C © 2017 EMI Records Brasil Ltda, Universal Music Ltda, P ℗ 1986 EMI Records Brasil Ltda"
"spotify:track:1Q7YzsHwwrTH1V3SPNjqmk","Funcionários","spotify:artist:6S6ll1Wa6FYvAgThEBX6qJ","Cólera","spotify:album:6xAc9Cw4XKpbePvnMSN6du","Pela Paz em Todo Mundo","spotify:artist:6S6ll1Wa6FYvAgThEBX6qJ","Cólera","1986-08-01","https://i.scdn.co/image/ab67616d0000b273b3c4bf6512f5db84171e93e2","1","2","173417","https://p.scdn.co/mp3-preview/44edb9b916c6c7c6905082875ea5d029b16b8332?cid=9950ac751e34487dbbe027c4fd7f8e99","false","27","BXWIY1500254","spotify:user:isak.sjoholm.","2025-07-18T13:23:34Z","hardcorepunk,punk,brasiliansk rock","0.374","0.969","2","-4.928","1","0.112","0.000291","0.00000654","0.0868","0.47","79.608","4","","EAEO Records","C 2016 EAEO Records, P 1986 Cólera"
"spotify:track:1jXiOYthqhi9XcGhS5PebK","Garotos do subúrbio","spotify:artist:5PFAm9rM4jrm1X2jPX95E2","Inocentes","spotify:album:1eJbQZEUmikQ4AxNMGpv86","2 é Demais","spotify:artist:5PFAm9rM4jrm1X2jPX95E2","Inocentes","1986-05-25","https://i.scdn.co/image/ab67616d0000b273c93b21042ca77fb5607a588c","1","21","80253","https://p.scdn.co/mp3-preview/5baa3a0a80f46f1a7d07ac1f160bbcd02786de22?cid=9950ac751e34487dbbe027c4fd7f8e99","false","22","BRWMB9806845","spotify:user:isak.sjoholm.","2025-07-18T13:23:34Z","brasiliansk rock,punk,hardcorepunk","0.414","0.946","6","-7.381","0","0.0627","0.00144","0.0000092","0.398","0.347","101.198","4","","WM Brazil","C © 2006 Warner Music Brazil Ltda, P ℗ 2006 Warner Music Brazil Ltda"
"spotify:track:6VuwQ7rN0bjcZZXyzTdof3","041 - Heißes Gold im Silbersee - Teil 14","spotify:artist:0i38tQX5j4gZ0KS3eCMoIl","TKKG Retro-Archiv","spotify:album:0Ebu2fMGeXFXX9uJdLPxPO","041/Heißes Gold im Silbersee","spotify:artist:0i38tQX5j4gZ0KS3eCMoIl","TKKG Retro-Archiv","1986-03-01","https://i.scdn.co/image/ab67616d0000b2732e68c4b5ef818ac62434654a","1","14","85946","https://p.scdn.co/mp3-preview/3b90aed567b6e72d8c3f1fe62a76072d943f0ad6?cid=9950ac751e34487dbbe027c4fd7f8e99","false","32","DEC711618420","spotify:user:isak.sjoholm.","2025-07-18T13:23:34Z","","0.728","0.675","2","-10.669","1","0.917","0.469","0","0.37","0.741","80.398","1","","EUROPA/Sony Music Family Entertainment","P (P) 1986 Sony Music Entertainment Germany GmbH"
"spotify:track:6gGqAgM2N2ubuc1fOD3TDv","041 - Heißes Gold im Silbersee - Teil 13","spotify:artist:0i38tQX5j4gZ0KS3eCMoIl","TKKG Retro-Archiv","spotify:album:0Ebu2fMGeXFXX9uJdLPxPO","041/Heißes Gold im Silbersee","spotify:artist:0i38tQX5j4gZ0KS3eCMoIl","TKKG Retro-Archiv","1986-03-01","https://i.scdn.co/image/ab67616d0000b2732e68c4b5ef818ac62434654a","1","13","74666","https://p.scdn.co/mp3-preview/3cdfce42caa12a4e36c06c594e0e4afba7c0c83d?cid=9950ac751e34487dbbe027c4fd7f8e99","false","32","DEC711618419","spotify:user:isak.sjoholm.","2025-07-18T13:23:34Z","","0.611","0.565","0","-7.41","1","0.471","0.513","0","0.145","0.605","131.981","4","","EUROPA/Sony Music Family Entertainment","P (P) 1986 Sony Music Entertainment Germany GmbH"
"spotify:track:1ujPKN9uIAHHTK2m3NQmSI","041 - Heißes Gold im Silbersee - Teil 16","spotify:artist:0i38tQX5j4gZ0KS3eCMoIl","TKKG Retro-Archiv","spotify:album:0Ebu2fMGeXFXX9uJdLPxPO","041/Heißes Gold im Silbersee","spotify:artist:0i38tQX5j4gZ0KS3eCMoIl","TKKG Retro-Archiv","1986-03-01","https://i.scdn.co/image/ab67616d0000b2732e68c4b5ef818ac62434654a","1","16","78893","https://p.scdn.co/mp3-preview/77e1c22f27dcc7b5eee1907fb4f71f55bbd613b5?cid=9950ac751e34487dbbe027c4fd7f8e99","false","31","DEC711618422","spotify:user:isak.sjoholm.","2025-07-18T13:23:34Z","","0.662","0.554","5","-9.306","1","0.883","0.396","0","0.924","0.735","97.451","3","","EUROPA/Sony Music Family Entertainment","P (P) 1986 Sony Music Entertainment Germany GmbH"
"spotify:track:2YiIVq591exvWFdBPxcM8b","041 - Heißes Gold im Silbersee - Teil 18","spotify:artist:0i38tQX5j4gZ0KS3eCMoIl","TKKG Retro-Archiv","spotify:album:0Ebu2fMGeXFXX9uJdLPxPO","041/Heißes Gold im Silbersee","spotify:artist:0i38tQX5j4gZ0KS3eCMoIl","TKKG Retro-Archiv","1986-03-01","https://i.scdn.co/image/ab67616d0000b2732e68c4b5ef818ac62434654a","1","18","81800","https://p.scdn.co/mp3-preview/a8526f8288996a2cdd5e9df001e3f124db67b103?cid=9950ac751e34487dbbe027c4fd7f8e99","false","31","DEC711618424","spotify:user:isak.sjoholm.","2025-07-18T13:23:34Z","","0.695","0.446","2","-14.222","1","0.852","0.483","0","0.327","0.18","81.563","4","","EUROPA/Sony Music Family Entertainment","P (P) 1986 Sony Music Entertainment Germany GmbH"
"spotify:track:2dtwFxOfQXi58ufdYYtPHG","Amigos... Amantes","spotify:artist:2cAooeeHKk2UvzUgIxpS0y","Jorge Aragão","spotify:album:3je8h1kMqaCq1TNaSvT02c","Coisa de Pele","spotify:artist:2cAooeeHKk2UvzUgIxpS0y","Jorge Aragão","1986-01-01","https://i.scdn.co/image/ab67616d0000b273276f5280e496aba20eb05090","1","10","204666","https://p.scdn.co/mp3-preview/3cd4f915f2a147b380aab8a4efb2568e0189b5b9?cid=9950ac751e34487dbbe027c4fd7f8e99","false","23","BRRGE8600109","spotify:user:isak.sjoholm.","2025-07-18T13:23:34Z","samba,pagode","0.565","0.718","11","-11.316","0","0.0801","0.596","0.0000328","0.165","0.878","103.792","4","","Som Livre","C (C) 1986 Som Livre"
"spotify:track:4YCDgC4YQOoz0Yjj9tsquU","041 - Heißes Gold im Silbersee - Teil 17","spotify:artist:0i38tQX5j4gZ0KS3eCMoIl","TKKG Retro-Archiv","spotify:album:0Ebu2fMGeXFXX9uJdLPxPO","041/Heißes Gold im Silbersee","spotify:artist:0i38tQX5j4gZ0KS3eCMoIl","TKKG Retro-Archiv","1986-03-01","https://i.scdn.co/image/ab67616d0000b2732e68c4b5ef818ac62434654a","1","17","81093","https://p.scdn.co/mp3-preview/86c5b37f257350c4a7854a982c6d0dbc89786f55?cid=9950ac751e34487dbbe027c4fd7f8e99","false","31","DEC711618423","spotify:user:isak.sjoholm.","2025-07-18T13:23:34Z","","0.75","0.546","11","-13.402","0","0.943","0.546","0","0.578","0.591","89.702","5","","EUROPA/Sony Music Family Entertainment","P (P) 1986 Sony Music Entertainment Germany GmbH"
"spotify:track:52c9vZpPspTSCUGRKOp8fZ","Pura Ingenuidade","spotify:artist:5T2UOU9fV8RcUgLH3b6TTN","Agepê","spotify:album:7HSp9GKeKIUmOll2yvVHOl","Agepê","spotify:artist:5T2UOU9fV8RcUgLH3b6TTN","Agepê","1986-01-01","https://i.scdn.co/image/ab67616d0000b273d458e40033b3928f375bf629","1","8","226240","https://p.scdn.co/mp3-preview/8aaf1e0da83bd6449f7087bdc0ed117950dfaf2d?cid=9950ac751e34487dbbe027c4fd7f8e99","false","7","BRSGL8600068","spotify:user:isak.sjoholm.","2025-07-18T13:23:34Z","samba,pagode,mpb","0.59","0.719","2","-7.47","0","0.075","0.294","0","0.338","0.812","138.807","4","","Som Livre","C (C) 1986 Som Livre"
"spotify:track:56dZ5Nf5VoU3nkzR1nqDmS","041 - Heißes Gold im Silbersee - Teil 15","spotify:artist:0i38tQX5j4gZ0KS3eCMoIl","TKKG Retro-Archiv","spotify:album:0Ebu2fMGeXFXX9uJdLPxPO","041/Heißes Gold im Silbersee","spotify:artist:0i38tQX5j4gZ0KS3eCMoIl","TKKG Retro-Archiv","1986-03-01","https://i.scdn.co/image/ab67616d0000b2732e68c4b5ef818ac62434654a","1","15","78226","https://p.scdn.co/mp3-preview/9877e3eac0c330a63a13fbe043987727d4db82e4?cid=9950ac751e34487dbbe027c4fd7f8e99","false","31","DEC711618421","spotify:user:isak.sjoholm.","2025-07-18T13:23:34Z","","0.766","0.679","7","-8.559","1","0.888","0.463","0","0.308","0.662","119.699","4","","EUROPA/Sony Music Family Entertainment","P (P) 1986 Sony Music Entertainment Germany GmbH"
"spotify:track:5gzElAeK9KBpmdEMEnXEsa","Viva Meu Padim","spotify:artist:2ZofT7n9AlTKf7KDCoHGgD","Luiz Gonzaga","spotify:album:7ophCkdToiWEIlEqRTAThy","Forró de Cabo a Rabo","spotify:artist:2ZofT7n9AlTKf7KDCoHGgD","Luiz Gonzaga","1986-06-02","https://i.scdn.co/image/ab67616d0000b273e8bccb5d872b6dc5b9a1abee","1","8","215080","https://p.scdn.co/mp3-preview/538f10d9c0508ad5aac25881cd9d476a49f9024d?cid=9950ac751e34487dbbe027c4fd7f8e99","false","18","BRBMG8600343","spotify:user:isak.sjoholm.","2025-07-18T13:23:34Z","forró tradicional,forró,mpb","0.438","0.845","7","-5.028","0","0.0738","0.518","0","0.202","0.776","108.549","4","","Best","P (P) 1986 RCA"
"spotify:track:7zeww9zrwDBOAsztyBxH18","Vem morena","spotify:artist:5mQMEwn8ExRnlxpp3L0gHn, spotify:artist:55Wn8tf8dBvfl1HRsD7Kze","Amado Batista, Continental","spotify:album:0CYicZiGZPKsakPz8tfOVl","Vitamina e Cura","spotify:artist:5mQMEwn8ExRnlxpp3L0gHn, spotify:artist:55Wn8tf8dBvfl1HRsD7Kze","Amado Batista, Continental","1986","https://i.scdn.co/image/ab67616d0000b27348156c34aa7fce876f9f6220","1","1","202866","https://p.scdn.co/mp3-preview/3e9154f801df66668e9d8a5b8a5663d8a7cf4750?cid=9950ac751e34487dbbe027c4fd7f8e99","false","14","BRWMB9700256","spotify:user:isak.sjoholm.","2025-07-18T13:23:34Z","brega,seresta,sertanejo tradicional,sertanejo,sertanejo tradicional,sertanejo,brega","0.746","0.719","7","-6.341","1","0.0367","0.746","0","0.0917","0.837","85.604","4","","WM Brazil","C © 1986 WEA International Inc., P ℗ 1996 WEA International Inc."
"spotify:track:1GI1G4YdJhjTTLGS3oO2II","Solução Final - Ao Vivo","spotify:artist:6kJHpEjr5eNnVJeyfTbs3G","Camisa de Vênus","spotify:album:2pjnFwjPQ3Ko3D0wt6z9eB","Viva (Ao Vivo)","spotify:artist:6kJHpEjr5eNnVJeyfTbs3G","Camisa de Vênus","1986-01-01","https://i.scdn.co/image/ab67616d0000b2730c7a3230ffeae41ee607cec9","1","4","200680","https://p.scdn.co/mp3-preview/4108e72c372251c0bca8e2a11b178c41a43b8404?cid=9950ac751e34487dbbe027c4fd7f8e99","false","20","BRRGE8600113","spotify:user:isak.sjoholm.","2025-07-18T13:23:34Z","brasiliansk rock,brasiliansk pop","0.518","0.883","4","-11.373","0","0.0372","0.00617","0.0000882","0.393","0.493","98.403","4","","Som Livre","C (C) 2016 Som Livre"
"spotify:track:2g49odNgsCH2YC1iuEHh8Q","041 - Heißes Gold im Silbersee - Teil 21","spotify:artist:0i38tQX5j4gZ0KS3eCMoIl","TKKG Retro-Archiv","spotify:album:0Ebu2fMGeXFXX9uJdLPxPO","041/Heißes Gold im Silbersee","spotify:artist:0i38tQX5j4gZ0KS3eCMoIl","TKKG Retro-Archiv","1986-03-01","https://i.scdn.co/image/ab67616d0000b2732e68c4b5ef818ac62434654a","1","21","79933","https://p.scdn.co/mp3-preview/218b6e397ea37f7c457a43df45658152258cdf3b?cid=9950ac751e34487dbbe027c4fd7f8e99","false","31","DEC711618427","spotify:user:isak.sjoholm.","2025-07-18T13:23:34Z","","0.699","0.483","4","-13.933","0","0.956","0.621","0","0.196","0.617","73.313","4","","EUROPA/Sony Music Family Entertainment","P (P) 1986 Sony Music Entertainment Germany GmbH"
"spotify:track:5qDqlLLJlAtO3pMCMqsiZC","041 - Heißes Gold im Silbersee - Teil 20","spotify:artist:0i38tQX5j4gZ0KS3eCMoIl","TKKG Retro-Archiv","spotify:album:0Ebu2fMGeXFXX9uJdLPxPO","041/Heißes Gold im Silbersee","spotify:artist:0i38tQX5j4gZ0KS3eCMoIl","TKKG Retro-Archiv","1986-03-01","https://i.scdn.co/image/ab67616d0000b2732e68c4b5ef818ac62434654a","1","20","78906","https://p.scdn.co/mp3-preview/4c92a10a0fe8cbbba4d24a5f22975562bb85a594?cid=9950ac751e34487dbbe027c4fd7f8e99","false","31","DEC711618426","spotify:user:isak.sjoholm.","2025-07-18T13:23:34Z","","0.537","0.489","0","-7.906","1","0.445","0.555","0","0.215","0.361","102.572","5","","EUROPA/Sony Music Family Entertainment","P (P) 1986 Sony Music Entertainment Germany GmbH"
"spotify:track:6ZDwP73hQHrSxcmAIn3gIr","043 - Gefangen in der Schreckenskammer - Teil 01","spotify:artist:0i38tQX5j4gZ0KS3eCMoIl","TKKG Retro-Archiv","spotify:album:6LlaB9vjnahov25yQWlGfG","043/Gefangen in der Schreckenskammer","spotify:artist:0i38tQX5j4gZ0KS3eCMoIl","TKKG Retro-Archiv","1986-06-01","https://i.scdn.co/image/ab67616d0000b2739bf6e80db0f2bc72cb9764b9","1","1","149053","https://p.scdn.co/mp3-preview/c538bb67681285446ff5a8ea3a8ee89f8bdd3bd3?cid=9950ac751e34487dbbe027c4fd7f8e99","false","31","DEC711618487","spotify:user:isak.sjoholm.","2025-07-18T13:23:34Z","","0.597","0.546","7","-9.539","1","0.86","0.534","0","0.0561","0.472","128.431","5","","EUROPA/Sony Music Family Entertainment","P (P) 1986 Sony Music Entertainment Germany GmbH"
"spotify:track:7f5I3IV06G60Rm7yKAQiAI","041 - Heißes Gold im Silbersee - Teil 19","spotify:artist:0i38tQX5j4gZ0KS3eCMoIl","TKKG Retro-Archiv","spotify:album:0Ebu2fMGeXFXX9uJdLPxPO","041/Heißes Gold im Silbersee","spotify:artist:0i38tQX5j4gZ0KS3eCMoIl","TKKG Retro-Archiv","1986-03-01","https://i.scdn.co/image/ab67616d0000b2732e68c4b5ef818ac62434654a","1","19","79373","https://p.scdn.co/mp3-preview/96a20d01e693728c28015fd3dcc517a0a097f0d4?cid=9950ac751e34487dbbe027c4fd7f8e99","false","31","DEC711618425","spotify:user:isak.sjoholm.","2025-07-18T13:23:34Z","","0.691","0.539","7","-12.713","1","0.928","0.553","0","0.414","0.514","127.581","5","","EUROPA/Sony Music Family Entertainment","P (P) 1986 Sony Music Entertainment Germany GmbH"
"spotify:track:6Ck438ipaO8Kgoe14kvThu","041 - Heißes Gold im Silbersee - Teil 22","spotify:artist:0i38tQX5j4gZ0KS3eCMoIl","TKKG Retro-Archiv","spotify:album:0Ebu2fMGeXFXX9uJdLPxPO","041/Heißes Gold im Silbersee","spotify:artist:0i38tQX5j4gZ0KS3eCMoIl","TKKG Retro-Archiv","1986-03-01","https://i.scdn.co/image/ab67616d0000b2732e68c4b5ef818ac62434654a","1","22","79026","https://p.scdn.co/mp3-preview/412604f53e7fa6b927a62b40cd339ca337115672?cid=9950ac751e34487dbbe027c4fd7f8e99","false","31","DEC711618428","spotify:user:isak.sjoholm.","2025-07-18T13:23:34Z","","0.644","0.463","6","-11.416","1","0.945","0.535","0","0.439","0.59","52.145","5","","EUROPA/Sony Music Family Entertainment","P (P) 1986 Sony Music Entertainment Germany GmbH"
"spotify:track:6q2xOkIoLuajX0Ub0FUR3l","041 - Heißes Gold im Silbersee - Teil 23","spotify:artist:0i38tQX5j4gZ0KS3eCMoIl","TKKG Retro-Archiv","spotify:album:0Ebu2fMGeXFXX9uJdLPxPO","041/Heißes Gold im Silbersee","spotify:artist:0i38tQX5j4gZ0KS3eCMoIl","TKKG Retro-Archiv","1986-03-01","https://i.scdn.co/image/ab67616d0000b2732e68c4b5ef818ac62434654a","1","23","83840","https://p.scdn.co/mp3-preview/4b418994f70fc4c5c8a8dd7a9704f79be15e5589?cid=9950ac751e34487dbbe027c4fd7f8e99","false","31","DEC711618429","spotify:user:isak.sjoholm.","2025-07-18T13:23:34Z","","0.656","0.721","11","-9.79","0","0.909","0.384","0","0.484","0.438","129.809","1","","EUROPA/Sony Music Family Entertainment","P (P) 1986 Sony Music Entertainment Germany GmbH"
"spotify:track:1Pg30iD5HJhGPBdH0pzwpu","Veneno (Veleno)","spotify:artist:28IcRPf399RPv4TUiZ7uol","Marina Lima","spotify:album:3g7J1aC0RKkCYVybsCXYC8","Marina Todas Ao Vivo","spotify:artist:28IcRPf399RPv4TUiZ7uol","Marina Lima","1986-01-01","https://i.scdn.co/image/ab67616d0000b2732715c0656c62eb139dbca167","1","3","276733","https://p.scdn.co/mp3-preview/d07f5c5267b8958956bf5f3c54d8283df736ed8f?cid=9950ac751e34487dbbe027c4fd7f8e99","false","19","BRPGD8600020","spotify:user:isak.sjoholm.","2025-07-18T13:23:34Z","mpb,brasiliansk rock,brasiliansk pop","0.454","0.547","4","-8.537","1","0.0518","0.798","0.00000197","0.775","0.277","112.167","4","","Universal Music Ltda.","C © 1986 Universal Music Ltda, P ℗ 1986 Universal Music Ltda"
"spotify:track:1ua1IpS51xFaBbMhSe6LSZ","043 - Gefangen in der Schreckenskammer - Teil 06","spotify:artist:0i38tQX5j4gZ0KS3eCMoIl","TKKG Retro-Archiv","spotify:album:6LlaB9vjnahov25yQWlGfG","043/Gefangen in der Schreckenskammer","spotify:artist:0i38tQX5j4gZ0KS3eCMoIl","TKKG Retro-Archiv","1986-06-01","https://i.scdn.co/image/ab67616d0000b2739bf6e80db0f2bc72cb9764b9","1","6","104240","https://p.scdn.co/mp3-preview/f0828e522183bcb5ce4a1594ceeb4b50b592f7ba?cid=9950ac751e34487dbbe027c4fd7f8e99","false","31","DEC711618492","spotify:user:isak.sjoholm.","2025-07-18T13:23:34Z","","0.701","0.545","7","-8.75","1","0.952","0.274","0","0.329","0.556","60.004","4","","EUROPA/Sony Music Family Entertainment","P (P) 1986 Sony Music Entertainment Germany GmbH"
"spotify:track:29nsDXRdwbHOHq0GsT3TBd","01 - sind immer dagegen - Teil 29","spotify:artist:3iiABQlNuezpR3DcrlyPoA","Hanni und Nanni","spotify:album:4CUufLD10OrD2yuk3PJkYG","01/sind immer dagegen","spotify:artist:3iiABQlNuezpR3DcrlyPoA","Hanni und Nanni","1986-04-01","https://i.scdn.co/image/ab67616d0000b273dd5439431ae10aa898893557","1","29","69400","https://p.scdn.co/mp3-preview/fa8edbab626dbe7c71f8454c937afd3902bf98cd?cid=9950ac751e34487dbbe027c4fd7f8e99","false","29","DEC711504296","spotify:user:isak.sjoholm.","2025-07-18T13:23:34Z","","0.637","0.61","9","-9.089","1","0.928","0.717","0","0.334","0.889","100.947","3","","EUROPA Logo!","P (P) 1986 Sony Music Entertainment Germany GmbH"
"spotify:track:2hN6P8Gy8p2C0JF6Um1nIt","Io Che Amo Solo Te","spotify:artist:65yVjvbkC6m9DzQFihrSvL","Zizi Possi","spotify:album:4NnD9zal2YllXJnu1oO9le","Zizi","spotify:artist:65yVjvbkC6m9DzQFihrSvL","Zizi Possi","1986-01-10","https://i.scdn.co/image/ab67616d0000b273afff09bfaea07ad98bf06dbf","1","10","182893","https://p.scdn.co/mp3-preview/121b11bbdb2539e875f237bd97895454f064e0f4?cid=9950ac751e34487dbbe027c4fd7f8e99","false","17","BRMCA8600095","spotify:user:isak.sjoholm.","2025-07-18T13:23:34Z","mpb","0.324","0.111","9","-13.414","1","0.0297","0.895","0.0000104","0.107","0.115","83.834","4","","Universal Music Ltda.","C © 1986 Universal Music International, P ℗ 1986 Universal Music International"
"spotify:track:3FRP1ufsR2xthmATT3qnNn","043 - Gefangen in der Schreckenskammer - Teil 02","spotify:artist:0i38tQX5j4gZ0KS3eCMoIl","TKKG Retro-Archiv","spotify:album:6LlaB9vjnahov25yQWlGfG","043/Gefangen in der Schreckenskammer","spotify:artist:0i38tQX5j4gZ0KS3eCMoIl","TKKG Retro-Archiv","1986-06-01","https://i.scdn.co/image/ab67616d0000b2739bf6e80db0f2bc72cb9764b9","1","2","117093","https://p.scdn.co/mp3-preview/8e2594f85cd68625bcdab80ea72df1d1fd642ef0?cid=9950ac751e34487dbbe027c4fd7f8e99","false","32","DEC711618488","spotify:user:isak.sjoholm.","2025-07-18T13:23:34Z","","0.656","0.514","7","-8.116","1","0.899","0.315","0","0.157","0.722","83.357","4","","EUROPA/Sony Music Family Entertainment","P (P) 1986 Sony Music Entertainment Germany GmbH"
"spotify:track:4RAOo2r5ouNtdReW4XGQmA","Chamada a cobrar","spotify:artist:2PLF4pjm6A5eztTVbt9ou4","Tião Carreiro & Pardinho","spotify:album:6UDTE2ln3qq8tGG3Fi1bK8","Dose Dupla (Vol 6)","spotify:artist:2PLF4pjm6A5eztTVbt9ou4","Tião Carreiro & Pardinho","1986","https://i.scdn.co/image/ab67616d0000b27347866a6bab49da45ba66ed9d","1","17","189466","https://p.scdn.co/mp3-preview/c96a784e998beba6663c3b554a584cec7ef9b19f?cid=9950ac751e34487dbbe027c4fd7f8e99","false","37","BRWMB9705152","spotify:user:isak.sjoholm.","2025-07-18T13:23:34Z","sertanejo tradicional,sertanejo","0.504","0.652","2","-7.025","1","0.0311","0.481","0","0.291","0.724","103.571","4","","WM Brazil","C © 1986/1988 WEA International Inc., P ℗ 1995 WEA International Inc."
"spotify:track:5GNPoBvLpj62zJ8OSadIDC","041 - Heißes Gold im Silbersee - Teil 24","spotify:artist:0i38tQX5j4gZ0KS3eCMoIl","TKKG Retro-Archiv","spotify:album:0Ebu2fMGeXFXX9uJdLPxPO","041/Heißes Gold im Silbersee","spotify:artist:0i38tQX5j4gZ0KS3eCMoIl","TKKG Retro-Archiv","1986-03-01","https://i.scdn.co/image/ab67616d0000b2732e68c4b5ef818ac62434654a","1","24","79706","https://p.scdn.co/mp3-preview/82225040f9df20ab0460a1f7a63478ccd69d7d80?cid=9950ac751e34487dbbe027c4fd7f8e99","false","31","DEC711618430","spotify:user:isak.sjoholm.","2025-07-18T13:23:34Z","","0.69","0.445","5","-12.895","1","0.947","0.737","0","0.463","0.415","136.544","4","","EUROPA/Sony Music Family Entertainment","P (P) 1986 Sony Music Entertainment Germany GmbH"
"spotify:track:5Vr66pagQiVNBUxNPL5nLS","01 - sind immer dagegen - Teil 30","spotify:artist:3iiABQlNuezpR3DcrlyPoA","Hanni und Nanni","spotify:album:4CUufLD10OrD2yuk3PJkYG","01/sind immer dagegen","spotify:artist:3iiABQlNuezpR3DcrlyPoA","Hanni und Nanni","1986-04-01","https://i.scdn.co/image/ab67616d0000b273dd5439431ae10aa898893557","1","30","68826","https://p.scdn.co/mp3-preview/f6a3ba9f87db2b3a741e31fc62fd22676da68624?cid=9950ac751e34487dbbe027c4fd7f8e99","false","29","DEC711504297","spotify:user:isak.sjoholm.","2025-07-18T13:23:34Z","","0.615","0.468","2","-13.544","1","0.812","0.321","0","0.339","0.539","137.11","5","","EUROPA Logo!","P (P) 1986 Sony Music Entertainment Germany GmbH"
"spotify:track:17YN7SLPCHkCeSIxLxLfcQ","043 - Gefangen in der Schreckenskammer - Teil 04","spotify:artist:0i38tQX5j4gZ0KS3eCMoIl","TKKG Retro-Archiv","spotify:album:6LlaB9vjnahov25yQWlGfG","043/Gefangen in der Schreckenskammer","spotify:artist:0i38tQX5j4gZ0KS3eCMoIl","TKKG Retro-Archiv","1986-06-01","https://i.scdn.co/image/ab67616d0000b2739bf6e80db0f2bc72cb9764b9","1","4","115760","https://p.scdn.co/mp3-preview/97e943eeba03cb2b4b62ca833ef2d72087ec713b?cid=9950ac751e34487dbbe027c4fd7f8e99","false","31","DEC711618490","spotify:user:isak.sjoholm.","2025-07-18T13:23:34Z","","0.705","0.718","9","-8.46","0","0.935","0.558","0","0.391","0.673","109.559","3","","EUROPA/Sony Music Family Entertainment","P (P) 1986 Sony Music Entertainment Germany GmbH"
"spotify:track:1mC2YLQZyUkqItUFT1h7Pm","043 - Gefangen in der Schreckenskammer - Teil 05","spotify:artist:0i38tQX5j4gZ0KS3eCMoIl","TKKG Retro-Archiv","spotify:album:6LlaB9vjnahov25yQWlGfG","043/Gefangen in der Schreckenskammer","spotify:artist:0i38tQX5j4gZ0KS3eCMoIl","TKKG Retro-Archiv","1986-06-01","https://i.scdn.co/image/ab67616d0000b2739bf6e80db0f2bc72cb9764b9","1","5","117480","https://p.scdn.co/mp3-preview/ef79503fe376275d0cf698b9899d326e6414e60a?cid=9950ac751e34487dbbe027c4fd7f8e99","false","31","DEC711618491","spotify:user:isak.sjoholm.","2025-07-18T13:23:34Z","","0.598","0.523","7","-9.371","1","0.943","0.413","0","0.176","0.652","171.2","3","","EUROPA/Sony Music Family Entertainment","P (P) 1986 Sony Music Entertainment Germany GmbH"
"spotify:track:4pUzW9rOYfiF9UftrjCMQy","Desde Aquele Dia","spotify:artist:0GNq4xh8uFCyihPurnunf7","Engenheiros Do Hawaii","spotify:album:3EYoZQUIKrDPd1teAZbSsC","A Revolta Dos Dandis","spotify:artist:0GNq4xh8uFCyihPurnunf7","Engenheiros Do Hawaii","1987-10-22","https://i.scdn.co/image/ab67616d0000b273aa2e29600bcdd6c2bd64c9e6","1","10","211240","https://p.scdn.co/mp3-preview/d801b6895fac1d7e24dbdffe515daa2adddf9ef3?cid=9950ac751e34487dbbe027c4fd7f8e99","false","33","BRBMG8700028","spotify:user:isak.sjoholm.","2025-07-18T13:23:34Z","brasiliansk rock,mpb,brasiliansk pop,poprock","0.572","0.871","2","-7.984","1","0.0379","0.481","0.00507","0.0811","0.905","95.052","4","","RCA Records Label","P (P) 1987 Sony Music Entertainment Brasil ltda."
"spotify:track:10kOSqKaCBOxYgBaXhBBAC","Vozes","spotify:artist:0GNq4xh8uFCyihPurnunf7","Engenheiros Do Hawaii","spotify:album:3EYoZQUIKrDPd1teAZbSsC","A Revolta Dos Dandis","spotify:artist:0GNq4xh8uFCyihPurnunf7","Engenheiros Do Hawaii","1987-10-22","https://i.scdn.co/image/ab67616d0000b273aa2e29600bcdd6c2bd64c9e6","1","8","215160","https://p.scdn.co/mp3-preview/20677d5d6dae28fcb378cda1512661cafbbf0c69?cid=9950ac751e34487dbbe027c4fd7f8e99","false","33","BRBMG8700026","spotify:user:isak.sjoholm.","2025-07-18T13:23:34Z","brasiliansk rock,mpb,brasiliansk pop,poprock","0.537","0.646","9","-9.773","1","0.0434","0.169","0.0000261","0.119","0.64","76.234","4","","RCA Records Label","P (P) 1987 Sony Music Entertainment Brasil ltda."
"spotify:track:7aGlPpddQP7oFipeyUuVCL","Viagem Ao Fundo Do Ego","spotify:artist:3B6Dwh2BxsN9YjhDgBlg1V","Egotrip","spotify:album:2PXFJNI8mNxstjTV0jXlEZ","Egotrip","spotify:artist:3B6Dwh2BxsN9YjhDgBlg1V","Egotrip","1987","https://i.scdn.co/image/ab67616d0000b273581ac470bb5fdeeb82e21f35","1","1","264426","https://p.scdn.co/mp3-preview/c4635772199c240c1d1d61e1e0ca78dde40da978?cid=9950ac751e34487dbbe027c4fd7f8e99","false","35","BRSME8700001","spotify:user:isak.sjoholm.","2025-07-18T13:23:34Z","brasiliansk rock,brasiliansk pop","0.656","0.904","9","-5.567","0","0.0285","0.0651","0.00000585","0.145","0.822","135.203","4","","Sony BMG Music Entertainment","P 1987 SONY MUSIC ENTERTAINMENT (BRASIL) I.C.L."
"spotify:track:4ekwpSSSKHVh9UAJlmbFpI","Thundercats","spotify:artist:44cnJJakDDnBCn5L87ew7P","Trem Da Alegria","spotify:album:06n7n5EjE5x4RFAQJM5aOj","Trem da Alegria","spotify:artist:44cnJJakDDnBCn5L87ew7P","Trem Da Alegria","1987-01-01","https://i.scdn.co/image/ab67616d0000b273cd34709aba468c8ed440d5c4","1","1","287173","https://p.scdn.co/mp3-preview/b6c9504eb72ad15033d70619d5dafe99c075c10c?cid=9950ac751e34487dbbe027c4fd7f8e99","false","36","BRBMG8700094","spotify:user:isak.sjoholm.","2025-07-18T13:23:34Z","vaggvisa,barnmusik","0.732","0.713","1","-9.429","0","0.0383","0.0318","0","0.622","0.677","138.912","4","","Sony Music Entertainment","P (P) 1987 RCA"
"spotify:track:0a9WxjyVFygDeY0hpQCjRf","Só Se For À Dois","spotify:artist:1PwOU6fFbmaGkK3wkbb8fU","Cazuza","spotify:album:3oDvGnTi4xDQujcc8v8mrs","Só Se For A Dois","spotify:artist:1PwOU6fFbmaGkK3wkbb8fU","Cazuza","1987-01-19","https://i.scdn.co/image/ab67616d0000b2735f1e0a67f4ac55c861c5d762","1","1","240893","https://p.scdn.co/mp3-preview/eb961701d2332a14e90067e9c7adba7faed0f981?cid=9950ac751e34487dbbe027c4fd7f8e99","false","41","BRMCA8700084","spotify:user:isak.sjoholm.","2025-07-18T13:23:34Z","mpb,brasiliansk rock,brasiliansk pop","0.623","0.55","2","-10.189","1","0.0352","0.0384","0.00000389","0.347","0.451","122.266","4","","Universal Music Ltda.","C © 1987 Universal Music Ltda, P ℗ 1987 Universal Music Ltda"
"spotify:track:73g22RaigNepvorCLmKY41","Tímida Tentação","spotify:artist:2mOSP0ZMWqkSt8xGATF3YB","Mauro Diniz","spotify:album:22AyLn0iTn69pk40DdKpjr","Cantar a Paz","spotify:artist:2mOSP0ZMWqkSt8xGATF3YB","Mauro Diniz","1987-01-01","https://i.scdn.co/image/ab67616d0000b27372dc5ef8e9d37200855b2702","1","1","202866","https://p.scdn.co/mp3-preview/caecf9c920bbfa6491551444319225b3bbbdec8e?cid=9950ac751e34487dbbe027c4fd7f8e99","false","26","BRRGE8790032","spotify:user:isak.sjoholm.","2025-07-18T13:23:34Z","samba,pagode","0.549","0.641","7","-12.947","1","0.0414","0.82","0.000214","0.103","0.848","102.421","4","","Som Livre","C (C) 1987 Som Livre"
"spotify:track:0XD2O4rcsfuv9bIDccHd45","Verão em Calcutá","spotify:artist:6Rnjpdt1yZqcUNxRd6bST9","Nei Lisboa","spotify:album:73TY1W3eJcVvXzxKyTCgM4","Carecas da Jamaica","spotify:artist:6Rnjpdt1yZqcUNxRd6bST9","Nei Lisboa","1987-11-01","https://i.scdn.co/image/ab67616d0000b273cd22cd507bef95f1f46a01c5","1","3","219906","https://p.scdn.co/mp3-preview/6e192e0fcbf11fb2af363fcc7b558bb784ab8d67?cid=9950ac751e34487dbbe027c4fd7f8e99","false","30","BREMI8700152","spotify:user:isak.sjoholm.","2025-07-18T13:23:34Z","mpb,brasiliansk rock","0.721","0.417","0","-14.821","1","0.0302","0.494","0.000198","0.126","0.664","125.829","4","","Nei Lisboa [dist. Tratore]","C 1987 Nei Lisboa [dist. Tratore], P 1987 Nei Lisboa [dist. Tratore]"
"spotify:track:3iWOwEW1HzLwhUsqcHA3L5","Desordem","spotify:artist:2euX7vCVnJy3TVEGfc0RCl","Titãs","spotify:album:0LQi86MshG4CZgOSYNketn","Jesus Não Tem Dentes No País Dos Banguelas","spotify:artist:2euX7vCVnJy3TVEGfc0RCl","Titãs","1987","https://i.scdn.co/image/ab67616d0000b273b01fe34f305fb962a0378b50","1","9","242826","https://p.scdn.co/mp3-preview/6743c1f4b7897e93588fa16b9a3d48da5afec204?cid=9950ac751e34487dbbe027c4fd7f8e99","false","39","BRWMB9600817","spotify:user:isak.sjoholm.","2025-07-18T13:23:34Z","brasiliansk rock,mpb,brasiliansk pop,poprock","0.705","0.753","4","-7.731","1","0.0362","0.161","0.0000565","0.136","0.681","146.316","4","","WM Brazil","C © 1987 WEA International Inc., P ℗ 2002 WEA International Inc."
"spotify:track:1WnvO0bfXM9gPbN52I6uVd","Out That Door","spotify:artist:7HZQqtnOYmjJl8XAB3Vg8y","Hoodoo Gurus","spotify:album:25H5620Yps62YKdtpvexBC","Blow Your Cool","spotify:artist:7HZQqtnOYmjJl8XAB3Vg8y","Hoodoo Gurus","1987-05-08","https://i.scdn.co/image/ab67616d0000b2737c1574bb58102e0d6d51243f","1","1","253573","https://p.scdn.co/mp3-preview/0f3fda054ded444ec76d67e628799df928cfa257?cid=9950ac751e34487dbbe027c4fd7f8e99","false","0","AUHD00500030","spotify:user:isak.sjoholm.","2025-07-18T13:23:34Z","surfrock,powerpop,jangle pop","0.309","0.924","4","-3.294","0","0.0648","0.00918","0.0374","0.275","0.419","139.272","4","","Big Time Phonograph Recording Co.","C 2005 Hoodoo Gurus Pty Ltd, P 2005 Hoodoo Gurus Pty Ltd"
"spotify:track:4blA0SrkpHeXRnTAhZ9t0x","Dia Eterno","spotify:artist:6uQRIkPcadcgd4oilLAT7A","Violeta De Outono","spotify:album:7lP7TBUFoQFErpGqxWzyAw","Violeta de Outono","spotify:artist:6uQRIkPcadcgd4oilLAT7A","Violeta De Outono","1987-07-20","https://i.scdn.co/image/ab67616d0000b27339cfd51362e99a5f588bca85","1","6","216626","https://p.scdn.co/mp3-preview/555925b7f9dff50ce1a1cc6834355342e1891323?cid=9950ac751e34487dbbe027c4fd7f8e99","false","30","BRBMG9500096","spotify:user:isak.sjoholm.","2025-07-18T13:23:34Z","brasiliansk rock,progressiv rock,postpunk","0.25","0.754","0","-9.461","1","0.0312","0.00227","0.11","0.119","0.658","188.763","4","","Sony Music Entertainment","P (P) 1987 RCA"
"spotify:track:3qm1Gq1QG5TGG7BV8X1NGj","Full Circle","spotify:artist:56qkRjq9qsAxK5fc7U5moa","Company B","spotify:album:3y8jsPjoyVdFinAbYcZVBy","Company B","spotify:artist:56qkRjq9qsAxK5fc7U5moa","Company B","1987","https://i.scdn.co/image/ab67616d0000b273718c9303e8dc4cc887e76353","1","6","345760","","false","37","USAT20705074","spotify:user:isak.sjoholm.","2025-07-18T13:23:34Z","freestyle,hi-nrg,funk melody,italo disco","0.736","0.802","10","-9.89","1","0.0445","0.0196","0.792","0.291","0.971","119.837","4","","Rhino Atlantic","C © 1987 Atlantic Recording Corp., a Warner Music Group Company, P ℗ 1987 Atlantic Recording Corp., manufactured and marketed by Rhino Entertainment Company, a Warner Music Group Company"
"spotify:track:2OnQMTeDBTs09Kl50rSvd1","Nas Rimas do Amor - Ao Vivo","spotify:artist:56TkPi7rpmU8jTpkcK7FY3","Beth Carvalho","spotify:album:3b5l44nQFaTRCnsoAFoHC8","Beth Carvalho Ao Vivo em Montreux","spotify:artist:56TkPi7rpmU8jTpkcK7FY3","Beth Carvalho","1987-09-28","https://i.scdn.co/image/ab67616d0000b273f3899b207aef2a015d8e4a03","1","2","227573","https://p.scdn.co/mp3-preview/5a3f19dd13a7a44ae66c5a2c4f24e8a01becb275?cid=9950ac751e34487dbbe027c4fd7f8e99","false","12","BRBMG1802366","spotify:user:isak.sjoholm.","2025-07-18T13:23:34Z","samba,pagode,mpb","0.536","0.771","0","-11.918","1","0.131","0.398","0","0.964","0.796","91.315","4","","Sony Music Entertainment","P (P) 1987 RCA"
"spotify:track:6mApd0Jpjgu92MC5HItFYb","Nem olhou prá mim","spotify:artist:0TcVnvKse98awlZxtUKIOk","Alcymar Monteiro","spotify:album:5whxoQJany6ZFJGKb1VdQg","Um Mais um","spotify:artist:0TcVnvKse98awlZxtUKIOk","Alcymar Monteiro","1987","https://i.scdn.co/image/ab67616d0000b273bce079c6ce7f12000aa4e745","1","1","236800","https://p.scdn.co/mp3-preview/7ed29da8b5b20520bb7c44cac96d2ece0b155a11?cid=9950ac751e34487dbbe027c4fd7f8e99","false","39","BRWMB9700015","spotify:user:isak.sjoholm.","2025-07-18T13:23:34Z","forró tradicional,forró","0.63","0.758","11","-6.374","1","0.0399","0.433","0.0000364","0.275","0.96","119.385","4","","WM Brazil","C © 1987 / 1991 WEA International Inc., P ℗ 1995 WEA International Inc."
"spotify:track:4uvTJhfIC11wwnRz66Cu2H","Guardas Da Fronteira","spotify:artist:0GNq4xh8uFCyihPurnunf7","Engenheiros Do Hawaii","spotify:album:3EYoZQUIKrDPd1teAZbSsC","A Revolta Dos Dandis","spotify:artist:0GNq4xh8uFCyihPurnunf7","Engenheiros Do Hawaii","1987-10-22","https://i.scdn.co/image/ab67616d0000b273aa2e29600bcdd6c2bd64c9e6","1","11","272333","https://p.scdn.co/mp3-preview/04bfe049268ec985862530df0153f3d1f16757b1?cid=9950ac751e34487dbbe027c4fd7f8e99","false","30","BRBMG8700029","spotify:user:isak.sjoholm.","2025-07-18T13:23:34Z","brasiliansk rock,mpb,brasiliansk pop,poprock","0.515","0.825","7","-7.392","1","0.0677","0.147","0.19","0.068","0.876","152.032","4","","RCA Records Label","P (P) 1987 Sony Music Entertainment Brasil ltda."
"spotify:track:7mOGc7jhv64dn4VypZ9nZw","Falsa Consideração","spotify:artist:01xbfSpEQs3RUG7EmfbNl8","Marquinho Sathan","spotify:album:6dYgWwwmLarxbEVUln1UqI","Falsa Consideração","spotify:artist:01xbfSpEQs3RUG7EmfbNl8","Marquinho Sathan","1987-02-05","https://i.scdn.co/image/ab67616d0000b2733058f6645b82e492adea892c","1","5","249506","https://p.scdn.co/mp3-preview/67cee3c1bba6983beea0a29f5f9b61cb843c0ed4?cid=9950ac751e34487dbbe027c4fd7f8e99","false","35","QZGLS1991267","spotify:user:isak.sjoholm.","2025-07-18T13:23:34Z","samba,pagode","0.54","0.82","2","-7.176","1","0.0492","0.531","0.0000035","0.162","0.965","99.181","4","","Marquinho Sathan","C 2019 Marquinho Sathan, P 2019 Marquinho Sathan"
"spotify:track:29MhabSOaiO6P7DZL5M7Wr","Dama Entre Aspas (Dama Do Vestido Longo)","spotify:artist:012whAEpADzsx3xHjT9nva","Barrerito","spotify:album:7HeSdaPiDwy8iL1Ncxiegl","Onde Estão Os Meus Passos","spotify:artist:012whAEpADzsx3xHjT9nva","Barrerito","1987-07-16","https://i.scdn.co/image/ab67616d0000b2734431e4da40bc1ef41b254bd2","1","6","198441","https://p.scdn.co/mp3-preview/155ae9d1a0db2294d6d14d57fb32ebab57f74afd?cid=9950ac751e34487dbbe027c4fd7f8e99","false","48","BREMI8700221","spotify:user:isak.sjoholm.","2025-07-18T13:23:34Z","sertanejo tradicional,sertanejo","0.581","0.653","9","-6.306","1","0.0258","0.046","0.0000394","0.266","0.669","93.458","4","","Universal Music Ltda.","C © 1987 EMI Records Brasil Ltda, P ℗ 1987 EMI Records Brasil Ltda"
"spotify:track:7nVxcE9K7xXR23pBq0ChEv","O Cantor Das Andorinhas","spotify:artist:012whAEpADzsx3xHjT9nva","Barrerito","spotify:album:7HeSdaPiDwy8iL1Ncxiegl","Onde Estão Os Meus Passos","spotify:artist:012whAEpADzsx3xHjT9nva","Barrerito","1987-07-16","https://i.scdn.co/image/ab67616d0000b2734431e4da40bc1ef41b254bd2","1","2","180427","https://p.scdn.co/mp3-preview/3b2abc6684bf2d5557146fd84575bc033255d620?cid=9950ac751e34487dbbe027c4fd7f8e99","false","48","BREMI8700038","spotify:user:isak.sjoholm.","2025-07-18T13:23:34Z","sertanejo tradicional,sertanejo","0.604","0.594","11","-6.937","1","0.0246","0.0556","0.00000253","0.0988","0.821","94.586","4","","Universal Music Ltda.","C © 1987 EMI Records Brasil Ltda, P ℗ 1987 EMI Records Brasil Ltda"
"spotify:track:0KwfOfWa6yNMjhr5BQs3jY","Soy loco por ti, América","spotify:artist:7oEkUINVIj1Nr3Wnj8tzqr","Gilberto Gil","spotify:album:1QvExGnfMRd6mNNjGtl3m0","Soy loco por ti América","spotify:artist:7oEkUINVIj1Nr3Wnj8tzqr","Gilberto Gil","1987","https://i.scdn.co/image/ab67616d0000b27326730aa38beefe9ab34e745c","1","4","280546","https://p.scdn.co/mp3-preview/e79c0c340bc06a438774f23af3b61e3890608893?cid=9950ac751e34487dbbe027c4fd7f8e99","false","22","BRWMB9800722","spotify:user:isak.sjoholm.","2025-07-18T13:23:34Z","mpb,bossa nova,forró tradicional,samba,brasiliansk jazz","0.775","0.559","0","-9.252","1","0.0437","0.467","0.00136","0.0615","0.807","95.919","4","","WM Brazil","C © 1987 Warner Music Brasil Ltda., P ℗ 1987 Warner Music Brasil Ltda."
"spotify:track:1D7CXJKGQldzl9dLtJVMED","Quem Tem Pressa Não Se Interessa","spotify:artist:0GNq4xh8uFCyihPurnunf7","Engenheiros Do Hawaii","spotify:album:3EYoZQUIKrDPd1teAZbSsC","A Revolta Dos Dandis","spotify:artist:0GNq4xh8uFCyihPurnunf7","Engenheiros Do Hawaii","1987-10-22","https://i.scdn.co/image/ab67616d0000b273aa2e29600bcdd6c2bd64c9e6","1","9","148400","https://p.scdn.co/mp3-preview/a87de7deba99cefc6f266a619e666f0038f987ea?cid=9950ac751e34487dbbe027c4fd7f8e99","false","29","BRBMG8700027","spotify:user:isak.sjoholm.","2025-07-18T13:23:34Z","brasiliansk rock,mpb,brasiliansk pop,poprock","0.577","0.83","6","-10.307","0","0.0482","0.00643","0.228","0.0589","0.899","140.315","4","","RCA Records Label","P (P) 1987 Sony Music Entertainment Brasil ltda."
"spotify:track:014r7QysYQjv0lazyWzhWA","Dou-Não- Dou","spotify:artist:5rrmaoBXZ7Jcs4Qb77j0YA","Djavan","spotify:album:7GUV4OKahXtUI5WXJk7Mxx","Não É Azul Mas É Mar","spotify:artist:5rrmaoBXZ7Jcs4Qb77j0YA","Djavan","1987-03-25","https://i.scdn.co/image/ab67616d0000b2737064b0c1e363cd14a0f34205","1","4","267066","https://p.scdn.co/mp3-preview/fd1ad74cac34e39beaa533490649b6078e47887a?cid=9950ac751e34487dbbe027c4fd7f8e99","false","34","BRSME8700050","spotify:user:isak.sjoholm.","2025-07-18T13:23:34Z","mpb,bossa nova","0.629","0.433","2","-10.424","1","0.0493","0.618","0","0.0696","0.349","76.709","4","","Columbia","P (P) 1987 Discos Sony Music Entertainment I.C.L."
"spotify:track:0hkxyY2n5LGrxvWvUZZBJj","Lugar nenhum","spotify:artist:2euX7vCVnJy3TVEGfc0RCl","Titãs","spotify:album:0LQi86MshG4CZgOSYNketn","Jesus Não Tem Dentes No País Dos Banguelas","spotify:artist:2euX7vCVnJy3TVEGfc0RCl","Titãs","1987","https://i.scdn.co/image/ab67616d0000b273b01fe34f305fb962a0378b50","1","10","177173","https://p.scdn.co/mp3-preview/a622288bd2b175d0486b9dd6b2d105b1dc3cf205?cid=9950ac751e34487dbbe027c4fd7f8e99","false","30","BRWMB9701541","spotify:user:isak.sjoholm.","2025-07-18T13:23:34Z","brasiliansk rock,mpb,brasiliansk pop,poprock","0.41","0.967","4","-6.752","1","0.037","0.00227","0.402","0.0469","0.798","181.885","4","","WM Brazil","C © 1987 WEA International Inc., P ℗ 2002 WEA International Inc."
"spotify:track:1OrsA03UFjxcBdOaN4gO8S","Só Chamei Porque Te Amo","spotify:artist:7oEkUINVIj1Nr3Wnj8tzqr","Gilberto Gil","spotify:album:4K5CMNqvuaB08RnYMFHHLs","Em Concerto","spotify:artist:7oEkUINVIj1Nr3Wnj8tzqr","Gilberto Gil","1987-01-01","https://i.scdn.co/image/ab67616d0000b27381309cdbad44ac8c9011a376","1","7","285066","https://p.scdn.co/mp3-preview/1d2d50124be55f0c11915f3728494adc593e2bb7?cid=9950ac751e34487dbbe027c4fd7f8e99","false","39","BRWMB9701579","spotify:user:isak.sjoholm.","2025-07-18T13:23:34Z","mpb,bossa nova,forró tradicional,samba,brasiliansk jazz","0.519","0.171","7","-15.119","1","0.0339","0.935","0.000695","0.736","0.119","114.349","4","","Palco WMB","C 1987 Gege Produções Artísticas, P 1987 Gege Produções Artísticas"
"spotify:track:2a2D5f1ztQfsD9nNfSbr6h","Meu Pai é General de Umbanda","spotify:artist:3aqtJPuhfwxQ60jG1OAFQt","Bezerra Da Silva","spotify:album:0BNTXZBnKPTe3xUDwosPfV","Justiça Social","spotify:artist:3aqtJPuhfwxQ60jG1OAFQt","Bezerra Da Silva","1987-09-01","https://i.scdn.co/image/ab67616d0000b27341ba1d35b30d82c572c6e1ea","1","5","198440","https://p.scdn.co/mp3-preview/ac3b741717230369688bb2894f7ba024877d4730?cid=9950ac751e34487dbbe027c4fd7f8e99","false","24","BRBMG8700267","spotify:user:isak.sjoholm.","2025-07-18T13:23:34Z","samba,pagode","0.74","0.596","9","-11.131","1","0.046","0.405","0","0.064","0.974","102.569","4","","RCA Records Label","P 1987 BMG BRASIL LTDA"
"spotify:track:1ZZ6F7ENSku1jpIAJjs4DK","Dona da Minha Cabeça","spotify:artist:5j3htXVskZF0u8qWY5zcF8","Fagner","spotify:album:6DfS9vzuljZKtauZ31hurU","Romance no Deserto","spotify:artist:5j3htXVskZF0u8qWY5zcF8","Fagner","1987-08-15","https://i.scdn.co/image/ab67616d0000b273e7bf4045ac9ed9725ad9c64b","1","11","223426","https://p.scdn.co/mp3-preview/c5980dc2abaa3d272b6b2ed5b7169ad1af446458?cid=9950ac751e34487dbbe027c4fd7f8e99","false","23","BRBMG8600098","spotify:user:isak.sjoholm.","2025-07-18T13:23:34Z","mpb,forró tradicional,brega,forró,seresta","0.846","0.381","2","-18.599","1","0.053","0.0759","0","0.0899","0.895","139.498","4","","RCA Records Label","P (P) 1987 Sony Music Entertainment Brasil ltda"
"spotify:track:3mJSwp21ypNv59nZnRjzgF","Mico Preto - Bonus Track","spotify:artist:7oEkUINVIj1Nr3Wnj8tzqr","Gilberto Gil","spotify:album:4K5CMNqvuaB08RnYMFHHLs","Em Concerto","spotify:artist:7oEkUINVIj1Nr3Wnj8tzqr","Gilberto Gil","1987-01-01","https://i.scdn.co/image/ab67616d0000b27381309cdbad44ac8c9011a376","1","11","211040","https://p.scdn.co/mp3-preview/acb65ecaf58a09b2c409e2ee43c8f3e086aa3601?cid=9950ac751e34487dbbe027c4fd7f8e99","false","14","BRWMB0000912","spotify:user:isak.sjoholm.","2025-07-18T13:23:34Z","mpb,bossa nova,forró tradicional,samba,brasiliansk jazz","0.697","0.768","0","-7.33","1","0.0355","0.682","0","0.289","0.834","85.389","4","","Palco WMB","C 1987 Gege Produções Artísticas, P 1987 Gege Produções Artísticas"
"spotify:track:0OEH3YRReMEb2aR5ZbOuVo","Mensagem","spotify:artist:2x5fdOl1kpBgD74cOkzNY0","Almir Guineto","spotify:album:4EBWVUmEV3Fj30UDZOXQuO","Perfume de Champanhe","spotify:artist:2x5fdOl1kpBgD74cOkzNY0","Almir Guineto","1987-01-01","https://i.scdn.co/image/ab67616d0000b2734e78b4d8ee33f0e968d13b44","1","7","249040","https://p.scdn.co/mp3-preview/28f596bf2ae56f3f795924fbe209d67b4c615353?cid=9950ac751e34487dbbe027c4fd7f8e99","false","30","BRRGE8790045","spotify:user:isak.sjoholm.","2025-07-18T13:23:34Z","samba,pagode","0.565","0.828","2","-5.175","1","0.0773","0.167","0","0.174","0.672","87.519","4","","Som Livre","C (C) 1987 Som Livre"
"spotify:track:3EWSLfDbPfZXlFsZh8SCzy","Canceriano Sem Lar (Clínica Tobias Blues)","spotify:artist:7jrRQZg4FZq6dwpi3baKcu","Raul Seixas","spotify:album:2bu9Le96isfDbrNrGKhYKC","Uah-Bap-Lu-Bap-Lah-Bein-Bum","spotify:artist:7jrRQZg4FZq6dwpi3baKcu","Raul Seixas","1987-07-14","https://i.scdn.co/image/ab67616d0000b2738ea0dfe90d5ce77b44a38216","1","7","209373","https://p.scdn.co/mp3-preview/d572b523771b710f6aa2a1b4127097ae7cc8b213?cid=9950ac751e34487dbbe027c4fd7f8e99","false","35","BREMI8700129","spotify:user:isak.sjoholm.","2025-07-18T13:23:34Z","brasiliansk rock,mpb,brasiliansk pop","0.616","0.685","0","-9.466","1","0.153","0.0292","0.0000964","0.102","0.703","124.604","4","","EMI","C © 1987 Copacabana Records, P ℗ 1987 Copacabana Records"
"spotify:track:3Cd1EikKytgkX1eorX6b9o","Eu Já Tirei A Tua Roupa","spotify:artist:0GYeIu5i1MOyHuXKrmiqdQ","Wando","spotify:album:0vwsoTYB0oZm5r0Ahzyke3","Coração Aceso","spotify:artist:0GYeIu5i1MOyHuXKrmiqdQ","Wando","1987-01-01","https://i.scdn.co/image/ab67616d0000b2739dd1586db00875d1319fbcbb","1","1","254560","https://p.scdn.co/mp3-preview/13a1fbf34474188959601c28ec18ac9482b885bb?cid=9950ac751e34487dbbe027c4fd7f8e99","false","39","BRMCA8800006","spotify:user:isak.sjoholm.","2025-07-18T13:23:34Z","brega,mpb,seresta","0.523","0.346","7","-10.779","1","0.0261","0.643","0.0000448","0.175","0.31","108.194","4","","Universal Music Ltda.","C © 2017 Universal Music Ltda, P ℗ 1987 Universal Music Ltda"
"spotify:track:2ILOybKqfaoqpqhRXRrnfN","Passarim","spotify:artist:3pO5VjZ4wOHCMBXOvbMISG","Antônio Carlos Jobim","spotify:album:2K9aMQfhBVV5hrkfZiaxkY","Passarim","spotify:artist:3pO5VjZ4wOHCMBXOvbMISG","Antônio Carlos Jobim","1987-01-01","https://i.scdn.co/image/ab67616d0000b273cb3fce53986b0a708583a75a","1","13","216746","https://p.scdn.co/mp3-preview/badd46f7cb5e74ad467c7d3c97443b8a3f1923e1?cid=9950ac751e34487dbbe027c4fd7f8e99","false","29","USPR38682021","spotify:user:isak.sjoholm.","2025-07-18T13:23:34Z","bossa nova,brasiliansk jazz,mpb,latinamerikansk jazz","0.343","0.288","7","-19.051","0","0.0533","0.839","0.00000569","0.123","0.291","132.173","4","","Verve","C © 1987 The Verve Music Group, a Division of UMG Recordings, Inc., P ℗ 1987 UMG Recordings, Inc."
"spotify:track:4INDXtb5SbTP5ATwE5BEwr","Maçã","spotify:artist:5rrmaoBXZ7Jcs4Qb77j0YA","Djavan","spotify:album:7GUV4OKahXtUI5WXJk7Mxx","Não É Azul Mas É Mar","spotify:artist:5rrmaoBXZ7Jcs4Qb77j0YA","Djavan","1987-03-25","https://i.scdn.co/image/ab67616d0000b2737064b0c1e363cd14a0f34205","1","8","248533","https://p.scdn.co/mp3-preview/240a3a7405e370e713fb317235312c62cc6039eb?cid=9950ac751e34487dbbe027c4fd7f8e99","false","35","BRSME8700060","spotify:user:isak.sjoholm.","2025-07-18T13:23:34Z","mpb,bossa nova","0.62","0.832","11","-9.185","0","0.0357","0.666","0.0000295","0.0846","0.83","90.564","4","","Columbia","P (P) 1987 Discos Sony Music Entertainment I.C.L."
"spotify:track:7IjOxNiUVPecuJNsRf0TrP","Eu Caminhava","spotify:artist:3bKO3mmizIpDdwNVdp96B9","Nenhum De Nós","spotify:album:4wKkE7jcQe8eKT9fMU1puv","Cardume","spotify:artist:3bKO3mmizIpDdwNVdp96B9","Nenhum De Nós","1987-02-17","https://i.scdn.co/image/ab67616d0000b273ee9ea4038372bdeb76768906","1","1","229600","https://p.scdn.co/mp3-preview/efd32b83c4e5864be3d8f24f0b1c2fd3bb55e7c7?cid=9950ac751e34487dbbe027c4fd7f8e99","false","28","BRBMG8900605","spotify:user:isak.sjoholm.","2025-07-18T13:23:34Z","brasiliansk rock,brasiliansk pop,mpb,poprock","0.556","0.922","7","-4.915","1","0.0856","0.3","0.0000167","0.137","0.633","148.619","4","","Sony BMG Music Entertainment","P (P) 1987 Sony Music Entertainment Brasil Ltda"
"spotify:track:2ZJ6BKfLGzY95WTyfQi58l","Pé de Vento - Ao Vivo","spotify:artist:56TkPi7rpmU8jTpkcK7FY3","Beth Carvalho","spotify:album:3b5l44nQFaTRCnsoAFoHC8","Beth Carvalho Ao Vivo em Montreux","spotify:artist:56TkPi7rpmU8jTpkcK7FY3","Beth Carvalho","1987-09-28","https://i.scdn.co/image/ab67616d0000b273f3899b207aef2a015d8e4a03","1","4","194200","https://p.scdn.co/mp3-preview/37423b80f10c834526165bb533893bf61742860f?cid=9950ac751e34487dbbe027c4fd7f8e99","false","7","BRBMG1802368","spotify:user:isak.sjoholm.","2025-07-18T13:23:34Z","samba,pagode,mpb","0.524","0.857","3","-11.989","1","0.0599","0.466","0","0.989","0.814","100.43","4","","Sony Music Entertainment","P (P) 1987 RCA"
"spotify:track:3Wz29sAjPfQIPaP35aAPvK","Ouro","spotify:artist:3LNTNOb2Bhh0g0etnZEyNE","Guilherme Arantes","spotify:album:5m1cjdGLGSgYtGFnHAyPV1","Guilherme Arantes","spotify:artist:3LNTNOb2Bhh0g0etnZEyNE","Guilherme Arantes","1987-11-04","https://i.scdn.co/image/ab67616d0000b2734cf6ea308fd4180a281afcb4","1","1","249626","https://p.scdn.co/mp3-preview/9b3572479cb6d2dac8f4779ed41119a1237a2457?cid=9950ac751e34487dbbe027c4fd7f8e99","false","26","BRSME8700007","spotify:user:isak.sjoholm.","2025-07-18T13:23:34Z","mpb,brasiliansk pop,brasiliansk rock","0.614","0.697","0","-9.568","1","0.0271","0.197","0.0000787","0.0707","0.789","95.981","4","","Sony Music Entertainment","P (P) 1987 DISCOS CBS I.C.L."
"spotify:track:1PfJ2vv7Ltr3PbyDYPnO5d","Todo o Sentimento","spotify:artist:6tOsSffQQIXmK8TqsDck8t","Chico Buarque","spotify:album:1AHoHnyvTiFosqDgUChmUg","Francisco","spotify:artist:6tOsSffQQIXmK8TqsDck8t","Chico Buarque","1987-01-01","https://i.scdn.co/image/ab67616d0000b273a64747eb09043527b4f77f44","1","7","225200","https://p.scdn.co/mp3-preview/f05d5f9de08b1f3744591e9bfefeff07ea28f632?cid=9950ac751e34487dbbe027c4fd7f8e99","false","33","BRBMG8700033","spotify:user:isak.sjoholm.","2025-07-18T13:23:34Z","mpb,bossa nova,samba,brasiliansk jazz","0.431","0.198","5","-15.549","1","0.0346","0.843","0","0.114","0.199","128.294","4","","RCA Records Label","P 1987 BMG BRASIL LTDA."
"spotify:track:3ydbYS0pl6raO9nuYXsWSY","Portas Abertas","spotify:artist:41XTLrYfIdtr8frsp8Em5C","Grupo Logos","spotify:album:0GseR0IEK232w8rl58QRTA","Portas Abertas","spotify:artist:41XTLrYfIdtr8frsp8Em5C","Grupo Logos","1987-06-03","https://i.scdn.co/image/ab67616d0000b2739267e186d39bdc4baa2eaef2","1","1","258572","https://p.scdn.co/mp3-preview/84b10ab1779a89c6d829498740398ceade09fb3f?cid=9950ac751e34487dbbe027c4fd7f8e99","false","31","BRMIE1600051","spotify:user:isak.sjoholm.","2025-07-18T13:23:34Z","brasiliansk gospel,gospel","0.624","0.413","4","-10.256","1","0.0401","0.795","0","0.116","0.332","140.363","4","","Grupo Logos","C 1987 MEL, P 1987 MEL"
"spotify:track:1iO5gGTwYqOiLotLn52XOc","A Orquestra dos Bichos","spotify:artist:44cnJJakDDnBCn5L87ew7P","Trem Da Alegria","spotify:album:06n7n5EjE5x4RFAQJM5aOj","Trem da Alegria","spotify:artist:44cnJJakDDnBCn5L87ew7P","Trem Da Alegria","1987-01-01","https://i.scdn.co/image/ab67616d0000b273cd34709aba468c8ed440d5c4","1","3","220666","https://p.scdn.co/mp3-preview/d8c70ef9a7c6dbd6e1996bd42af95e60bea619ef?cid=9950ac751e34487dbbe027c4fd7f8e99","false","38","BRBMG1700853","spotify:user:isak.sjoholm.","2025-07-18T13:23:34Z","vaggvisa,barnmusik","0.841","0.752","2","-7.759","1","0.0433","0.158","0","0.181","0.965","127.745","4","","Sony Music Entertainment","P (P) 1987 RCA"
"spotify:track:7gV0zrC7jNXUbuv2gH8V1G","Paranóia","spotify:artist:7jrRQZg4FZq6dwpi3baKcu","Raul Seixas","spotify:album:2bu9Le96isfDbrNrGKhYKC","Uah-Bap-Lu-Bap-Lah-Bein-Bum","spotify:artist:7jrRQZg4FZq6dwpi3baKcu","Raul Seixas","1987-07-14","https://i.scdn.co/image/ab67616d0000b2738ea0dfe90d5ce77b44a38216","1","3","200173","https://p.scdn.co/mp3-preview/88ff9a599de85b56cd398b5bd56a85c6631bb190?cid=9950ac751e34487dbbe027c4fd7f8e99","false","33","BREMI8700127","spotify:user:isak.sjoholm.","2025-07-18T13:23:34Z","brasiliansk rock,mpb,brasiliansk pop","0.606","0.68","9","-7.829","1","0.0754","0.306","0","0.0519","0.745","126.178","4","","EMI","C © 1987 Copacabana Records, P ℗ 1987 Copacabana Records"
"spotify:track:0oqq6oTRSat6TbeMvU77no","Cardume","spotify:artist:3bKO3mmizIpDdwNVdp96B9","Nenhum De Nós","spotify:album:4wKkE7jcQe8eKT9fMU1puv","Cardume","spotify:artist:3bKO3mmizIpDdwNVdp96B9","Nenhum De Nós","1987-02-17","https://i.scdn.co/image/ab67616d0000b273ee9ea4038372bdeb76768906","1","5","157760","https://p.scdn.co/mp3-preview/bc064ae60fab0376e2063463f98b14ee5c4773a1?cid=9950ac751e34487dbbe027c4fd7f8e99","false","18","BRBMG8901559","spotify:user:isak.sjoholm.","2025-07-18T13:23:34Z","brasiliansk rock,brasiliansk pop,mpb,poprock","0.604","0.94","4","-5.767","0","0.0711","0.0941","0.0000486","0.31","0.683","92.207","4","","Sony BMG Music Entertainment","P (P) 1987 Sony Music Entertainment Brasil Ltda"
"spotify:track:6xgZEjt6aixZcCNBi2nCio","Luz Acesa","spotify:artist:012whAEpADzsx3xHjT9nva","Barrerito","spotify:album:7HeSdaPiDwy8iL1Ncxiegl","Onde Estão Os Meus Passos","spotify:artist:012whAEpADzsx3xHjT9nva","Barrerito","1987-07-16","https://i.scdn.co/image/ab67616d0000b2734431e4da40bc1ef41b254bd2","1","5","208023","https://p.scdn.co/mp3-preview/2f4824500098833ea95554a9dcf66c538f816213?cid=9950ac751e34487dbbe027c4fd7f8e99","false","49","BREMI8700222","spotify:user:isak.sjoholm.","2025-07-18T13:23:34Z","sertanejo tradicional,sertanejo","0.354","0.463","4","-7.172","1","0.0281","0.00798","0.00000118","0.0926","0.612","178.854","3","","Universal Music Ltda.","C © 1987 EMI Records Brasil Ltda, P ℗ 1987 EMI Records Brasil Ltda"
"spotify:track:3HQN3KYTWX5KqM7mFyYg3l","Xuxuzinho","spotify:artist:7dnT2FUXhjirperXaH22IJ, spotify:artist:4w4ll81d0dR8gz989jjko1","Rita Lee, Roberto De Carvalho","spotify:album:0xVySYGATqTcBROEy4jsII","Flerte Fatal","spotify:artist:7dnT2FUXhjirperXaH22IJ, spotify:artist:4w4ll81d0dR8gz989jjko1","Rita Lee, Roberto De Carvalho","1987-01-01","https://i.scdn.co/image/ab67616d0000b27394a7595bc84d1f323a7f4e2e","1","10","178760","https://p.scdn.co/mp3-preview/65bc9d67ff7340e8f1d6a4242eeac859a8b4ad65?cid=9950ac751e34487dbbe027c4fd7f8e99","false","54","BREMI8700322","spotify:user:isak.sjoholm.","2025-07-18T13:23:34Z","mpb,brasiliansk rock,brasiliansk pop,mpb,brasiliansk rock","0.836","0.68","5","-7.653","1","0.0736","0.702","0","0.217","0.673","130.434","4","","Universal Music Ltda.","C © 1987 EMI Records Brasil Ltda, P ℗ 1987 EMI Records Brasil Ltda"
"spotify:track:4HEj5tWXKcvZ6M3mZTqwzy","Jesus não tem dentes no país dos banguelas","spotify:artist:2euX7vCVnJy3TVEGfc0RCl","Titãs","spotify:album:0LQi86MshG4CZgOSYNketn","Jesus Não Tem Dentes No País Dos Banguelas","spotify:artist:2euX7vCVnJy3TVEGfc0RCl","Titãs","1987","https://i.scdn.co/image/ab67616d0000b273b01fe34f305fb962a0378b50","1","7","133666","https://p.scdn.co/mp3-preview/d4d33cdadea1fe212ef8a42f7060a791d54590b6?cid=9950ac751e34487dbbe027c4fd7f8e99","false","31","BRWMB9600815","spotify:user:isak.sjoholm.","2025-07-18T13:23:34Z","brasiliansk rock,mpb,brasiliansk pop,poprock","0.415","0.8","4","-3.453","1","0.0345","0.00578","0.191","0.0879","0.568","117.986","4","","WM Brazil","C © 1987 WEA International Inc., P ℗ 2002 WEA International Inc."
"spotify:track:1AFB0wPKou1j43acrrcCMK","Corações e mentes","spotify:artist:2euX7vCVnJy3TVEGfc0RCl","Titãs","spotify:album:0LQi86MshG4CZgOSYNketn","Jesus Não Tem Dentes No País Dos Banguelas","spotify:artist:2euX7vCVnJy3TVEGfc0RCl","Titãs","1987","https://i.scdn.co/image/ab67616d0000b273b01fe34f305fb962a0378b50","1","4","228933","https://p.scdn.co/mp3-preview/624b96e4d93b9ab264f5f74502fd1f55a769baa8?cid=9950ac751e34487dbbe027c4fd7f8e99","false","26","BRWMB9600813","spotify:user:isak.sjoholm.","2025-07-18T13:23:34Z","brasiliansk rock,mpb,brasiliansk pop,poprock","0.763","0.762","11","-8.076","0","0.0391","0.105","0.000179","0.0865","0.587","126.142","4","","WM Brazil","C © 1987 WEA International Inc., P ℗ 2002 WEA International Inc."
"spotify:track:5ccYhFXZffms2EMXZ9ybQV","Passarim","spotify:artist:3pO5VjZ4wOHCMBXOvbMISG","Antônio Carlos Jobim","spotify:album:2K9aMQfhBVV5hrkfZiaxkY","Passarim","spotify:artist:3pO5VjZ4wOHCMBXOvbMISG","Antônio Carlos Jobim","1987-01-01","https://i.scdn.co/image/ab67616d0000b273cb3fce53986b0a708583a75a","1","1","217893","https://p.scdn.co/mp3-preview/44bb3117492922c4d0d8685da5bb31faef5dfac8?cid=9950ac751e34487dbbe027c4fd7f8e99","false","30","USPR38605203","spotify:user:isak.sjoholm.","2025-07-18T13:23:34Z","bossa nova,brasiliansk jazz,mpb,latinamerikansk jazz","0.359","0.303","7","-17.742","0","0.0495","0.826","0","0.0996","0.347","132.769","4","","Verve","C © 1987 The Verve Music Group, a Division of UMG Recordings, Inc., P ℗ 1987 UMG Recordings, Inc."
"spotify:track:2Wdc2WONkb1WCeFhb8MgPP","Carecas da Jamaica","spotify:artist:6Rnjpdt1yZqcUNxRd6bST9","Nei Lisboa","spotify:album:73TY1W3eJcVvXzxKyTCgM4","Carecas da Jamaica","spotify:artist:6Rnjpdt1yZqcUNxRd6bST9","Nei Lisboa","1987-11-01","https://i.scdn.co/image/ab67616d0000b273cd22cd507bef95f1f46a01c5","1","7","241293","https://p.scdn.co/mp3-preview/f2de6f359cdf949b5a2ba0e0c5b5a1e44ff275ea?cid=9950ac751e34487dbbe027c4fd7f8e99","false","27","BREMI8700156","spotify:user:isak.sjoholm.","2025-07-18T13:23:34Z","mpb,brasiliansk rock","0.59","0.474","11","-11.927","1","0.0289","0.0533","0","0.1","0.818","99.19","4","","Nei Lisboa [dist. Tratore]","C 1987 Nei Lisboa [dist. Tratore], P 1987 Nei Lisboa [dist. Tratore]"
"spotify:track:2d6ToVDHdLdzizW1M0Lson","Alô Montreux / Carro de Boi / A Vovó Chiva - Ao Vivo","spotify:artist:56TkPi7rpmU8jTpkcK7FY3","Beth Carvalho","spotify:album:3b5l44nQFaTRCnsoAFoHC8","Beth Carvalho Ao Vivo em Montreux","spotify:artist:56TkPi7rpmU8jTpkcK7FY3","Beth Carvalho","1987-09-28","https://i.scdn.co/image/ab67616d0000b273f3899b207aef2a015d8e4a03","1","7","334426","https://p.scdn.co/mp3-preview/c951ef7f2c0fb6e9a84a4850b687fbd1ac2af917?cid=9950ac751e34487dbbe027c4fd7f8e99","false","8","BRBMG1802371","spotify:user:isak.sjoholm.","2025-07-18T13:23:34Z","samba,pagode,mpb","0.48","0.765","2","-11.337","1","0.307","0.46","0","0.973","0.712","103.41","4","","Sony Music Entertainment","P (P) 1987 RCA"
"spotify:track:4k4eNj976hpKz0sYVzwqxA","A Sombra De Um Vulcao","spotify:artist:5j3htXVskZF0u8qWY5zcF8","Fagner","spotify:album:6DfS9vzuljZKtauZ31hurU","Romance no Deserto","spotify:artist:5j3htXVskZF0u8qWY5zcF8","Fagner","1987-08-15","https://i.scdn.co/image/ab67616d0000b273e7bf4045ac9ed9725ad9c64b","1","1","278333","https://p.scdn.co/mp3-preview/0424ec01d374027d62d80ec4a8dcf917d9a85b2f?cid=9950ac751e34487dbbe027c4fd7f8e99","false","29","BRBMG8700138","spotify:user:isak.sjoholm.","2025-07-18T13:23:34Z","mpb,forró tradicional,brega,forró,seresta","0.558","0.492","4","-14.251","0","0.0322","0.119","0","0.235","0.388","111.866","4","","RCA Records Label","P (P) 1987 Sony Music Entertainment Brasil ltda"
"spotify:track:29kMO9Cn6BkvSQ4YWB0e6f","Circo","spotify:artist:4DOlsUBpxw706SXx05Xoi2","Xuxa","spotify:album:0GV5c7U4j89x3zUqxmavPR","Xegundo Xou da Xuxa","spotify:artist:4DOlsUBpxw706SXx05Xoi2","Xuxa","1987","https://i.scdn.co/image/ab67616d0000b273978af96eda49d245b341f717","1","5","196893","https://p.scdn.co/mp3-preview/56cda3930105201d09b367b48f86cb1f63c64f92?cid=9950ac751e34487dbbe027c4fd7f8e99","false","28","BRRGE8800397","spotify:user:isak.sjoholm.","2025-07-18T13:23:34Z","vaggvisa,barnmusik","0.743","0.7","2","-9.77","1","0.0284","0.184","0.00000149","0.0928","0.931","134.212","4","","Som Livre","C (C) 1987 Som Livre, P (P) 1987 Som Livre"
"spotify:track:6GoBUG1DSsbDkXYWY1BjW0","Soweto","spotify:artist:5rrmaoBXZ7Jcs4Qb77j0YA","Djavan","spotify:album:7GUV4OKahXtUI5WXJk7Mxx","Não É Azul Mas É Mar","spotify:artist:5rrmaoBXZ7Jcs4Qb77j0YA","Djavan","1987-03-25","https://i.scdn.co/image/ab67616d0000b2737064b0c1e363cd14a0f34205","1","1","369266","https://p.scdn.co/mp3-preview/da7f1901850728e08b8083152ddf4bbaf2f89ea2?cid=9950ac751e34487dbbe027c4fd7f8e99","false","24","BRSME8700054","spotify:user:isak.sjoholm.","2025-07-18T13:23:34Z","mpb,bossa nova","0.659","0.664","5","-9.51","0","0.0402","0.628","0.00000287","0.0999","0.64","121.185","4","","Columbia","P (P) 1987 Discos Sony Music Entertainment I.C.L."
"spotify:track:2nvdhBzWRkUQJuHF7vi6Hp","Doidice","spotify:artist:5rrmaoBXZ7Jcs4Qb77j0YA","Djavan","spotify:album:7GUV4OKahXtUI5WXJk7Mxx","Não É Azul Mas É Mar","spotify:artist:5rrmaoBXZ7Jcs4Qb77j0YA","Djavan","1987-03-25","https://i.scdn.co/image/ab67616d0000b2737064b0c1e363cd14a0f34205","1","10","284866","https://p.scdn.co/mp3-preview/b4e78b026542fcc5d7f31d3493b3a6cced8f8c1e?cid=9950ac751e34487dbbe027c4fd7f8e99","false","32","BRSME8700062","spotify:user:isak.sjoholm.","2025-07-18T13:23:34Z","mpb,bossa nova","0.603","0.394","5","-10.92","1","0.031","0.814","0.0000993","0.0849","0.472","145.471","4","","Columbia","P (P) 1987 Discos Sony Music Entertainment I.C.L."
"spotify:track:6UtMvb05tnnRcC0e6MT9vg","Desculpas","spotify:artist:012whAEpADzsx3xHjT9nva","Barrerito","spotify:album:7HeSdaPiDwy8iL1Ncxiegl","Onde Estão Os Meus Passos","spotify:artist:012whAEpADzsx3xHjT9nva","Barrerito","1987-07-16","https://i.scdn.co/image/ab67616d0000b2734431e4da40bc1ef41b254bd2","1","8","208793","https://p.scdn.co/mp3-preview/9789365b4156da8791df1b5a31efc5129b6ed3ba?cid=9950ac751e34487dbbe027c4fd7f8e99","false","43","BREMI8700223","spotify:user:isak.sjoholm.","2025-07-18T13:23:34Z","sertanejo tradicional,sertanejo","0.404","0.533","4","-6.639","1","0.0271","0.438","0","0.119","0.679","173.492","3","","Universal Music Ltda.","C © 1987 EMI Records Brasil Ltda, P ℗ 1987 EMI Records Brasil Ltda"
"spotify:track:3Xg1R08p52LqPNVyzvHeH7","Afrekete","spotify:artist:0hPar6ePAELiu9rYMdvMEo","Alcione","spotify:album:5zVt3VyrP5u9YsfvQDRx1d","Nosso Nome Resistência","spotify:artist:0hPar6ePAELiu9rYMdvMEo","Alcione","1987-02-25","https://i.scdn.co/image/ab67616d0000b273d9fcdc14bba3e8b4ad4cfaec","1","12","204933","https://p.scdn.co/mp3-preview/2c33d77b77a9d45b58dbe58075d25967bd6aca8a?cid=9950ac751e34487dbbe027c4fd7f8e99","false","18","BRBMG8700296","spotify:user:isak.sjoholm.","2025-07-18T13:23:34Z","samba,pagode,mpb","0.703","0.586","9","-8.623","1","0.144","0.444","0","0.0779","0.886","119.824","4","","RCA Records Label","P 1987 BMG BRASIL LTDA"
"spotify:track:4QkQBdpIdxcb3Mra92urYZ","Águia Dourada - Versão Remasterizada","spotify:artist:7fAKtXSdNInWAIf0jVUz65","Roberto Carlos","spotify:album:5uSy9C32o31DpMYtx1Z3YK","Roberto Carlos (1987 Remasterizado)","spotify:artist:7fAKtXSdNInWAIf0jVUz65","Roberto Carlos","1987-04-07","https://i.scdn.co/image/ab67616d0000b273e47dba0d5df3156e3770b22c","1","3","260666","https://p.scdn.co/mp3-preview/2d1498fa41605595cccc7ac64cf85ec891336a9a?cid=9950ac751e34487dbbe027c4fd7f8e99","false","28","BRSME8700143","spotify:user:isak.sjoholm.","2025-07-18T13:23:34Z","mpb,brega,bolero","0.633","0.343","3","-14.282","1","0.0267","0.0678","0.0000277","0.112","0.427","103.659","4","","Sony BMG Music Entertainment","P (P) 1987 Sony Music Entertainment Brasil Ltda"
"spotify:track:0vSs30tX9ofGsRBWU0e78x","Ciúme","spotify:artist:3zkkrMSBLHuTKMI6I3fDWi","Ultraje a Rigor","spotify:album:0PMuOGiQpkPO2b6DezNLqO","Música!","spotify:artist:3zkkrMSBLHuTKMI6I3fDWi","Ultraje a Rigor","1987-03-25","https://i.scdn.co/image/ab67616d0000b273d471e6b1c390ce7f4ded8421","1","6","248840","https://p.scdn.co/mp3-preview/97b447edddf109358f25cc270cf83fa8224030c1?cid=9950ac751e34487dbbe027c4fd7f8e99","false","17","BRWMB9600844","spotify:user:isak.sjoholm.","2025-07-18T13:23:34Z","brasiliansk rock,brasiliansk pop,mpb","0.358","0.818","7","-8.937","1","0.0435","0.116","0.0000617","0.1","0.66","168.996","4","","WM Brazil","C © 1999 Warner Music Brazil Ltda, P ℗ 1999 Warner Music Brazil Ltda"
"spotify:track:05yhe3HNe1vC4rOGyt7BdW","Jogo Marcado","spotify:artist:5iGIquwrDNyCqMfugGhnV9, spotify:artist:3CK7CIjBOogTeAbAJWPkr8","Katia, José Augusto","spotify:album:24xCtJNa2vqjxyoLeM8Sq8","Kátia","spotify:artist:5iGIquwrDNyCqMfugGhnV9","Katia","1987-01-01","https://i.scdn.co/image/ab67616d0000b2737e0add0a4448d58fca387d52","1","7","225018","https://p.scdn.co/mp3-preview/72eb5ec05a46f8f78e711758dd55d94f63a85e01?cid=9950ac751e34487dbbe027c4fd7f8e99","false","31","QM6N21547551","spotify:user:isak.sjoholm.","2025-07-18T13:23:34Z","brega,mpb,seresta,brega,mpb,seresta","0.678","0.452","8","-12.393","1","0.029","0.225","0","0.128","0.537","119.488","4","","3M","C (C) 1987 3M, P (P) 1987 3M"
"spotify:track:5Oi4lHckAsl47DF55y0MG3","Ritual","spotify:artist:1PwOU6fFbmaGkK3wkbb8fU","Cazuza","spotify:album:3oDvGnTi4xDQujcc8v8mrs","Só Se For A Dois","spotify:artist:1PwOU6fFbmaGkK3wkbb8fU","Cazuza","1987-01-19","https://i.scdn.co/image/ab67616d0000b2735f1e0a67f4ac55c861c5d762","1","2","165373","https://p.scdn.co/mp3-preview/ab72ae414f5fbcd04e2422ec05c2620cd96f9b2e?cid=9950ac751e34487dbbe027c4fd7f8e99","false","41","BRMCA8700025","spotify:user:isak.sjoholm.","2025-07-18T13:23:34Z","mpb,brasiliansk rock,brasiliansk pop","0.53","0.363","10","-13.027","1","0.101","0.633","0","0.131","0.547","142.618","4","","Universal Music Ltda.","C © 1987 Universal Music Ltda, P ℗ 1987 Universal Music Ltda"
"spotify:track:78Jf8NI1kvhgpO3tLivfDA","The Boy with the Thorn in His Side - 2011 Remaster","spotify:artist:3yY2gUcIsjMr8hjo51PoJ8","The Smiths","spotify:album:2clbQSNocEJCzkuPPuc00q","The World Won't Listen","spotify:artist:3yY2gUcIsjMr8hjo51PoJ8","The Smiths","1987","https://i.scdn.co/image/ab67616d0000b2735eb3236d77173121d6f56ddd","1","8","196626","https://p.scdn.co/mp3-preview/544b9558cddfa4a07fdac767b30a69214d056979?cid=9950ac751e34487dbbe027c4fd7f8e99","false","40","GBCRL1100052","spotify:user:isak.sjoholm.","2025-07-18T13:23:34Z","new wave,madchester,jangle pop","0.514","0.87","7","-6.516","1","0.0419","0.208","0.000041","0.524","0.847","118.962","4","","WM UK","C © 1986 Warner Music UK Ltd, P ℗ 2011 Rhino UK, a division of Warner Music UK Ltd."
"spotify:track:4ToJh85VhYty7St57aOtkW","Princesa","spotify:artist:0GYeIu5i1MOyHuXKrmiqdQ","Wando","spotify:album:0vwsoTYB0oZm5r0Ahzyke3","Coração Aceso","spotify:artist:0GYeIu5i1MOyHuXKrmiqdQ","Wando","1987-01-01","https://i.scdn.co/image/ab67616d0000b2739dd1586db00875d1319fbcbb","1","3","261026","https://p.scdn.co/mp3-preview/b48dab4b6a6143a5bcd51f61bff02673de69c591?cid=9950ac751e34487dbbe027c4fd7f8e99","false","24","BRUM71002189","spotify:user:isak.sjoholm.","2025-07-18T13:23:34Z","brega,mpb,seresta","0.389","0.449","7","-10.701","1","0.0299","0.618","0.00000265","0.336","0.455","125.138","4","","Universal Music Ltda.","C © 2017 Universal Music Ltda, P ℗ 1987 Universal Music Ltda"
"spotify:track:1fr3Pod8nWVEquayEpzIIv","Um Ombro Pra Chorar","spotify:artist:012whAEpADzsx3xHjT9nva","Barrerito","spotify:album:7HeSdaPiDwy8iL1Ncxiegl","Onde Estão Os Meus Passos","spotify:artist:012whAEpADzsx3xHjT9nva","Barrerito","1987-07-16","https://i.scdn.co/image/ab67616d0000b2734431e4da40bc1ef41b254bd2","1","1","171262","https://p.scdn.co/mp3-preview/4b23424d218f92f7bae5a948c0b0cf3dd927bbcd?cid=9950ac751e34487dbbe027c4fd7f8e99","false","44","BREMI8700087","spotify:user:isak.sjoholm.","2025-07-18T13:23:34Z","sertanejo tradicional,sertanejo","0.694","0.598","8","-6.804","1","0.0276","0.253","0.0000195","0.0532","0.773","111.706","3","","Universal Music Ltda.","C © 1987 EMI Records Brasil Ltda, P ℗ 1987 EMI Records Brasil Ltda"
"spotify:track:7g7vgCCYbknNJKEtv9mhLh","Pot-Pourri Partido Alto Que Mulher (Nega Danada)/ Mulher Ingrata/ Para o Bem do Nosso Bem","spotify:artist:3qZ2n5keOAat1SoF6bHwmb, spotify:artist:2mOSP0ZMWqkSt8xGATF3YB","Zeca Pagodinho, Mauro Diniz","spotify:album:4E6cailITFDigd7SESLDkL","Patota do Cosme","spotify:artist:3qZ2n5keOAat1SoF6bHwmb","Zeca Pagodinho","1987-01-01","https://i.scdn.co/image/ab67616d0000b273e758d17b261b7d3bbbf66e8a","1","7","245573","https://p.scdn.co/mp3-preview/9d0787d2e98351a6de20da97d967ed4f148c54b1?cid=9950ac751e34487dbbe027c4fd7f8e99","false","32","BRRGE8700002","spotify:user:isak.sjoholm.","2025-07-18T13:23:34Z","samba,pagode,samba,pagode","0.544","0.827","5","-6.279","1","0.178","0.489","0","0.12","0.868","122.138","4","","Som Livre","C (C) 1987 Som Livre"
"spotify:track:3kBWb6xQRv4keYG4heTUfG","Eu Não Quero Mais","spotify:artist:1WkZvxuA4zCcFF9GChK6Vr","Grupo Fundo De Quintal","spotify:album:3xDRJgrkmvBdLp4xIsnzA4","Do Fundo do Nosso Quintal","spotify:artist:1WkZvxuA4zCcFF9GChK6Vr","Grupo Fundo De Quintal","1987-01-01","https://i.scdn.co/image/ab67616d0000b273c8c47ca51f1ab8a3fde9a170","1","1","254733","https://p.scdn.co/mp3-preview/2adaf72f2f0e807e06ae301108a855d425e91f71?cid=9950ac751e34487dbbe027c4fd7f8e99","false","28","BRSGL8700029","spotify:user:isak.sjoholm.","2025-07-18T13:23:34Z","samba,pagode","0.548","0.815","11","-7.012","0","0.0742","0.62","0","0.103","0.958","100.135","4","","Som Livre","C (C) 1987 Som Livre"
"spotify:track:52Cy1lKyNxX8vNa1EubNit","O Outro","spotify:artist:012whAEpADzsx3xHjT9nva","Barrerito","spotify:album:7HeSdaPiDwy8iL1Ncxiegl","Onde Estão Os Meus Passos","spotify:artist:012whAEpADzsx3xHjT9nva","Barrerito","1987-07-16","https://i.scdn.co/image/ab67616d0000b2734431e4da40bc1ef41b254bd2","1","3","196631","https://p.scdn.co/mp3-preview/fa1c8fed3eaf6f4095180db0071ee898106c4d75?cid=9950ac751e34487dbbe027c4fd7f8e99","false","34","BREMI8700219","spotify:user:isak.sjoholm.","2025-07-18T13:23:34Z","sertanejo tradicional,sertanejo","0.418","0.609","11","-7.86","1","0.0333","0.151","0","0.112","0.561","185.609","4","","Universal Music Ltda.","C © 1987 EMI Records Brasil Ltda, P ℗ 1987 EMI Records Brasil Ltda"
"spotify:track:1AKDvw1NmyHoL0cMAjK99i","Croc, Croc","spotify:artist:4DOlsUBpxw706SXx05Xoi2","Xuxa","spotify:album:0GV5c7U4j89x3zUqxmavPR","Xegundo Xou da Xuxa","spotify:artist:4DOlsUBpxw706SXx05Xoi2","Xuxa","1987","https://i.scdn.co/image/ab67616d0000b273978af96eda49d245b341f717","1","8","194066","https://p.scdn.co/mp3-preview/9b02da756f5817b64e13ab4f821ac771cb10f367?cid=9950ac751e34487dbbe027c4fd7f8e99","false","30","BRSGL8800067","spotify:user:isak.sjoholm.","2025-07-18T13:23:34Z","vaggvisa,barnmusik","0.791","0.763","4","-10.671","1","0.0599","0.496","0.00000126","0.147","0.98","135.648","4","","Som Livre","C (C) 1987 Som Livre, P (P) 1987 Som Livre"
"spotify:track:0UCjdF1gYMWhxBg278a6GU","Vida Louca Vida","spotify:artist:3LWCuB9QxDmpLhhGwqU04N","Lobão","spotify:album:1mGU4TLsEmo4brfgYv6K3U","Vida Bandida","spotify:artist:3LWCuB9QxDmpLhhGwqU04N","Lobão","1987-03-25","https://i.scdn.co/image/ab67616d0000b273973ed81d2e8e9ed28840d547","1","7","209373","https://p.scdn.co/mp3-preview/c79b8cffa81492aab391668a1ffcc9712bdac97e?cid=9950ac751e34487dbbe027c4fd7f8e99","false","24","GBHCD1153598","spotify:user:isak.sjoholm.","2025-07-18T13:23:34Z","brasiliansk rock,brasiliansk pop,mpb","0.735","0.59","6","-14.602","0","0.0325","0.336","0.0000317","0.329","0.936","139.328","4","","Celluloid",""
"spotify:track:5FM7dyt9zC0kVTXkPzkIcm","Coração de Pedra","spotify:artist:2PTSfUCRZcKf0WIkyXsHf5","Semeando","spotify:album:2IgzgNer5KFKi4gxtUlhr7","Evidências","spotify:artist:2PTSfUCRZcKf0WIkyXsHf5","Semeando","1987-10-12","https://i.scdn.co/image/ab67616d0000b2732c0ee3c9bcb61287c3a1f7b0","1","1","303520","https://p.scdn.co/mp3-preview/533c240c5916ee271d97214e7a4c0bc53fb23ad7?cid=9950ac751e34487dbbe027c4fd7f8e99","false","0","BRSPR0500001","spotify:user:isak.sjoholm.","2025-07-18T13:23:34Z","gospel,brasiliansk gospel,kristen pop","0.624","0.415","7","-5.318","1","0.0269","0.287","0.00000113","0.191","0.17","123.627","4","","Semeando","C 1988 Semeando, P 1988 Semeando"
"spotify:track:1cSgQtGFvr7QD38xiXEg2a","Tempo de Don Don","spotify:artist:3qZ2n5keOAat1SoF6bHwmb","Zeca Pagodinho","spotify:album:4E6cailITFDigd7SESLDkL","Patota do Cosme","spotify:artist:3qZ2n5keOAat1SoF6bHwmb","Zeca Pagodinho","1987-01-01","https://i.scdn.co/image/ab67616d0000b273e758d17b261b7d3bbbf66e8a","1","4","233200","https://p.scdn.co/mp3-preview/8ce228612519653c865907592c71d6a134987783?cid=9950ac751e34487dbbe027c4fd7f8e99","false","27","BRRGE9000131","spotify:user:isak.sjoholm.","2025-07-18T13:23:34Z","samba,pagode","0.542","0.87","2","-5.106","1","0.0848","0.414","0","0.0378","0.897","115.609","4","","Som Livre","C (C) 1987 Som Livre"
"spotify:track:1eZHiSt4T4zmsT5Z1C6wTB","Carvalhos de Justiça","spotify:artist:1JinXhb3X1353fty4OCZok","Josué Rodrigues","spotify:album:2UayPgF9ApWaFkbppWJQHh","Boas Palavras","spotify:artist:1JinXhb3X1353fty4OCZok","Josué Rodrigues","1987-04-30","https://i.scdn.co/image/ab67616d0000b2732bd601fb17439ef7783f4b83","1","5","273159","https://p.scdn.co/mp3-preview/8360d90bff11b783768fb882decf68844370df26?cid=9950ac751e34487dbbe027c4fd7f8e99","false","45","QZGLS2025690","spotify:user:isak.sjoholm.","2025-07-18T13:23:34Z","brasiliansk gospel,gospel","0.441","0.451","8","-13.181","0","0.0378","0.585","0.00000975","0.101","0.27","132.823","4","","Rev Josué Rodrigues","C 2020 aruvieri, P 2020 aruvieri"
"spotify:track:45KRB0JsO8R0L2mamnJH5f","Cambalache","spotify:artist:7jrRQZg4FZq6dwpi3baKcu","Raul Seixas","spotify:album:2bu9Le96isfDbrNrGKhYKC","Uah-Bap-Lu-Bap-Lah-Bein-Bum","spotify:artist:7jrRQZg4FZq6dwpi3baKcu","Raul Seixas","1987-07-14","https://i.scdn.co/image/ab67616d0000b2738ea0dfe90d5ce77b44a38216","1","5","157640","https://p.scdn.co/mp3-preview/81b32f1be8db5a6b068f8d53c3f3093a5c9c828c?cid=9950ac751e34487dbbe027c4fd7f8e99","false","31","BREMI8700027","spotify:user:isak.sjoholm.","2025-07-18T13:23:34Z","brasiliansk rock,mpb,brasiliansk pop","0.586","0.552","4","-7.933","1","0.183","0.156","0","0.127","0.813","124.478","4","","EMI","C © 1987 Copacabana Records, P ℗ 1987 Copacabana Records"
"spotify:track:6oA59lRlPdFDMhxH0QqTbc","Além das Dunas","spotify:artist:2ogVLvqrm6b9CpJe5y9GQG","Kafka","spotify:album:6ugeyZKQm6yFJZUMgiR9Wq","Musikanervosa","spotify:artist:2ogVLvqrm6b9CpJe5y9GQG","Kafka","1987-01-07","https://i.scdn.co/image/ab67616d0000b273fbc4a820423c8acf4c33ece3","1","6","239333","https://p.scdn.co/mp3-preview/a3dbc0f2ded845d58c39e6e0e6db8f794425fa3e?cid=9950ac751e34487dbbe027c4fd7f8e99","false","23","BRCEP1500081","spotify:user:isak.sjoholm.","2025-07-18T13:23:34Z","postpunk,deathrock,gotisk rock,darkwave,cold wave","0.385","0.864","11","-5.284","0","0.0464","0.000599","0.00135","0.234","0.888","146.023","4","","Baratos Afins","C Baratos Afins, P Baratos Afins"
"spotify:track:096ICFAvmCktzkKLUVaMBk","Mentiras","spotify:artist:2euX7vCVnJy3TVEGfc0RCl","Titãs","spotify:album:0LQi86MshG4CZgOSYNketn","Jesus Não Tem Dentes No País Dos Banguelas","spotify:artist:2euX7vCVnJy3TVEGfc0RCl","Titãs","1987","https://i.scdn.co/image/ab67616d0000b273b01fe34f305fb962a0378b50","1","8","130440","https://p.scdn.co/mp3-preview/dec8cd4b0ea152bb639572f97746f4adeb2a9170?cid=9950ac751e34487dbbe027c4fd7f8e99","false","21","BRWMB9600816","spotify:user:isak.sjoholm.","2025-07-18T13:23:34Z","brasiliansk rock,mpb,brasiliansk pop,poprock","0.466","0.989","4","-7.639","1","0.0434","0.00946","0.000078","0.0901","0.753","119.591","4","","WM Brazil","C © 1987 WEA International Inc., P ℗ 2002 WEA International Inc."
"spotify:track:4vDZfAcc3O7sCA09YZ0tCE","Cantar","spotify:artist:7jrRQZg4FZq6dwpi3baKcu","Raul Seixas","spotify:album:2bu9Le96isfDbrNrGKhYKC","Uah-Bap-Lu-Bap-Lah-Bein-Bum","spotify:artist:7jrRQZg4FZq6dwpi3baKcu","Raul Seixas","1987-07-14","https://i.scdn.co/image/ab67616d0000b2738ea0dfe90d5ce77b44a38216","1","9","183213","https://p.scdn.co/mp3-preview/f95202b30a3b03b0bac8e67d4cbfe48f06310797?cid=9950ac751e34487dbbe027c4fd7f8e99","false","33","BREMI8700028","spotify:user:isak.sjoholm.","2025-07-18T13:23:34Z","brasiliansk rock,mpb,brasiliansk pop","0.591","0.617","0","-8.019","1","0.049","0.097","0","0.181","0.617","129.845","4","","EMI","C © 1987 Copacabana Records, P ℗ 1987 Copacabana Records"
"spotify:track:6rnXAL7TewjfiZCXplvtNW","Kamikase","spotify:artist:3B6Dwh2BxsN9YjhDgBlg1V","Egotrip","spotify:album:2PXFJNI8mNxstjTV0jXlEZ","Egotrip","spotify:artist:3B6Dwh2BxsN9YjhDgBlg1V","Egotrip","1987","https://i.scdn.co/image/ab67616d0000b273581ac470bb5fdeeb82e21f35","1","2","364373","https://p.scdn.co/mp3-preview/2f8b3b061629ccc4345a1b01d805ea51ce8f4dc8?cid=9950ac751e34487dbbe027c4fd7f8e99","false","28","BRSME8800147","spotify:user:isak.sjoholm.","2025-07-18T13:23:34Z","brasiliansk rock,brasiliansk pop","0.639","0.76","7","-8.486","1","0.0347","0.138","0.631","0.0528","0.668","104.297","4","","Sony BMG Music Entertainment","P 1987 SONY MUSIC ENTERTAINMENT (BRASIL) I.C.L."
"spotify:track:4c9OABHs9VXoFCLr4FMF35","De Primeira Grandeza","spotify:artist:0C8HhyOa7zfzIl3gmPjY52","Belchior","spotify:album:3Tl8FHhjnOlcXXxN8eSFeC","Melodrama","spotify:artist:0C8HhyOa7zfzIl3gmPjY52","Belchior","1987","https://i.scdn.co/image/ab67616d0000b27329909bac5efe7bd451044b02","1","1","319546","https://p.scdn.co/mp3-preview/e419bd2e0bfc38c9ae7686b575fd30610d41edab?cid=9950ac751e34487dbbe027c4fd7f8e99","false","30","BRMCA8700033","spotify:user:isak.sjoholm.","2025-07-18T13:23:34Z","mpb","0.525","0.551","7","-8.61","0","0.0258","0.718","0.00241","0.106","0.455","95.33","4","","Universal Music Ltda.","C © 1987 Universal Music Ltda, P This Compilation ℗ 1987 Universal Music Ltda"
"spotify:track:2vrg4a3GpmQBlRfk8nP3fG","Violência","spotify:artist:2euX7vCVnJy3TVEGfc0RCl","Titãs","spotify:album:0LQi86MshG4CZgOSYNketn","Jesus Não Tem Dentes No País Dos Banguelas","spotify:artist:2euX7vCVnJy3TVEGfc0RCl","Titãs","1987","https://i.scdn.co/image/ab67616d0000b273b01fe34f305fb962a0378b50","1","13","168600","https://p.scdn.co/mp3-preview/81c653a48f5009c87307565bbee2b67f0b28de5e?cid=9950ac751e34487dbbe027c4fd7f8e99","false","22","BRWMB0103544","spotify:user:isak.sjoholm.","2025-07-18T13:23:34Z","brasiliansk rock,mpb,brasiliansk pop,poprock","0.57","0.698","4","-8.721","1","0.0334","0.128","0.00000165","0.198","0.334","122.482","4","","WM Brazil","C © 1987 WEA International Inc., P ℗ 2002 WEA International Inc."
"spotify:track:06OE8U81123aw3eL05DU4F","Iluminados","spotify:artist:64neTfIIdYKNhJ9zxoz3jF","Ivan Lins","spotify:album:41kbqk2EnBAFqk75ML8peA","Mãos","spotify:artist:64neTfIIdYKNhJ9zxoz3jF","Ivan Lins","1987-01-01","https://i.scdn.co/image/ab67616d0000b2731af85cb0fa29ff7c2b26bd3e","1","5","259560","https://p.scdn.co/mp3-preview/5e84e4bc28ea8874ad9d774b7158ca7001b0ab6a?cid=9950ac751e34487dbbe027c4fd7f8e99","false","46","BRPGD8700002","spotify:user:isak.sjoholm.","2025-07-18T13:23:34Z","mpb,samba,latinamerikansk jazz,brasiliansk jazz,bossa nova","0.559","0.432","11","-10.69","1","0.025","0.789","0.00653","0.191","0.333","96.638","4","","Universal Music Ltda.","C © 1987 Universal Music Ltda, P ℗ 1987 Universal Music Ltda"
"spotify:track:0t39RLyrN3cV5caiCI7ooB","Satanic Lust","spotify:artist:3bPSw3qkTeBZXnfDFUqmPG","Sarcófago","spotify:album:1ar4Z56FydAxYg7FuWYgOu","INRI","spotify:artist:3bPSw3qkTeBZXnfDFUqmPG","Sarcófago","1987","https://i.scdn.co/image/ab67616d0000b27362646c70dcd6a0909063f696","1","1","188600","https://p.scdn.co/mp3-preview/bcde7138238f5225e73e6e28a59f783a12bb2736?cid=9950ac751e34487dbbe027c4fd7f8e99","false","33","BRCOG0500190","spotify:user:isak.sjoholm.","2025-07-18T13:23:34Z","svart metal,death metal,thrash metal,metal,speed metal","0.247","0.935","7","-9.541","1","0.0728","0.00000436","0.682","0.0863","0.125","92.369","4","","Cogumelo Records","C 2014 Cogumelo Records, P 1987 Cogumelo Records"
"spotify:track:5JJqMiowdEcR4FEgBMU2YO","Outono","spotify:artist:6uQRIkPcadcgd4oilLAT7A","Violeta De Outono","spotify:album:7lP7TBUFoQFErpGqxWzyAw","Violeta de Outono","spotify:artist:6uQRIkPcadcgd4oilLAT7A","Violeta De Outono","1987-07-20","https://i.scdn.co/image/ab67616d0000b27339cfd51362e99a5f588bca85","1","1","213173","https://p.scdn.co/mp3-preview/4148865dcc561f10af47d36b0ad77aaf0c13e7d3?cid=9950ac751e34487dbbe027c4fd7f8e99","false","25","BRBMG9500095","spotify:user:isak.sjoholm.","2025-07-18T13:23:34Z","brasiliansk rock,progressiv rock,postpunk","0.464","0.788","2","-8.011","1","0.0284","0.169","0.556","0.0767","0.74","145.518","4","","Sony Music Entertainment","P (P) 1987 RCA"
"spotify:track:28oNa9RprR7kWvp8IKvw7v","Nosso Nome: Resistência","spotify:artist:0hPar6ePAELiu9rYMdvMEo","Alcione","spotify:album:5zVt3VyrP5u9YsfvQDRx1d","Nosso Nome Resistência","spotify:artist:0hPar6ePAELiu9rYMdvMEo","Alcione","1987-02-25","https://i.scdn.co/image/ab67616d0000b273d9fcdc14bba3e8b4ad4cfaec","1","6","202840","https://p.scdn.co/mp3-preview/765e6dc77bc2675b6b8c033491a34096da505497?cid=9950ac751e34487dbbe027c4fd7f8e99","false","16","BRBMG8700293","spotify:user:isak.sjoholm.","2025-07-18T13:23:34Z","samba,pagode,mpb","0.617","0.825","2","-8.991","1","0.0706","0.157","0.00000731","0.32","0.938","136.799","4","","RCA Records Label","P 1987 BMG BRASIL LTDA"
"spotify:track:4FHJ0n9SKtY1XyVPOcidJ4","""Vamo"" Comer","spotify:artist:7HGNYPmbDrMkylWqeFCOIQ, spotify:artist:1zZjt7cDeeJSLWZYK34r7W","Caetano Veloso, Luiz Melodia","spotify:album:6QlBwWIVQrXRVGurhHp0DM","Caetano","spotify:artist:7HGNYPmbDrMkylWqeFCOIQ","Caetano Veloso","1987-01-01","https://i.scdn.co/image/ab67616d0000b273d2a2ae95f1030cfd2ea68b77","1","6","198400","https://p.scdn.co/mp3-preview/8224b537077cb942f2901903b5f7d099692aa20c?cid=9950ac751e34487dbbe027c4fd7f8e99","false","24","BRMCA8700106","spotify:user:isak.sjoholm.","2025-07-18T13:23:34Z","mpb,bossa nova,samba,samba,mpb","0.804","0.461","2","-13.52","1","0.0826","0.127","0.0000147","0.0925","0.844","109.713","4","","Universal Music Ltda.","C © 1987 Universal Music Ltda, P ℗ 1987 Universal Music Ltda"
"spotify:track:1YQGwZkrhHfHK7oJiPeVcF","Gosto do Prazer (feat. Gilberto Gil)","spotify:artist:0H8k2AiKxhmf33OalpJb53, spotify:artist:7oEkUINVIj1Nr3Wnj8tzqr","A Cor Do Som, Gilberto Gil","spotify:album:2wRfueiPc1VHZlimzaz3Bj","Gosto do Prazer","spotify:artist:0H8k2AiKxhmf33OalpJb53","A Cor Do Som","1987-02-10","https://i.scdn.co/image/ab67616d0000b273098983f6f1456963b54c0509","1","2","249173","https://p.scdn.co/mp3-preview/e016c3fd0de605f7f583c74fbb46cb11254e1dfb?cid=9950ac751e34487dbbe027c4fd7f8e99","false","18","BRBMG8600189","spotify:user:isak.sjoholm.","2025-07-18T13:23:34Z","mpb,brasiliansk pop,axé,mpb,bossa nova,forró tradicional,samba,brasiliansk jazz","0.519","0.917","0","-6.553","1","0.0468","0.124","0.0000294","0.203","0.862","142.992","4","","Sony Music Entertainment","P (P) 1987 RCA Victor."
"spotify:track:1mTM0xddIlRn6cMiiFcqOX","Opção","spotify:artist:2x5fdOl1kpBgD74cOkzNY0","Almir Guineto","spotify:album:4EBWVUmEV3Fj30UDZOXQuO","Perfume de Champanhe","spotify:artist:2x5fdOl1kpBgD74cOkzNY0","Almir Guineto","1987-01-01","https://i.scdn.co/image/ab67616d0000b2734e78b4d8ee33f0e968d13b44","1","4","200600","https://p.scdn.co/mp3-preview/199b2bee32fb85e5a1a73a0da75bde34f12bde1b?cid=9950ac751e34487dbbe027c4fd7f8e99","false","27","BRRGE8790043","spotify:user:isak.sjoholm.","2025-07-18T13:23:34Z","samba,pagode","0.573","0.824","11","-6.859","0","0.209","0.328","0","0.285","0.644","93.306","4","","Som Livre","C (C) 1987 Som Livre"
"spotify:track:2ewKm8PoMTMzweOsfRt0t8","Navio","spotify:artist:5rrmaoBXZ7Jcs4Qb77j0YA","Djavan","spotify:album:7GUV4OKahXtUI5WXJk7Mxx","Não É Azul Mas É Mar","spotify:artist:5rrmaoBXZ7Jcs4Qb77j0YA","Djavan","1987-03-25","https://i.scdn.co/image/ab67616d0000b2737064b0c1e363cd14a0f34205","1","7","314560","https://p.scdn.co/mp3-preview/8287184cb5fcad523e2bb88aaaabe255582a5f63?cid=9950ac751e34487dbbe027c4fd7f8e99","false","30","BRSME8700059","spotify:user:isak.sjoholm.","2025-07-18T13:23:34Z","mpb,bossa nova","0.613","0.412","1","-10.822","0","0.0388","0.617","0.0000114","0.0623","0.435","113.76","4","","Columbia","P (P) 1987 Discos Sony Music Entertainment I.C.L."
"spotify:track:5qflcKPaOVsFUYWXWR6Aq9","People Are","spotify:artist:3bKO3mmizIpDdwNVdp96B9","Nenhum De Nós","spotify:album:6XHpLUN8Ks2OCLfsuHK9IG","Nenhum de Nós","spotify:artist:3bKO3mmizIpDdwNVdp96B9","Nenhum De Nós","1987-02-17","https://i.scdn.co/image/ab67616d0000b273c6eed2e91e26b2296391d8b2","1","3","312560","https://p.scdn.co/mp3-preview/c9399602a7bcf7a02ba5c7a57382cda91e7b4b34?cid=9950ac751e34487dbbe027c4fd7f8e99","false","17","BRBMG8700281","spotify:user:isak.sjoholm.","2025-07-18T13:23:34Z","brasiliansk rock,brasiliansk pop,mpb,poprock","0.657","0.626","11","-6.951","0","0.0288","0.00427","0.000279","0.121","0.544","110.119","4","","Sony BMG Music Entertainment","P (P) 1987 Sony Music Entertainment Brasil Ltda"
"spotify:track:7F7Q2MnRyDjixw7gnbwpLo","Nightmare","spotify:artist:3bPSw3qkTeBZXnfDFUqmPG","Sarcófago","spotify:album:1ar4Z56FydAxYg7FuWYgOu","INRI","spotify:artist:3bPSw3qkTeBZXnfDFUqmPG","Sarcófago","1987","https://i.scdn.co/image/ab67616d0000b27362646c70dcd6a0909063f696","1","3","338000","https://p.scdn.co/mp3-preview/791f9e3a65618813e4cb49faa7f7ca3194370b39?cid=9950ac751e34487dbbe027c4fd7f8e99","false","33","BRCOG0500192","spotify:user:isak.sjoholm.","2025-07-18T13:23:34Z","svart metal,death metal,thrash metal,metal,speed metal","0.348","0.755","0","-10.263","1","0.0527","0.0000102","0.736","0.183","0.267","128.436","4","","Cogumelo Records","C 2014 Cogumelo Records, P 1987 Cogumelo Records"
"spotify:track:0SzD7rJgzPv5rGbqQ4JQKb","No meio da rua","spotify:artist:4bOZtegYNmYOe3gMgPtt0H","Kid Abelha","spotify:album:4T6l1A3kdZWDyIvGUyQwA6","Tomate","spotify:artist:4bOZtegYNmYOe3gMgPtt0H","Kid Abelha","1987","https://i.scdn.co/image/ab67616d0000b273d5a2527e228a2d3fe87483ce","1","3","227160","https://p.scdn.co/mp3-preview/5a9e19d5be31328f67c3261562d398ea14c80e65?cid=9950ac751e34487dbbe027c4fd7f8e99","false","39","BRWMB9701584","spotify:user:isak.sjoholm.","2025-07-18T13:23:34Z","mpb,brasiliansk rock,brasiliansk pop","0.638","0.64","0","-12.529","1","0.0298","0.00948","0.00624","0.059","0.845","120.114","4","","WM Brazil","C © 2006 Warner Music Brazil Ltda, P ℗ 2006 Warner Music Brazil Ltda"
"spotify:track:1KGAtvF516kFk2p8lt3eUj","Quadrinhos","spotify:artist:0EYDVlKrfLbNTZlrVqib91","Picassos Falsos","spotify:album:6tDgb0djy6J2awxpWb41El","Picassos Falsos","spotify:artist:0EYDVlKrfLbNTZlrVqib91","Picassos Falsos","1987","https://i.scdn.co/image/ab67616d0000b2739389d55a6320517cd38f79f9","1","2","213026","https://p.scdn.co/mp3-preview/9940b472e29e6dc78bca8e78a180c826f84aa88a?cid=9950ac751e34487dbbe027c4fd7f8e99","false","26","BRBMG8700108","spotify:user:isak.sjoholm.","2025-07-18T13:23:34Z","brasiliansk rock,postpunk","0.591","0.778","11","-9.153","0","0.0375","0.00982","0.0253","0.149","0.697","138.505","4","","Sony Music Entertainment","P (P) 1987 Sony Music Entertainment Brasil ltda."
"spotify:track:2gSImLZjpauqI9FKonyiJy","Completamente Blue","spotify:artist:1PwOU6fFbmaGkK3wkbb8fU","Cazuza","spotify:album:3oDvGnTi4xDQujcc8v8mrs","Só Se For A Dois","spotify:artist:1PwOU6fFbmaGkK3wkbb8fU","Cazuza","1987-01-19","https://i.scdn.co/image/ab67616d0000b2735f1e0a67f4ac55c861c5d762","1","6","200466","https://p.scdn.co/mp3-preview/9035566feaa6e6b46413ba54e2b437a8b7c47236?cid=9950ac751e34487dbbe027c4fd7f8e99","false","39","BRMCA8700116","spotify:user:isak.sjoholm.","2025-07-18T13:23:34Z","mpb,brasiliansk rock,brasiliansk pop","0.594","0.614","4","-9.611","0","0.0456","0.015","0.000487","0.131","0.405","116.325","4","","Universal Music Ltda.","C © 1987 Universal Music Ltda, P ℗ 1987 Universal Music Ltda"
"spotify:track:4Mw1sqDcm5syEKQcQF5Y6x","Nova era","spotify:artist:4EUuQxMNowMUEs5gu4BzBX","Mart'nália","spotify:album:2p7wSna8P86Uz5x1tqO2KX","Mart'nália","spotify:artist:4EUuQxMNowMUEs5gu4BzBX","Mart'nália","1987","https://i.scdn.co/image/ab67616d0000b273f61205083602cb67e5206c0f","1","8","252853","https://p.scdn.co/mp3-preview/bd19c0492d2f3830449a2070ca8e4931a0f68fa5?cid=9950ac751e34487dbbe027c4fd7f8e99","false","3","BRWMB1200271","spotify:user:isak.sjoholm.","2025-07-18T13:23:34Z","samba,mpb","0.478","0.776","11","-8.941","0","0.0711","0.118","0","0.687","0.475","106.204","4","","WM Brazil","C © 1987 Warner Music Brasil Ltda., P ℗ 2012 Warner Music Brasil Ltda."
"spotify:track:0sKAv3DtfTaTSlcS3Eq9rW","From the Past Comes the Storms","spotify:artist:6JW8wliOEwaDZ231ZY7cf4","Sepultura","spotify:album:39mRhgNQlAFesk1GKCR4xx","The Complete Max Cavalera Collection 1987-1996","spotify:artist:6JW8wliOEwaDZ231ZY7cf4","Sepultura","1987","https://i.scdn.co/image/ab67616d0000b273a188b32057ee526e812999df","1","2","296866","https://p.scdn.co/mp3-preview/c5a1b15d82a39b969f7d3d4ac90427efee0b2b6b?cid=9950ac751e34487dbbe027c4fd7f8e99","false","12","NLA329780613","spotify:user:isak.sjoholm.","2025-07-18T13:23:34Z","thrash metal,groove metal,metal,death metal,nu metal,speed metal,heavy metal,alternativ metal","0.295","0.993","4","-5.378","1","0.113","0.0000226","0.0523","0.091","0.189","108.451","4","","Roadrunner Records","C © 1987, 1989, 1991, 1993, 1996, 2012 Roadrunner Records, Inc., P ℗ 1987, 1989, 1991, 1993, 1996, Roadrunner Records, Inc."
"spotify:track:00kPBRNdTt9bQLSEvOMcJd","Borzeguim","spotify:artist:3pO5VjZ4wOHCMBXOvbMISG, spotify:artist:09pnSn8shhLBZJuwI0QQmA","Antônio Carlos Jobim, Nova Banda","spotify:album:2K9aMQfhBVV5hrkfZiaxkY","Passarim","spotify:artist:3pO5VjZ4wOHCMBXOvbMISG","Antônio Carlos Jobim","1987-01-01","https://i.scdn.co/image/ab67616d0000b273cb3fce53986b0a708583a75a","1","3","263466","https://p.scdn.co/mp3-preview/6e71d0a3eb8f4c954399b4a241ebbf4ed315b32a?cid=9950ac751e34487dbbe027c4fd7f8e99","false","28","USPR38600125","spotify:user:isak.sjoholm.","2025-07-18T13:23:34Z","bossa nova,brasiliansk jazz,mpb,latinamerikansk jazz,bossa nova,mpb,brasiliansk jazz","0.354","0.455","0","-18.257","0","0.079","0.824","0.000237","0.277","0.398","99.083","4","","Verve","C © 1987 The Verve Music Group, a Division of UMG Recordings, Inc., P ℗ 1987 UMG Recordings, Inc."
"spotify:track:74KXKSMZFqjJO9p4RyzRsD","Estrela Guia","spotify:artist:4DOlsUBpxw706SXx05Xoi2","Xuxa","spotify:album:0GV5c7U4j89x3zUqxmavPR","Xegundo Xou da Xuxa","spotify:artist:4DOlsUBpxw706SXx05Xoi2","Xuxa","1987","https://i.scdn.co/image/ab67616d0000b273978af96eda49d245b341f717","1","1","338733","https://p.scdn.co/mp3-preview/374264c2ebd4ed5d811d9d178172841a13c29bab?cid=9950ac751e34487dbbe027c4fd7f8e99","false","16","BRRGE8700024","spotify:user:isak.sjoholm.","2025-07-18T13:23:34Z","vaggvisa,barnmusik","0.409","0.459","9","-12.865","1","0.0341","0.556","0.00278","0.625","0.501","149.682","4","","Som Livre","C (C) 1987 Som Livre, P (P) 1987 Som Livre"
"spotify:track:1ek7qghW5J3Ed6WpJo2Vw2","Preconceito de Cor","spotify:artist:3aqtJPuhfwxQ60jG1OAFQt","Bezerra Da Silva","spotify:album:0BNTXZBnKPTe3xUDwosPfV","Justiça Social","spotify:artist:3aqtJPuhfwxQ60jG1OAFQt","Bezerra Da Silva","1987-09-01","https://i.scdn.co/image/ab67616d0000b27341ba1d35b30d82c572c6e1ea","1","11","197893","https://p.scdn.co/mp3-preview/78728982ccdb99d797c0f6ac431c1c7a731ac981?cid=9950ac751e34487dbbe027c4fd7f8e99","false","29","BRBMG8700273","spotify:user:isak.sjoholm.","2025-07-18T13:23:34Z","samba,pagode","0.676","0.58","2","-11.914","1","0.0566","0.411","0","0.128","0.978","87.137","4","","RCA Records Label","P 1987 BMG BRASIL LTDA"
"spotify:track:5Ju96hNfxL23hmE0FITMhx","O Velho Francisco","spotify:artist:6tOsSffQQIXmK8TqsDck8t","Chico Buarque","spotify:album:1AHoHnyvTiFosqDgUChmUg","Francisco","spotify:artist:6tOsSffQQIXmK8TqsDck8t","Chico Buarque","1987-01-01","https://i.scdn.co/image/ab67616d0000b273a64747eb09043527b4f77f44","1","1","175506","https://p.scdn.co/mp3-preview/b6af8165a3afe3df6f39d3ad7faa307d50572707?cid=9950ac751e34487dbbe027c4fd7f8e99","false","23","BRBMG8700300","spotify:user:isak.sjoholm.","2025-07-18T13:23:34Z","mpb,bossa nova,samba,brasiliansk jazz","0.406","0.686","7","-9.721","1","0.0344","0.481","0","0.36","0.658","91.707","5","","RCA Records Label","P 1987 BMG BRASIL LTDA."
"spotify:track:3aEzC2SaR5sfNXBiEOT4Cb","Amanhã é 23","spotify:artist:4bOZtegYNmYOe3gMgPtt0H","Kid Abelha","spotify:album:4T6l1A3kdZWDyIvGUyQwA6","Tomate","spotify:artist:4bOZtegYNmYOe3gMgPtt0H","Kid Abelha","1987","https://i.scdn.co/image/ab67616d0000b273d5a2527e228a2d3fe87483ce","1","8","310133","https://p.scdn.co/mp3-preview/a0232462e74e894274f228850e44bfbb68aa399f?cid=9950ac751e34487dbbe027c4fd7f8e99","false","31","BRWMB9701589","spotify:user:isak.sjoholm.","2025-07-18T13:23:34Z","mpb,brasiliansk rock,brasiliansk pop","0.555","0.759","11","-10.31","0","0.0406","0.154","0.00466","0.26","0.425","111.507","4","","WM Brazil","C © 2006 Warner Music Brazil Ltda, P ℗ 2006 Warner Music Brazil Ltda"
"spotify:track:2yoLbn93q5h70DiLtLHXm3","Menor Abandonado","spotify:artist:3qZ2n5keOAat1SoF6bHwmb","Zeca Pagodinho","spotify:album:4E6cailITFDigd7SESLDkL","Patota do Cosme","spotify:artist:3qZ2n5keOAat1SoF6bHwmb","Zeca Pagodinho","1987-01-01","https://i.scdn.co/image/ab67616d0000b273e758d17b261b7d3bbbf66e8a","1","8","229960","https://p.scdn.co/mp3-preview/8a3e809fb98fec60da36ab7109c847fa0cfe857f?cid=9950ac751e34487dbbe027c4fd7f8e99","false","27","BRRGE0000076","spotify:user:isak.sjoholm.","2025-07-18T13:23:34Z","samba,pagode","0.507","0.796","7","-6.286","1","0.0549","0.387","0","0.125","0.792","96.222","4","","Som Livre","C (C) 1987 Som Livre"
"spotify:track:0dR3esdtYIOv32EZAfrOGF","I Am (Gita)","spotify:artist:7jrRQZg4FZq6dwpi3baKcu","Raul Seixas","spotify:album:2bu9Le96isfDbrNrGKhYKC","Uah-Bap-Lu-Bap-Lah-Bein-Bum","spotify:artist:7jrRQZg4FZq6dwpi3baKcu","Raul Seixas","1987-07-14","https://i.scdn.co/image/ab67616d0000b2738ea0dfe90d5ce77b44a38216","1","4","282626","https://p.scdn.co/mp3-preview/c88af86a7b646cb5bcb7d5bc6302b6aa84ac34fe?cid=9950ac751e34487dbbe027c4fd7f8e99","false","29","BREMI8700128","spotify:user:isak.sjoholm.","2025-07-18T13:23:34Z","brasiliansk rock,mpb,brasiliansk pop","0.562","0.603","4","-7.983","1","0.0325","0.0326","0.000011","0.13","0.576","118.384","4","","EMI","C © 1987 Copacabana Records, P ℗ 1987 Copacabana Records"
"spotify:track:1XsT0VCg0Z6Th6D6fQV48O","Romance da Bela Inês","spotify:artist:559vxOLTzlAv0zB77JMcdG","Alceu Valença","spotify:album:4SVu1vfL4NjNduf29eWBYD","Leque Moleque","spotify:artist:559vxOLTzlAv0zB77JMcdG","Alceu Valença","1987-10-16","https://i.scdn.co/image/ab67616d0000b27377217153271b7aadb92a8807","1","3","270226","https://p.scdn.co/mp3-preview/c0829f1047731a794f0c12533b1407080eae9113?cid=9950ac751e34487dbbe027c4fd7f8e99","false","26","BRBMG8700287","spotify:user:isak.sjoholm.","2025-07-18T13:23:34Z","mpb,forró tradicional,forró","0.609","0.498","4","-8.101","1","0.0337","0.737","0.00000161","0.119","0.643","113.238","4","","RCA Records Label","P 1987 BMG ARIOLA DISCOS LTDA."
"spotify:track:2L96tUZluaOjojy81eeboJ","Desejos","spotify:artist:5iGIquwrDNyCqMfugGhnV9, spotify:artist:3CK7CIjBOogTeAbAJWPkr8","Katia, José Augusto","spotify:album:24xCtJNa2vqjxyoLeM8Sq8","Kátia","spotify:artist:5iGIquwrDNyCqMfugGhnV9","Katia","1987-01-01","https://i.scdn.co/image/ab67616d0000b2737e0add0a4448d58fca387d52","1","2","272143","https://p.scdn.co/mp3-preview/9ed12b2b2e6027ed001ae24ff873bb1772f428be?cid=9950ac751e34487dbbe027c4fd7f8e99","false","25","QM6N21547546","spotify:user:isak.sjoholm.","2025-07-18T13:23:34Z","brega,mpb,seresta,brega,mpb,seresta","0.603","0.436","0","-11.989","1","0.0266","0.343","0","0.102","0.692","108.302","4","","3M","C (C) 1987 3M, P (P) 1987 3M"
"spotify:track:33Lf6wZG9NhIOWxLiFHmWl","Levando a vida","spotify:artist:4oa7ETNZH1ivfzFkCGVZlR, spotify:artist:55Wn8tf8dBvfl1HRsD7Kze","Milionário & José Rico, Continental","spotify:album:5bsaQm7yMVaue1c38M8ioX","Volume 16 (Na China)","spotify:artist:4oa7ETNZH1ivfzFkCGVZlR, spotify:artist:55Wn8tf8dBvfl1HRsD7Kze","Milionário & José Rico, Continental","1987","https://i.scdn.co/image/ab67616d0000b273655ff55f415fed5c99d438d4","1","1","249106","https://p.scdn.co/mp3-preview/75e6eec5660f22e8fa805f2caff47470c1711b3f?cid=9950ac751e34487dbbe027c4fd7f8e99","false","31","BRWMB9800313","spotify:user:isak.sjoholm.","2025-07-18T13:23:34Z","sertanejo tradicional,sertanejo,sertanejo tradicional,sertanejo,brega","0.522","0.7","2","-5.959","1","0.046","0.621","0","0.234","0.66","183.939","4","","WM Brazil","C © 1987 WEA International Inc., P ℗ 2000 WEA International Inc."
