Låtens URI,Låtens namn,Artistens URI,Artistens namn,Albumets URI,Albumets namn,Albumartistens URI,Albumartistens namn,Albumets releasedatum,Albumets bild-URL,Skivnummer,Låtnummer,Låtlängd (ms),Förhandsgranskning URL,Explicit,Popularitet,ISRC,Tillagd av,Tillagd vid,Artistens genrer,Dansbarhet,Energi,Tonart,Ljudstyrka,Läge,Talighet,Akustik,Instrumentalhet,Livlighet,Valens,Tempo,Taktart,Albumets genrer,Skivbolag,Upphovsrätt
spotify:track:4zilaLUHhqf7oAjilo9ws6,Lille Pik,spotify:artist:6gBmiKOt38JSrowmeMqawZ,Pattesutter,spotify:album:5j46mjERNOLmm0F3m9QQT6,Lille Pik,spotify:artist:6gBmiKOt38JSrowmeMqawZ,Pattesutter,2018-12-21,https://i.scdn.co/image/ab67616d0000b27386da150e58e6bdb47234fb59,1,1,148586,https://p.scdn.co/mp3-preview/ff248ccb761eebdceebd5f9e8f0be2ef2b3f878c?cid=9950ac751e34487dbbe027c4fd7f8e99,True,37,DKCC21803201,spotify:user:isak.sjoholm.,2025-07-18T13:16:44Z,,0.843,0.96,7.0,-4.61,1.0,0.0474,0.0128,0.00155,0.0373,0.978,146.998,3.0,,Heksekunst,"C (C) 2021 Heksekunst, P (P) 2021 Heksekunst"
spotify:track:4zilaLUHhqf7oAjilo9ws6,Lille Pik,spotify:artist:6gBmiKOt38JSrowmeMqawZ,Pattesutter,spotify:album:5j46mjERNOLmm0F3m9QQT6,Lille Pik,spotify:artist:6gBmiKOt38JSrowmeMqawZ,Pattesutter,2018-12-21,https://i.scdn.co/image/ab67616d0000b27386da150e58e6bdb47234fb59,1,1,148586,https://p.scdn.co/mp3-preview/ff248ccb761eebdceebd5f9e8f0be2ef2b3f878c?cid=9950ac751e34487dbbe027c4fd7f8e99,True,37,DKCC21803201,spotify:user:isak.sjoholm.,2025-07-18T13:16:44Z,,0.843,0.96,7.0,-4.61,1.0,0.0474,0.0128,0.00155,0.0373,0.978,146.998,3.0,,Heksekunst,"C (C) 2021 Heksekunst, P (P) 2021 Heksekunst"
spotify:track:0Byi0pNpSr0FKDQ8HtMwKY,Yo Quiero Quebrarte,spotify:artist:6RVdNANISrVp76M0Wjy4hX,Los Felinos,spotify:album:7rVVL3koiagqhD3yMYpAQy,Soy El Aventurero,spotify:artist:6RVdNANISrVp76M0Wjy4hX,Los Felinos,1994-04-19,https://i.scdn.co/image/ab67616d0000b273b83677eab8580db68467fc58,1,2,186247,https://p.scdn.co/mp3-preview/cf15d840e544821f2d7a1ec649c9d138e5635f82?cid=9950ac751e34487dbbe027c4fd7f8e99,False,62,MXF369432943,spotify:user:isak.sjoholm.,2025-07-18T13:12:13Z,"grupera,cumbia,cumbia sonidera,cumbia norteña",0.875,0.882,0.0,-8.113,1.0,0.0567,0.0373,0.346,0.0228,0.918,140.354,4.0,,Musart-Balboa,"C © 1994 Musart-Balboa, a division of Concord Music Group, Inc., P ℗ 1994 Musart-Balboa, a division of Concord Music Group, Inc."
spotify:track:0Byi0pNpSr0FKDQ8HtMwKY,Yo Quiero Quebrarte,spotify:artist:6RVdNANISrVp76M0Wjy4hX,Los Felinos,spotify:album:7rVVL3koiagqhD3yMYpAQy,Soy El Aventurero,spotify:artist:6RVdNANISrVp76M0Wjy4hX,Los Felinos,1994-04-19,https://i.scdn.co/image/ab67616d0000b273b83677eab8580db68467fc58,1,2,186247,https://p.scdn.co/mp3-preview/cf15d840e544821f2d7a1ec649c9d138e5635f82?cid=9950ac751e34487dbbe027c4fd7f8e99,False,62,MXF369432943,spotify:user:isak.sjoholm.,2025-07-18T13:12:13Z,"grupera,cumbia,cumbia sonidera,cumbia norteña",0.875,0.882,0.0,-8.113,1.0,0.0567,0.0373,0.346,0.0228,0.918,140.354,4.0,,Musart-Balboa,"C © 1994 Musart-Balboa, a division of Concord Music Group, Inc., P ℗ 1994 Musart-Balboa, a division of Concord Music Group, Inc."
spotify:track:2n45sK6aEas1Wwnt4Obj7z,Ah W Noss,spotify:artist:0LnHdW6HMPoOlNdhG3DHjE,Nancy Ajram,spotify:album:2Cq6dxYeJSGMq9ivFt1AK6,Ah W Noss,spotify:artist:0LnHdW6HMPoOlNdhG3DHjE,Nancy Ajram,2004-01-01,https://i.scdn.co/image/ab67616d0000b273838b460e30d6a77512ffd00c,1,1,281053,https://p.scdn.co/mp3-preview/efc98e22c1b76b75deffa9bb902792df5b66caf6?cid=9950ac751e34487dbbe027c4fd7f8e99,False,64,AEAB20400162,spotify:user:isak.sjoholm.,2025-07-18T13:05:59Z,"sholawat,khaleeji,egyptisk pop",0.774,0.933,7.0,-6.248,0.0,0.0691,0.125,6.21e-05,0.0428,0.967,141.967,4.0,,EMI MUSIC ARABIA,"C © 2004 Relax IN Music International SAL, Distributed by EMI Music Arabia, P ℗ 2004 Relax IN Music International SAL, Distributed by EMI Music Arabia"
spotify:track:2n45sK6aEas1Wwnt4Obj7z,Ah W Noss,spotify:artist:0LnHdW6HMPoOlNdhG3DHjE,Nancy Ajram,spotify:album:2Cq6dxYeJSGMq9ivFt1AK6,Ah W Noss,spotify:artist:0LnHdW6HMPoOlNdhG3DHjE,Nancy Ajram,2004-01-01,https://i.scdn.co/image/ab67616d0000b273838b460e30d6a77512ffd00c,1,1,281053,https://p.scdn.co/mp3-preview/efc98e22c1b76b75deffa9bb902792df5b66caf6?cid=9950ac751e34487dbbe027c4fd7f8e99,False,64,AEAB20400162,spotify:user:isak.sjoholm.,2025-07-18T13:05:59Z,"sholawat,khaleeji,egyptisk pop",0.774,0.933,7.0,-6.248,0.0,0.0691,0.125,6.21e-05,0.0428,0.967,141.967,4.0,,EMI MUSIC ARABIA,"C © 2004 Relax IN Music International SAL, Distributed by EMI Music Arabia, P ℗ 2004 Relax IN Music International SAL, Distributed by EMI Music Arabia"
spotify:track:0BpSpSsxlV4lUDZrtfScer,Mare Petrecere,"spotify:artist:36Pv4nrbKXaEZHJinKrGDx, spotify:artist:79E5wmHfOMwxy4WCh4mDIL","Vali Vijelie, Liviu Pustiu",spotify:album:5xst7Kmlz1GexRj2xVWbNl,2019,spotify:artist:36Pv4nrbKXaEZHJinKrGDx,Vali Vijelie,2019-09-06,https://i.scdn.co/image/ab67616d0000b273776451520e620e8e7a294842,1,1,238524,https://p.scdn.co/mp3-preview/ce1b2624c1e18f0ef7f13eb0f42cbae59e2644c7?cid=9950ac751e34487dbbe027c4fd7f8e99,False,46,TCAEK1962130,spotify:user:isak.sjoholm.,2025-07-18T13:22:57Z,"manele,manele",0.823,0.956,11.0,-3.696,0.0,0.0556,0.15,0.0,0.0306,0.971,140.002,4.0,,Vali Vijelie,"C 2019 Vali Vijelie, P 2019 Vali Vijelie"
spotify:track:0BpSpSsxlV4lUDZrtfScer,Mare Petrecere,"spotify:artist:36Pv4nrbKXaEZHJinKrGDx, spotify:artist:79E5wmHfOMwxy4WCh4mDIL","Vali Vijelie, Liviu Pustiu",spotify:album:5xst7Kmlz1GexRj2xVWbNl,2019,spotify:artist:36Pv4nrbKXaEZHJinKrGDx,Vali Vijelie,2019-09-06,https://i.scdn.co/image/ab67616d0000b273776451520e620e8e7a294842,1,1,238524,https://p.scdn.co/mp3-preview/ce1b2624c1e18f0ef7f13eb0f42cbae59e2644c7?cid=9950ac751e34487dbbe027c4fd7f8e99,False,46,TCAEK1962130,spotify:user:isak.sjoholm.,2025-07-18T13:22:57Z,"manele,manele",0.823,0.956,11.0,-3.696,0.0,0.0556,0.15,0.0,0.0306,0.971,140.002,4.0,,Vali Vijelie,"C 2019 Vali Vijelie, P 2019 Vali Vijelie"
spotify:track:5XudLNfqJWywAra0dSNi7f,Pimba Pimba,spotify:artist:1xuWbulfiPxqP5rucKLiQN,Emanuel,spotify:album:4KjhTVmSuMWUPF3z09RppT,O Melhor De,spotify:artist:1xuWbulfiPxqP5rucKLiQN,Emanuel,2003-05-15,https://i.scdn.co/image/ab67616d0000b273f7f1e6850c114df9946d8eef,1,2,174706,https://p.scdn.co/mp3-preview/0a37b214d453c055ec0098dbbf3635fa41ff15ac?cid=9950ac751e34487dbbe027c4fd7f8e99,False,49,USA371633034,spotify:user:isak.sjoholm.,2025-07-18T13:15:01Z,kuduro,0.784,0.949,6.0,-5.545,1.0,0.0619,0.0261,0.0,0.0895,0.975,147.998,4.0,,Vidisco,C 2003 Vidisco
spotify:track:5XudLNfqJWywAra0dSNi7f,Pimba Pimba,spotify:artist:1xuWbulfiPxqP5rucKLiQN,Emanuel,spotify:album:4KjhTVmSuMWUPF3z09RppT,O Melhor De,spotify:artist:1xuWbulfiPxqP5rucKLiQN,Emanuel,2003-05-15,https://i.scdn.co/image/ab67616d0000b273f7f1e6850c114df9946d8eef,1,2,174706,https://p.scdn.co/mp3-preview/0a37b214d453c055ec0098dbbf3635fa41ff15ac?cid=9950ac751e34487dbbe027c4fd7f8e99,False,49,USA371633034,spotify:user:isak.sjoholm.,2025-07-18T13:15:01Z,kuduro,0.784,0.949,6.0,-5.545,1.0,0.0619,0.0261,0.0,0.0895,0.975,147.998,4.0,,Vidisco,C 2003 Vidisco
spotify:track:4SoB4BLwnCdELaV0VPu5Iv,愛的主場秀,spotify:artist:33ApZ6LzfimooQNIKqf4jo,Show Luo,spotify:album:68i0HtecgD3zKRbZeQEWps,羅生門,spotify:artist:33ApZ6LzfimooQNIKqf4jo,Show Luo,2010-01-15,https://i.scdn.co/image/ab67616d0000b27336be09ce591dd689b8043ad2,1,2,156693,https://p.scdn.co/mp3-preview/ae44f68bfd25af5a133829a07e8b0c5b2ab4d146?cid=9950ac751e34487dbbe027c4fd7f8e99,False,39,TWEM30906002,spotify:user:isak.sjoholm.,2025-07-18T13:22:34Z,"mandopop,taiwanesisk pop,c-pop",0.932,0.905,1.0,-4.18,1.0,0.0889,0.121,0.0,0.0328,0.967,140.052,4.0,,Universal Music Taiwan,"C © 2010 Tian Di He Entertainment Co., Ltd, P ℗ 2010 Tian Di He Entertainment Co., Ltd"
spotify:track:4SoB4BLwnCdELaV0VPu5Iv,愛的主場秀,spotify:artist:33ApZ6LzfimooQNIKqf4jo,Show Luo,spotify:album:68i0HtecgD3zKRbZeQEWps,羅生門,spotify:artist:33ApZ6LzfimooQNIKqf4jo,Show Luo,2010-01-15,https://i.scdn.co/image/ab67616d0000b27336be09ce591dd689b8043ad2,1,2,156693,https://p.scdn.co/mp3-preview/ae44f68bfd25af5a133829a07e8b0c5b2ab4d146?cid=9950ac751e34487dbbe027c4fd7f8e99,False,39,TWEM30906002,spotify:user:isak.sjoholm.,2025-07-18T13:22:34Z,"mandopop,taiwanesisk pop,c-pop",0.932,0.905,1.0,-4.18,1.0,0.0889,0.121,0.0,0.0328,0.967,140.052,4.0,,Universal Music Taiwan,"C © 2010 Tian Di He Entertainment Co., Ltd, P ℗ 2010 Tian Di He Entertainment Co., Ltd"
spotify:track:3rHsX3TLPYixr7eGzRlZqI,Pasito Duranguense,spotify:artist:1i4xi4ramy5BPYr2Bhf6sc,Montez de Durango,spotify:album:5JRg9iBzGz8l7c8z1u6m3C,El Sube Y Baja,spotify:artist:1i4xi4ramy5BPYr2Bhf6sc,Montez de Durango,2002-01-04,https://i.scdn.co/image/ab67616d0000b273ac62d90e81897b72783355eb,1,8,200213,https://p.scdn.co/mp3-preview/a4488ee506febf8586beb8d3769c42b9765ace34?cid=9950ac751e34487dbbe027c4fd7f8e99,False,58,USDS10600643,spotify:user:isak.sjoholm.,2025-07-18T13:12:18Z,"duranguense,música mexicana,banda,grupera",0.912,0.824,9.0,-5.163,1.0,0.0831,0.0776,0.541,0.026,1.0,144.925,4.0,,UMLE - Disa,"C © 2002 Disa, P ℗ 2002 Disa"
spotify:track:3rHsX3TLPYixr7eGzRlZqI,Pasito Duranguense,spotify:artist:1i4xi4ramy5BPYr2Bhf6sc,Montez de Durango,spotify:album:5JRg9iBzGz8l7c8z1u6m3C,El Sube Y Baja,spotify:artist:1i4xi4ramy5BPYr2Bhf6sc,Montez de Durango,2002-01-04,https://i.scdn.co/image/ab67616d0000b273ac62d90e81897b72783355eb,1,8,200213,https://p.scdn.co/mp3-preview/a4488ee506febf8586beb8d3769c42b9765ace34?cid=9950ac751e34487dbbe027c4fd7f8e99,False,58,USDS10600643,spotify:user:isak.sjoholm.,2025-07-18T13:12:18Z,"duranguense,música mexicana,banda,grupera",0.912,0.824,9.0,-5.163,1.0,0.0831,0.0776,0.541,0.026,1.0,144.925,4.0,,UMLE - Disa,"C © 2002 Disa, P ℗ 2002 Disa"
spotify:track:5irLWAgnD8YXe3MdxI3jkx,Regresando,spotify:artist:46WT0eTBzCslHoVsLahvfE,Banda Pequeños Musical,spotify:album:3xKyBeB8ovduhZwPtgPZBo,15 Éxitos 2004-2005,spotify:artist:46WT0eTBzCslHoVsLahvfE,Banda Pequeños Musical,2005-01-01,https://i.scdn.co/image/ab67616d0000b27397a8ee57567bbf11acc8e5f8,1,2,175520,https://p.scdn.co/mp3-preview/74dc6bb00727219c16079ce55b9c981f5dc6381d?cid=9950ac751e34487dbbe027c4fd7f8e99,False,58,MXF440503039,spotify:user:isak.sjoholm.,2025-07-18T13:23:14Z,"banda,grupera,duranguense,norteño",0.832,0.901,0.0,-8.342,0.0,0.0507,0.131,1.24e-05,0.0313,0.953,142.954,4.0,,Universal Music Mexico,"C © 2005 Regional Music, P This Compilation ℗ 2005 Regional Music"
spotify:track:5irLWAgnD8YXe3MdxI3jkx,Regresando,spotify:artist:46WT0eTBzCslHoVsLahvfE,Banda Pequeños Musical,spotify:album:3xKyBeB8ovduhZwPtgPZBo,15 Éxitos 2004-2005,spotify:artist:46WT0eTBzCslHoVsLahvfE,Banda Pequeños Musical,2005-01-01,https://i.scdn.co/image/ab67616d0000b27397a8ee57567bbf11acc8e5f8,1,2,175520,https://p.scdn.co/mp3-preview/74dc6bb00727219c16079ce55b9c981f5dc6381d?cid=9950ac751e34487dbbe027c4fd7f8e99,False,58,MXF440503039,spotify:user:isak.sjoholm.,2025-07-18T13:23:14Z,"banda,grupera,duranguense,norteño",0.832,0.901,0.0,-8.342,0.0,0.0507,0.131,1.24e-05,0.0313,0.953,142.954,4.0,,Universal Music Mexico,"C © 2005 Regional Music, P This Compilation ℗ 2005 Regional Music"
spotify:track:1LDDuibGEJtdYFePJK1i3y,Mickey,spotify:artist:3SMVDdvFWAG9nMF3A2Nysw,Lolly,spotify:album:3Q0xC0coPo4zHPp4bwd1xm,My First Album,spotify:artist:3SMVDdvFWAG9nMF3A2Nysw,Lolly,1999-09-20,https://i.scdn.co/image/ab67616d0000b273d8b6accda6585394eaa87fa6,1,2,216240,https://p.scdn.co/mp3-preview/1246219a1f3fcd2278630bde60be6d5e04813f63?cid=9950ac751e34487dbbe027c4fd7f8e99,False,42,GBAKW9900261,spotify:user:isak.sjoholm.,2025-07-18T13:09:14Z,,0.766,0.994,6.0,-3.867,1.0,0.0612,0.112,0.121,0.0824,0.976,154.097,4.0,,UMC (Universal Music Catalogue),"C © 1999 Polydor Ltd. (UK), P ℗ 1999 Polydor Ltd. (UK)"
spotify:track:1LDDuibGEJtdYFePJK1i3y,Mickey,spotify:artist:3SMVDdvFWAG9nMF3A2Nysw,Lolly,spotify:album:3Q0xC0coPo4zHPp4bwd1xm,My First Album,spotify:artist:3SMVDdvFWAG9nMF3A2Nysw,Lolly,1999-09-20,https://i.scdn.co/image/ab67616d0000b273d8b6accda6585394eaa87fa6,1,2,216240,https://p.scdn.co/mp3-preview/1246219a1f3fcd2278630bde60be6d5e04813f63?cid=9950ac751e34487dbbe027c4fd7f8e99,False,42,GBAKW9900261,spotify:user:isak.sjoholm.,2025-07-18T13:09:14Z,,0.766,0.994,6.0,-3.867,1.0,0.0612,0.112,0.121,0.0824,0.976,154.097,4.0,,UMC (Universal Music Catalogue),"C © 1999 Polydor Ltd. (UK), P ℗ 1999 Polydor Ltd. (UK)"
spotify:track:5hXceiHQKQboXObDGQvxHy,Baile de Verão,spotify:artist:4ZHvs0BKDrydsroLfNUNvf,José Malhoa,spotify:album:0jKNg0uyi4bVC76vlWwdlt,Baile do Verão,spotify:artist:4ZHvs0BKDrydsroLfNUNvf,José Malhoa,2004-05-01,https://i.scdn.co/image/ab67616d0000b2738cd8c74adeeac51603537b26,1,1,202293,https://p.scdn.co/mp3-preview/4a5b49cae6c2cd0efcf511328b96c71793dc14eb?cid=9950ac751e34487dbbe027c4fd7f8e99,False,54,PTES10401101,spotify:user:isak.sjoholm.,2025-07-18T13:15:02Z,kuduro,0.786,0.966,9.0,-5.509,1.0,0.0926,0.103,0.0,0.137,0.968,141.118,4.0,,Espacial,C 2004 Espacial
spotify:track:5hXceiHQKQboXObDGQvxHy,Baile de Verão,spotify:artist:4ZHvs0BKDrydsroLfNUNvf,José Malhoa,spotify:album:0jKNg0uyi4bVC76vlWwdlt,Baile do Verão,spotify:artist:4ZHvs0BKDrydsroLfNUNvf,José Malhoa,2004-05-01,https://i.scdn.co/image/ab67616d0000b2738cd8c74adeeac51603537b26,1,1,202293,https://p.scdn.co/mp3-preview/4a5b49cae6c2cd0efcf511328b96c71793dc14eb?cid=9950ac751e34487dbbe027c4fd7f8e99,False,54,PTES10401101,spotify:user:isak.sjoholm.,2025-07-18T13:15:02Z,kuduro,0.786,0.966,9.0,-5.509,1.0,0.0926,0.103,0.0,0.137,0.968,141.118,4.0,,Espacial,C 2004 Espacial
spotify:track:04m07biw1eyk3cD31eAZ84,Ne-Ar Sta Bine,spotify:artist:5h0wBmd25qPcGSInl3dp66,Tzanca Uraganu,spotify:album:5CUU0uCQkSiZK8wJc2vxFK,Ne-Ar Sta Bine,spotify:artist:5h0wBmd25qPcGSInl3dp66,Tzanca Uraganu,2020-06-26,https://i.scdn.co/image/ab67616d0000b27391b7510a34729b2eae6c05e3,1,1,233239,https://p.scdn.co/mp3-preview/08d30525f2db5b0eb125e2d57a3b42ebedb62049?cid=9950ac751e34487dbbe027c4fd7f8e99,False,43,TCAEY2092218,spotify:user:isak.sjoholm.,2025-07-18T13:22:57Z,manele,0.788,0.951,11.0,-3.655,0.0,0.0414,0.0432,0.00552,0.0566,0.962,142.01,4.0,,S.C. 2-10 Production by Susanu S.R.L,"C 2020 S.C. 2-10 Production by Susanu S.R.L, P 2020 S.C. 2-10 Production by Susanu S.R.L"
spotify:track:04m07biw1eyk3cD31eAZ84,Ne-Ar Sta Bine,spotify:artist:5h0wBmd25qPcGSInl3dp66,Tzanca Uraganu,spotify:album:5CUU0uCQkSiZK8wJc2vxFK,Ne-Ar Sta Bine,spotify:artist:5h0wBmd25qPcGSInl3dp66,Tzanca Uraganu,2020-06-26,https://i.scdn.co/image/ab67616d0000b27391b7510a34729b2eae6c05e3,1,1,233239,https://p.scdn.co/mp3-preview/08d30525f2db5b0eb125e2d57a3b42ebedb62049?cid=9950ac751e34487dbbe027c4fd7f8e99,False,43,TCAEY2092218,spotify:user:isak.sjoholm.,2025-07-18T13:22:57Z,manele,0.788,0.951,11.0,-3.655,0.0,0.0414,0.0432,0.00552,0.0566,0.962,142.01,4.0,,S.C. 2-10 Production by Susanu S.R.L,"C 2020 S.C. 2-10 Production by Susanu S.R.L, P 2020 S.C. 2-10 Production by Susanu S.R.L"
spotify:track:3a9zDfvyuEDTjFl89AvdMc,El Camaron Pelao,spotify:artist:70IN0LkJ8uOb9MxQ7Tatzb,Banda Pachuco,spotify:album:6aKMQkJLlw0IskUHAPCQmJ,Infierno y Gloria,spotify:artist:70IN0LkJ8uOb9MxQ7Tatzb,Banda Pachuco,2006-07-10,https://i.scdn.co/image/ab67616d0000b273220e0bd1847924af391fa92b,1,6,133120,https://p.scdn.co/mp3-preview/1802256e655bf220d724282a54a79fd4e0349a9a?cid=9950ac751e34487dbbe027c4fd7f8e99,False,53,ushm20660770,spotify:user:isak.sjoholm.,2025-07-18T13:17:54Z,"banda,cumbia norteña",0.765,0.925,0.0,-3.826,1.0,0.0497,0.0489,0.0,0.0314,0.97,154.226,4.0,,Batuta Records,"C (C) 2006 Batuta Records, P (P) 2006 Batuta Inc"
spotify:track:3a9zDfvyuEDTjFl89AvdMc,El Camaron Pelao,spotify:artist:70IN0LkJ8uOb9MxQ7Tatzb,Banda Pachuco,spotify:album:6aKMQkJLlw0IskUHAPCQmJ,Infierno y Gloria,spotify:artist:70IN0LkJ8uOb9MxQ7Tatzb,Banda Pachuco,2006-07-10,https://i.scdn.co/image/ab67616d0000b273220e0bd1847924af391fa92b,1,6,133120,https://p.scdn.co/mp3-preview/1802256e655bf220d724282a54a79fd4e0349a9a?cid=9950ac751e34487dbbe027c4fd7f8e99,False,53,ushm20660770,spotify:user:isak.sjoholm.,2025-07-18T13:17:54Z,"banda,cumbia norteña",0.765,0.925,0.0,-3.826,1.0,0.0497,0.0489,0.0,0.0314,0.97,154.226,4.0,,Batuta Records,"C (C) 2006 Batuta Records, P (P) 2006 Batuta Inc"
spotify:track:3CBKRRO3QiypbyLMJv2udO,Centerfield,spotify:artist:5ujCegv1BRbEPTCwQqFk6t,John Fogerty,spotify:album:5QTuGhli0RWcjH1J9QIUgi,The Long Road Home - The Ultimate John Fogerty / Creedence Collection,spotify:artist:5ujCegv1BRbEPTCwQqFk6t,John Fogerty,1984-01-01,https://i.scdn.co/image/ab67616d0000b273d1e8e132c219e1cf70d51a5b,1,3,231306,https://p.scdn.co/mp3-preview/5c94dfd2200f417310c644bb01f1b80b453763c4?cid=9950ac751e34487dbbe027c4fd7f8e99,False,49,USDW10110142,spotify:user:isak.sjoholm.,2025-07-18T13:06:45Z,countryrock,0.796,0.946,7.0,-4.137,1.0,0.0497,0.144,1.22e-06,0.0686,0.971,142.42,4.0,,Fantasy Records,"C © 2005 Concord Music Group, Inc., P This Compilation ℗ 1984 Geffen Records ℗ 1969, 1970, 1972, 2005 Concord Music Group, Inc."
spotify:track:3CBKRRO3QiypbyLMJv2udO,Centerfield,spotify:artist:5ujCegv1BRbEPTCwQqFk6t,John Fogerty,spotify:album:5QTuGhli0RWcjH1J9QIUgi,The Long Road Home - The Ultimate John Fogerty / Creedence Collection,spotify:artist:5ujCegv1BRbEPTCwQqFk6t,John Fogerty,1984-01-01,https://i.scdn.co/image/ab67616d0000b273d1e8e132c219e1cf70d51a5b,1,3,231306,https://p.scdn.co/mp3-preview/5c94dfd2200f417310c644bb01f1b80b453763c4?cid=9950ac751e34487dbbe027c4fd7f8e99,False,49,USDW10110142,spotify:user:isak.sjoholm.,2025-07-18T13:06:45Z,countryrock,0.796,0.946,7.0,-4.137,1.0,0.0497,0.144,1.22e-06,0.0686,0.971,142.42,4.0,,Fantasy Records,"C © 2005 Concord Music Group, Inc., P This Compilation ℗ 1984 Geffen Records ℗ 1969, 1970, 1972, 2005 Concord Music Group, Inc."
spotify:track:65ES1qwOB577ZnTkizMXJJ,HUMBLE. - SKRILLEX REMIX,"spotify:artist:5he5w2lnU9x7JFhnwcekXX, spotify:artist:2YZyLoL8N0Wb9xBt1NhZWg","Skrillex, Kendrick Lamar",spotify:album:1X4aaOIXvs6gWtQZQpln4V,HUMBLE. (SKRILLEX REMIX),"spotify:artist:5he5w2lnU9x7JFhnwcekXX, spotify:artist:2YZyLoL8N0Wb9xBt1NhZWg","Skrillex, Kendrick Lamar",2017-09-29,https://i.scdn.co/image/ab67616d0000b273bd01ceabd584855b2edd838d,1,1,156800,https://p.scdn.co/mp3-preview/f63f0e3a387c0fe676200dcd7c9dfeb754a89434?cid=9950ac751e34487dbbe027c4fd7f8e99,True,69,USUM71710562,spotify:user:isak.sjoholm.,2025-07-18T13:03:35Z,"dubstep,edm,electro,electronic,hiphop,west coast hiphop",0.901,0.934,11.0,-2.345,1.0,0.273,0.00794,7.68e-05,0.194,0.868,150.037,4.0,,Aftermath,"C © 2017 Aftermath/Interscope (Top Dawg Entertainment), P ℗ 2017 Aftermath/Interscope (Top Dawg Entertainment)"
spotify:track:65ES1qwOB577ZnTkizMXJJ,HUMBLE. - SKRILLEX REMIX,"spotify:artist:5he5w2lnU9x7JFhnwcekXX, spotify:artist:2YZyLoL8N0Wb9xBt1NhZWg","Skrillex, Kendrick Lamar",spotify:album:1X4aaOIXvs6gWtQZQpln4V,HUMBLE. (SKRILLEX REMIX),"spotify:artist:5he5w2lnU9x7JFhnwcekXX, spotify:artist:2YZyLoL8N0Wb9xBt1NhZWg","Skrillex, Kendrick Lamar",2017-09-29,https://i.scdn.co/image/ab67616d0000b273bd01ceabd584855b2edd838d,1,1,156800,https://p.scdn.co/mp3-preview/f63f0e3a387c0fe676200dcd7c9dfeb754a89434?cid=9950ac751e34487dbbe027c4fd7f8e99,True,69,USUM71710562,spotify:user:isak.sjoholm.,2025-02-09T20:03:45Z,"dubstep,edm,electro,electronic,hiphop,west coast hiphop",0.901,0.934,11.0,-2.345,1.0,0.273,0.00794,7.68e-05,0.194,0.868,150.037,4.0,,Aftermath,"C © 2017 Aftermath/Interscope (Top Dawg Entertainment), P ℗ 2017 Aftermath/Interscope (Top Dawg Entertainment)"
spotify:track:65ES1qwOB577ZnTkizMXJJ,HUMBLE. - SKRILLEX REMIX,"spotify:artist:5he5w2lnU9x7JFhnwcekXX, spotify:artist:2YZyLoL8N0Wb9xBt1NhZWg","Skrillex, Kendrick Lamar",spotify:album:1X4aaOIXvs6gWtQZQpln4V,HUMBLE. (SKRILLEX REMIX),"spotify:artist:5he5w2lnU9x7JFhnwcekXX, spotify:artist:2YZyLoL8N0Wb9xBt1NhZWg","Skrillex, Kendrick Lamar",2017-09-29,https://i.scdn.co/image/ab67616d0000b273bd01ceabd584855b2edd838d,1,1,156800,https://p.scdn.co/mp3-preview/f63f0e3a387c0fe676200dcd7c9dfeb754a89434?cid=9950ac751e34487dbbe027c4fd7f8e99,True,69,USUM71710562,spotify:user:isak.sjoholm.,2025-07-18T13:03:35Z,"dubstep,edm,electro,electronic,hiphop,west coast hiphop",0.901,0.934,11.0,-2.345,1.0,0.273,0.00794,7.68e-05,0.194,0.868,150.037,4.0,,Aftermath,"C © 2017 Aftermath/Interscope (Top Dawg Entertainment), P ℗ 2017 Aftermath/Interscope (Top Dawg Entertainment)"
spotify:track:65ES1qwOB577ZnTkizMXJJ,HUMBLE. - SKRILLEX REMIX,"spotify:artist:5he5w2lnU9x7JFhnwcekXX, spotify:artist:2YZyLoL8N0Wb9xBt1NhZWg","Skrillex, Kendrick Lamar",spotify:album:1X4aaOIXvs6gWtQZQpln4V,HUMBLE. (SKRILLEX REMIX),"spotify:artist:5he5w2lnU9x7JFhnwcekXX, spotify:artist:2YZyLoL8N0Wb9xBt1NhZWg","Skrillex, Kendrick Lamar",2017-09-29,https://i.scdn.co/image/ab67616d0000b273bd01ceabd584855b2edd838d,1,1,156800,https://p.scdn.co/mp3-preview/f63f0e3a387c0fe676200dcd7c9dfeb754a89434?cid=9950ac751e34487dbbe027c4fd7f8e99,True,69,USUM71710562,spotify:user:isak.sjoholm.,2025-02-09T20:03:45Z,"dubstep,edm,electro,electronic,hiphop,west coast hiphop",0.901,0.934,11.0,-2.345,1.0,0.273,0.00794,7.68e-05,0.194,0.868,150.037,4.0,,Aftermath,"C © 2017 Aftermath/Interscope (Top Dawg Entertainment), P ℗ 2017 Aftermath/Interscope (Top Dawg Entertainment)"
spotify:track:3SFXsFpeGmBTtQvKiwYMDA,Pretty Fly (For A White Guy),spotify:artist:5LfGQac0EIXyAN8aUwmNAQ,The Offspring,spotify:album:2RNTBrSO8U8XjjEj9RVvZ5,Americana,spotify:artist:5LfGQac0EIXyAN8aUwmNAQ,The Offspring,1998-11-16,https://i.scdn.co/image/ab67616d0000b273cbd2ee7dff77bfb2b5f0af52,1,4,188666,https://p.scdn.co/mp3-preview/25358e68f6a071a34f46a2040cc283f1ef603ec0?cid=9950ac751e34487dbbe027c4fd7f8e99,False,81,USSM19804199,spotify:user:isak.sjoholm.,2025-04-10T18:20:41Z,"punk,skatepunk",0.723,0.895,11.0,-3.707,0.0,0.102,0.088,0.0,0.0717,0.963,143.373,4.0,,Concord Records,"C © 1998 Concord Records, Distributed by Concord., P ℗ 1998 Concord Records, Distributed by Concord."
spotify:track:3SFXsFpeGmBTtQvKiwYMDA,Pretty Fly (For A White Guy),spotify:artist:5LfGQac0EIXyAN8aUwmNAQ,The Offspring,spotify:album:2RNTBrSO8U8XjjEj9RVvZ5,Americana,spotify:artist:5LfGQac0EIXyAN8aUwmNAQ,The Offspring,1998-11-16,https://i.scdn.co/image/ab67616d0000b273cbd2ee7dff77bfb2b5f0af52,1,4,188666,https://p.scdn.co/mp3-preview/25358e68f6a071a34f46a2040cc283f1ef603ec0?cid=9950ac751e34487dbbe027c4fd7f8e99,False,81,USSM19804199,spotify:user:isak.sjoholm.,2025-03-02T20:54:12Z,"punk,skatepunk",0.723,0.895,11.0,-3.707,0.0,0.102,0.088,0.0,0.0717,0.963,143.373,4.0,,Concord Records,"C © 1998 Concord Records, Distributed by Concord., P ℗ 1998 Concord Records, Distributed by Concord."
spotify:track:3SFXsFpeGmBTtQvKiwYMDA,Pretty Fly (For A White Guy),spotify:artist:5LfGQac0EIXyAN8aUwmNAQ,The Offspring,spotify:album:2RNTBrSO8U8XjjEj9RVvZ5,Americana,spotify:artist:5LfGQac0EIXyAN8aUwmNAQ,The Offspring,1998-11-16,https://i.scdn.co/image/ab67616d0000b273cbd2ee7dff77bfb2b5f0af52,1,4,188666,https://p.scdn.co/mp3-preview/25358e68f6a071a34f46a2040cc283f1ef603ec0?cid=9950ac751e34487dbbe027c4fd7f8e99,False,81,USSM19804199,spotify:user:isak.sjoholm.,2025-07-18T13:02:24Z,"punk,skatepunk",0.723,0.895,11.0,-3.707,0.0,0.102,0.088,0.0,0.0717,0.963,143.373,4.0,,Concord Records,"C © 1998 Concord Records, Distributed by Concord., P ℗ 1998 Concord Records, Distributed by Concord."
spotify:track:3SFXsFpeGmBTtQvKiwYMDA,Pretty Fly (For A White Guy),spotify:artist:5LfGQac0EIXyAN8aUwmNAQ,The Offspring,spotify:album:2RNTBrSO8U8XjjEj9RVvZ5,Americana,spotify:artist:5LfGQac0EIXyAN8aUwmNAQ,The Offspring,1998-11-16,https://i.scdn.co/image/ab67616d0000b273cbd2ee7dff77bfb2b5f0af52,1,4,188666,https://p.scdn.co/mp3-preview/25358e68f6a071a34f46a2040cc283f1ef603ec0?cid=9950ac751e34487dbbe027c4fd7f8e99,False,81,USSM19804199,spotify:user:isak.sjoholm.,2025-04-10T18:20:41Z,"punk,skatepunk",0.723,0.895,11.0,-3.707,0.0,0.102,0.088,0.0,0.0717,0.963,143.373,4.0,,Concord Records,"C © 1998 Concord Records, Distributed by Concord., P ℗ 1998 Concord Records, Distributed by Concord."
spotify:track:3SFXsFpeGmBTtQvKiwYMDA,Pretty Fly (For A White Guy),spotify:artist:5LfGQac0EIXyAN8aUwmNAQ,The Offspring,spotify:album:2RNTBrSO8U8XjjEj9RVvZ5,Americana,spotify:artist:5LfGQac0EIXyAN8aUwmNAQ,The Offspring,1998-11-16,https://i.scdn.co/image/ab67616d0000b273cbd2ee7dff77bfb2b5f0af52,1,4,188666,https://p.scdn.co/mp3-preview/25358e68f6a071a34f46a2040cc283f1ef603ec0?cid=9950ac751e34487dbbe027c4fd7f8e99,False,81,USSM19804199,spotify:user:isak.sjoholm.,2025-03-02T20:54:12Z,"punk,skatepunk",0.723,0.895,11.0,-3.707,0.0,0.102,0.088,0.0,0.0717,0.963,143.373,4.0,,Concord Records,"C © 1998 Concord Records, Distributed by Concord., P ℗ 1998 Concord Records, Distributed by Concord."
spotify:track:3SFXsFpeGmBTtQvKiwYMDA,Pretty Fly (For A White Guy),spotify:artist:5LfGQac0EIXyAN8aUwmNAQ,The Offspring,spotify:album:2RNTBrSO8U8XjjEj9RVvZ5,Americana,spotify:artist:5LfGQac0EIXyAN8aUwmNAQ,The Offspring,1998-11-16,https://i.scdn.co/image/ab67616d0000b273cbd2ee7dff77bfb2b5f0af52,1,4,188666,https://p.scdn.co/mp3-preview/25358e68f6a071a34f46a2040cc283f1ef603ec0?cid=9950ac751e34487dbbe027c4fd7f8e99,False,81,USSM19804199,spotify:user:isak.sjoholm.,2025-07-18T13:02:24Z,"punk,skatepunk",0.723,0.895,11.0,-3.707,0.0,0.102,0.088,0.0,0.0717,0.963,143.373,4.0,,Concord Records,"C © 1998 Concord Records, Distributed by Concord., P ℗ 1998 Concord Records, Distributed by Concord."
spotify:track:4iqtDvbICWuBERMTz9cz41,Call Me,"spotify:artist:0HHa7ZJZxUQlg5l2mB0N0f, spotify:artist:4lBSzo2LS8asEzoePv6VLM","Marlon Hoffstadt, DJ Daddy Trance",spotify:album:2NlSt0ZVPsx3dblkIoamuo,Call Me,"spotify:artist:0HHa7ZJZxUQlg5l2mB0N0f, spotify:artist:4lBSzo2LS8asEzoePv6VLM","Marlon Hoffstadt, DJ Daddy Trance",2023-05-19,https://i.scdn.co/image/ab67616d0000b27374699ccf53c5f0f8cb38711d,1,1,139000,https://p.scdn.co/mp3-preview/bc6ac87cd642159472d458c4700cdb8063192734?cid=9950ac751e34487dbbe027c4fd7f8e99,False,59,QZQAY2343225,spotify:user:isak.sjoholm.,2025-04-10T18:20:41Z,"hard house,eurodance,hypertechno,techno,trance,hard house,hypertechno,eurodance,techno,trance",0.608,0.995,2.0,-6.785,1.0,0.0406,0.00422,0.779,0.0823,0.96,144.951,4.0,,"Method 808, distributed by gamma.","P 2023 Method 808, distributed by gamma."
spotify:track:4iqtDvbICWuBERMTz9cz41,Call Me,"spotify:artist:0HHa7ZJZxUQlg5l2mB0N0f, spotify:artist:4lBSzo2LS8asEzoePv6VLM","Marlon Hoffstadt, DJ Daddy Trance",spotify:album:2NlSt0ZVPsx3dblkIoamuo,Call Me,"spotify:artist:0HHa7ZJZxUQlg5l2mB0N0f, spotify:artist:4lBSzo2LS8asEzoePv6VLM","Marlon Hoffstadt, DJ Daddy Trance",2023-05-19,https://i.scdn.co/image/ab67616d0000b27374699ccf53c5f0f8cb38711d,1,1,139000,https://p.scdn.co/mp3-preview/bc6ac87cd642159472d458c4700cdb8063192734?cid=9950ac751e34487dbbe027c4fd7f8e99,False,59,QZQAY2343225,spotify:user:isak.sjoholm.,2025-03-02T20:48:29Z,"hard house,eurodance,hypertechno,techno,trance,hard house,hypertechno,eurodance,techno,trance",0.608,0.995,2.0,-6.785,1.0,0.0406,0.00422,0.779,0.0823,0.96,144.951,4.0,,"Method 808, distributed by gamma.","P 2023 Method 808, distributed by gamma."
spotify:track:4iqtDvbICWuBERMTz9cz41,Call Me,"spotify:artist:0HHa7ZJZxUQlg5l2mB0N0f, spotify:artist:4lBSzo2LS8asEzoePv6VLM","Marlon Hoffstadt, DJ Daddy Trance",spotify:album:2NlSt0ZVPsx3dblkIoamuo,Call Me,"spotify:artist:0HHa7ZJZxUQlg5l2mB0N0f, spotify:artist:4lBSzo2LS8asEzoePv6VLM","Marlon Hoffstadt, DJ Daddy Trance",2023-05-19,https://i.scdn.co/image/ab67616d0000b27374699ccf53c5f0f8cb38711d,1,1,139000,https://p.scdn.co/mp3-preview/bc6ac87cd642159472d458c4700cdb8063192734?cid=9950ac751e34487dbbe027c4fd7f8e99,False,59,QZQAY2343225,spotify:user:isak.sjoholm.,2025-04-10T18:20:41Z,"hard house,eurodance,hypertechno,techno,trance,hard house,hypertechno,eurodance,techno,trance",0.608,0.995,2.0,-6.785,1.0,0.0406,0.00422,0.779,0.0823,0.96,144.951,4.0,,"Method 808, distributed by gamma.","P 2023 Method 808, distributed by gamma."
spotify:track:4iqtDvbICWuBERMTz9cz41,Call Me,"spotify:artist:0HHa7ZJZxUQlg5l2mB0N0f, spotify:artist:4lBSzo2LS8asEzoePv6VLM","Marlon Hoffstadt, DJ Daddy Trance",spotify:album:2NlSt0ZVPsx3dblkIoamuo,Call Me,"spotify:artist:0HHa7ZJZxUQlg5l2mB0N0f, spotify:artist:4lBSzo2LS8asEzoePv6VLM","Marlon Hoffstadt, DJ Daddy Trance",2023-05-19,https://i.scdn.co/image/ab67616d0000b27374699ccf53c5f0f8cb38711d,1,1,139000,https://p.scdn.co/mp3-preview/bc6ac87cd642159472d458c4700cdb8063192734?cid=9950ac751e34487dbbe027c4fd7f8e99,False,59,QZQAY2343225,spotify:user:isak.sjoholm.,2025-03-02T20:48:29Z,"hard house,eurodance,hypertechno,techno,trance,hard house,hypertechno,eurodance,techno,trance",0.608,0.995,2.0,-6.785,1.0,0.0406,0.00422,0.779,0.0823,0.96,144.951,4.0,,"Method 808, distributed by gamma.","P 2023 Method 808, distributed by gamma."
spotify:track:2XgTZCP4TVoOlHgVYXnEoB,Żółty Ananas,spotify:artist:5bpZOLh5VaCVxyRcGfGPAJ,Tarzan Boy,spotify:album:5R6wBZzD8WbtGCvYvWMWJt,Kaligula,spotify:artist:5bpZOLh5VaCVxyRcGfGPAJ,Tarzan Boy,1996-02-08,https://i.scdn.co/image/ab67616d0000b273720041a7529a118b6b0d45a0,1,4,246960,https://p.scdn.co/mp3-preview/05258c099ea0cfccade93e8a4b578e303fc89183?cid=9950ac751e34487dbbe027c4fd7f8e99,False,37,PLG551402662,spotify:user:isak.sjoholm.,2025-07-18T13:17:07Z,"disco polo,disco",0.75,0.963,9.0,-3.538,0.0,0.0518,0.00453,0.171,0.0424,0.965,150.01,3.0,,1996 Agencja Artystyczna B. M.,
spotify:track:2XgTZCP4TVoOlHgVYXnEoB,Żółty Ananas,spotify:artist:5bpZOLh5VaCVxyRcGfGPAJ,Tarzan Boy,spotify:album:5R6wBZzD8WbtGCvYvWMWJt,Kaligula,spotify:artist:5bpZOLh5VaCVxyRcGfGPAJ,Tarzan Boy,1996-02-08,https://i.scdn.co/image/ab67616d0000b273720041a7529a118b6b0d45a0,1,4,246960,https://p.scdn.co/mp3-preview/05258c099ea0cfccade93e8a4b578e303fc89183?cid=9950ac751e34487dbbe027c4fd7f8e99,False,37,PLG551402662,spotify:user:isak.sjoholm.,2025-07-18T13:17:07Z,"disco polo,disco",0.75,0.963,9.0,-3.538,0.0,0.0518,0.00453,0.171,0.0424,0.965,150.01,3.0,,1996 Agencja Artystyczna B. M.,
spotify:track:0oqh6BOcAvk9YSjFErxitT,Vreau Sa-Mi Fac Statuie,"spotify:artist:2D0PmICj8cPJCN2KwdaFda, spotify:artist:7BssMhtelPJEK1qycRG3iA","Sorinel Pustiu, Mihaita Piticu",spotify:album:33jtAJuloxod2av1DM3ZEW,Vreau Sa-Mi Fac Statuie,"spotify:artist:2D0PmICj8cPJCN2KwdaFda, spotify:artist:7BssMhtelPJEK1qycRG3iA","Sorinel Pustiu, Mihaita Piticu",2012-06-20,https://i.scdn.co/image/ab67616d0000b273e966d5a5be49cb3345c8d373,1,1,210600,https://p.scdn.co/mp3-preview/28f512dc01f7c4f00206269353817ace276fd98e?cid=9950ac751e34487dbbe027c4fd7f8e99,False,40,USV291369782,spotify:user:isak.sjoholm.,2025-07-18T13:22:54Z,"manele,manele",0.823,0.935,3.0,-4.693,0.0,0.0545,0.135,0.0,0.0713,0.984,152.01,4.0,,Sound Empire Romania,C (C) 2012 Sound Empire Romania
spotify:track:0oqh6BOcAvk9YSjFErxitT,Vreau Sa-Mi Fac Statuie,"spotify:artist:2D0PmICj8cPJCN2KwdaFda, spotify:artist:7BssMhtelPJEK1qycRG3iA","Sorinel Pustiu, Mihaita Piticu",spotify:album:33jtAJuloxod2av1DM3ZEW,Vreau Sa-Mi Fac Statuie,"spotify:artist:2D0PmICj8cPJCN2KwdaFda, spotify:artist:7BssMhtelPJEK1qycRG3iA","Sorinel Pustiu, Mihaita Piticu",2012-06-20,https://i.scdn.co/image/ab67616d0000b273e966d5a5be49cb3345c8d373,1,1,210600,https://p.scdn.co/mp3-preview/28f512dc01f7c4f00206269353817ace276fd98e?cid=9950ac751e34487dbbe027c4fd7f8e99,False,40,USV291369782,spotify:user:isak.sjoholm.,2025-07-18T13:22:54Z,"manele,manele",0.823,0.935,3.0,-4.693,0.0,0.0545,0.135,0.0,0.0713,0.984,152.01,4.0,,Sound Empire Romania,C (C) 2012 Sound Empire Romania
spotify:track:0pExY3TdW1bQTFfLADoV6Z,Mi Amor Amor,spotify:artist:1dJyh390MvfYPuNbhnbSDs,María José,spotify:album:25dP4uxWWNVpBN5M5DDWAJ,Amante de Lo Ajeno,spotify:artist:1dJyh390MvfYPuNbhnbSDs,María José,2009,https://i.scdn.co/image/ab67616d0000b2730c19c33b7eec2c6766da5bd6,1,5,198626,https://p.scdn.co/mp3-preview/795ad0bb1aae208ae1c042ec16e763dd5b0e1342?cid=9950ac751e34487dbbe027c4fd7f8e99,False,59,MX1720900005,spotify:user:isak.sjoholm.,2025-07-18T13:23:16Z,latinamerikansk pop,0.729,0.965,5.0,-2.99,1.0,0.0494,0.0208,0.00713,0.29,0.966,140.837,4.0,,Promotodo Mexico,"C (C) 2010 Promotodo México, S.A. de C.V., P (P) 2009 Promotodo México, S.A. de C.V."
spotify:track:0pExY3TdW1bQTFfLADoV6Z,Mi Amor Amor,spotify:artist:1dJyh390MvfYPuNbhnbSDs,María José,spotify:album:25dP4uxWWNVpBN5M5DDWAJ,Amante de Lo Ajeno,spotify:artist:1dJyh390MvfYPuNbhnbSDs,María José,2009,https://i.scdn.co/image/ab67616d0000b2730c19c33b7eec2c6766da5bd6,1,5,198626,https://p.scdn.co/mp3-preview/795ad0bb1aae208ae1c042ec16e763dd5b0e1342?cid=9950ac751e34487dbbe027c4fd7f8e99,False,59,MX1720900005,spotify:user:isak.sjoholm.,2025-07-18T13:23:16Z,latinamerikansk pop,0.729,0.965,5.0,-2.99,1.0,0.0494,0.0208,0.00713,0.29,0.966,140.837,4.0,,Promotodo Mexico,"C (C) 2010 Promotodo México, S.A. de C.V., P (P) 2009 Promotodo México, S.A. de C.V."
spotify:track:3Cx4yrFaX8CeHwBMReOWXI,We Didn't Start the Fire,spotify:artist:6zFYqv1mOsgBRQbae3JJ9e,Billy Joel,spotify:album:1Vw2uoVkLAJFVViJ1QyK1D,Storm Front,spotify:artist:6zFYqv1mOsgBRQbae3JJ9e,Billy Joel,1989-10-17,https://i.scdn.co/image/ab67616d0000b2731946747b8692919f98918ec4,1,2,287733,https://p.scdn.co/mp3-preview/e7980f6596f50ca919f025ad49130dd11ca60f41?cid=9950ac751e34487dbbe027c4fd7f8e99,False,81,USSM18900217,spotify:user:isak.sjoholm.,2025-07-18T13:01:52Z,mjukrock,0.712,0.967,7.0,-5.206,1.0,0.047,0.0771,0.0,0.356,0.895,145.024,4.0,,Columbia,"P (P) 1989 Columbia Records, a division of Sony Music Entertainment"
spotify:track:3Cx4yrFaX8CeHwBMReOWXI,We Didn't Start the Fire,spotify:artist:6zFYqv1mOsgBRQbae3JJ9e,Billy Joel,spotify:album:1Vw2uoVkLAJFVViJ1QyK1D,Storm Front,spotify:artist:6zFYqv1mOsgBRQbae3JJ9e,Billy Joel,1989-10-17,https://i.scdn.co/image/ab67616d0000b2731946747b8692919f98918ec4,1,2,287733,https://p.scdn.co/mp3-preview/e7980f6596f50ca919f025ad49130dd11ca60f41?cid=9950ac751e34487dbbe027c4fd7f8e99,False,81,USSM18900217,spotify:user:isak.sjoholm.,2025-07-18T13:01:52Z,mjukrock,0.712,0.967,7.0,-5.206,1.0,0.047,0.0771,0.0,0.356,0.895,145.024,4.0,,Columbia,"P (P) 1989 Columbia Records, a division of Sony Music Entertainment"
spotify:track:3Cx4yrFaX8CeHwBMReOWXI,We Didn't Start the Fire,spotify:artist:6zFYqv1mOsgBRQbae3JJ9e,Billy Joel,spotify:album:1Vw2uoVkLAJFVViJ1QyK1D,Storm Front,spotify:artist:6zFYqv1mOsgBRQbae3JJ9e,Billy Joel,1989-10-17,https://i.scdn.co/image/ab67616d0000b2731946747b8692919f98918ec4,1,2,287733,https://p.scdn.co/mp3-preview/e7980f6596f50ca919f025ad49130dd11ca60f41?cid=9950ac751e34487dbbe027c4fd7f8e99,False,81,USSM18900217,spotify:user:isak.sjoholm.,2025-04-10T18:20:41Z,mjukrock,0.712,0.967,7.0,-5.206,1.0,0.047,0.0771,0.0,0.356,0.895,145.024,4.0,,Columbia,"P (P) 1989 Columbia Records, a division of Sony Music Entertainment"
spotify:track:3Cx4yrFaX8CeHwBMReOWXI,We Didn't Start the Fire,spotify:artist:6zFYqv1mOsgBRQbae3JJ9e,Billy Joel,spotify:album:1Vw2uoVkLAJFVViJ1QyK1D,Storm Front,spotify:artist:6zFYqv1mOsgBRQbae3JJ9e,Billy Joel,1989-10-17,https://i.scdn.co/image/ab67616d0000b2731946747b8692919f98918ec4,1,2,287733,https://p.scdn.co/mp3-preview/e7980f6596f50ca919f025ad49130dd11ca60f41?cid=9950ac751e34487dbbe027c4fd7f8e99,False,81,USSM18900217,spotify:user:isak.sjoholm.,2025-03-02T20:54:12Z,mjukrock,0.712,0.967,7.0,-5.206,1.0,0.047,0.0771,0.0,0.356,0.895,145.024,4.0,,Columbia,"P (P) 1989 Columbia Records, a division of Sony Music Entertainment"
spotify:track:3Cx4yrFaX8CeHwBMReOWXI,We Didn't Start the Fire,spotify:artist:6zFYqv1mOsgBRQbae3JJ9e,Billy Joel,spotify:album:1Vw2uoVkLAJFVViJ1QyK1D,Storm Front,spotify:artist:6zFYqv1mOsgBRQbae3JJ9e,Billy Joel,1989-10-17,https://i.scdn.co/image/ab67616d0000b2731946747b8692919f98918ec4,1,2,287733,https://p.scdn.co/mp3-preview/e7980f6596f50ca919f025ad49130dd11ca60f41?cid=9950ac751e34487dbbe027c4fd7f8e99,False,81,USSM18900217,spotify:user:isak.sjoholm.,2025-04-10T18:20:41Z,mjukrock,0.712,0.967,7.0,-5.206,1.0,0.047,0.0771,0.0,0.356,0.895,145.024,4.0,,Columbia,"P (P) 1989 Columbia Records, a division of Sony Music Entertainment"
spotify:track:3Cx4yrFaX8CeHwBMReOWXI,We Didn't Start the Fire,spotify:artist:6zFYqv1mOsgBRQbae3JJ9e,Billy Joel,spotify:album:1Vw2uoVkLAJFVViJ1QyK1D,Storm Front,spotify:artist:6zFYqv1mOsgBRQbae3JJ9e,Billy Joel,1989-10-17,https://i.scdn.co/image/ab67616d0000b2731946747b8692919f98918ec4,1,2,287733,https://p.scdn.co/mp3-preview/e7980f6596f50ca919f025ad49130dd11ca60f41?cid=9950ac751e34487dbbe027c4fd7f8e99,False,81,USSM18900217,spotify:user:isak.sjoholm.,2025-03-02T20:54:12Z,mjukrock,0.712,0.967,7.0,-5.206,1.0,0.047,0.0771,0.0,0.356,0.895,145.024,4.0,,Columbia,"P (P) 1989 Columbia Records, a division of Sony Music Entertainment"
spotify:track:0CAVx6y8GAgMDzX9NCW0DI,El alacrán,spotify:artist:36jRzJQUvAeKRukEMtm44w,Banda Maguey,spotify:album:6X49e9OtUqhMVIpre31k8K,Fiesta Mexicana Con La Banda,spotify:artist:0LyfQWJT6nXafLPZqxe9Of,Blandade Artister,2007-10-25,https://i.scdn.co/image/ab67616d0000b27303d24a5c7f930693666e0a9f,1,6,153520,https://p.scdn.co/mp3-preview/2721d9a520ea286f401b1007925257016ff3c3d4?cid=9950ac751e34487dbbe027c4fd7f8e99,False,55,MXF160000865,spotify:user:isak.sjoholm.,2025-07-18T13:17:55Z,"banda,grupera,duranguense,cumbia norteña,cumbia",0.838,0.887,10.0,-5.905,0.0,0.0401,0.203,0.000176,0.0935,0.981,149.857,4.0,,WM Mexico,"C © 2007 Warner Music Mexico S.A. de C.V. / Bajo licencia Peerless MCM, S.A. de C.V., P ℗ 2007 Peerless MCM, S.A. de C.V."
spotify:track:0CAVx6y8GAgMDzX9NCW0DI,El alacrán,spotify:artist:36jRzJQUvAeKRukEMtm44w,Banda Maguey,spotify:album:6X49e9OtUqhMVIpre31k8K,Fiesta Mexicana Con La Banda,spotify:artist:0LyfQWJT6nXafLPZqxe9Of,Blandade Artister,2007-10-25,https://i.scdn.co/image/ab67616d0000b27303d24a5c7f930693666e0a9f,1,6,153520,https://p.scdn.co/mp3-preview/2721d9a520ea286f401b1007925257016ff3c3d4?cid=9950ac751e34487dbbe027c4fd7f8e99,False,55,MXF160000865,spotify:user:isak.sjoholm.,2025-07-18T13:17:55Z,"banda,grupera,duranguense,cumbia norteña,cumbia",0.838,0.887,10.0,-5.905,0.0,0.0401,0.203,0.000176,0.0935,0.981,149.857,4.0,,WM Mexico,"C © 2007 Warner Music Mexico S.A. de C.V. / Bajo licencia Peerless MCM, S.A. de C.V., P ℗ 2007 Peerless MCM, S.A. de C.V."
spotify:track:3ve2mVR6BkXuNWfHVoA5yu,Dancing Lasha Tumbai,spotify:artist:7uH6CJjqK71HlHW4WHNAJg,Verka Serduchka,spotify:album:7aaWrgvqjOo9KswnRpGMgk,Do Re Mi,spotify:artist:7uH6CJjqK71HlHW4WHNAJg,Verka Serduchka,2010-01-01,https://i.scdn.co/image/ab67616d0000b273fadfbbdf504b00ec8e485098,1,10,179893,https://p.scdn.co/mp3-preview/1e12dfcda59a7fbd241a8968e9a3ccfa81635452?cid=9950ac751e34487dbbe027c4fd7f8e99,True,59,FR6V81679754,spotify:user:isak.sjoholm.,2025-07-18T13:08:39Z,,0.725,0.959,0.0,-5.267,1.0,0.0566,0.00523,0.0082,0.283,0.965,144.031,4.0,,Mama Music,"C 2010 Mamamusic, P 2010 Mamamusic"
spotify:track:3ve2mVR6BkXuNWfHVoA5yu,Dancing Lasha Tumbai,spotify:artist:7uH6CJjqK71HlHW4WHNAJg,Verka Serduchka,spotify:album:7aaWrgvqjOo9KswnRpGMgk,Do Re Mi,spotify:artist:7uH6CJjqK71HlHW4WHNAJg,Verka Serduchka,2010-01-01,https://i.scdn.co/image/ab67616d0000b273fadfbbdf504b00ec8e485098,1,10,179893,https://p.scdn.co/mp3-preview/1e12dfcda59a7fbd241a8968e9a3ccfa81635452?cid=9950ac751e34487dbbe027c4fd7f8e99,True,59,FR6V81679754,spotify:user:isak.sjoholm.,2025-07-18T13:08:39Z,,0.725,0.959,0.0,-5.267,1.0,0.0566,0.00523,0.0082,0.283,0.965,144.031,4.0,,Mama Music,"C 2010 Mamamusic, P 2010 Mamamusic"
spotify:track:0FpwNEP4wq4iFN3W2M5HaH,Calzones De Bolitas,spotify:artist:3PjBnAFgtvoFwYuQvR2dAl,Banda Zarape,spotify:album:13BpoCwBmr3a3KrK7rV47w,El Reloj De Mi Corazon,spotify:artist:3PjBnAFgtvoFwYuQvR2dAl,Banda Zarape,1998-01-01,https://i.scdn.co/image/ab67616d0000b27349f568f36cf5130e882369ab,1,1,212600,https://p.scdn.co/mp3-preview/b2acaa3f2dadc86468a01c81ede24015e034ed41?cid=9950ac751e34487dbbe027c4fd7f8e99,False,50,MXF069800723,spotify:user:isak.sjoholm.,2025-07-18T13:17:49Z,"cumbia,cumbia norteña,banda",0.888,0.855,5.0,-5.998,1.0,0.072,0.0558,2.19e-06,0.117,0.963,151.433,4.0,,Capitol Latin,"C © 1998 EMI Music México, S.A. de C.V., P ℗ 1998 EMI Music México, S.A. de C.V."
spotify:track:0FpwNEP4wq4iFN3W2M5HaH,Calzones De Bolitas,spotify:artist:3PjBnAFgtvoFwYuQvR2dAl,Banda Zarape,spotify:album:13BpoCwBmr3a3KrK7rV47w,El Reloj De Mi Corazon,spotify:artist:3PjBnAFgtvoFwYuQvR2dAl,Banda Zarape,1998-01-01,https://i.scdn.co/image/ab67616d0000b27349f568f36cf5130e882369ab,1,1,212600,https://p.scdn.co/mp3-preview/b2acaa3f2dadc86468a01c81ede24015e034ed41?cid=9950ac751e34487dbbe027c4fd7f8e99,False,50,MXF069800723,spotify:user:isak.sjoholm.,2025-07-18T13:17:49Z,"cumbia,cumbia norteña,banda",0.888,0.855,5.0,-5.998,1.0,0.072,0.0558,2.19e-06,0.117,0.963,151.433,4.0,,Capitol Latin,"C © 1998 EMI Music México, S.A. de C.V., P ℗ 1998 EMI Music México, S.A. de C.V."
spotify:track:6iaRVcNPFeumZyLSalwQXI,Let Me Be - F.M. Cut,spotify:artist:2Fh1UVBGudugIFPx2IoggP,Taleesa,spotify:album:7A4At7FCUtyzjyojJzLlTD,Let Me Be,spotify:artist:2Fh1UVBGudugIFPx2IoggP,Taleesa,1995-01-01,https://i.scdn.co/image/ab67616d0000b273e0edbb49bdddd154ede0dc47,1,2,221390,https://p.scdn.co/mp3-preview/2662ea639889dab05b70d5964ab8ba563573ea0a?cid=9950ac751e34487dbbe027c4fd7f8e99,False,39,ITL010400454,spotify:user:isak.sjoholm.,2025-07-18T13:21:24Z,eurodance,0.809,0.945,1.0,-9.063,1.0,0.0506,0.0914,0.00132,0.102,0.957,143.563,4.0,,Time Records,"C 2009 Time S.p.A. Unipersonale, P 2009 Time S.p.A. Unipersonale"
spotify:track:6iaRVcNPFeumZyLSalwQXI,Let Me Be - F.M. Cut,spotify:artist:2Fh1UVBGudugIFPx2IoggP,Taleesa,spotify:album:7A4At7FCUtyzjyojJzLlTD,Let Me Be,spotify:artist:2Fh1UVBGudugIFPx2IoggP,Taleesa,1995-01-01,https://i.scdn.co/image/ab67616d0000b273e0edbb49bdddd154ede0dc47,1,2,221390,https://p.scdn.co/mp3-preview/2662ea639889dab05b70d5964ab8ba563573ea0a?cid=9950ac751e34487dbbe027c4fd7f8e99,False,39,ITL010400454,spotify:user:isak.sjoholm.,2025-07-18T13:21:24Z,eurodance,0.809,0.945,1.0,-9.063,1.0,0.0506,0.0914,0.00132,0.102,0.957,143.563,4.0,,Time Records,"C 2009 Time S.p.A. Unipersonale, P 2009 Time S.p.A. Unipersonale"
spotify:track:6ZdUoU3nGE4elsw4HSu5fu,Ho Jayegi Balle Balle,spotify:artist:6wa1AsxB9oJP7lwNSmbcYx,Daler Mehndi,spotify:album:3GRXDOkaGugQQWm0dQgdxM,Ho Jayegi Balle Balle,spotify:artist:6wa1AsxB9oJP7lwNSmbcYx,Daler Mehndi,1997-02-27,https://i.scdn.co/image/ab67616d0000b273fd17491e69cd90255c0502cd,1,1,289533,https://p.scdn.co/mp3-preview/d13ea369393746ae0335c91a4baf85042dfe50b2?cid=9950ac751e34487dbbe027c4fd7f8e99,False,56,INM129700531,spotify:user:isak.sjoholm.,2025-07-18T13:21:54Z,"bhangra,bollywood",0.774,0.991,0.0,-6.151,1.0,0.0778,0.182,0.000403,0.0305,0.825,141.931,4.0,,Magnasound,P (P) 1997 Sony Music Entertainment India Pvt. Ltd.
spotify:track:6ZdUoU3nGE4elsw4HSu5fu,Ho Jayegi Balle Balle,spotify:artist:6wa1AsxB9oJP7lwNSmbcYx,Daler Mehndi,spotify:album:3GRXDOkaGugQQWm0dQgdxM,Ho Jayegi Balle Balle,spotify:artist:6wa1AsxB9oJP7lwNSmbcYx,Daler Mehndi,1997-02-27,https://i.scdn.co/image/ab67616d0000b273fd17491e69cd90255c0502cd,1,1,289533,https://p.scdn.co/mp3-preview/d13ea369393746ae0335c91a4baf85042dfe50b2?cid=9950ac751e34487dbbe027c4fd7f8e99,False,56,INM129700531,spotify:user:isak.sjoholm.,2025-07-18T13:21:54Z,"bhangra,bollywood",0.774,0.991,0.0,-6.151,1.0,0.0778,0.182,0.000403,0.0305,0.825,141.931,4.0,,Magnasound,P (P) 1997 Sony Music Entertainment India Pvt. Ltd.
spotify:track:7tKDsV1gA7iVJHep2KZKOj,Antes Muerta Que Sencilla,spotify:artist:46uJrEeqP88sYlHFqaGPid,Los Horóscopos De Durango,spotify:album:0afOzI8hKSRU3QV0cdf0NO,Antes Muertas Que Sencillas,spotify:artist:46uJrEeqP88sYlHFqaGPid,Los Horóscopos De Durango,2006-01-01,https://i.scdn.co/image/ab67616d0000b2739adca844d6a62e219ce584b1,1,1,170960,https://p.scdn.co/mp3-preview/c641dc14ce288fe7f7ef709b0e31d256b1aca2b0?cid=9950ac751e34487dbbe027c4fd7f8e99,False,64,USDS10600401,spotify:user:isak.sjoholm.,2025-07-18T13:12:20Z,"duranguense,banda,grupera",0.772,0.94,7.0,-2.123,1.0,0.139,0.235,0.0,0.0705,0.962,152.619,4.0,,UMLE - Disa,"C © 2006 Disa Latin Music A Division Of UMG Recordings Inc., P ℗ 2006 Disa Latin Music A Division Of UMG Recordings Inc."
spotify:track:7tKDsV1gA7iVJHep2KZKOj,Antes Muerta Que Sencilla,spotify:artist:46uJrEeqP88sYlHFqaGPid,Los Horóscopos De Durango,spotify:album:0afOzI8hKSRU3QV0cdf0NO,Antes Muertas Que Sencillas,spotify:artist:46uJrEeqP88sYlHFqaGPid,Los Horóscopos De Durango,2006-01-01,https://i.scdn.co/image/ab67616d0000b2739adca844d6a62e219ce584b1,1,1,170960,https://p.scdn.co/mp3-preview/c641dc14ce288fe7f7ef709b0e31d256b1aca2b0?cid=9950ac751e34487dbbe027c4fd7f8e99,False,64,USDS10600401,spotify:user:isak.sjoholm.,2025-07-18T13:12:20Z,"duranguense,banda,grupera",0.772,0.94,7.0,-2.123,1.0,0.139,0.235,0.0,0.0705,0.962,152.619,4.0,,UMLE - Disa,"C © 2006 Disa Latin Music A Division Of UMG Recordings Inc., P ℗ 2006 Disa Latin Music A Division Of UMG Recordings Inc."
spotify:track:22skzmqfdWrjJylampe0kt,Can't Hold Us (feat. Ray Dalton),"spotify:artist:3JhNCzhSMTxs9WLGJJxWOY, spotify:artist:5mZJerulcERBZV7xnhrVp1, spotify:artist:5BcAKTbp20cv7tC5VqPFoC, spotify:artist:4e0nWw2r4BoQSKPQ2zpU13","Macklemore, Ryan Lewis, Macklemore & Ryan Lewis, Ray Dalton",spotify:album:5QWHes9ODwn42DHTifGkXd,The Heist,"spotify:artist:3JhNCzhSMTxs9WLGJJxWOY, spotify:artist:5mZJerulcERBZV7xnhrVp1, spotify:artist:5BcAKTbp20cv7tC5VqPFoC","Macklemore, Ryan Lewis, Macklemore & Ryan Lewis",2012-10-09,https://i.scdn.co/image/ab67616d0000b2732a6b364528b128a4a17d100d,1,2,258431,https://p.scdn.co/mp3-preview/8c9523a2742ba6dc93ce1d719e9daa8aaedaa3d8?cid=9950ac751e34487dbbe027c4fd7f8e99,False,88,GMM881200002,spotify:user:p8u4bg39u8ew4b58wtkpj73f8,2022-02-09T12:27:09Z,,0.633,0.927,2.0,-4.468,1.0,0.0839,0.0267,0.0,0.0986,0.88,146.097,4.0,,Macklemore,"C © 2012 Macklemore, LLC., P ℗ 2012 Macklemore, LLC."
spotify:track:22skzmqfdWrjJylampe0kt,Can't Hold Us (feat. Ray Dalton),"spotify:artist:3JhNCzhSMTxs9WLGJJxWOY, spotify:artist:5mZJerulcERBZV7xnhrVp1, spotify:artist:5BcAKTbp20cv7tC5VqPFoC, spotify:artist:4e0nWw2r4BoQSKPQ2zpU13","Macklemore, Ryan Lewis, Macklemore & Ryan Lewis, Ray Dalton",spotify:album:5QWHes9ODwn42DHTifGkXd,The Heist,"spotify:artist:3JhNCzhSMTxs9WLGJJxWOY, spotify:artist:5mZJerulcERBZV7xnhrVp1, spotify:artist:5BcAKTbp20cv7tC5VqPFoC","Macklemore, Ryan Lewis, Macklemore & Ryan Lewis",2012-10-09,https://i.scdn.co/image/ab67616d0000b2732a6b364528b128a4a17d100d,1,2,258431,https://p.scdn.co/mp3-preview/8c9523a2742ba6dc93ce1d719e9daa8aaedaa3d8?cid=9950ac751e34487dbbe027c4fd7f8e99,False,88,GMM881200002,spotify:user:p8u4bg39u8ew4b58wtkpj73f8,2022-02-09T12:27:09Z,,0.633,0.927,2.0,-4.468,1.0,0.0839,0.0267,0.0,0.0986,0.88,146.097,4.0,,Macklemore,"C © 2012 Macklemore, LLC., P ℗ 2012 Macklemore, LLC."
spotify:track:22skzmqfdWrjJylampe0kt,Can't Hold Us (feat. Ray Dalton),"spotify:artist:3JhNCzhSMTxs9WLGJJxWOY, spotify:artist:5mZJerulcERBZV7xnhrVp1, spotify:artist:5BcAKTbp20cv7tC5VqPFoC, spotify:artist:4e0nWw2r4BoQSKPQ2zpU13","Macklemore, Ryan Lewis, Macklemore & Ryan Lewis, Ray Dalton",spotify:album:5QWHes9ODwn42DHTifGkXd,The Heist,"spotify:artist:3JhNCzhSMTxs9WLGJJxWOY, spotify:artist:5mZJerulcERBZV7xnhrVp1, spotify:artist:5BcAKTbp20cv7tC5VqPFoC","Macklemore, Ryan Lewis, Macklemore & Ryan Lewis",2012-10-09,https://i.scdn.co/image/ab67616d0000b2732a6b364528b128a4a17d100d,1,2,258431,https://p.scdn.co/mp3-preview/8c9523a2742ba6dc93ce1d719e9daa8aaedaa3d8?cid=9950ac751e34487dbbe027c4fd7f8e99,False,88,GMM881200002,spotify:user:isak.sjoholm.,2025-04-10T18:20:41Z,,0.633,0.927,2.0,-4.468,1.0,0.0839,0.0267,0.0,0.0986,0.88,146.097,4.0,,Macklemore,"C © 2012 Macklemore, LLC., P ℗ 2012 Macklemore, LLC."
spotify:track:22skzmqfdWrjJylampe0kt,Can't Hold Us (feat. Ray Dalton),"spotify:artist:3JhNCzhSMTxs9WLGJJxWOY, spotify:artist:5mZJerulcERBZV7xnhrVp1, spotify:artist:5BcAKTbp20cv7tC5VqPFoC, spotify:artist:4e0nWw2r4BoQSKPQ2zpU13","Macklemore, Ryan Lewis, Macklemore & Ryan Lewis, Ray Dalton",spotify:album:5QWHes9ODwn42DHTifGkXd,The Heist,"spotify:artist:3JhNCzhSMTxs9WLGJJxWOY, spotify:artist:5mZJerulcERBZV7xnhrVp1, spotify:artist:5BcAKTbp20cv7tC5VqPFoC","Macklemore, Ryan Lewis, Macklemore & Ryan Lewis",2012-10-09,https://i.scdn.co/image/ab67616d0000b2732a6b364528b128a4a17d100d,1,2,258431,https://p.scdn.co/mp3-preview/8c9523a2742ba6dc93ce1d719e9daa8aaedaa3d8?cid=9950ac751e34487dbbe027c4fd7f8e99,False,88,GMM881200002,spotify:user:isak.sjoholm.,2025-02-09T20:00:14Z,,0.633,0.927,2.0,-4.468,1.0,0.0839,0.0267,0.0,0.0986,0.88,146.097,4.0,,Macklemore,"C © 2012 Macklemore, LLC., P ℗ 2012 Macklemore, LLC."
spotify:track:22skzmqfdWrjJylampe0kt,Can't Hold Us (feat. Ray Dalton),"spotify:artist:3JhNCzhSMTxs9WLGJJxWOY, spotify:artist:5mZJerulcERBZV7xnhrVp1, spotify:artist:5BcAKTbp20cv7tC5VqPFoC, spotify:artist:4e0nWw2r4BoQSKPQ2zpU13","Macklemore, Ryan Lewis, Macklemore & Ryan Lewis, Ray Dalton",spotify:album:5QWHes9ODwn42DHTifGkXd,The Heist,"spotify:artist:3JhNCzhSMTxs9WLGJJxWOY, spotify:artist:5mZJerulcERBZV7xnhrVp1, spotify:artist:5BcAKTbp20cv7tC5VqPFoC","Macklemore, Ryan Lewis, Macklemore & Ryan Lewis",2012-10-09,https://i.scdn.co/image/ab67616d0000b2732a6b364528b128a4a17d100d,1,2,258431,https://p.scdn.co/mp3-preview/8c9523a2742ba6dc93ce1d719e9daa8aaedaa3d8?cid=9950ac751e34487dbbe027c4fd7f8e99,False,87,GMM881200002,spotify:user:isak.sjoholm.,2025-07-18T11:45:35Z,,0.633,0.927,2.0,-4.468,1.0,0.0839,0.0267,0.0,0.0986,0.88,146.097,4.0,,Macklemore,"C © 2012 Macklemore, LLC., P ℗ 2012 Macklemore, LLC."
spotify:track:22skzmqfdWrjJylampe0kt,Can't Hold Us (feat. Ray Dalton),"spotify:artist:3JhNCzhSMTxs9WLGJJxWOY, spotify:artist:5mZJerulcERBZV7xnhrVp1, spotify:artist:5BcAKTbp20cv7tC5VqPFoC, spotify:artist:4e0nWw2r4BoQSKPQ2zpU13","Macklemore, Ryan Lewis, Macklemore & Ryan Lewis, Ray Dalton",spotify:album:5QWHes9ODwn42DHTifGkXd,The Heist,"spotify:artist:3JhNCzhSMTxs9WLGJJxWOY, spotify:artist:5mZJerulcERBZV7xnhrVp1, spotify:artist:5BcAKTbp20cv7tC5VqPFoC","Macklemore, Ryan Lewis, Macklemore & Ryan Lewis",2012-10-09,https://i.scdn.co/image/ab67616d0000b2732a6b364528b128a4a17d100d,1,2,258431,https://p.scdn.co/mp3-preview/8c9523a2742ba6dc93ce1d719e9daa8aaedaa3d8?cid=9950ac751e34487dbbe027c4fd7f8e99,False,88,GMM881200002,spotify:user:isak.sjoholm.,2025-04-10T18:20:41Z,,0.633,0.927,2.0,-4.468,1.0,0.0839,0.0267,0.0,0.0986,0.88,146.097,4.0,,Macklemore,"C © 2012 Macklemore, LLC., P ℗ 2012 Macklemore, LLC."
spotify:track:22skzmqfdWrjJylampe0kt,Can't Hold Us (feat. Ray Dalton),"spotify:artist:3JhNCzhSMTxs9WLGJJxWOY, spotify:artist:5mZJerulcERBZV7xnhrVp1, spotify:artist:5BcAKTbp20cv7tC5VqPFoC, spotify:artist:4e0nWw2r4BoQSKPQ2zpU13","Macklemore, Ryan Lewis, Macklemore & Ryan Lewis, Ray Dalton",spotify:album:5QWHes9ODwn42DHTifGkXd,The Heist,"spotify:artist:3JhNCzhSMTxs9WLGJJxWOY, spotify:artist:5mZJerulcERBZV7xnhrVp1, spotify:artist:5BcAKTbp20cv7tC5VqPFoC","Macklemore, Ryan Lewis, Macklemore & Ryan Lewis",2012-10-09,https://i.scdn.co/image/ab67616d0000b2732a6b364528b128a4a17d100d,1,2,258431,https://p.scdn.co/mp3-preview/8c9523a2742ba6dc93ce1d719e9daa8aaedaa3d8?cid=9950ac751e34487dbbe027c4fd7f8e99,False,88,GMM881200002,spotify:user:isak.sjoholm.,2025-02-09T20:00:14Z,,0.633,0.927,2.0,-4.468,1.0,0.0839,0.0267,0.0,0.0986,0.88,146.097,4.0,,Macklemore,"C © 2012 Macklemore, LLC., P ℗ 2012 Macklemore, LLC."
spotify:track:22skzmqfdWrjJylampe0kt,Can't Hold Us (feat. Ray Dalton),"spotify:artist:3JhNCzhSMTxs9WLGJJxWOY, spotify:artist:5mZJerulcERBZV7xnhrVp1, spotify:artist:5BcAKTbp20cv7tC5VqPFoC, spotify:artist:4e0nWw2r4BoQSKPQ2zpU13","Macklemore, Ryan Lewis, Macklemore & Ryan Lewis, Ray Dalton",spotify:album:5QWHes9ODwn42DHTifGkXd,The Heist,"spotify:artist:3JhNCzhSMTxs9WLGJJxWOY, spotify:artist:5mZJerulcERBZV7xnhrVp1, spotify:artist:5BcAKTbp20cv7tC5VqPFoC","Macklemore, Ryan Lewis, Macklemore & Ryan Lewis",2012-10-09,https://i.scdn.co/image/ab67616d0000b2732a6b364528b128a4a17d100d,1,2,258431,https://p.scdn.co/mp3-preview/8c9523a2742ba6dc93ce1d719e9daa8aaedaa3d8?cid=9950ac751e34487dbbe027c4fd7f8e99,False,87,GMM881200002,spotify:user:isak.sjoholm.,2025-07-18T11:45:35Z,,0.633,0.927,2.0,-4.468,1.0,0.0839,0.0267,0.0,0.0986,0.88,146.097,4.0,,Macklemore,"C © 2012 Macklemore, LLC., P ℗ 2012 Macklemore, LLC."
spotify:track:0LAfANg75hYiV1IAEP3vY6,Take Your Mama,spotify:artist:3Y10boYzeuFCJ4Qgp53w6o,Scissor Sisters,spotify:album:65Fllu4vQdZQOh6id0YwIM,Scissor Sisters,spotify:artist:3Y10boYzeuFCJ4Qgp53w6o,Scissor Sisters,2004-01-01,https://i.scdn.co/image/ab67616d0000b273f2a3f7668babf3e257cfdf4d,1,2,271906,https://p.scdn.co/mp3-preview/40bc3214468a42b9efedee1a7cf04b0f0f3bc966?cid=9950ac751e34487dbbe027c4fd7f8e99,False,59,GBAKW0300860,spotify:user:isak.sjoholm.,2025-07-18T13:16:08Z,,0.757,0.957,8.0,-4.617,1.0,0.106,0.209,2.29e-05,0.0624,0.933,153.944,4.0,,Polydor Records,"C © 2004 Polydor Ltd. (UK), P ℗ 2004 Polydor Ltd. (UK)"
spotify:track:0LAfANg75hYiV1IAEP3vY6,Take Your Mama,spotify:artist:3Y10boYzeuFCJ4Qgp53w6o,Scissor Sisters,spotify:album:65Fllu4vQdZQOh6id0YwIM,Scissor Sisters,spotify:artist:3Y10boYzeuFCJ4Qgp53w6o,Scissor Sisters,2004-01-01,https://i.scdn.co/image/ab67616d0000b273f2a3f7668babf3e257cfdf4d,1,2,271906,https://p.scdn.co/mp3-preview/40bc3214468a42b9efedee1a7cf04b0f0f3bc966?cid=9950ac751e34487dbbe027c4fd7f8e99,False,59,GBAKW0300860,spotify:user:isak.sjoholm.,2025-07-18T13:16:08Z,,0.757,0.957,8.0,-4.617,1.0,0.106,0.209,2.29e-05,0.0624,0.933,153.944,4.0,,Polydor Records,"C © 2004 Polydor Ltd. (UK), P ℗ 2004 Polydor Ltd. (UK)"
spotify:track:0XXbz44sfkVbDgs2c7sKOS,Esa Sí Es una Mujer,"spotify:artist:3OgfCHk8YwaZ7NjQHbL4f3, spotify:artist:3Azj8v21CQ76AVvjuNv5Vg","Christian Meier, Pedro Suárez-Vértiz",spotify:album:6T0Ekn1CIDccf5CbDRfHkF,No Me Acuerdo Quién Fui,spotify:artist:3OgfCHk8YwaZ7NjQHbL4f3,Christian Meier,1996-02-10,https://i.scdn.co/image/ab67616d0000b27387c8a26c28dc7da044fb0b31,1,5,231897,https://p.scdn.co/mp3-preview/1ae118ab9f2dafbae6676cd1788494770cdd7d35?cid=9950ac751e34487dbbe027c4fd7f8e99,False,53,USHM81162450,spotify:user:isak.sjoholm.,2025-07-18T13:10:36Z,"rock en español,rock en español,latinamerikansk rock",0.801,0.937,11.0,-6.003,0.0,0.042,0.234,0.0,0.152,0.966,146.837,4.0,,Christian Meier,"C 1999 Christian Meier, P 1999 Christian Meier"
spotify:track:0XXbz44sfkVbDgs2c7sKOS,Esa Sí Es una Mujer,"spotify:artist:3OgfCHk8YwaZ7NjQHbL4f3, spotify:artist:3Azj8v21CQ76AVvjuNv5Vg","Christian Meier, Pedro Suárez-Vértiz",spotify:album:6T0Ekn1CIDccf5CbDRfHkF,No Me Acuerdo Quién Fui,spotify:artist:3OgfCHk8YwaZ7NjQHbL4f3,Christian Meier,1996-02-10,https://i.scdn.co/image/ab67616d0000b27387c8a26c28dc7da044fb0b31,1,5,231897,https://p.scdn.co/mp3-preview/1ae118ab9f2dafbae6676cd1788494770cdd7d35?cid=9950ac751e34487dbbe027c4fd7f8e99,False,53,USHM81162450,spotify:user:isak.sjoholm.,2025-07-18T13:10:36Z,"rock en español,rock en español,latinamerikansk rock",0.801,0.937,11.0,-6.003,0.0,0.042,0.234,0.0,0.152,0.966,146.837,4.0,,Christian Meier,"C 1999 Christian Meier, P 1999 Christian Meier"
spotify:track:4bi3HnzmJdrzdCzUBW4BBx,Let Me Be - Club Mix,spotify:artist:2Fh1UVBGudugIFPx2IoggP,Taleesa,spotify:album:7A4At7FCUtyzjyojJzLlTD,Let Me Be,spotify:artist:2Fh1UVBGudugIFPx2IoggP,Taleesa,1995-01-01,https://i.scdn.co/image/ab67616d0000b273e0edbb49bdddd154ede0dc47,1,1,332266,https://p.scdn.co/mp3-preview/5ffc112d95900553472666780adb28e0441492c4?cid=9950ac751e34487dbbe027c4fd7f8e99,False,48,ITL010400453,spotify:user:isak.sjoholm.,2025-07-18T13:10:35Z,eurodance,0.805,0.931,1.0,-9.076,1.0,0.0515,0.0411,0.000375,0.122,0.897,143.53,4.0,,Time Records,"C 2009 Time S.p.A. Unipersonale, P 2009 Time S.p.A. Unipersonale"
spotify:track:4bi3HnzmJdrzdCzUBW4BBx,Let Me Be - Club Mix,spotify:artist:2Fh1UVBGudugIFPx2IoggP,Taleesa,spotify:album:7A4At7FCUtyzjyojJzLlTD,Let Me Be,spotify:artist:2Fh1UVBGudugIFPx2IoggP,Taleesa,1995-01-01,https://i.scdn.co/image/ab67616d0000b273e0edbb49bdddd154ede0dc47,1,1,332266,https://p.scdn.co/mp3-preview/5ffc112d95900553472666780adb28e0441492c4?cid=9950ac751e34487dbbe027c4fd7f8e99,False,48,ITL010400453,spotify:user:isak.sjoholm.,2025-07-18T13:10:35Z,eurodance,0.805,0.931,1.0,-9.076,1.0,0.0515,0.0411,0.000375,0.122,0.897,143.53,4.0,,Time Records,"C 2009 Time S.p.A. Unipersonale, P 2009 Time S.p.A. Unipersonale"
spotify:track:1ucAgkQ4EQDCSXQ2kEk99k,UNO,spotify:artist:0pnd3MP2rxAzljR9AqXUJB,Little Big,spotify:album:60kZ537D8BGp3GNkGdY0fD,UNO,spotify:artist:0pnd3MP2rxAzljR9AqXUJB,Little Big,2020-03-12,https://i.scdn.co/image/ab67616d0000b2739b14c0e9f1f08e41b01bf32f,1,1,160756,https://p.scdn.co/mp3-preview/3877513e1cce4c4b2a7d83cf8bac33c7fbc8451b?cid=9950ac751e34487dbbe027c4fd7f8e99,False,58,RUA592000524,spotify:user:isak.sjoholm.,2025-07-18T13:17:20Z,,0.836,0.909,9.0,-5.037,1.0,0.0735,0.00204,0.00316,0.057,0.788,142.056,4.0,,Little Big Family,"C © 2020 Little Big Family, P ℗ 2020 Little Big Family"
spotify:track:1ucAgkQ4EQDCSXQ2kEk99k,UNO,spotify:artist:0pnd3MP2rxAzljR9AqXUJB,Little Big,spotify:album:60kZ537D8BGp3GNkGdY0fD,UNO,spotify:artist:0pnd3MP2rxAzljR9AqXUJB,Little Big,2020-03-12,https://i.scdn.co/image/ab67616d0000b2739b14c0e9f1f08e41b01bf32f,1,1,160756,https://p.scdn.co/mp3-preview/3877513e1cce4c4b2a7d83cf8bac33c7fbc8451b?cid=9950ac751e34487dbbe027c4fd7f8e99,False,58,RUA592000524,spotify:user:isak.sjoholm.,2025-07-18T13:17:20Z,,0.836,0.909,9.0,-5.037,1.0,0.0735,0.00204,0.00316,0.057,0.788,142.056,4.0,,Little Big Family,"C © 2020 Little Big Family, P ℗ 2020 Little Big Family"
spotify:track:6KTv0Z8BmVqM7DPxbGzpVC,Rock And Roll All Nite,spotify:artist:07XSN3sPlIlB2L2XNcTwJw,KISS,spotify:album:1YCC4oZXg2zGn7pVSKVlGF,Dressed To Kill,spotify:artist:07XSN3sPlIlB2L2XNcTwJw,KISS,1975-03-19,https://i.scdn.co/image/ab67616d0000b27365a7b0a6969f0efcde4b5aca,1,10,168840,https://p.scdn.co/mp3-preview/e9bee4e5f3f3073b17b5b691ff82b4c2b0cb98d3?cid=9950ac751e34487dbbe027c4fd7f8e99,False,77,USPR37509157,spotify:user:isak.sjoholm.,2025-07-18T13:01:06Z,"glam metal,glamrock,hårdrock,rock,klassisk rock",0.654,0.929,1.0,-5.906,1.0,0.0998,0.0474,0.0,0.0538,0.902,144.769,4.0,,Casablanca Records,"C © 1997 Kiss Catalog, Ltd., P ℗ 1975 The Island Def Jam Music Group"
spotify:track:6KTv0Z8BmVqM7DPxbGzpVC,Rock And Roll All Nite,spotify:artist:07XSN3sPlIlB2L2XNcTwJw,KISS,spotify:album:1YCC4oZXg2zGn7pVSKVlGF,Dressed To Kill,spotify:artist:07XSN3sPlIlB2L2XNcTwJw,KISS,1975-03-19,https://i.scdn.co/image/ab67616d0000b27365a7b0a6969f0efcde4b5aca,1,10,168840,https://p.scdn.co/mp3-preview/e9bee4e5f3f3073b17b5b691ff82b4c2b0cb98d3?cid=9950ac751e34487dbbe027c4fd7f8e99,False,77,USPR37509157,spotify:user:isak.sjoholm.,2025-07-18T13:01:06Z,"glam metal,glamrock,hårdrock,rock,klassisk rock",0.654,0.929,1.0,-5.906,1.0,0.0998,0.0474,0.0,0.0538,0.902,144.769,4.0,,Casablanca Records,"C © 1997 Kiss Catalog, Ltd., P ℗ 1975 The Island Def Jam Music Group"
spotify:track:6KTv0Z8BmVqM7DPxbGzpVC,Rock And Roll All Nite,spotify:artist:07XSN3sPlIlB2L2XNcTwJw,KISS,spotify:album:1YCC4oZXg2zGn7pVSKVlGF,Dressed To Kill,spotify:artist:07XSN3sPlIlB2L2XNcTwJw,KISS,1975-03-19,https://i.scdn.co/image/ab67616d0000b27365a7b0a6969f0efcde4b5aca,1,10,168840,https://p.scdn.co/mp3-preview/e9bee4e5f3f3073b17b5b691ff82b4c2b0cb98d3?cid=9950ac751e34487dbbe027c4fd7f8e99,False,77,USPR37509157,spotify:user:isak.sjoholm.,2025-03-02T20:57:00Z,"glam metal,glamrock,hårdrock,rock,klassisk rock",0.654,0.929,1.0,-5.906,1.0,0.0998,0.0474,0.0,0.0538,0.902,144.769,4.0,,Casablanca Records,"C © 1997 Kiss Catalog, Ltd., P ℗ 1975 The Island Def Jam Music Group"
spotify:track:6KTv0Z8BmVqM7DPxbGzpVC,Rock And Roll All Nite,spotify:artist:07XSN3sPlIlB2L2XNcTwJw,KISS,spotify:album:1YCC4oZXg2zGn7pVSKVlGF,Dressed To Kill,spotify:artist:07XSN3sPlIlB2L2XNcTwJw,KISS,1975-03-19,https://i.scdn.co/image/ab67616d0000b27365a7b0a6969f0efcde4b5aca,1,10,168840,https://p.scdn.co/mp3-preview/e9bee4e5f3f3073b17b5b691ff82b4c2b0cb98d3?cid=9950ac751e34487dbbe027c4fd7f8e99,False,77,USPR37509157,spotify:user:isak.sjoholm.,2025-03-02T20:57:00Z,"glam metal,glamrock,hårdrock,rock,klassisk rock",0.654,0.929,1.0,-5.906,1.0,0.0998,0.0474,0.0,0.0538,0.902,144.769,4.0,,Casablanca Records,"C © 1997 Kiss Catalog, Ltd., P ℗ 1975 The Island Def Jam Music Group"
spotify:track:1Qf1Z6EtcjmfvaU6pJlPI0,Prometes,spotify:artist:6gvh8pQI316iafbHiT7B3y,Daniela Romo,spotify:album:5tVO7XieYjimEPG6Azp6Uv,Dueña de mi corazón,spotify:artist:6gvh8pQI316iafbHiT7B3y,Daniela Romo,1985-03-24,https://i.scdn.co/image/ab67616d0000b273942f9ac2a69ede0f4e93eb2b,1,9,180466,https://p.scdn.co/mp3-preview/d245cd7b7be0e803d8774aa251a822d4a45e5ced?cid=9950ac751e34487dbbe027c4fd7f8e99,False,48,ES5088502764,spotify:user:isak.sjoholm.,2025-07-18T13:10:28Z,villancicos,0.72,0.931,2.0,-6.795,1.0,0.0417,0.0685,0.0,0.0401,0.966,150.716,4.0,,WM Spain,"C © 2017 Warner Music Spain, S.L., P 2017 ℗ 1985 Warner Music Spain, S.L."
spotify:track:1Qf1Z6EtcjmfvaU6pJlPI0,Prometes,spotify:artist:6gvh8pQI316iafbHiT7B3y,Daniela Romo,spotify:album:5tVO7XieYjimEPG6Azp6Uv,Dueña de mi corazón,spotify:artist:6gvh8pQI316iafbHiT7B3y,Daniela Romo,1985-03-24,https://i.scdn.co/image/ab67616d0000b273942f9ac2a69ede0f4e93eb2b,1,9,180466,https://p.scdn.co/mp3-preview/d245cd7b7be0e803d8774aa251a822d4a45e5ced?cid=9950ac751e34487dbbe027c4fd7f8e99,False,48,ES5088502764,spotify:user:isak.sjoholm.,2025-07-18T13:10:28Z,villancicos,0.72,0.931,2.0,-6.795,1.0,0.0417,0.0685,0.0,0.0401,0.966,150.716,4.0,,WM Spain,"C © 2017 Warner Music Spain, S.L., P 2017 ℗ 1985 Warner Music Spain, S.L."
spotify:track:1Qf1Z6EtcjmfvaU6pJlPI0,Prometes,spotify:artist:6gvh8pQI316iafbHiT7B3y,Daniela Romo,spotify:album:5tVO7XieYjimEPG6Azp6Uv,Dueña de mi corazón,spotify:artist:6gvh8pQI316iafbHiT7B3y,Daniela Romo,1985-03-24,https://i.scdn.co/image/ab67616d0000b273942f9ac2a69ede0f4e93eb2b,1,9,180466,https://p.scdn.co/mp3-preview/d245cd7b7be0e803d8774aa251a822d4a45e5ced?cid=9950ac751e34487dbbe027c4fd7f8e99,False,48,ES5088502764,spotify:user:isak.sjoholm.,2025-07-18T13:10:28Z,villancicos,0.72,0.931,2.0,-6.795,1.0,0.0417,0.0685,0.0,0.0401,0.966,150.716,4.0,,WM Spain,"C © 2017 Warner Music Spain, S.L., P 2017 ℗ 1985 Warner Music Spain, S.L."
spotify:track:1Qf1Z6EtcjmfvaU6pJlPI0,Prometes,spotify:artist:6gvh8pQI316iafbHiT7B3y,Daniela Romo,spotify:album:5tVO7XieYjimEPG6Azp6Uv,Dueña de mi corazón,spotify:artist:6gvh8pQI316iafbHiT7B3y,Daniela Romo,1985-03-24,https://i.scdn.co/image/ab67616d0000b273942f9ac2a69ede0f4e93eb2b,1,9,180466,https://p.scdn.co/mp3-preview/d245cd7b7be0e803d8774aa251a822d4a45e5ced?cid=9950ac751e34487dbbe027c4fd7f8e99,False,48,ES5088502764,spotify:user:isak.sjoholm.,2025-07-18T13:10:28Z,villancicos,0.72,0.931,2.0,-6.795,1.0,0.0417,0.0685,0.0,0.0401,0.966,150.716,4.0,,WM Spain,"C © 2017 Warner Music Spain, S.L., P 2017 ℗ 1985 Warner Music Spain, S.L."
spotify:track:0Q2nlEy3j08AWwrum9BFmH,Te Estoy Engañando Con Otra,spotify:artist:4jogXSSvlyMkODGSZ2wc2P,Calibre 50,spotify:album:0nSVxIyIILGvDr417ogi39,De Sinaloa Para El Mundo,spotify:artist:4jogXSSvlyMkODGSZ2wc2P,Calibre 50,2011-01-01,https://i.scdn.co/image/ab67616d0000b27304058e52e9fec89508b161fc,1,3,193960,https://p.scdn.co/mp3-preview/9b1d785fb146ee9b92f759211b645d2fb8a5567a?cid=9950ac751e34487dbbe027c4fd7f8e99,False,63,USUM71100650,spotify:user:isak.sjoholm.,2025-07-18T13:12:22Z,"banda,corrido,norteño,música mexicana,sierreño,grupera",0.792,0.868,10.0,-2.681,1.0,0.0514,0.195,9.41e-06,0.0382,0.964,142.714,3.0,,UMLE - Disa,"C © 2011 Disa Latin Music A Division Of UMG Recordings Inc., P ℗ 2011 Disa Latin Music A Division Of UMG Recordings Inc."
spotify:track:0Q2nlEy3j08AWwrum9BFmH,Te Estoy Engañando Con Otra,spotify:artist:4jogXSSvlyMkODGSZ2wc2P,Calibre 50,spotify:album:0nSVxIyIILGvDr417ogi39,De Sinaloa Para El Mundo,spotify:artist:4jogXSSvlyMkODGSZ2wc2P,Calibre 50,2011-01-01,https://i.scdn.co/image/ab67616d0000b27304058e52e9fec89508b161fc,1,3,193960,https://p.scdn.co/mp3-preview/9b1d785fb146ee9b92f759211b645d2fb8a5567a?cid=9950ac751e34487dbbe027c4fd7f8e99,False,63,USUM71100650,spotify:user:isak.sjoholm.,2025-07-18T13:12:22Z,"banda,corrido,norteño,música mexicana,sierreño,grupera",0.792,0.868,10.0,-2.681,1.0,0.0514,0.195,9.41e-06,0.0382,0.964,142.714,3.0,,UMLE - Disa,"C © 2011 Disa Latin Music A Division Of UMG Recordings Inc., P ℗ 2011 Disa Latin Music A Division Of UMG Recordings Inc."
spotify:track:7jQkiAaa4XYYsPH3rcfcWo,Praise The Lord (Da Shine) (feat. Skepta) - Durdenhauer Edit,"spotify:artist:2CaWJMR1eyvq8n5h96ggJC, spotify:artist:13ubrt8QOOCPljQ2FL1Kca, spotify:artist:2p1fiYHYiXz9qi0JJyxBzN","Durdenhauer, A$AP Rocky, Skepta",spotify:album:6uVc1jXybFsyaLi48p8zYu,Praise The Lord (Da Shine) (feat. Skepta) [Durdenhauer Edit],"spotify:artist:2CaWJMR1eyvq8n5h96ggJC, spotify:artist:13ubrt8QOOCPljQ2FL1Kca","Durdenhauer, A$AP Rocky",2022-11-18,https://i.scdn.co/image/ab67616d0000b273babec6de3664ec7c11e5e8ea,1,1,163515,https://p.scdn.co/mp3-preview/d17feb7e0ff2ce2d0d9861e696ff0ba32c0a5974?cid=9950ac751e34487dbbe027c4fd7f8e99,True,73,USRC12204018,spotify:user:isak.sjoholm.,2025-04-10T18:20:41Z,"hypertechno,techno,rap,grime,brittisk grime",0.803,0.889,8.0,-6.545,1.0,0.0439,0.189,0.653,0.13,0.876,147.983,4.0,,A$AP Rocky Recordings LLC/ RCA Records/B1 Recordings,"P (P) 2022 A$AP Rocky Recordings LLC/RCA Records, under exclusive license to B1 Recordings. Marketed and Distributed by Polo Grounds Music/RCA Records/B1 Recordings."
spotify:track:7jQkiAaa4XYYsPH3rcfcWo,Praise The Lord (Da Shine) (feat. Skepta) - Durdenhauer Edit,"spotify:artist:2CaWJMR1eyvq8n5h96ggJC, spotify:artist:13ubrt8QOOCPljQ2FL1Kca, spotify:artist:2p1fiYHYiXz9qi0JJyxBzN","Durdenhauer, A$AP Rocky, Skepta",spotify:album:6uVc1jXybFsyaLi48p8zYu,Praise The Lord (Da Shine) (feat. Skepta) [Durdenhauer Edit],"spotify:artist:2CaWJMR1eyvq8n5h96ggJC, spotify:artist:13ubrt8QOOCPljQ2FL1Kca","Durdenhauer, A$AP Rocky",2022-11-18,https://i.scdn.co/image/ab67616d0000b273babec6de3664ec7c11e5e8ea,1,1,163515,https://p.scdn.co/mp3-preview/d17feb7e0ff2ce2d0d9861e696ff0ba32c0a5974?cid=9950ac751e34487dbbe027c4fd7f8e99,True,73,USRC12204018,spotify:user:isak.sjoholm.,2025-02-09T19:59:27Z,"hypertechno,techno,rap,grime,brittisk grime",0.803,0.889,8.0,-6.545,1.0,0.0439,0.189,0.653,0.13,0.876,147.983,4.0,,A$AP Rocky Recordings LLC/ RCA Records/B1 Recordings,"P (P) 2022 A$AP Rocky Recordings LLC/RCA Records, under exclusive license to B1 Recordings. Marketed and Distributed by Polo Grounds Music/RCA Records/B1 Recordings."
spotify:track:7jQkiAaa4XYYsPH3rcfcWo,Praise The Lord (Da Shine) (feat. Skepta) - Durdenhauer Edit,"spotify:artist:2CaWJMR1eyvq8n5h96ggJC, spotify:artist:13ubrt8QOOCPljQ2FL1Kca, spotify:artist:2p1fiYHYiXz9qi0JJyxBzN","Durdenhauer, A$AP Rocky, Skepta",spotify:album:6uVc1jXybFsyaLi48p8zYu,Praise The Lord (Da Shine) (feat. Skepta) [Durdenhauer Edit],"spotify:artist:2CaWJMR1eyvq8n5h96ggJC, spotify:artist:13ubrt8QOOCPljQ2FL1Kca","Durdenhauer, A$AP Rocky",2022-11-18,https://i.scdn.co/image/ab67616d0000b273babec6de3664ec7c11e5e8ea,1,1,163515,https://p.scdn.co/mp3-preview/d17feb7e0ff2ce2d0d9861e696ff0ba32c0a5974?cid=9950ac751e34487dbbe027c4fd7f8e99,True,73,USRC12204018,spotify:user:isak.sjoholm.,2025-04-10T18:20:41Z,"hypertechno,techno,rap,grime,brittisk grime",0.803,0.889,8.0,-6.545,1.0,0.0439,0.189,0.653,0.13,0.876,147.983,4.0,,A$AP Rocky Recordings LLC/ RCA Records/B1 Recordings,"P (P) 2022 A$AP Rocky Recordings LLC/RCA Records, under exclusive license to B1 Recordings. Marketed and Distributed by Polo Grounds Music/RCA Records/B1 Recordings."
spotify:track:7jQkiAaa4XYYsPH3rcfcWo,Praise The Lord (Da Shine) (feat. Skepta) - Durdenhauer Edit,"spotify:artist:2CaWJMR1eyvq8n5h96ggJC, spotify:artist:13ubrt8QOOCPljQ2FL1Kca, spotify:artist:2p1fiYHYiXz9qi0JJyxBzN","Durdenhauer, A$AP Rocky, Skepta",spotify:album:6uVc1jXybFsyaLi48p8zYu,Praise The Lord (Da Shine) (feat. Skepta) [Durdenhauer Edit],"spotify:artist:2CaWJMR1eyvq8n5h96ggJC, spotify:artist:13ubrt8QOOCPljQ2FL1Kca","Durdenhauer, A$AP Rocky",2022-11-18,https://i.scdn.co/image/ab67616d0000b273babec6de3664ec7c11e5e8ea,1,1,163515,https://p.scdn.co/mp3-preview/d17feb7e0ff2ce2d0d9861e696ff0ba32c0a5974?cid=9950ac751e34487dbbe027c4fd7f8e99,True,73,USRC12204018,spotify:user:isak.sjoholm.,2025-02-09T19:59:27Z,"hypertechno,techno,rap,grime,brittisk grime",0.803,0.889,8.0,-6.545,1.0,0.0439,0.189,0.653,0.13,0.876,147.983,4.0,,A$AP Rocky Recordings LLC/ RCA Records/B1 Recordings,"P (P) 2022 A$AP Rocky Recordings LLC/RCA Records, under exclusive license to B1 Recordings. Marketed and Distributed by Polo Grounds Music/RCA Records/B1 Recordings."
spotify:track:6S6PMdmKJ6DDN2WALXzMmO,Iubi Cu Mine Nu-Ti Merge,"spotify:artist:74orozagOAzYG0QOWrl4WV, spotify:artist:5h0wBmd25qPcGSInl3dp66","Narcisa, Tzanca Uraganu",spotify:album:3AL2xS9gxy8YsLGLEOw5hn,Iubi Cu Mine Nu-Ti Merge,"spotify:artist:74orozagOAzYG0QOWrl4WV, spotify:artist:5h0wBmd25qPcGSInl3dp66","Narcisa, Tzanca Uraganu",2020-12-25,https://i.scdn.co/image/ab67616d0000b2733e274b4b53348c04b98f02c9,1,1,187579,https://p.scdn.co/mp3-preview/6100e9809252052b4aa09fab3fe57028dc28ec11?cid=9950ac751e34487dbbe027c4fd7f8e99,True,45,TCAFI2006668,spotify:user:isak.sjoholm.,2025-07-18T13:22:58Z,"manele,manele",0.79,0.907,5.0,-6.157,0.0,0.0364,0.0623,0.101,0.147,0.973,146.05,4.0,,Narcisa Oficial Music YNS,"C 2020 Narcisa Oficial Music YNS, P 2020 Narcisa Oficial Music YNS"
spotify:track:6S6PMdmKJ6DDN2WALXzMmO,Iubi Cu Mine Nu-Ti Merge,"spotify:artist:74orozagOAzYG0QOWrl4WV, spotify:artist:5h0wBmd25qPcGSInl3dp66","Narcisa, Tzanca Uraganu",spotify:album:3AL2xS9gxy8YsLGLEOw5hn,Iubi Cu Mine Nu-Ti Merge,"spotify:artist:74orozagOAzYG0QOWrl4WV, spotify:artist:5h0wBmd25qPcGSInl3dp66","Narcisa, Tzanca Uraganu",2020-12-25,https://i.scdn.co/image/ab67616d0000b2733e274b4b53348c04b98f02c9,1,1,187579,https://p.scdn.co/mp3-preview/6100e9809252052b4aa09fab3fe57028dc28ec11?cid=9950ac751e34487dbbe027c4fd7f8e99,True,45,TCAFI2006668,spotify:user:isak.sjoholm.,2025-07-18T13:22:58Z,"manele,manele",0.79,0.907,5.0,-6.157,0.0,0.0364,0.0623,0.101,0.147,0.973,146.05,4.0,,Narcisa Oficial Music YNS,"C 2020 Narcisa Oficial Music YNS, P 2020 Narcisa Oficial Music YNS"
spotify:track:7BOywf9ytUrY37uiZsg6xq,Vresa - Psycho Bitch Version,spotify:artist:3cMEiDsx9VpGvF71hUGswS,Eddie Meduza,spotify:album:2Cds8WsVgs1U8mBjozyFAH,Dance Mix,spotify:artist:3cMEiDsx9VpGvF71hUGswS,Eddie Meduza,1999-01-01,https://i.scdn.co/image/ab67616d0000b273b5894fd51e6dce911109d633,1,7,206480,https://p.scdn.co/mp3-preview/b1201de41c768e73373e60a64feaa770c8b4d570?cid=9950ac751e34487dbbe027c4fd7f8e99,False,39,SEPQM0613297,spotify:user:isak.sjoholm.,2025-07-18T13:07:25Z,"dansband,rockabilly,epadunk,ragga",0.71,0.985,10.0,-3.574,1.0,0.0694,0.00136,0.618,0.184,0.975,144.029,4.0,,WM Sweden,"C © 2006 Warner Music Sweden AB, P ℗ 1999 Mariann Grammofon AB"
spotify:track:7BOywf9ytUrY37uiZsg6xq,Vresa - Psycho Bitch Version,spotify:artist:3cMEiDsx9VpGvF71hUGswS,Eddie Meduza,spotify:album:2Cds8WsVgs1U8mBjozyFAH,Dance Mix,spotify:artist:3cMEiDsx9VpGvF71hUGswS,Eddie Meduza,1999-01-01,https://i.scdn.co/image/ab67616d0000b273b5894fd51e6dce911109d633,1,7,206480,https://p.scdn.co/mp3-preview/b1201de41c768e73373e60a64feaa770c8b4d570?cid=9950ac751e34487dbbe027c4fd7f8e99,False,39,SEPQM0613297,spotify:user:isak.sjoholm.,2025-07-18T13:07:25Z,"dansband,rockabilly,epadunk,ragga",0.71,0.985,10.0,-3.574,1.0,0.0694,0.00136,0.618,0.184,0.975,144.029,4.0,,WM Sweden,"C © 2006 Warner Music Sweden AB, P ℗ 1999 Mariann Grammofon AB"
spotify:track:3Wjhw44kAAQS6BRRtMvdcv,"La Hummer Y El Camaro 2 ""La Revancha""","spotify:artist:5sLCZx5RvQ1Cv6kguDLCLx, spotify:artist:2C6aTaybjOqqtdTxKx8xTX, spotify:artist:3K6LZGkzrJ4tD0pSrT9QZl","Voz De Mando, Mario ""El Cachorro"" Delgado, Escolta De Guerra",spotify:album:1a5ieU77NxfKsZKYZuZno9,Y Ahora Resulta,spotify:artist:5sLCZx5RvQ1Cv6kguDLCLx,Voz De Mando,2012-01-01,https://i.scdn.co/image/ab67616d0000b2736ef881a93befc0a3dd5fd283,1,8,209253,https://p.scdn.co/mp3-preview/5aeb6dfa647eced2769f29e1dedb127d338e2aef?cid=9950ac751e34487dbbe027c4fd7f8e99,False,58,USUM71214382,spotify:user:isak.sjoholm.,2025-07-18T13:18:00Z,"corrido,banda,norteño,música mexicana,corrido,corrido,corridos bélicos,banda",0.84,0.864,3.0,-2.698,1.0,0.102,0.18,0.0,0.0729,0.966,144.945,4.0,,UMLE - Disa,"C © 2012 Disa Latin Music A Division Of UMG Recordings Inc., P ℗ 2012 Disa Latin Music A Division Of UMG Recordings Inc."
spotify:track:3Wjhw44kAAQS6BRRtMvdcv,"La Hummer Y El Camaro 2 ""La Revancha""","spotify:artist:5sLCZx5RvQ1Cv6kguDLCLx, spotify:artist:2C6aTaybjOqqtdTxKx8xTX, spotify:artist:3K6LZGkzrJ4tD0pSrT9QZl","Voz De Mando, Mario ""El Cachorro"" Delgado, Escolta De Guerra",spotify:album:1a5ieU77NxfKsZKYZuZno9,Y Ahora Resulta,spotify:artist:5sLCZx5RvQ1Cv6kguDLCLx,Voz De Mando,2012-01-01,https://i.scdn.co/image/ab67616d0000b2736ef881a93befc0a3dd5fd283,1,8,209253,https://p.scdn.co/mp3-preview/5aeb6dfa647eced2769f29e1dedb127d338e2aef?cid=9950ac751e34487dbbe027c4fd7f8e99,False,58,USUM71214382,spotify:user:isak.sjoholm.,2025-07-18T13:18:00Z,"corrido,banda,norteño,música mexicana,corrido,corrido,corridos bélicos,banda",0.84,0.864,3.0,-2.698,1.0,0.102,0.18,0.0,0.0729,0.966,144.945,4.0,,UMLE - Disa,"C © 2012 Disa Latin Music A Division Of UMG Recordings Inc., P ℗ 2012 Disa Latin Music A Division Of UMG Recordings Inc."
spotify:track:0fEMY38VsrDd4EP7ij2b24,Katmer Katmer,spotify:artist:29A0ZyAAZilbn5F6Vztd5i,LARA,spotify:album:4FyOj0P2sWOQ4cHWgMFA0p,Adam Gibi Adam,spotify:artist:29A0ZyAAZilbn5F6Vztd5i,LARA,2005-05-20,https://i.scdn.co/image/ab67616d0000b273407930e715d8e56ce702c6f9,1,2,272493,https://p.scdn.co/mp3-preview/25d881e3807c3ee0c32f34da1940954f526da5f3?cid=9950ac751e34487dbbe027c4fd7f8e99,False,64,TR0690600057,spotify:user:isak.sjoholm.,2025-07-18T13:20:02Z,"turkisk pop,t‑pop,oyun havasi",0.788,0.916,9.0,-3.959,0.0,0.0388,0.181,0.0,0.25,0.937,144.967,4.0,,Moon Müzik Prodüksiyon,"C 2005 Moon Müzik Prodüksiyon, P 2005 Moon Müzik Prodüksiyon"
spotify:track:0fEMY38VsrDd4EP7ij2b24,Katmer Katmer,spotify:artist:29A0ZyAAZilbn5F6Vztd5i,LARA,spotify:album:4FyOj0P2sWOQ4cHWgMFA0p,Adam Gibi Adam,spotify:artist:29A0ZyAAZilbn5F6Vztd5i,LARA,2005-05-20,https://i.scdn.co/image/ab67616d0000b273407930e715d8e56ce702c6f9,1,2,272493,https://p.scdn.co/mp3-preview/25d881e3807c3ee0c32f34da1940954f526da5f3?cid=9950ac751e34487dbbe027c4fd7f8e99,False,64,TR0690600057,spotify:user:isak.sjoholm.,2025-07-18T13:20:02Z,"turkisk pop,t‑pop,oyun havasi",0.788,0.916,9.0,-3.959,0.0,0.0388,0.181,0.0,0.25,0.937,144.967,4.0,,Moon Müzik Prodüksiyon,"C 2005 Moon Müzik Prodüksiyon, P 2005 Moon Müzik Prodüksiyon"
spotify:track:6I9VzXrHxO9rA9A5euc8Ak,Toxic,spotify:artist:26dSoYclwsYLMAKD3tpOr4,Britney Spears,spotify:album:0z7pVBGOD7HCIB7S8eLkLI,In The Zone,spotify:artist:26dSoYclwsYLMAKD3tpOr4,Britney Spears,2003-11-13,https://i.scdn.co/image/ab67616d0000b273efc6988972cb04105f002cd4,1,6,198800,https://p.scdn.co/mp3-preview/6de2791f84c1d637a0e24734b6df3997cc742da4?cid=9950ac751e34487dbbe027c4fd7f8e99,False,87,USJI10301005,spotify:user:isak.sjoholm.,2025-04-10T18:20:41Z,pop,0.774,0.838,5.0,-3.914,0.0,0.114,0.0249,0.025,0.242,0.924,143.04,4.0,,Jive,P (P) 2003 Zomba Recording LLC
spotify:track:6I9VzXrHxO9rA9A5euc8Ak,Toxic,spotify:artist:26dSoYclwsYLMAKD3tpOr4,Britney Spears,spotify:album:0z7pVBGOD7HCIB7S8eLkLI,In The Zone,spotify:artist:26dSoYclwsYLMAKD3tpOr4,Britney Spears,2003-11-13,https://i.scdn.co/image/ab67616d0000b273efc6988972cb04105f002cd4,1,6,198800,https://p.scdn.co/mp3-preview/6de2791f84c1d637a0e24734b6df3997cc742da4?cid=9950ac751e34487dbbe027c4fd7f8e99,False,87,USJI10301005,spotify:user:isak.sjoholm.,2025-03-02T20:46:43Z,pop,0.774,0.838,5.0,-3.914,0.0,0.114,0.0249,0.025,0.242,0.924,143.04,4.0,,Jive,P (P) 2003 Zomba Recording LLC
spotify:track:6I9VzXrHxO9rA9A5euc8Ak,Toxic,spotify:artist:26dSoYclwsYLMAKD3tpOr4,Britney Spears,spotify:album:0z7pVBGOD7HCIB7S8eLkLI,In The Zone,spotify:artist:26dSoYclwsYLMAKD3tpOr4,Britney Spears,2003-11-13,https://i.scdn.co/image/ab67616d0000b273efc6988972cb04105f002cd4,1,6,198800,https://p.scdn.co/mp3-preview/6de2791f84c1d637a0e24734b6df3997cc742da4?cid=9950ac751e34487dbbe027c4fd7f8e99,False,87,USJI10301005,spotify:user:isak.sjoholm.,2025-07-18T11:46:49Z,pop,0.774,0.838,5.0,-3.914,0.0,0.114,0.0249,0.025,0.242,0.924,143.04,4.0,,Jive,P (P) 2003 Zomba Recording LLC
spotify:track:6I9VzXrHxO9rA9A5euc8Ak,Toxic,spotify:artist:26dSoYclwsYLMAKD3tpOr4,Britney Spears,spotify:album:0z7pVBGOD7HCIB7S8eLkLI,In The Zone,spotify:artist:26dSoYclwsYLMAKD3tpOr4,Britney Spears,2003-11-13,https://i.scdn.co/image/ab67616d0000b273efc6988972cb04105f002cd4,1,6,198800,https://p.scdn.co/mp3-preview/6de2791f84c1d637a0e24734b6df3997cc742da4?cid=9950ac751e34487dbbe027c4fd7f8e99,False,87,USJI10301005,spotify:user:isak.sjoholm.,2025-07-18T13:02:40Z,pop,0.774,0.838,5.0,-3.914,0.0,0.114,0.0249,0.025,0.242,0.924,143.04,4.0,,Jive,P (P) 2003 Zomba Recording LLC
spotify:track:6I9VzXrHxO9rA9A5euc8Ak,Toxic,spotify:artist:26dSoYclwsYLMAKD3tpOr4,Britney Spears,spotify:album:0z7pVBGOD7HCIB7S8eLkLI,In The Zone,spotify:artist:26dSoYclwsYLMAKD3tpOr4,Britney Spears,2003-11-13,https://i.scdn.co/image/ab67616d0000b273efc6988972cb04105f002cd4,1,6,198800,https://p.scdn.co/mp3-preview/6de2791f84c1d637a0e24734b6df3997cc742da4?cid=9950ac751e34487dbbe027c4fd7f8e99,False,87,USJI10301005,spotify:user:isak.sjoholm.,2025-04-10T18:20:41Z,pop,0.774,0.838,5.0,-3.914,0.0,0.114,0.0249,0.025,0.242,0.924,143.04,4.0,,Jive,P (P) 2003 Zomba Recording LLC
spotify:track:6I9VzXrHxO9rA9A5euc8Ak,Toxic,spotify:artist:26dSoYclwsYLMAKD3tpOr4,Britney Spears,spotify:album:0z7pVBGOD7HCIB7S8eLkLI,In The Zone,spotify:artist:26dSoYclwsYLMAKD3tpOr4,Britney Spears,2003-11-13,https://i.scdn.co/image/ab67616d0000b273efc6988972cb04105f002cd4,1,6,198800,https://p.scdn.co/mp3-preview/6de2791f84c1d637a0e24734b6df3997cc742da4?cid=9950ac751e34487dbbe027c4fd7f8e99,False,87,USJI10301005,spotify:user:isak.sjoholm.,2025-03-02T20:46:43Z,pop,0.774,0.838,5.0,-3.914,0.0,0.114,0.0249,0.025,0.242,0.924,143.04,4.0,,Jive,P (P) 2003 Zomba Recording LLC
spotify:track:6I9VzXrHxO9rA9A5euc8Ak,Toxic,spotify:artist:26dSoYclwsYLMAKD3tpOr4,Britney Spears,spotify:album:0z7pVBGOD7HCIB7S8eLkLI,In The Zone,spotify:artist:26dSoYclwsYLMAKD3tpOr4,Britney Spears,2003-11-13,https://i.scdn.co/image/ab67616d0000b273efc6988972cb04105f002cd4,1,6,198800,https://p.scdn.co/mp3-preview/6de2791f84c1d637a0e24734b6df3997cc742da4?cid=9950ac751e34487dbbe027c4fd7f8e99,False,87,USJI10301005,spotify:user:isak.sjoholm.,2025-07-18T11:46:49Z,pop,0.774,0.838,5.0,-3.914,0.0,0.114,0.0249,0.025,0.242,0.924,143.04,4.0,,Jive,P (P) 2003 Zomba Recording LLC
spotify:track:6I9VzXrHxO9rA9A5euc8Ak,Toxic,spotify:artist:26dSoYclwsYLMAKD3tpOr4,Britney Spears,spotify:album:0z7pVBGOD7HCIB7S8eLkLI,In The Zone,spotify:artist:26dSoYclwsYLMAKD3tpOr4,Britney Spears,2003-11-13,https://i.scdn.co/image/ab67616d0000b273efc6988972cb04105f002cd4,1,6,198800,https://p.scdn.co/mp3-preview/6de2791f84c1d637a0e24734b6df3997cc742da4?cid=9950ac751e34487dbbe027c4fd7f8e99,False,87,USJI10301005,spotify:user:isak.sjoholm.,2025-07-18T13:02:40Z,pop,0.774,0.838,5.0,-3.914,0.0,0.114,0.0249,0.025,0.242,0.924,143.04,4.0,,Jive,P (P) 2003 Zomba Recording LLC
spotify:track:06XznDPTg5KhnBqqrPS6Z4,Don't Stop the Rhythm,spotify:artist:3Je8tRazTtqZxGkbeJDGL8,Kolohe Kai,spotify:album:3m89meycBx0T7hYBhj2kkq,This Is The Life,spotify:artist:3Je8tRazTtqZxGkbeJDGL8,Kolohe Kai,2009-09-25,https://i.scdn.co/image/ab67616d0000b273ac6ddc79288813252285c859,1,10,194546,https://p.scdn.co/mp3-preview/152044831499b54a2373000846017dab02f59911?cid=9950ac751e34487dbbe027c4fd7f8e99,False,47,ushm90939600,spotify:user:isak.sjoholm.,2025-07-18T13:09:19Z,"nz reggae,reggae",0.819,0.845,7.0,-3.889,0.0,0.0397,0.0444,0.0,0.0348,0.969,142.055,4.0,,Go Aloha Entertainment,"C 2009 Go Aloha Entertainment, P 2009 Go Aloha Entertainment"
spotify:track:06XznDPTg5KhnBqqrPS6Z4,Don't Stop the Rhythm,spotify:artist:3Je8tRazTtqZxGkbeJDGL8,Kolohe Kai,spotify:album:3m89meycBx0T7hYBhj2kkq,This Is The Life,spotify:artist:3Je8tRazTtqZxGkbeJDGL8,Kolohe Kai,2009-09-25,https://i.scdn.co/image/ab67616d0000b273ac6ddc79288813252285c859,1,10,194546,https://p.scdn.co/mp3-preview/152044831499b54a2373000846017dab02f59911?cid=9950ac751e34487dbbe027c4fd7f8e99,False,47,ushm90939600,spotify:user:isak.sjoholm.,2025-07-18T13:09:19Z,"nz reggae,reggae",0.819,0.845,7.0,-3.889,0.0,0.0397,0.0444,0.0,0.0348,0.969,142.055,4.0,,Go Aloha Entertainment,"C 2009 Go Aloha Entertainment, P 2009 Go Aloha Entertainment"
spotify:track:1kZCJ32w0cdbThUOO8XW6u,Romeo - 2014 Remaster,spotify:artist:2eogQKWWoohI3BSnoG7E2U,Donna Summer,spotify:album:6jHshPxY2QPm6lyOwS2ZM2,I'm a Rainbow (Re-Mastered & Expanded),spotify:artist:2eogQKWWoohI3BSnoG7E2U,Donna Summer,1996-08-20,https://i.scdn.co/image/ab67616d0000b273e8b1d0daaaf6b43f7b6ddd17,1,16,198906,https://p.scdn.co/mp3-preview/c5cf3e236abd38872ada0fa70472792e8aa8a9d6?cid=9950ac751e34487dbbe027c4fd7f8e99,False,47,USPR39630035,spotify:user:isak.sjoholm.,2025-07-18T13:18:48Z,"disco,hi-nrg",0.852,0.846,4.0,-7.705,1.0,0.0385,0.0342,0.000351,0.114,0.955,140.901,4.0,,Crimson,"C (C) 2014 Crimson Productions Ltd, P (P) 1996 Driven By The Music LLC issued under exclusive license to Crimson Productions Ltd"
spotify:track:1kZCJ32w0cdbThUOO8XW6u,Romeo - 2014 Remaster,spotify:artist:2eogQKWWoohI3BSnoG7E2U,Donna Summer,spotify:album:6jHshPxY2QPm6lyOwS2ZM2,I'm a Rainbow (Re-Mastered & Expanded),spotify:artist:2eogQKWWoohI3BSnoG7E2U,Donna Summer,1996-08-20,https://i.scdn.co/image/ab67616d0000b273e8b1d0daaaf6b43f7b6ddd17,1,16,198906,https://p.scdn.co/mp3-preview/c5cf3e236abd38872ada0fa70472792e8aa8a9d6?cid=9950ac751e34487dbbe027c4fd7f8e99,False,47,USPR39630035,spotify:user:isak.sjoholm.,2025-07-18T13:18:48Z,"disco,hi-nrg",0.852,0.846,4.0,-7.705,1.0,0.0385,0.0342,0.000351,0.114,0.955,140.901,4.0,,Crimson,"C (C) 2014 Crimson Productions Ltd, P (P) 1996 Driven By The Music LLC issued under exclusive license to Crimson Productions Ltd"
spotify:track:1kZCJ32w0cdbThUOO8XW6u,Romeo - 2014 Remaster,spotify:artist:2eogQKWWoohI3BSnoG7E2U,Donna Summer,spotify:album:6jHshPxY2QPm6lyOwS2ZM2,I'm a Rainbow (Re-Mastered & Expanded),spotify:artist:2eogQKWWoohI3BSnoG7E2U,Donna Summer,1996-08-20,https://i.scdn.co/image/ab67616d0000b273e8b1d0daaaf6b43f7b6ddd17,1,16,198906,https://p.scdn.co/mp3-preview/c5cf3e236abd38872ada0fa70472792e8aa8a9d6?cid=9950ac751e34487dbbe027c4fd7f8e99,False,47,USPR39630035,spotify:user:isak.sjoholm.,2025-07-18T13:18:48Z,"disco,hi-nrg",0.852,0.846,4.0,-7.705,1.0,0.0385,0.0342,0.000351,0.114,0.955,140.901,4.0,,Crimson,"C (C) 2014 Crimson Productions Ltd, P (P) 1996 Driven By The Music LLC issued under exclusive license to Crimson Productions Ltd"
spotify:track:1kZCJ32w0cdbThUOO8XW6u,Romeo - 2014 Remaster,spotify:artist:2eogQKWWoohI3BSnoG7E2U,Donna Summer,spotify:album:6jHshPxY2QPm6lyOwS2ZM2,I'm a Rainbow (Re-Mastered & Expanded),spotify:artist:2eogQKWWoohI3BSnoG7E2U,Donna Summer,1996-08-20,https://i.scdn.co/image/ab67616d0000b273e8b1d0daaaf6b43f7b6ddd17,1,16,198906,https://p.scdn.co/mp3-preview/c5cf3e236abd38872ada0fa70472792e8aa8a9d6?cid=9950ac751e34487dbbe027c4fd7f8e99,False,47,USPR39630035,spotify:user:isak.sjoholm.,2025-07-18T13:18:48Z,"disco,hi-nrg",0.852,0.846,4.0,-7.705,1.0,0.0385,0.0342,0.000351,0.114,0.955,140.901,4.0,,Crimson,"C (C) 2014 Crimson Productions Ltd, P (P) 1996 Driven By The Music LLC issued under exclusive license to Crimson Productions Ltd"
spotify:track:4sZEqIf2LO003CBxxbBV51,"Cachete, Pechito y Ombligo","spotify:artist:54gCRV0IGOEsK5iZFjdKXo, spotify:artist:1RGijIKY2cwvBGXrYgFPnf, spotify:artist:5XfK5zmN6FEyhMgpRIPrtw","Los Tupamaros, Rochy, David",spotify:album:6LmdmdH4QOVPXNqkdr9RWM,Éxitos los Tupamaros,spotify:artist:54gCRV0IGOEsK5iZFjdKXo,Los Tupamaros,2012-06-28,https://i.scdn.co/image/ab67616d0000b27360874433e5e227b8b9907915,1,9,204288,,False,42,COF019600599,spotify:user:isak.sjoholm.,2025-07-18T13:11:14Z,"merengue,tropisk musik,nueva trova,trova,flamenco pop,flamenco",0.826,0.884,1.0,-5.752,1.0,0.0458,0.116,8.2e-06,0.0713,0.97,148.574,4.0,,Discos Fuentes,"C 2012 Discos Fuentes Edimúsica S.A, P 2012 Discos Fuentes"
spotify:track:4sZEqIf2LO003CBxxbBV51,"Cachete, Pechito y Ombligo","spotify:artist:54gCRV0IGOEsK5iZFjdKXo, spotify:artist:1RGijIKY2cwvBGXrYgFPnf, spotify:artist:5XfK5zmN6FEyhMgpRIPrtw","Los Tupamaros, Rochy, David",spotify:album:6LmdmdH4QOVPXNqkdr9RWM,Éxitos los Tupamaros,spotify:artist:54gCRV0IGOEsK5iZFjdKXo,Los Tupamaros,2012-06-28,https://i.scdn.co/image/ab67616d0000b27360874433e5e227b8b9907915,1,9,204288,,False,42,COF019600599,spotify:user:isak.sjoholm.,2025-07-18T13:11:14Z,"merengue,tropisk musik,nueva trova,trova,flamenco pop,flamenco",0.826,0.884,1.0,-5.752,1.0,0.0458,0.116,8.2e-06,0.0713,0.97,148.574,4.0,,Discos Fuentes,"C 2012 Discos Fuentes Edimúsica S.A, P 2012 Discos Fuentes"
spotify:track:3bidbhpOYeV4knp8AIu8Xn,Can't Hold Us (feat. Ray Dalton),"spotify:artist:3JhNCzhSMTxs9WLGJJxWOY, spotify:artist:4myTppRgh0rojLxx8RycOp, spotify:artist:6WLvgbfYXQPO396oJEYCsi, spotify:artist:4e0nWw2r4BoQSKPQ2zpU13","Macklemore, Ryan Lewis, Macklemore & Ryan Lewis, Ray Dalton",spotify:album:76FXHQhTuT4QMIxfL09gX8,The Heist,"spotify:artist:6WLvgbfYXQPO396oJEYCsi, spotify:artist:3JhNCzhSMTxs9WLGJJxWOY, spotify:artist:4myTppRgh0rojLxx8RycOp","Macklemore & Ryan Lewis, Macklemore, Ryan Lewis",2012-10-09,https://i.scdn.co/image/ab67616d0000b27398a02fef3a8b1d80a0f164ec,1,2,258342,https://p.scdn.co/mp3-preview/989bcb16f82e4cfcbfebdf8cf0dd91abe86c84d1?cid=9950ac751e34487dbbe027c4fd7f8e99,False,83,GMM881200021,spotify:user:p8u4bg39u8ew4b58wtkpj73f8,2021-10-08T11:30:54Z,,0.641,0.922,2.0,-4.457,1.0,0.0786,0.0291,0.0,0.0862,0.847,146.078,4.0,,Macklemore,"C © 2012 Macklemore, LLC., P ℗ 2012 Macklemore, LLC."
spotify:track:3bidbhpOYeV4knp8AIu8Xn,Can't Hold Us (feat. Ray Dalton),"spotify:artist:3JhNCzhSMTxs9WLGJJxWOY, spotify:artist:4myTppRgh0rojLxx8RycOp, spotify:artist:6WLvgbfYXQPO396oJEYCsi, spotify:artist:4e0nWw2r4BoQSKPQ2zpU13","Macklemore, Ryan Lewis, Macklemore & Ryan Lewis, Ray Dalton",spotify:album:76FXHQhTuT4QMIxfL09gX8,The Heist,"spotify:artist:6WLvgbfYXQPO396oJEYCsi, spotify:artist:3JhNCzhSMTxs9WLGJJxWOY, spotify:artist:4myTppRgh0rojLxx8RycOp","Macklemore & Ryan Lewis, Macklemore, Ryan Lewis",2012-10-09,https://i.scdn.co/image/ab67616d0000b27398a02fef3a8b1d80a0f164ec,1,2,258342,https://p.scdn.co/mp3-preview/989bcb16f82e4cfcbfebdf8cf0dd91abe86c84d1?cid=9950ac751e34487dbbe027c4fd7f8e99,False,83,GMM881200021,spotify:user:p8u4bg39u8ew4b58wtkpj73f8,2021-09-02T13:49:55Z,,0.641,0.922,2.0,-4.457,1.0,0.0786,0.0291,0.0,0.0862,0.847,146.078,4.0,,Macklemore,"C © 2012 Macklemore, LLC., P ℗ 2012 Macklemore, LLC."
spotify:track:3bidbhpOYeV4knp8AIu8Xn,Can't Hold Us (feat. Ray Dalton),"spotify:artist:3JhNCzhSMTxs9WLGJJxWOY, spotify:artist:4myTppRgh0rojLxx8RycOp, spotify:artist:6WLvgbfYXQPO396oJEYCsi, spotify:artist:4e0nWw2r4BoQSKPQ2zpU13","Macklemore, Ryan Lewis, Macklemore & Ryan Lewis, Ray Dalton",spotify:album:76FXHQhTuT4QMIxfL09gX8,The Heist,"spotify:artist:6WLvgbfYXQPO396oJEYCsi, spotify:artist:3JhNCzhSMTxs9WLGJJxWOY, spotify:artist:4myTppRgh0rojLxx8RycOp","Macklemore & Ryan Lewis, Macklemore, Ryan Lewis",2012-10-09,https://i.scdn.co/image/ab67616d0000b27398a02fef3a8b1d80a0f164ec,1,2,258342,https://p.scdn.co/mp3-preview/989bcb16f82e4cfcbfebdf8cf0dd91abe86c84d1?cid=9950ac751e34487dbbe027c4fd7f8e99,False,83,GMM881200021,spotify:user:p8u4bg39u8ew4b58wtkpj73f8,2021-10-08T11:30:54Z,,0.641,0.922,2.0,-4.457,1.0,0.0786,0.0291,0.0,0.0862,0.847,146.078,4.0,,Macklemore,"C © 2012 Macklemore, LLC., P ℗ 2012 Macklemore, LLC."
spotify:track:3bidbhpOYeV4knp8AIu8Xn,Can't Hold Us (feat. Ray Dalton),"spotify:artist:3JhNCzhSMTxs9WLGJJxWOY, spotify:artist:4myTppRgh0rojLxx8RycOp, spotify:artist:6WLvgbfYXQPO396oJEYCsi, spotify:artist:4e0nWw2r4BoQSKPQ2zpU13","Macklemore, Ryan Lewis, Macklemore & Ryan Lewis, Ray Dalton",spotify:album:76FXHQhTuT4QMIxfL09gX8,The Heist,"spotify:artist:6WLvgbfYXQPO396oJEYCsi, spotify:artist:3JhNCzhSMTxs9WLGJJxWOY, spotify:artist:4myTppRgh0rojLxx8RycOp","Macklemore & Ryan Lewis, Macklemore, Ryan Lewis",2012-10-09,https://i.scdn.co/image/ab67616d0000b27398a02fef3a8b1d80a0f164ec,1,2,258342,https://p.scdn.co/mp3-preview/989bcb16f82e4cfcbfebdf8cf0dd91abe86c84d1?cid=9950ac751e34487dbbe027c4fd7f8e99,False,83,GMM881200021,spotify:user:p8u4bg39u8ew4b58wtkpj73f8,2021-09-02T13:49:55Z,,0.641,0.922,2.0,-4.457,1.0,0.0786,0.0291,0.0,0.0862,0.847,146.078,4.0,,Macklemore,"C © 2012 Macklemore, LLC., P ℗ 2012 Macklemore, LLC."
spotify:track:3bidbhpOYeV4knp8AIu8Xn,Can't Hold Us (feat. Ray Dalton),"spotify:artist:3JhNCzhSMTxs9WLGJJxWOY, spotify:artist:4myTppRgh0rojLxx8RycOp, spotify:artist:6WLvgbfYXQPO396oJEYCsi, spotify:artist:4e0nWw2r4BoQSKPQ2zpU13","Macklemore, Ryan Lewis, Macklemore & Ryan Lewis, Ray Dalton",spotify:album:76FXHQhTuT4QMIxfL09gX8,The Heist,"spotify:artist:6WLvgbfYXQPO396oJEYCsi, spotify:artist:3JhNCzhSMTxs9WLGJJxWOY, spotify:artist:4myTppRgh0rojLxx8RycOp","Macklemore & Ryan Lewis, Macklemore, Ryan Lewis",2012-10-09,https://i.scdn.co/image/ab67616d0000b27398a02fef3a8b1d80a0f164ec,1,2,258342,https://p.scdn.co/mp3-preview/989bcb16f82e4cfcbfebdf8cf0dd91abe86c84d1?cid=9950ac751e34487dbbe027c4fd7f8e99,False,83,GMM881200021,spotify:user:p8u4bg39u8ew4b58wtkpj73f8,2021-09-02T13:49:57Z,,0.641,0.922,2.0,-4.457,1.0,0.0786,0.0291,0.0,0.0862,0.847,146.078,4.0,,Macklemore,"C © 2012 Macklemore, LLC., P ℗ 2012 Macklemore, LLC."
spotify:track:3bidbhpOYeV4knp8AIu8Xn,Can't Hold Us (feat. Ray Dalton),"spotify:artist:3JhNCzhSMTxs9WLGJJxWOY, spotify:artist:4myTppRgh0rojLxx8RycOp, spotify:artist:6WLvgbfYXQPO396oJEYCsi, spotify:artist:4e0nWw2r4BoQSKPQ2zpU13","Macklemore, Ryan Lewis, Macklemore & Ryan Lewis, Ray Dalton",spotify:album:76FXHQhTuT4QMIxfL09gX8,The Heist,"spotify:artist:6WLvgbfYXQPO396oJEYCsi, spotify:artist:3JhNCzhSMTxs9WLGJJxWOY, spotify:artist:4myTppRgh0rojLxx8RycOp","Macklemore & Ryan Lewis, Macklemore, Ryan Lewis",2012-10-09,https://i.scdn.co/image/ab67616d0000b27398a02fef3a8b1d80a0f164ec,1,2,258342,https://p.scdn.co/mp3-preview/989bcb16f82e4cfcbfebdf8cf0dd91abe86c84d1?cid=9950ac751e34487dbbe027c4fd7f8e99,False,83,GMM881200021,,2019-03-21T15:41:28Z,,0.641,0.922,2.0,-4.457,1.0,0.0786,0.0291,0.0,0.0862,0.847,146.078,4.0,,Macklemore,"C © 2012 Macklemore, LLC., P ℗ 2012 Macklemore, LLC."
spotify:track:3bidbhpOYeV4knp8AIu8Xn,Can't Hold Us (feat. Ray Dalton),"spotify:artist:3JhNCzhSMTxs9WLGJJxWOY, spotify:artist:4myTppRgh0rojLxx8RycOp, spotify:artist:6WLvgbfYXQPO396oJEYCsi, spotify:artist:4e0nWw2r4BoQSKPQ2zpU13","Macklemore, Ryan Lewis, Macklemore & Ryan Lewis, Ray Dalton",spotify:album:76FXHQhTuT4QMIxfL09gX8,The Heist,"spotify:artist:6WLvgbfYXQPO396oJEYCsi, spotify:artist:3JhNCzhSMTxs9WLGJJxWOY, spotify:artist:4myTppRgh0rojLxx8RycOp","Macklemore & Ryan Lewis, Macklemore, Ryan Lewis",2012-10-09,https://i.scdn.co/image/ab67616d0000b27398a02fef3a8b1d80a0f164ec,1,2,258342,https://p.scdn.co/mp3-preview/989bcb16f82e4cfcbfebdf8cf0dd91abe86c84d1?cid=9950ac751e34487dbbe027c4fd7f8e99,False,83,GMM881200021,spotify:user:isak.sjoholm.,2025-02-09T20:01:02Z,,0.641,0.922,2.0,-4.457,1.0,0.0786,0.0291,0.0,0.0862,0.847,146.078,4.0,,Macklemore,"C © 2012 Macklemore, LLC., P ℗ 2012 Macklemore, LLC."
spotify:track:3bidbhpOYeV4knp8AIu8Xn,Can't Hold Us (feat. Ray Dalton),"spotify:artist:3JhNCzhSMTxs9WLGJJxWOY, spotify:artist:4myTppRgh0rojLxx8RycOp, spotify:artist:6WLvgbfYXQPO396oJEYCsi, spotify:artist:4e0nWw2r4BoQSKPQ2zpU13","Macklemore, Ryan Lewis, Macklemore & Ryan Lewis, Ray Dalton",spotify:album:76FXHQhTuT4QMIxfL09gX8,The Heist,"spotify:artist:6WLvgbfYXQPO396oJEYCsi, spotify:artist:3JhNCzhSMTxs9WLGJJxWOY, spotify:artist:4myTppRgh0rojLxx8RycOp","Macklemore & Ryan Lewis, Macklemore, Ryan Lewis",2012-10-09,https://i.scdn.co/image/ab67616d0000b27398a02fef3a8b1d80a0f164ec,1,2,258342,https://p.scdn.co/mp3-preview/989bcb16f82e4cfcbfebdf8cf0dd91abe86c84d1?cid=9950ac751e34487dbbe027c4fd7f8e99,False,83,GMM881200021,spotify:user:isak.sjoholm.,2025-07-18T13:03:11Z,,0.641,0.922,2.0,-4.457,1.0,0.0786,0.0291,0.0,0.0862,0.847,146.078,4.0,,Macklemore,"C © 2012 Macklemore, LLC., P ℗ 2012 Macklemore, LLC."
spotify:track:3bidbhpOYeV4knp8AIu8Xn,Can't Hold Us (feat. Ray Dalton),"spotify:artist:3JhNCzhSMTxs9WLGJJxWOY, spotify:artist:4myTppRgh0rojLxx8RycOp, spotify:artist:6WLvgbfYXQPO396oJEYCsi, spotify:artist:4e0nWw2r4BoQSKPQ2zpU13","Macklemore, Ryan Lewis, Macklemore & Ryan Lewis, Ray Dalton",spotify:album:76FXHQhTuT4QMIxfL09gX8,The Heist,"spotify:artist:6WLvgbfYXQPO396oJEYCsi, spotify:artist:3JhNCzhSMTxs9WLGJJxWOY, spotify:artist:4myTppRgh0rojLxx8RycOp","Macklemore & Ryan Lewis, Macklemore, Ryan Lewis",2012-10-09,https://i.scdn.co/image/ab67616d0000b27398a02fef3a8b1d80a0f164ec,1,2,258342,https://p.scdn.co/mp3-preview/989bcb16f82e4cfcbfebdf8cf0dd91abe86c84d1?cid=9950ac751e34487dbbe027c4fd7f8e99,False,83,GMM881200021,spotify:user:p8u4bg39u8ew4b58wtkpj73f8,2021-09-02T13:49:57Z,,0.641,0.922,2.0,-4.457,1.0,0.0786,0.0291,0.0,0.0862,0.847,146.078,4.0,,Macklemore,"C © 2012 Macklemore, LLC., P ℗ 2012 Macklemore, LLC."
spotify:track:3bidbhpOYeV4knp8AIu8Xn,Can't Hold Us (feat. Ray Dalton),"spotify:artist:3JhNCzhSMTxs9WLGJJxWOY, spotify:artist:4myTppRgh0rojLxx8RycOp, spotify:artist:6WLvgbfYXQPO396oJEYCsi, spotify:artist:4e0nWw2r4BoQSKPQ2zpU13","Macklemore, Ryan Lewis, Macklemore & Ryan Lewis, Ray Dalton",spotify:album:76FXHQhTuT4QMIxfL09gX8,The Heist,"spotify:artist:6WLvgbfYXQPO396oJEYCsi, spotify:artist:3JhNCzhSMTxs9WLGJJxWOY, spotify:artist:4myTppRgh0rojLxx8RycOp","Macklemore & Ryan Lewis, Macklemore, Ryan Lewis",2012-10-09,https://i.scdn.co/image/ab67616d0000b27398a02fef3a8b1d80a0f164ec,1,2,258342,https://p.scdn.co/mp3-preview/989bcb16f82e4cfcbfebdf8cf0dd91abe86c84d1?cid=9950ac751e34487dbbe027c4fd7f8e99,False,83,GMM881200021,,2019-03-21T15:41:28Z,,0.641,0.922,2.0,-4.457,1.0,0.0786,0.0291,0.0,0.0862,0.847,146.078,4.0,,Macklemore,"C © 2012 Macklemore, LLC., P ℗ 2012 Macklemore, LLC."
spotify:track:3bidbhpOYeV4knp8AIu8Xn,Can't Hold Us (feat. Ray Dalton),"spotify:artist:3JhNCzhSMTxs9WLGJJxWOY, spotify:artist:4myTppRgh0rojLxx8RycOp, spotify:artist:6WLvgbfYXQPO396oJEYCsi, spotify:artist:4e0nWw2r4BoQSKPQ2zpU13","Macklemore, Ryan Lewis, Macklemore & Ryan Lewis, Ray Dalton",spotify:album:76FXHQhTuT4QMIxfL09gX8,The Heist,"spotify:artist:6WLvgbfYXQPO396oJEYCsi, spotify:artist:3JhNCzhSMTxs9WLGJJxWOY, spotify:artist:4myTppRgh0rojLxx8RycOp","Macklemore & Ryan Lewis, Macklemore, Ryan Lewis",2012-10-09,https://i.scdn.co/image/ab67616d0000b27398a02fef3a8b1d80a0f164ec,1,2,258342,https://p.scdn.co/mp3-preview/989bcb16f82e4cfcbfebdf8cf0dd91abe86c84d1?cid=9950ac751e34487dbbe027c4fd7f8e99,False,83,GMM881200021,spotify:user:isak.sjoholm.,2025-02-09T20:01:02Z,,0.641,0.922,2.0,-4.457,1.0,0.0786,0.0291,0.0,0.0862,0.847,146.078,4.0,,Macklemore,"C © 2012 Macklemore, LLC., P ℗ 2012 Macklemore, LLC."
spotify:track:3bidbhpOYeV4knp8AIu8Xn,Can't Hold Us (feat. Ray Dalton),"spotify:artist:3JhNCzhSMTxs9WLGJJxWOY, spotify:artist:4myTppRgh0rojLxx8RycOp, spotify:artist:6WLvgbfYXQPO396oJEYCsi, spotify:artist:4e0nWw2r4BoQSKPQ2zpU13","Macklemore, Ryan Lewis, Macklemore & Ryan Lewis, Ray Dalton",spotify:album:76FXHQhTuT4QMIxfL09gX8,The Heist,"spotify:artist:6WLvgbfYXQPO396oJEYCsi, spotify:artist:3JhNCzhSMTxs9WLGJJxWOY, spotify:artist:4myTppRgh0rojLxx8RycOp","Macklemore & Ryan Lewis, Macklemore, Ryan Lewis",2012-10-09,https://i.scdn.co/image/ab67616d0000b27398a02fef3a8b1d80a0f164ec,1,2,258342,https://p.scdn.co/mp3-preview/989bcb16f82e4cfcbfebdf8cf0dd91abe86c84d1?cid=9950ac751e34487dbbe027c4fd7f8e99,False,83,GMM881200021,spotify:user:isak.sjoholm.,2025-07-18T13:03:11Z,,0.641,0.922,2.0,-4.457,1.0,0.0786,0.0291,0.0,0.0862,0.847,146.078,4.0,,Macklemore,"C © 2012 Macklemore, LLC., P ℗ 2012 Macklemore, LLC."
spotify:track:58U2OeaIAkQ6scuGNVazuT,Made in Romania,spotify:artist:3nEGbFFQiHXnjhbJVwzega,Ionut Cercel,spotify:album:6Pr1PMiL3fc6EHRmRVRmoh,Sapte trandafiri,spotify:artist:0LyfQWJT6nXafLPZqxe9Of,Blandade Artister,2011-12-22,https://i.scdn.co/image/ab67616d0000b27354c50519568096ee5d4030cd,1,10,245026,https://p.scdn.co/mp3-preview/c291e9a68a68e116063002f796cb37713ec70ac8?cid=9950ac751e34487dbbe027c4fd7f8e99,False,64,USA371572242,spotify:user:isak.sjoholm.,2025-07-18T13:19:14Z,manele,0.807,0.872,5.0,-4.991,0.0,0.0452,0.158,1.31e-05,0.238,0.968,144.986,4.0,,Autentic Music,C 2008 Autentic Music
spotify:track:58U2OeaIAkQ6scuGNVazuT,Made in Romania,spotify:artist:3nEGbFFQiHXnjhbJVwzega,Ionut Cercel,spotify:album:6Pr1PMiL3fc6EHRmRVRmoh,Sapte trandafiri,spotify:artist:0LyfQWJT6nXafLPZqxe9Of,Blandade Artister,2011-12-22,https://i.scdn.co/image/ab67616d0000b27354c50519568096ee5d4030cd,1,10,245026,https://p.scdn.co/mp3-preview/c291e9a68a68e116063002f796cb37713ec70ac8?cid=9950ac751e34487dbbe027c4fd7f8e99,False,64,USA371572242,spotify:user:isak.sjoholm.,2025-07-18T13:19:14Z,manele,0.807,0.872,5.0,-4.991,0.0,0.0452,0.158,1.31e-05,0.238,0.968,144.986,4.0,,Autentic Music,C 2008 Autentic Music
spotify:track:4SZajTdYzV2duNRXwuSsdN,Dr Boom-Bombay,spotify:artist:5aEE6nBaJ4POGCoFKCpK8K,Dr. Bombay,spotify:album:6VFD8Ghci8VQ3TRjp3Z068,Rice & Curry,spotify:artist:5aEE6nBaJ4POGCoFKCpK8K,Dr. Bombay,1998-03-05,https://i.scdn.co/image/ab67616d0000b27311a900a172f51273c22d6643,1,2,202106,https://p.scdn.co/mp3-preview/ddd6c884f15f56d36b0502a706fe0b5ef769597d?cid=9950ac751e34487dbbe027c4fd7f8e99,False,35,SEPQA9821060,spotify:user:isak.sjoholm.,2025-07-18T13:08:29Z,"eurodance,europop",0.75,0.99,6.0,-3.383,0.0,0.0329,0.0259,0.00101,0.332,0.974,140.017,4.0,,WM Sweden,"C © 1998 Warner Music Sweden, P ℗ 1998 Warner Music Sweden"
spotify:track:4SZajTdYzV2duNRXwuSsdN,Dr Boom-Bombay,spotify:artist:5aEE6nBaJ4POGCoFKCpK8K,Dr. Bombay,spotify:album:6VFD8Ghci8VQ3TRjp3Z068,Rice & Curry,spotify:artist:5aEE6nBaJ4POGCoFKCpK8K,Dr. Bombay,1998-03-05,https://i.scdn.co/image/ab67616d0000b27311a900a172f51273c22d6643,1,2,202106,https://p.scdn.co/mp3-preview/ddd6c884f15f56d36b0502a706fe0b5ef769597d?cid=9950ac751e34487dbbe027c4fd7f8e99,False,35,SEPQA9821060,spotify:user:isak.sjoholm.,2025-07-18T13:08:29Z,"eurodance,europop",0.75,0.99,6.0,-3.383,0.0,0.0329,0.0259,0.00101,0.332,0.974,140.017,4.0,,WM Sweden,"C © 1998 Warner Music Sweden, P ℗ 1998 Warner Music Sweden"
spotify:track:6oKz4elIWwsBYoBXGiwZby,Tan Bonita,spotify:artist:2C6i0I5RiGzDKN9IAF8reh,Banda MS de Sergio Lizárraga,spotify:album:0WS7m1l6aKMdpsdIWeodxo,Amor Enfermo,spotify:artist:2C6i0I5RiGzDKN9IAF8reh,Banda MS de Sergio Lizárraga,2011-01-01,https://i.scdn.co/image/ab67616d0000b27362e6bba85efd237b43f4029d,1,4,212146,https://p.scdn.co/mp3-preview/df959b565ec16c20bbf96145ccca3c050d85fc05?cid=9950ac751e34487dbbe027c4fd7f8e99,False,58,USUM71100577,spotify:user:isak.sjoholm.,2025-07-18T13:23:17Z,"banda,norteño,grupera,música mexicana,corrido",0.823,0.864,8.0,-4.251,1.0,0.0644,0.203,1.63e-06,0.102,0.968,145.034,4.0,,UMLE - Disa,"C © 2011 Disa Latin Music A Division Of UMG Recordings Inc., P ℗ 2011 Disa Latin Music A Division Of UMG Recordings Inc."
spotify:track:6oKz4elIWwsBYoBXGiwZby,Tan Bonita,spotify:artist:2C6i0I5RiGzDKN9IAF8reh,Banda MS de Sergio Lizárraga,spotify:album:0WS7m1l6aKMdpsdIWeodxo,Amor Enfermo,spotify:artist:2C6i0I5RiGzDKN9IAF8reh,Banda MS de Sergio Lizárraga,2011-01-01,https://i.scdn.co/image/ab67616d0000b27362e6bba85efd237b43f4029d,1,4,212146,https://p.scdn.co/mp3-preview/df959b565ec16c20bbf96145ccca3c050d85fc05?cid=9950ac751e34487dbbe027c4fd7f8e99,False,58,USUM71100577,spotify:user:isak.sjoholm.,2025-07-18T13:23:17Z,"banda,norteño,grupera,música mexicana,corrido",0.823,0.864,8.0,-4.251,1.0,0.0644,0.203,1.63e-06,0.102,0.968,145.034,4.0,,UMLE - Disa,"C © 2011 Disa Latin Music A Division Of UMG Recordings Inc., P ℗ 2011 Disa Latin Music A Division Of UMG Recordings Inc."
spotify:track:5t3oszlshIPTzpAwcCMqgw,When You're Looking Like That - Single Remix,spotify:artist:5Z1CCuBsyhEHngq3U5IraY,Westlife,spotify:album:6P1sBa0T1fRooA0UTAQfOu,Coast To Coast (Expanded Edition),spotify:artist:5Z1CCuBsyhEHngq3U5IraY,Westlife,2000,https://i.scdn.co/image/ab67616d0000b27315f19e3b1fbfc5a2f164fb6a,1,5,232826,https://p.scdn.co/mp3-preview/aa18d47a224bd9cea7c122a22ca3a51cea405fdb?cid=9950ac751e34487dbbe027c4fd7f8e99,False,65,GBARL0100059,spotify:user:isak.sjoholm.,2025-04-10T18:20:41Z,,0.597,0.945,6.0,-3.845,1.0,0.0497,0.018,0.0,0.0654,0.939,147.908,4.0,,RCA Records Label,P (P) 2001 BMG Entertainment International UK & Ireland Ltd.
spotify:track:5t3oszlshIPTzpAwcCMqgw,When You're Looking Like That - Single Remix,spotify:artist:5Z1CCuBsyhEHngq3U5IraY,Westlife,spotify:album:6P1sBa0T1fRooA0UTAQfOu,Coast To Coast (Expanded Edition),spotify:artist:5Z1CCuBsyhEHngq3U5IraY,Westlife,2000,https://i.scdn.co/image/ab67616d0000b27315f19e3b1fbfc5a2f164fb6a,1,5,232826,https://p.scdn.co/mp3-preview/aa18d47a224bd9cea7c122a22ca3a51cea405fdb?cid=9950ac751e34487dbbe027c4fd7f8e99,False,65,GBARL0100059,spotify:user:isak.sjoholm.,2025-03-02T21:02:55Z,,0.597,0.945,6.0,-3.845,1.0,0.0497,0.018,0.0,0.0654,0.939,147.908,4.0,,RCA Records Label,P (P) 2001 BMG Entertainment International UK & Ireland Ltd.
spotify:track:5t3oszlshIPTzpAwcCMqgw,When You're Looking Like That - Single Remix,spotify:artist:5Z1CCuBsyhEHngq3U5IraY,Westlife,spotify:album:6P1sBa0T1fRooA0UTAQfOu,Coast To Coast (Expanded Edition),spotify:artist:5Z1CCuBsyhEHngq3U5IraY,Westlife,2000,https://i.scdn.co/image/ab67616d0000b27315f19e3b1fbfc5a2f164fb6a,1,5,232826,https://p.scdn.co/mp3-preview/aa18d47a224bd9cea7c122a22ca3a51cea405fdb?cid=9950ac751e34487dbbe027c4fd7f8e99,False,65,GBARL0100059,spotify:user:isak.sjoholm.,2025-07-18T13:02:29Z,,0.597,0.945,6.0,-3.845,1.0,0.0497,0.018,0.0,0.0654,0.939,147.908,4.0,,RCA Records Label,P (P) 2001 BMG Entertainment International UK & Ireland Ltd.
spotify:track:5t3oszlshIPTzpAwcCMqgw,When You're Looking Like That - Single Remix,spotify:artist:5Z1CCuBsyhEHngq3U5IraY,Westlife,spotify:album:6P1sBa0T1fRooA0UTAQfOu,Coast To Coast (Expanded Edition),spotify:artist:5Z1CCuBsyhEHngq3U5IraY,Westlife,2000,https://i.scdn.co/image/ab67616d0000b27315f19e3b1fbfc5a2f164fb6a,1,5,232826,https://p.scdn.co/mp3-preview/aa18d47a224bd9cea7c122a22ca3a51cea405fdb?cid=9950ac751e34487dbbe027c4fd7f8e99,False,65,GBARL0100059,spotify:user:isak.sjoholm.,2025-04-10T18:20:41Z,,0.597,0.945,6.0,-3.845,1.0,0.0497,0.018,0.0,0.0654,0.939,147.908,4.0,,RCA Records Label,P (P) 2001 BMG Entertainment International UK & Ireland Ltd.
spotify:track:5t3oszlshIPTzpAwcCMqgw,When You're Looking Like That - Single Remix,spotify:artist:5Z1CCuBsyhEHngq3U5IraY,Westlife,spotify:album:6P1sBa0T1fRooA0UTAQfOu,Coast To Coast (Expanded Edition),spotify:artist:5Z1CCuBsyhEHngq3U5IraY,Westlife,2000,https://i.scdn.co/image/ab67616d0000b27315f19e3b1fbfc5a2f164fb6a,1,5,232826,https://p.scdn.co/mp3-preview/aa18d47a224bd9cea7c122a22ca3a51cea405fdb?cid=9950ac751e34487dbbe027c4fd7f8e99,False,65,GBARL0100059,spotify:user:isak.sjoholm.,2025-03-02T21:02:55Z,,0.597,0.945,6.0,-3.845,1.0,0.0497,0.018,0.0,0.0654,0.939,147.908,4.0,,RCA Records Label,P (P) 2001 BMG Entertainment International UK & Ireland Ltd.
spotify:track:5t3oszlshIPTzpAwcCMqgw,When You're Looking Like That - Single Remix,spotify:artist:5Z1CCuBsyhEHngq3U5IraY,Westlife,spotify:album:6P1sBa0T1fRooA0UTAQfOu,Coast To Coast (Expanded Edition),spotify:artist:5Z1CCuBsyhEHngq3U5IraY,Westlife,2000,https://i.scdn.co/image/ab67616d0000b27315f19e3b1fbfc5a2f164fb6a,1,5,232826,https://p.scdn.co/mp3-preview/aa18d47a224bd9cea7c122a22ca3a51cea405fdb?cid=9950ac751e34487dbbe027c4fd7f8e99,False,65,GBARL0100059,spotify:user:isak.sjoholm.,2025-07-18T13:02:29Z,,0.597,0.945,6.0,-3.845,1.0,0.0497,0.018,0.0,0.0654,0.939,147.908,4.0,,RCA Records Label,P (P) 2001 BMG Entertainment International UK & Ireland Ltd.
spotify:track:7CzIPuAZjl1K8wYPOOzHyL,Mercedes,"spotify:artist:5d3bc9MSib3NPeIDxYIIWD, spotify:artist:4FxpvNihN7UbesJZrAE9tR","Iuly Neamtu, Manele Mentolate",spotify:album:1Xz7MvPHQ8U5YBrNtOztWL,Mercedes,"spotify:artist:5d3bc9MSib3NPeIDxYIIWD, spotify:artist:4FxpvNihN7UbesJZrAE9tR","Iuly Neamtu, Manele Mentolate",2024-08-09,https://i.scdn.co/image/ab67616d0000b27385c98f167fc02590033ace66,1,1,165269,https://p.scdn.co/mp3-preview/446c6491971e034a0bc48ae67ba0170b9b672655?cid=9950ac751e34487dbbe027c4fd7f8e99,False,61,ROGRA2400514,spotify:user:isak.sjoholm.,2025-03-16T11:01:31Z,"manele,manele",0.815,0.865,5.0,-4.194,0.0,0.033,0.26,0.0078,0.105,0.959,144.014,4.0,,Manele Mentolate,"C 2024 Manele Mentolate, P 2024 Manele Mentolate"
spotify:track:7CzIPuAZjl1K8wYPOOzHyL,Mercedes,"spotify:artist:5d3bc9MSib3NPeIDxYIIWD, spotify:artist:4FxpvNihN7UbesJZrAE9tR","Iuly Neamtu, Manele Mentolate",spotify:album:1Xz7MvPHQ8U5YBrNtOztWL,Mercedes,"spotify:artist:5d3bc9MSib3NPeIDxYIIWD, spotify:artist:4FxpvNihN7UbesJZrAE9tR","Iuly Neamtu, Manele Mentolate",2024-08-09,https://i.scdn.co/image/ab67616d0000b27385c98f167fc02590033ace66,1,1,165269,https://p.scdn.co/mp3-preview/446c6491971e034a0bc48ae67ba0170b9b672655?cid=9950ac751e34487dbbe027c4fd7f8e99,False,61,ROGRA2400514,spotify:user:isak.sjoholm.,2025-07-18T11:45:33Z,"manele,manele",0.815,0.865,5.0,-4.194,0.0,0.033,0.26,0.0078,0.105,0.959,144.014,4.0,,Manele Mentolate,"C 2024 Manele Mentolate, P 2024 Manele Mentolate"
spotify:track:7CzIPuAZjl1K8wYPOOzHyL,Mercedes,"spotify:artist:5d3bc9MSib3NPeIDxYIIWD, spotify:artist:4FxpvNihN7UbesJZrAE9tR","Iuly Neamtu, Manele Mentolate",spotify:album:1Xz7MvPHQ8U5YBrNtOztWL,Mercedes,"spotify:artist:5d3bc9MSib3NPeIDxYIIWD, spotify:artist:4FxpvNihN7UbesJZrAE9tR","Iuly Neamtu, Manele Mentolate",2024-08-09,https://i.scdn.co/image/ab67616d0000b27385c98f167fc02590033ace66,1,1,165269,https://p.scdn.co/mp3-preview/446c6491971e034a0bc48ae67ba0170b9b672655?cid=9950ac751e34487dbbe027c4fd7f8e99,False,61,ROGRA2400514,spotify:user:isak.sjoholm.,2025-03-16T11:01:31Z,"manele,manele",0.815,0.865,5.0,-4.194,0.0,0.033,0.26,0.0078,0.105,0.959,144.014,4.0,,Manele Mentolate,"C 2024 Manele Mentolate, P 2024 Manele Mentolate"
spotify:track:7CzIPuAZjl1K8wYPOOzHyL,Mercedes,"spotify:artist:5d3bc9MSib3NPeIDxYIIWD, spotify:artist:4FxpvNihN7UbesJZrAE9tR","Iuly Neamtu, Manele Mentolate",spotify:album:1Xz7MvPHQ8U5YBrNtOztWL,Mercedes,"spotify:artist:5d3bc9MSib3NPeIDxYIIWD, spotify:artist:4FxpvNihN7UbesJZrAE9tR","Iuly Neamtu, Manele Mentolate",2024-08-09,https://i.scdn.co/image/ab67616d0000b27385c98f167fc02590033ace66,1,1,165269,https://p.scdn.co/mp3-preview/446c6491971e034a0bc48ae67ba0170b9b672655?cid=9950ac751e34487dbbe027c4fd7f8e99,False,61,ROGRA2400514,spotify:user:isak.sjoholm.,2025-07-18T11:45:33Z,"manele,manele",0.815,0.865,5.0,-4.194,0.0,0.033,0.26,0.0078,0.105,0.959,144.014,4.0,,Manele Mentolate,"C 2024 Manele Mentolate, P 2024 Manele Mentolate"
spotify:track:0QPW85hFYPiQAymbFdlC1p,Casamento da Rosa / Nem Se Despediu de Mim,spotify:artist:2ZofT7n9AlTKf7KDCoHGgD,Luiz Gonzaga,spotify:album:74wtMF5pw9OKr1xM8duMjy,Danado de Bom,spotify:artist:2ZofT7n9AlTKf7KDCoHGgD,Luiz Gonzaga,1984-07-23,https://i.scdn.co/image/ab67616d0000b2736cacdd1b048d500fa6b6c362,1,8,144893,https://p.scdn.co/mp3-preview/6a2c5dace6bde77803dc697051555f56e3fbf20e?cid=9950ac751e34487dbbe027c4fd7f8e99,False,50,BRBMG9101427,spotify:user:isak.sjoholm.,2025-07-18T13:19:38Z,"forró tradicional,forró,mpb",0.752,0.964,5.0,-2.824,1.0,0.0343,0.331,0.000851,0.118,0.962,143.789,4.0,,Best,P (P) 1984 Sony Music Entertainment Brasil ltda.
spotify:track:0QPW85hFYPiQAymbFdlC1p,Casamento da Rosa / Nem Se Despediu de Mim,spotify:artist:2ZofT7n9AlTKf7KDCoHGgD,Luiz Gonzaga,spotify:album:74wtMF5pw9OKr1xM8duMjy,Danado de Bom,spotify:artist:2ZofT7n9AlTKf7KDCoHGgD,Luiz Gonzaga,1984-07-23,https://i.scdn.co/image/ab67616d0000b2736cacdd1b048d500fa6b6c362,1,8,144893,https://p.scdn.co/mp3-preview/6a2c5dace6bde77803dc697051555f56e3fbf20e?cid=9950ac751e34487dbbe027c4fd7f8e99,False,50,BRBMG9101427,spotify:user:isak.sjoholm.,2025-07-18T13:19:38Z,"forró tradicional,forró,mpb",0.752,0.964,5.0,-2.824,1.0,0.0343,0.331,0.000851,0.118,0.962,143.789,4.0,,Best,P (P) 1984 Sony Music Entertainment Brasil ltda.
