"Låtens URI","Låtens namn","Artistens URI","Artistens namn","Albumets URI","Albumets namn","Albumartistens URI","Albumartistens namn","Albumets releasedatum","Albumets bild-URL","Skivnummer","Låtnummer","Låtlängd (ms)","Förhandsgranskning URL","Explicit","Popularitet","ISRC","Tillagd av","Tillagd vid","Artistens genrer","Dansbarhet","Energi","Tonart","Ljudstyrka","Läge","Talighet","Akustik","Instrumentalhet","Livlighet","Valens","Tempo","Taktart","Albumets genrer","Skivbolag","Upphovsrätt"
"spotify:track:0nrRP2bk19rLc0orkWPQk2","Wake Me Up","spotify:artist:1vCWHaC5f2uS3yhpwWbIA6","Avicii","spotify:album:2H6i2CrWgXE1HookLu8Au0","True","spotify:artist:1vCWHaC5f2uS3yhpwWbIA6","Avicii","2013-09-16","https://i.scdn.co/image/ab67616d0000b273e14f11f796cef9f9a82691a7","1","1","247426","https://p.scdn.co/mp3-preview/231af03bbd2ec7f655575800e54a00633d7d9eac?cid=9950ac751e34487dbbe027c4fd7f8e99","false","89","SEUM71301326","spotify:user:p8u4bg39u8ew4b58wtkpj73f8","2021-09-02T13:49:57Z","edm","0.532","0.783","2","-5.697","1","0.0523","0.0038","0.0012","0.161","0.643","124.08","4","","Universal Music AB","C © 2013 Avicii Music AB, / PRMD under exclusive license to Universal Music AB, P ℗ 2013 Avicii Music AB, / PRMD under exclusive license to Universal Music AB"
"spotify:track:4ksheDQWyWfjG5ETO0aokW","Heaven On My Mind (with Sigala)","spotify:artist:4EPJlUEBy49EX1wuFOvtjK, spotify:artist:1IueXOQyABrMOprrzwQJWN","Becky Hill, Sigala","spotify:album:2LWAzUYdZSUq0fW8ddbL1Q","Only Honest On The Weekend","spotify:artist:4EPJlUEBy49EX1wuFOvtjK","Becky Hill","2021-08-27","https://i.scdn.co/image/ab67616d0000b273afeb6f4556e7125e4272780f","1","13","193360","https://p.scdn.co/mp3-preview/bd39863e24e1f0a9789d3c7721fc9c28dc9d68fe?cid=9950ac751e34487dbbe027c4fd7f8e99","false","52","GBUM71906426","spotify:user:p8u4bg39u8ew4b58wtkpj73f8","2021-09-02T13:49:57Z","","0.708","0.883","0","-3.068","0","0.0773","0.0309","0","0.191","0.667","125.04","4","","Polydor Records","C © 2021 Universal Music Operations Limited, P ℗ 2021 Universal Music Operations Limited"
"spotify:track:5IVuqXILoxVWvWEPm82Jxr","Crazy In Love (feat. JAY-Z)","spotify:artist:6vWDO969PvNqNYHIOW5v0m, spotify:artist:3nFkdlSjzX9mRTtwJOzDYB","Beyoncé, JAY-Z","spotify:album:6oxVabMIqCMJRYN1GqR3Vf","Dangerously In Love","spotify:artist:6vWDO969PvNqNYHIOW5v0m","Beyoncé","2003-06-24","https://i.scdn.co/image/ab67616d0000b27345680a4a57c97894490a01c1","1","1","236133","https://p.scdn.co/mp3-preview/023ccc9c406cafc5a3e3b4dd524b9092b45dacbf?cid=9950ac751e34487dbbe027c4fd7f8e99","false","83","USSM10305425","spotify:user:p8u4bg39u8ew4b58wtkpj73f8","2021-09-02T13:49:57Z","hiphop,east coast hiphop,rap","0.646","0.77","2","-6.596","0","0.226","0.00249","0","0.0715","0.681","99.165","4","","Columbia","P (P) 2003 J Records, 2003 Sony Music Entertainment Inc."
"spotify:track:70cTMpcgWMcR18t9MRJFjB","I Gotta Feeling","spotify:artist:1yxSLGMDHlW21z4YXirZDS","Black Eyed Peas","spotify:album:5lNzygOpCmzRx4N301icBB","THE E.N.D. (THE ENERGY NEVER DIES) [International Version]","spotify:artist:1yxSLGMDHlW21z4YXirZDS","Black Eyed Peas","2009-01-01","https://i.scdn.co/image/ab67616d0000b27349ed7a0ea23c40c730f6bb37","1","5","289133","https://p.scdn.co/mp3-preview/b3398fc473e546c85e965482e7b908342c46b7b2?cid=9950ac751e34487dbbe027c4fd7f8e99","false","9","USUM70965169","spotify:user:p8u4bg39u8ew4b58wtkpj73f8","2021-09-02T13:49:57Z","","0.743","0.766","0","-6.375","1","0.0265","0.0873","0","0.509","0.61","127.96","4","","Universal Music Group","C © 2009 Interscope Records, P ℗ 2009 Interscope Records"
"spotify:track:0azC730Exh71aQlOt9Zj3y","This Is What You Came For","spotify:artist:7CajNmpbOovFoOoasH2HaY, spotify:artist:5pKCCKE2ajJHZ9KAiaK11H","Calvin Harris, Rihanna","spotify:album:3pEgGUv379EDinvg1TN7Kt","This Is What You Came For","spotify:artist:7CajNmpbOovFoOoasH2HaY, spotify:artist:5pKCCKE2ajJHZ9KAiaK11H","Calvin Harris, Rihanna","2016-04-29","https://i.scdn.co/image/ab67616d0000b273d9aa52355e062f5de060adbf","1","1","222160","https://p.scdn.co/mp3-preview/14138fec09bb5940b1ee11c3207663906970cf9b?cid=9950ac751e34487dbbe027c4fd7f8e99","false","82","GBARL1600460","spotify:user:p8u4bg39u8ew4b58wtkpj73f8","2021-09-02T13:49:57Z","edm","0.631","0.927","9","-2.787","0","0.0332","0.199","0.119","0.148","0.465","123.962","4","","Columbia","P (P) 2016 Sony Music Entertainment UK Limited / Westbury Road Entertainment LLC"
"spotify:track:1h9j1FfcLUvGFYUumJd84S","Rather Be (feat. Jess Glynne)","spotify:artist:6MDME20pz9RveH9rEXvrOM, spotify:artist:4ScCswdRlyA23odg9thgIO","Clean Bandit, Jess Glynne","spotify:album:38pNxsqHoJV9O2b2Rwb7f3","New Eyes","spotify:artist:6MDME20pz9RveH9rEXvrOM","Clean Bandit","2014-06-02","https://i.scdn.co/image/ab67616d0000b273e3403294a06dbe7706624a19","1","3","227833","https://p.scdn.co/mp3-preview/358cc2906abb9789b9c1d4a7e07dc2601b7ade4b?cid=9950ac751e34487dbbe027c4fd7f8e99","false","61","GBAHS1300498","spotify:user:p8u4bg39u8ew4b58wtkpj73f8","2021-09-02T13:49:57Z","","0.799","0.586","11","-6.735","1","0.0377","0.162","0.00000203","0.193","0.549","120.97","4","","Big Beat Records/Atlantic","C © 2014 Warner Music UK Limited, P ℗ 2014 Warner Music UK Limited"
"spotify:track:4HXOBjwv2RnLpGG4xWOO6N","Princess of China","spotify:artist:4gzpq5DPGxSnKTe4SA8HAU, spotify:artist:5pKCCKE2ajJHZ9KAiaK11H","Coldplay, Rihanna","spotify:album:2R7iJz5uaHjLEVnMkloO18","Mylo Xyloto","spotify:artist:4gzpq5DPGxSnKTe4SA8HAU","Coldplay","2011-10-24","https://i.scdn.co/image/ab67616d0000b273de0cd11d7b31c3bd1fd5983d","1","10","239215","https://p.scdn.co/mp3-preview/131ed36120f51fe65a747b5737593553b431cc5d?cid=9950ac751e34487dbbe027c4fd7f8e99","false","72","GBAYE1101184","spotify:user:p8u4bg39u8ew4b58wtkpj73f8","2021-09-02T13:49:57Z","","0.42","0.69","9","-6.221","0","0.0347","0.00385","0.015","0.287","0.237","85.014","4","","Parlophone UK","C © 2011 Parlophone Records Ltd, a Warner Music Group Company, P ℗ 2011 Parlophone Records Ltd, a Warner Music Group Company"
"spotify:track:77TT8Xvx637TpzV8kKGkUw","Titanium (feat. Sia)","spotify:artist:1Cs0zKBU1kc0i8ypK3B9ai, spotify:artist:5WUlDfRSoLAfcVSX1WnrxN","David Guetta, Sia","spotify:album:08DAekBeqPRCsn3XHDwj6b","Nothing but the Beat","spotify:artist:1Cs0zKBU1kc0i8ypK3B9ai","David Guetta","2011-08-31","https://i.scdn.co/image/ab67616d0000b273b234aeff6eedc8276fe0333a","1","13","245040","https://p.scdn.co/mp3-preview/6c3e9bbcebdbfa7875c6a56c2bb4da2a870c250b?cid=9950ac751e34487dbbe027c4fd7f8e99","false","61","GB28K1100036","spotify:user:p8u4bg39u8ew4b58wtkpj73f8","2021-09-02T13:49:57Z","edm,dance","0.604","0.788","0","-3.673","0","0.103","0.0678","0.153","0.127","0.301","126.06","4","","Parlophone (France)","C © 2011 What A Music Ltd, Licence exclusive Parlophone Music France, P ℗ 2011 What A Music Ltd, Licence exclusive Parlophone Music France"
"spotify:track:6nL0wIy3rcQPqHNAtm61Gh","Sunshine (The Light)","spotify:artist:3ScY9CQxNLQei8Umvpx5g6, spotify:artist:0QHgL1lAIqAw0HtD7YldmP, spotify:artist:2mvAbMVwkxiZWJXjorKpdK","Fat Joe, DJ Khaled, Amorphous","spotify:album:5J39HBd9GvoIBPauhj8wSw","Sunshine (The Light)","spotify:artist:3ScY9CQxNLQei8Umvpx5g6, spotify:artist:0QHgL1lAIqAw0HtD7YldmP, spotify:artist:2mvAbMVwkxiZWJXjorKpdK","Fat Joe, DJ Khaled, Amorphous","2021-01-21","https://i.scdn.co/image/ab67616d0000b27386c6ffacb47ba85661ab1e7a","1","1","149725","https://p.scdn.co/mp3-preview/20670e3498b1cb807f2b42b03cebb80800c0ad58?cid=9950ac751e34487dbbe027c4fd7f8e99","false","58","USUYG1353774","spotify:user:p8u4bg39u8ew4b58wtkpj73f8","2021-09-02T13:49:57Z","east coast hiphop","0.8","0.832","0","-5.497","1","0.266","0.087","0","0.322","0.736","106.983","4","","RNG / EMPIRE","C 2021 RNG / EMPIRE, P 2021 RNG / EMPIRE"
"spotify:track:2S5LNtRVRPbXk01yRQ14sZ","I Don't Like It, I Love It (feat. Robin Thicke & Verdine White)","spotify:artist:0jnsk9HBra6NMjO2oANoPY, spotify:artist:0ZrpamOxcZybMHGg1AYtHP, spotify:artist:4tMJliVd96wXoMVNdcOBHp","Flo Rida, Robin Thicke, Verdine White","spotify:album:5lkNnHVlnCCCV304t89wOH","My House","spotify:artist:0jnsk9HBra6NMjO2oANoPY","Flo Rida","2015-04-07","https://i.scdn.co/image/ab67616d0000b2737947bf3e8af32378de181b41","1","3","224258","https://p.scdn.co/mp3-preview/d5849f7069068cb11434687eab6ceabdad8949df?cid=9950ac751e34487dbbe027c4fd7f8e99","false","71","USAT21500395","spotify:user:p8u4bg39u8ew4b58wtkpj73f8","2021-09-02T13:49:57Z","","0.854","0.766","9","-4.697","0","0.141","0.0242","0","0.0793","0.784","118.004","4","","Poe Boy/Atlantic","C © 2015 Atlantic Recording Corporation for the United States and WEA International Inc. for the world outside of the United States. A Warner Music Group Company, P ℗ 2015 Atlantic Recording Corporation for the United States and WEA International Inc. for the world outside of the United States. A Warner Music Group Company"
"spotify:track:6ebkx7Q5tTxrCxKq4GYj0Y","Club Can't Handle Me (feat. David Guetta)","spotify:artist:0jnsk9HBra6NMjO2oANoPY, spotify:artist:1Cs0zKBU1kc0i8ypK3B9ai","Flo Rida, David Guetta","spotify:album:1TwNATuAqnNjTd5BSvFZlS","Only One Flo (Part 1)","spotify:artist:0jnsk9HBra6NMjO2oANoPY","Flo Rida","2010-11-24","https://i.scdn.co/image/ab67616d0000b273c0ddb38854cde41708d606a1","1","7","234560","https://p.scdn.co/mp3-preview/4eb7cf3beaef7d774c99206cbf24b6b2f83fbb52?cid=9950ac751e34487dbbe027c4fd7f8e99","false","84","USAT21001281","spotify:user:p8u4bg39u8ew4b58wtkpj73f8","2021-09-02T13:49:57Z","edm,dance","0.616","0.869","0","-3.911","1","0.0327","0.0283","0","0.064","0.473","127.966","4","","Poe Boy/Atlantic","C © 2010 Atlantic Recording Corporation for the United States and WEA International Inc. for the world outside of the United States, P ℗ 2010 Atlantic Recording Corporation for the United States and WEA International Inc. for the world outside of the United States"
"spotify:track:1NpW5kyvO4XrNJ3rnfcNy3","Wild Ones (feat. Sia)","spotify:artist:0jnsk9HBra6NMjO2oANoPY, spotify:artist:5WUlDfRSoLAfcVSX1WnrxN","Flo Rida, Sia","spotify:album:7eLwoxxWs6lfkVYJGkGNbk","Wild Ones","spotify:artist:0jnsk9HBra6NMjO2oANoPY","Flo Rida","2012-06-22","https://i.scdn.co/image/ab67616d0000b273871d85943145dde548f4ae09","1","2","232946","https://p.scdn.co/mp3-preview/d508be7a9bbcfafb67a58ff3b7f6954881d0c6b5?cid=9950ac751e34487dbbe027c4fd7f8e99","false","85","USAT21104103","spotify:user:p8u4bg39u8ew4b58wtkpj73f8","2021-09-02T13:49:57Z","","0.608","0.86","5","-5.324","0","0.0554","0.0991","0","0.262","0.437","127.075","4","","Poe Boy/Atlantic","C © 2012 Atlantic Recording Corporation for the United States and WEA International Inc. for the world outside of the United States, P ℗ 2012 Atlantic Recording Corporation for the United States and WEA International Inc. for the world outside of the United States"
"spotify:track:5mphdlILgAq3vh1MSvAJTS","Thinkin Bout You","spotify:artist:2h93pZq0e7k5yf4dywlkpM","Frank Ocean","spotify:album:623Ef2ZEB3Njklix4PC0Rs","channel ORANGE (Explicit Version)","spotify:artist:2h93pZq0e7k5yf4dywlkpM","Frank Ocean","2012-07-10","https://i.scdn.co/image/ab67616d0000b273f11f1c4ad183b7fa625f8534","1","2","200746","https://p.scdn.co/mp3-preview/b551ddae26560865215d1083bc08364f8f6edc0b?cid=9950ac751e34487dbbe027c4fd7f8e99","false","4","USUM71202995","spotify:user:p8u4bg39u8ew4b58wtkpj73f8","2021-09-02T13:49:57Z","","0.721","0.339","0","-11.195","1","0.0532","0.409","0.00153","0.0973","0.2","129.83","4","","Red Zone Entertainment / IDJ","C © 2012 The Island Def Jam Music Group, P ℗ 2012 The Island Def Jam Music Group"
"spotify:track:3C0nOe05EIt1390bVABLyN","On The Floor","spotify:artist:2DlGxzQSjYe5N6G9nkYghR, spotify:artist:0TnOYISbd1XYRBk9myaseg","Jennifer Lopez, Pitbull","spotify:album:3sysiYphqNRQw7VKLCg1yE","Love?","spotify:artist:2DlGxzQSjYe5N6G9nkYghR","Jennifer Lopez","2011-04-29","https://i.scdn.co/image/ab67616d0000b273d7b2aa3834b82b1cbe899a48","1","1","284866","https://p.scdn.co/mp3-preview/a4069cd6bf3c81860e7e532efa344df07707e040?cid=9950ac751e34487dbbe027c4fd7f8e99","false","86","USUM71104034","spotify:user:p8u4bg39u8ew4b58wtkpj73f8","2021-09-02T13:49:57Z","","0.73","0.777","3","-5.194","0","0.0496","0.105","0.000486","0.0691","0.575","130.003","4","","Nuyorican Productions / IDJ","C © 2011 The Island Def Jam Music Group, P ℗ 2011 The Island Def Jam Music Group"
"spotify:track:2fQxE0jVrjNMT9oJAXtSJR","Domino","spotify:artist:2gsggkzM5R49q6jpPvazou","Jessie J","spotify:album:0BZbTNqpXFg6lxNv78X7Lp","Who You Are (Platinum Edition)","spotify:artist:2gsggkzM5R49q6jpPvazou","Jessie J","2011-01-01","https://i.scdn.co/image/ab67616d0000b2737805aebd5a39023d553ada3a","1","14","231840","https://p.scdn.co/mp3-preview/4480416abe1f4bd9d253a9976807cd2401794303?cid=9950ac751e34487dbbe027c4fd7f8e99","false","80","USUM71113573","spotify:user:p8u4bg39u8ew4b58wtkpj73f8","2021-09-02T13:49:57Z","","0.758","0.557","7","-4.568","1","0.034","0.0117","0","0.0418","0.781","126.986","4","","Lava Music/Republic Records","C © 2011 Universal Republic Records, P ℗ 2011 Universal Republic Records"
"spotify:track:31qCy5ZaophVA81wtlwLc4","Anyone","spotify:artist:1uNFoZAHBGtllmzznpCI3s","Justin Bieber","spotify:album:51kijm0sjZz0yOa3kVBPUU","Anyone","spotify:artist:1uNFoZAHBGtllmzznpCI3s","Justin Bieber","2021-01-01","https://i.scdn.co/image/ab67616d0000b2734b02db5cefb177ff97346cf2","1","1","190779","https://p.scdn.co/mp3-preview/c04d6e3d75eaed3139c5e254767945c2fa90b8e4?cid=9950ac751e34487dbbe027c4fd7f8e99","false","70","USUM72023175","spotify:user:p8u4bg39u8ew4b58wtkpj73f8","2021-09-02T13:49:57Z","","0.686","0.538","2","-8.026","1","0.0345","0.181","0.00000313","0.113","0.584","115.884","4","","RBMG/Def Jam","C © 2020 Def Jam Recordings, a division of UMG Recordings, Inc., P ℗ 2020 Def Jam Recordings, a division of UMG Recordings, Inc."
"spotify:track:6QFCMUUq1T2Vf5sFUXcuQ7","Beauty And A Beat","spotify:artist:1uNFoZAHBGtllmzznpCI3s, spotify:artist:0hCNtLu0JehylgoiP8L4Gh","Justin Bieber, Nicki Minaj","spotify:album:5cxMa6oLINJzmZ8lF7wWQN","Believe","spotify:artist:1uNFoZAHBGtllmzznpCI3s","Justin Bieber","2012-01-01","https://i.scdn.co/image/ab67616d0000b273f1d02a6cec967f8b6b78f76e","1","10","227986","https://p.scdn.co/mp3-preview/7ee90f1ac5d956116da382002302bb6a6b0c0c3c?cid=9950ac751e34487dbbe027c4fd7f8e99","false","86","USUM71205367","spotify:user:p8u4bg39u8ew4b58wtkpj73f8","2021-09-02T13:49:57Z","","0.601","0.843","0","-4.87","1","0.0593","0.000704","0.0000527","0.0681","0.534","128.002","4","","RBMG/Def Jam","C © 2012 The Island Def Jam Music Group, P ℗ 2012 The Island Def Jam Music Group"
"spotify:track:27tNWlhdAryQY04Gb2ZhUI","Roar","spotify:artist:6jJ0s89eD6GaHleKKya26X","Katy Perry","spotify:album:3jB9yFDwRe3KhtGnHXJntk","PRISM","spotify:artist:6jJ0s89eD6GaHleKKya26X","Katy Perry","2013-01-01","https://i.scdn.co/image/ab67616d0000b2731e9a057052d59004caf47e22","1","1","223546","https://p.scdn.co/mp3-preview/d72636d23beb0e3c283ec8150b8f50f9b5b0d8a3?cid=9950ac751e34487dbbe027c4fd7f8e99","false","83","USUM71308669","spotify:user:p8u4bg39u8ew4b58wtkpj73f8","2021-09-02T13:49:57Z","pop","0.671","0.771","7","-4.821","0","0.0316","0.00492","0.00000728","0.354","0.436","90.003","4","","Capitol Records (CAP)","C © 2013 Capitol Records, LLC, P ℗ 2013 Capitol Records, LLC"
"spotify:track:6D60klaHqbCl9ySc8VcRss","Stronger (What Doesn't Kill You)","spotify:artist:3BmGtnKgCSGYIUhmivXKWX","Kelly Clarkson","spotify:album:1MNvMtEmMMdBXZBDcFNcWj","Stronger (Deluxe Version)","spotify:artist:3BmGtnKgCSGYIUhmivXKWX","Kelly Clarkson","2011-10-24","https://i.scdn.co/image/ab67616d0000b273253e3f8fce535f72a6b2c4ba","1","2","221946","https://p.scdn.co/mp3-preview/4956c3edb0a79489adc21e2d16eb8f7880c94d36?cid=9950ac751e34487dbbe027c4fd7f8e99","false","69","GBCTA1100364","spotify:user:p8u4bg39u8ew4b58wtkpj73f8","2021-09-02T13:49:57Z","jul","0.562","0.939","0","-4.282","1","0.0475","0.046","0","0.112","0.684","116.044","4","","RCA Records Label","P (P) 2011 19 Recordings Limited under exclusive license to RCA Records"
"spotify:track:1kKYjjfNYxE0YYgLa7vgVY","Higher Love","spotify:artist:23fqKkggKUBHNkbKtXEls4, spotify:artist:6XpaIBNiVzIetEPCWDvAFP","Kygo, Whitney Houston","spotify:album:7tcs1X9pzFvcLOPuhCstQJ","Golden Hour","spotify:artist:23fqKkggKUBHNkbKtXEls4","Kygo","2020-05-29","https://i.scdn.co/image/ab67616d0000b27380368f0aa8f90c51674f9dd2","1","10","228267","https://p.scdn.co/mp3-preview/6737d20b6eba8e6bc5b9270d884b04022f38d713?cid=9950ac751e34487dbbe027c4fd7f8e99","false","78","USRC11901901","spotify:user:p8u4bg39u8ew4b58wtkpj73f8","2021-09-02T13:49:57Z","tropical house","0.693","0.678","8","-7.159","1","0.0324","0.0151","0.00000571","0.101","0.404","103.952","4","","Kygo","P (P) 2020 Kygo AS under exclusive license to Sony Music International Ltd"
"spotify:track:1dzQoRqT5ucxXVaAhTcT0J","Just Dance","spotify:artist:1HY2Jd0NmPuamShAr6KMms, spotify:artist:7fObcBw9VM3x7ntWKCYl0z","Lady Gaga, Colby O'Donis","spotify:album:1qwlxZTNLe1jq3b0iidlue","The Fame","spotify:artist:1HY2Jd0NmPuamShAr6KMms","Lady Gaga","2008-01-01","https://i.scdn.co/image/ab67616d0000b273e691217483df8798445c82e2","1","1","241933","https://p.scdn.co/mp3-preview/95cc6f61db841d49e062c94e68a62a89da0c46c4?cid=9950ac751e34487dbbe027c4fd7f8e99","false","86","USUM70807646","spotify:user:p8u4bg39u8ew4b58wtkpj73f8","2021-09-02T13:49:57Z","konstpop,pop","0.822","0.739","1","-4.541","0","0.0311","0.0264","0.0000428","0.181","0.745","118.99","4","","Streamline/Interscope","C © 2008 Interscope Records, P ℗ 2008 Interscope Records"
"spotify:track:3bidbhpOYeV4knp8AIu8Xn","Can't Hold Us (feat. Ray Dalton)","spotify:artist:3JhNCzhSMTxs9WLGJJxWOY, spotify:artist:4myTppRgh0rojLxx8RycOp, spotify:artist:6WLvgbfYXQPO396oJEYCsi, spotify:artist:4e0nWw2r4BoQSKPQ2zpU13","Macklemore, Ryan Lewis, Macklemore & Ryan Lewis, Ray Dalton","spotify:album:76FXHQhTuT4QMIxfL09gX8","The Heist","spotify:artist:6WLvgbfYXQPO396oJEYCsi, spotify:artist:3JhNCzhSMTxs9WLGJJxWOY, spotify:artist:4myTppRgh0rojLxx8RycOp","Macklemore & Ryan Lewis, Macklemore, Ryan Lewis","2012-10-09","https://i.scdn.co/image/ab67616d0000b27398a02fef3a8b1d80a0f164ec","1","2","258342","https://p.scdn.co/mp3-preview/989bcb16f82e4cfcbfebdf8cf0dd91abe86c84d1?cid=9950ac751e34487dbbe027c4fd7f8e99","false","83","GMM881200021","spotify:user:p8u4bg39u8ew4b58wtkpj73f8","2021-09-02T13:49:57Z","","0.641","0.922","2","-4.457","1","0.0786","0.0291","0","0.0862","0.847","146.078","4","","Macklemore","C © 2012 Macklemore, LLC., P ℗ 2012 Macklemore, LLC."
"spotify:track:32OlwWuMpZ6b0aN2RZOeMS","Uptown Funk (feat. Bruno Mars)","spotify:artist:3hv9jJF3adDNsBSIQDqcjp, spotify:artist:0du5cEVh5yTK9QJze8zA0C","Mark Ronson, Bruno Mars","spotify:album:3vLaOYCNCzngDf8QdBg2V1","Uptown Special","spotify:artist:3hv9jJF3adDNsBSIQDqcjp","Mark Ronson","2015-01-12","https://i.scdn.co/image/ab67616d0000b273e419ccba0baa8bd3f3d7abf2","1","4","269666","https://p.scdn.co/mp3-preview/3074e956e6794c0eadea660b9cef671db6b27234?cid=9950ac751e34487dbbe027c4fd7f8e99","false","88","GBARL1401524","spotify:user:p8u4bg39u8ew4b58wtkpj73f8","2021-09-02T13:49:57Z","","0.856","0.609","0","-7.223","1","0.0824","0.00801","0.0000815","0.0344","0.928","114.988","4","","Columbia","P Tracks 3, 4 & 6 (P) 2014, all other tracks (P) 2015 Mark Ronson under exclusive licence to Sony Music Entertainment UK Limited"
"spotify:track:4gbVRS8gloEluzf0GzDOFc","Maps","spotify:artist:04gDigrS5kc9YWfZHwBETP","Maroon 5","spotify:album:2Auw0pTT6EcQdvHNimhLQI","V","spotify:artist:04gDigrS5kc9YWfZHwBETP","Maroon 5","2014-09-02","https://i.scdn.co/image/ab67616d0000b273442b53773d50e1b5369bb16c","1","1","189960","https://p.scdn.co/mp3-preview/36f41e3d1e62e771fc4ceed91877785935881063?cid=9950ac751e34487dbbe027c4fd7f8e99","false","87","USUM71407116","spotify:user:p8u4bg39u8ew4b58wtkpj73f8","2021-09-02T13:49:57Z","pop","0.742","0.713","1","-5.522","0","0.0303","0.0205","0","0.059","0.879","120.032","4","","Interscope Records*","C © 2015 Interscope Records, P ℗ 2015 Interscope Records"
"spotify:track:2y4lAQpi5VTNLu2ldeTdUH","We Can't Stop","spotify:artist:5YGY8feqx7naU7z4HrwZM6","Miley Cyrus","spotify:album:3RDqXDc1bAETps54MSSOW0","Bangerz (Deluxe Version)","spotify:artist:5YGY8feqx7naU7z4HrwZM6","Miley Cyrus","2013-10-04","https://i.scdn.co/image/ab67616d0000b2736b18d0490878750cd69abf2c","1","2","231240","https://p.scdn.co/mp3-preview/2832db9492a17af6654d86be3ae07d4baa1f55ab?cid=9950ac751e34487dbbe027c4fd7f8e99","false","83","USRC11300686","spotify:user:p8u4bg39u8ew4b58wtkpj73f8","2021-09-02T13:49:57Z","","0.613","0.622","1","-5.794","0","0.0334","0.00882","0","0.37","0.484","80.003","4","","RCA Records Label","P (P) 2013 RCA Records, a division of Sony Music Entertainment"
"spotify:track:1fidCEsYlaVE3pHwKCvpFZ","Am I Wrong","spotify:artist:0awl5piYwO0CDTHEkCjUhn","Nico & Vinz","spotify:album:6zXb9FQMzawvY2Au8Kxky3","Black Star Elephant","spotify:artist:0awl5piYwO0CDTHEkCjUhn","Nico & Vinz","2014","https://i.scdn.co/image/ab67616d0000b273eb3c078694b007169dab4a4f","1","2","245866","https://p.scdn.co/mp3-preview/7a4173d114136b1018144dcc767945f9ecc149e4?cid=9950ac751e34487dbbe027c4fd7f8e99","false","82","USWB11304681","spotify:user:p8u4bg39u8ew4b58wtkpj73f8","2021-09-02T13:49:57Z","","0.729","0.675","8","-6.003","1","0.0312","0.175","0.00000158","0.55","0.779","119.968","4","","Warner Records","C © 2014 Warner Records Inc., P ℗ 2014 Warner Records Inc."
"spotify:track:6s8nHXTJVqFjXE4yVZPDHR","Troublemaker (feat. Flo Rida)","spotify:artist:3whuHq0yGx60atvA2RCVRW, spotify:artist:0jnsk9HBra6NMjO2oANoPY","Olly Murs, Flo Rida","spotify:album:5kU9rWhYr4MmPmaGYP5z4v","Right Place Right Time (Expanded Edition)","spotify:artist:3whuHq0yGx60atvA2RCVRW","Olly Murs","2012-11-26","https://i.scdn.co/image/ab67616d0000b273b95f5f8768a25c70d72f91d0","1","2","185586","https://p.scdn.co/mp3-preview/9569ed39233720069f71c9e0503af9b2862c33d6?cid=9950ac751e34487dbbe027c4fd7f8e99","false","79","GBARL1201891","spotify:user:p8u4bg39u8ew4b58wtkpj73f8","2021-09-02T13:49:57Z","","0.762","0.863","0","-3.689","0","0.0561","0.015","0","0.125","0.965","106.012","4","","Epic","P (P) 2020 Sony Music Entertainment UK Limited"
"spotify:track:5T7ZFtCcOgkpjxcuaeZbw0","Best Song Ever","spotify:artist:4AK6F7OLvEQ5QYCBNiQWHq","One Direction","spotify:album:7p1fX8aUySrBdx4WSYspOu","Midnight Memories (Deluxe)","spotify:artist:4AK6F7OLvEQ5QYCBNiQWHq","One Direction","2013-11-25","https://i.scdn.co/image/ab67616d0000b2732f76b797c382bedcafdf45e1","1","1","200106","https://p.scdn.co/mp3-preview/cc52a4aa531cd779609c29f2759638a34160c361?cid=9950ac751e34487dbbe027c4fd7f8e99","false","81","GBHMU1300102","spotify:user:p8u4bg39u8ew4b58wtkpj73f8","2021-09-02T13:49:57Z","","0.652","0.877","1","-2.986","1","0.0465","0.0227","0","0.0789","0.486","118.491","4","","Syco Music","P (P) 2013 Simco Limited under exclusive license to Sony Music Entertainment UK Limited"
"spotify:track:1kPpge9JDLpcj15qgrPbYX","Good Time","spotify:artist:07QEuhtrNmmZ0zEcqE9SF6, spotify:artist:6sFIWsNpZYqfjUpaCgueju","Owl City, Carly Rae Jepsen","spotify:album:7gTFf2EWBONpjKVjpWbs5p","The Midsummer Station","spotify:artist:07QEuhtrNmmZ0zEcqE9SF6","Owl City","2012-08-17","https://i.scdn.co/image/ab67616d0000b273cf5459850259268f98b07f7a","1","7","205933","https://p.scdn.co/mp3-preview/948112ba8bf947a429389e2dd71c990989027a7e?cid=9950ac751e34487dbbe027c4fd7f8e99","false","81","USUM71206288","spotify:user:p8u4bg39u8ew4b58wtkpj73f8","2021-09-02T13:49:57Z","","0.56","0.872","3","-4.269","1","0.14","0.0239","0.00000698","0.371","0.682","126.05","4","","Universal Records","C © 2012 Universal Republic Records, a division of UMG Recordings, Inc., P ℗ 2012 Universal Republic Records, a division of UMG Recordings, Inc."
"spotify:track:2bJvI42r8EF3wxjOuDav4r","Time of Our Lives","spotify:artist:0TnOYISbd1XYRBk9myaseg, spotify:artist:21E3waRsmPlU7jZsS13rcj","Pitbull, Ne-Yo","spotify:album:4EUf4YyNjuXypWY6W5wEDm","Globalization","spotify:artist:0TnOYISbd1XYRBk9myaseg","Pitbull","2014-11-24","https://i.scdn.co/image/ab67616d0000b2731e340d1480e7bb29a45e3bd7","1","4","229360","https://p.scdn.co/mp3-preview/d508371276a297486ace8d4ff596c54ae9e65260?cid=9950ac751e34487dbbe027c4fd7f8e99","true","88","USRC11402647","spotify:user:p8u4bg39u8ew4b58wtkpj73f8","2021-09-02T13:49:57Z","","0.721","0.802","1","-5.797","1","0.0583","0.0921","0","0.694","0.724","124.022","4","","Mr.305/Polo Grounds Music/RCA Records","P (P) 2014 RCA Records, a division of Sony Music Entertainment"
"spotify:track:1gv4xPanImH17bKZ9rOveR","Raise Your Glass","spotify:artist:1KCSPY1glIKqW2TotWuXOR","P!nk","spotify:album:3uQMzfrf4kUNGsCtmTtjPh","Raise Your Glass","spotify:artist:1KCSPY1glIKqW2TotWuXOR","P!nk","2010-10-05","https://i.scdn.co/image/ab67616d0000b2736f3451faa271fbe470685f34","1","1","202960","https://p.scdn.co/mp3-preview/85bdce6320672d2ad29e11eabd15912b73f3b89d?cid=9950ac751e34487dbbe027c4fd7f8e99","true","80","USLF21000090","spotify:user:p8u4bg39u8ew4b58wtkpj73f8","2021-09-02T13:49:57Z","","0.7","0.709","7","-5.006","1","0.0838","0.0048","0","0.029","0.624","122.019","4","","LaFace Records","P (P) 2010 LaFace Records, a unit of Sony Music Entertainment"
"spotify:track:5T8EDUDqKcs6OSOwEsfqG7","Don't Stop Me Now - Remastered 2011","spotify:artist:1dfeR4HaWDbWqFHLkxsg1d","Queen","spotify:album:2yuTRGIackbcReLUXOYBqU","Jazz (2011 Remaster)","spotify:artist:1dfeR4HaWDbWqFHLkxsg1d","Queen","1978-11-10","https://i.scdn.co/image/ab67616d0000b2737c39dd133836c2c1c87e34d6","1","12","209413","https://p.scdn.co/mp3-preview/857030fc088d0d4f72f7795b260bb052d20f7146?cid=9950ac751e34487dbbe027c4fd7f8e99","false","85","GBUM71029610","spotify:user:p8u4bg39u8ew4b58wtkpj73f8","2021-09-02T13:49:57Z","klassisk rock,rock,glamrock","0.559","0.868","5","-5.276","1","0.17","0.0475","0.000176","0.776","0.609","156.295","4","","EMI","C © 2011 Raincloud Productions Ltd. under exclusive licence to Universal International Music BV, P ℗ 2011 Raincloud Productions Ltd. under exclusive licence to Universal International Music BV"
"spotify:track:2ENexcMEMsYk0rVJigVD3i","Only Girl (In The World)","spotify:artist:5pKCCKE2ajJHZ9KAiaK11H","Rihanna","spotify:album:5QG3tjE5L9F6O2vCAPph38","Loud (Japan Version)","spotify:artist:5pKCCKE2ajJHZ9KAiaK11H","Rihanna","2010-01-01","https://i.scdn.co/image/ab67616d0000b27331548865f7c729290b96c794","1","5","235493","https://p.scdn.co/mp3-preview/ee800fcd3f6b738d5ffe78de8c958eaa2c4de291?cid=9950ac751e34487dbbe027c4fd7f8e99","false","87","USUM71023200","spotify:user:p8u4bg39u8ew4b58wtkpj73f8","2021-09-02T13:49:57Z","","0.789","0.706","11","-4.233","0","0.0429","0.112","0.0000171","0.0586","0.638","125.918","4","","Def Jam Recordings","C © 2010 The Island Def Jam Music Group, P ℗ 2010 The Island Def Jam Music Group"
"spotify:track:2CEgGE6aESpnmtfiZwYlbV","Dynamite","spotify:artist:6MF9fzBmfXghAz953czmBC","Taio Cruz","spotify:album:0eGvq1J5Ke7VlLLOYIlY4k","The Rokstarr Hits Collection","spotify:artist:6MF9fzBmfXghAz953czmBC","Taio Cruz","2010-01-01","https://i.scdn.co/image/ab67616d0000b27366c3eb32692a0ae487079cf1","1","1","202613","https://p.scdn.co/mp3-preview/97bfe8a487d41ac4c44d3f5e15d484d95e0027aa?cid=9950ac751e34487dbbe027c4fd7f8e99","false","79","GBUM71003721","spotify:user:p8u4bg39u8ew4b58wtkpj73f8","2021-09-02T13:49:57Z","","0.751","0.781","4","-3.724","1","0.0862","0.0039","0","0.036","0.814","119.977","4","","Universal-Island Records Ltd.","C © 2010 Universal Island Records Ltd. A Universal Music Company., P ℗ 2010 Universal Island Records Ltd. A Universal Music Company."
"spotify:track:0cqRj7pUJDkTCEsJkx8snD","Shake It Off","spotify:artist:06HL4z0CvFAxyc27GXpf02","Taylor Swift","spotify:album:1yGbNOtRIgdIiGHOEBaZWf","1989 (Deluxe)","spotify:artist:06HL4z0CvFAxyc27GXpf02","Taylor Swift","2014-01-01","https://i.scdn.co/image/ab67616d0000b27352b2a3824413eefe9e33817a","1","6","219200","https://p.scdn.co/mp3-preview/b2f4ace48deea16c8c94a7dee85f5db6cd90b8dc?cid=9950ac751e34487dbbe027c4fd7f8e99","false","84","USCJY1431349","spotify:user:p8u4bg39u8ew4b58wtkpj73f8","2021-09-02T13:49:57Z","","0.647","0.8","7","-5.384","1","0.165","0.0647","0","0.334","0.942","160.078","4","","Taylor Swift","C © 2014 Taylor Swift, P ℗ 2014 Taylor Swift"
"spotify:track:6FB3v4YcR57y4tXFcdxI1E","I Knew You Were Trouble.","spotify:artist:06HL4z0CvFAxyc27GXpf02","Taylor Swift","spotify:album:4jTYApZPMapg56gRycOn0D","Red (Big Machine Radio Release Special)","spotify:artist:06HL4z0CvFAxyc27GXpf02","Taylor Swift","2012-10-22","https://i.scdn.co/image/ab67616d0000b2731c248e90c3e569f90aef9dec","1","8","219720","https://p.scdn.co/mp3-preview/9acb9a869e7bd8e7154c7d816c59f4cda6a42447?cid=9950ac751e34487dbbe027c4fd7f8e99","false","79","USCJY1231039","spotify:user:p8u4bg39u8ew4b58wtkpj73f8","2021-09-02T13:49:57Z","","0.622","0.469","3","-6.798","0","0.0363","0.00454","0.00000225","0.0335","0.679","77.019","4","","Taylor Swift","C © 2018 Taylor Swift, P ℗ 2018 Taylor Swift"
"spotify:track:0VwNdo84DaVYLIkbVO86ND","We Are Never Ever Getting Back Together","spotify:artist:06HL4z0CvFAxyc27GXpf02","Taylor Swift","spotify:album:4jTYApZPMapg56gRycOn0D","Red (Big Machine Radio Release Special)","spotify:artist:06HL4z0CvFAxyc27GXpf02","Taylor Swift","2012-10-22","https://i.scdn.co/image/ab67616d0000b2731c248e90c3e569f90aef9dec","1","16","193146","https://p.scdn.co/mp3-preview/d07b7d66c4fa1ae6205a7c683aab466dd0ac2e03?cid=9950ac751e34487dbbe027c4fd7f8e99","false","75","USCJY1231018","spotify:user:p8u4bg39u8ew4b58wtkpj73f8","2021-09-02T13:49:57Z","","0.628","0.676","7","-5.911","1","0.0916","0.00957","0.0000265","0.121","0.75","85.984","4","","Taylor Swift","C © 2018 Taylor Swift, P ℗ 2018 Taylor Swift"
"spotify:track:4356Typ82hUiFAynbLYbPn","DJ Got Us Fallin' In Love (feat. Pitbull)","spotify:artist:23zg3TcAtWQy7J6upgbUnj, spotify:artist:0TnOYISbd1XYRBk9myaseg","USHER, Pitbull","spotify:album:6A1F3Fkq5dYeYYNkXflcTX","Raymond v Raymond (Expanded Edition)","spotify:artist:23zg3TcAtWQy7J6upgbUnj","USHER","2010-03-30","https://i.scdn.co/image/ab67616d0000b27386b0c9728ad3ed338eaeea79","1","16","220800","https://p.scdn.co/mp3-preview/1619c7342806281d286f0ba4125ff59e80663c56?cid=9950ac751e34487dbbe027c4fd7f8e99","false","88","USLF21000041","spotify:user:p8u4bg39u8ew4b58wtkpj73f8","2021-09-02T13:49:57Z","r&b","0.663","0.861","7","-3.398","0","0.109","0.0338","0","0.082","0.654","119.963","4","","LaFace Records","P (P) 2010 LaFace Records, a unit of Sony Music Entertainment"
"spotify:track:5yDL13y5giogKs2fSNf7sj","Glad You Came","spotify:artist:2NhdGz9EDv2FeUw6udu2g1","The Wanted","spotify:album:2hnaJ8ktG2FSP1EthsCo6N","Battleground (Deluxe Edition)","spotify:artist:2NhdGz9EDv2FeUw6udu2g1","The Wanted","2011-01-01","https://i.scdn.co/image/ab67616d0000b27317a142a78128fb7c54ab9aa4","1","1","197935","https://p.scdn.co/mp3-preview/cf4bff1624c8c72cb9f5e18bb240f6ac2491b464?cid=9950ac751e34487dbbe027c4fd7f8e99","false","80","GBUM71104495","spotify:user:p8u4bg39u8ew4b58wtkpj73f8","2021-09-02T13:49:57Z","","0.722","0.851","7","-3.873","0","0.0639","0.0319","0","0.108","0.452","126.885","4","","Universal-Island Records Ltd.","C © 2011 Global Talent Records Limited, under exclusive licence to Universal Island Records, a division of Universal Music Operations Limited, P ℗ 2011 Global Talent Records Limited, under exclusive licence to Universal Island Records, a division of Universal Music Operations Limited"
"spotify:track:6zSpb8dQRaw0M1dK8PBwQz","Cold Heart - PNAU Remix","spotify:artist:3PhoLpVuITZKcymswpck5b, spotify:artist:6M2wZ9GZgrQXHCFfjv46we, spotify:artist:6n28c9qs9hNGriNa72b26u","Elton John, Dua Lipa, PNAU","spotify:album:5D8Rdb09BkmHscEGSWAlA6","Cold Heart (PNAU Remix)","spotify:artist:3PhoLpVuITZKcymswpck5b, spotify:artist:6M2wZ9GZgrQXHCFfjv46we, spotify:artist:6n28c9qs9hNGriNa72b26u","Elton John, Dua Lipa, PNAU","2021-08-13","https://i.scdn.co/image/ab67616d0000b2739f5cce8304c42d3a5463fd23","1","1","202735","https://p.scdn.co/mp3-preview/2b3e7aadb75891a4ceccb69d54d60d0fb5178500?cid=9950ac751e34487dbbe027c4fd7f8e99","false","85","GBUM72104705","spotify:user:p8u4bg39u8ew4b58wtkpj73f8","2021-10-19T07:45:32Z","pop","0.796","0.798","1","-6.312","1","0.0317","0.034","0.0000419","0.0952","0.942","116.032","4","","EMI","C © 2021 Mercury Records Limited, P ℗ 2021 Mercury Records Limited"
"spotify:track:6PQ88X9TkUIAUIZJHW2upE","Bad Habits","spotify:artist:6eUKZXaKkcviH0Ku9w2n3V","Ed Sheeran","spotify:album:01NhUvviMytvV12pmJiDZH","Bad Habits","spotify:artist:6eUKZXaKkcviH0Ku9w2n3V","Ed Sheeran","2021-06-25","https://i.scdn.co/image/ab67616d0000b2734e03a288fd79707055759f9c","1","1","231041","https://p.scdn.co/mp3-preview/22f3a86c8a83e364db595007f9ac1d666596a335?cid=9950ac751e34487dbbe027c4fd7f8e99","false","13","GBAHS2100318","spotify:user:p8u4bg39u8ew4b58wtkpj73f8","2021-11-20T11:32:36Z","lugn pop","0.808","0.897","11","-3.712","0","0.0348","0.0469","0.0000314","0.364","0.591","126.026","4","","Atlantic Records UK","C An Asylum Records UK release, a division of Atlantic Records UK, © 2021 Warner Music UK Limited, P An Asylum Records UK release, a division of Atlantic Records UK, ℗ 2021 Warner Music UK Limited"
"spotify:track:7vFoFDWqTX0mHzLfrF1Cfy","Cheerleader (Felix Jaehn Remix) - Radio Edit","spotify:artist:5MouCg6ta7zAxsfMEbc1uh, spotify:artist:4bL2B6hmLlMWnUEZnorEtG","OMI, Felix Jaehn","spotify:album:7cVXH4slEYzGjDh498OFyL","Me 4 U","spotify:artist:5MouCg6ta7zAxsfMEbc1uh","OMI","2015-10-16","https://i.scdn.co/image/ab67616d0000b27385ca00029c70d6b5b8372e96","1","1","180565","https://p.scdn.co/mp3-preview/9ef1666d9a28af2e8e531754e1804c736a8e6cec?cid=9950ac751e34487dbbe027c4fd7f8e99","false","84","USUS11202574","spotify:user:p8u4bg39u8ew4b58wtkpj73f8","2022-02-09T12:29:25Z","tropical house","0.782","0.685","4","-6.237","1","0.0309","0.166","0.0000118","0.16","0.603","118.02","4","","Ultra Records, LLC","P (P) 2015 Ultra Records, LLC"
"spotify:track:5MeTUONtAo08JqtGPljSxv","Black Magic - Cahill Remix","spotify:artist:3e7awlrlDSwF3iM0WBjGMp, spotify:artist:02nqwOvmlIhYQtZ5kVqJZm","Little Mix, Cahill","spotify:album:03byBYXGfV7seOUDb645TJ","Get Weird - Rarities & Remixes","spotify:artist:3e7awlrlDSwF3iM0WBjGMp","Little Mix","2015-11-06","https://i.scdn.co/image/ab67616d0000b273dd305eea864faeea63097fbd","1","3","198909","https://p.scdn.co/mp3-preview/f70039dfa513175bca9ac05c919935199b57a660?cid=9950ac751e34487dbbe027c4fd7f8e99","false","46","GBHMU1500064","spotify:user:p8u4bg39u8ew4b58wtkpj73f8","2022-02-09T12:29:26Z","","0.713","0.898","4","-4.931","1","0.0744","0.027","0","0.397","0.477","125.974","4","","Syco Music","P (P) 2020 Simco Limited under exclusive licence to Sony Music Entertainment UK Limited"
"spotify:track:3NUkMef8ZwWXbag892kvOO","The Mack - David Zowie Remix","spotify:artist:15NtJjjHRFybdNSMyM9smT, spotify:artist:6V3F8MZrOKdT9fU686ybE9, spotify:artist:6PXS4YHDkKvl1wkIl4V8DL, spotify:artist:2yEkeJoFOvm6qHuECSDHFg","Nevada, Mark Morrison, Fetty Wap, David Zowie","spotify:album:1ADUKMocuPk3QFiknWZwbS","The Mack (Remixes)","spotify:artist:15NtJjjHRFybdNSMyM9smT","Nevada","2016-11-25","https://i.scdn.co/image/ab67616d0000b27335cada76af3c707f05dd3ca3","1","2","216423","https://p.scdn.co/mp3-preview/19166fce893b2237c20850133feb8955fa907fe7?cid=9950ac751e34487dbbe027c4fd7f8e99","false","4","GBUM71606221","spotify:user:p8u4bg39u8ew4b58wtkpj73f8","2022-02-09T12:30:28Z","house","0.708","0.89","9","-4.386","0","0.0596","0.0483","0","0.146","0.91","124.031","4","","Universal Music Group","C © 2016 Straightforward Music Ltd / Nourishing Music Ltd, under exclusive licence to Capitol Records (a division of Universal Music Operations Limited), P ℗ 2016 Straightforward Music Ltd / Nourishing Music Ltd, under exclusive licence to Capitol Records (a division of Universal Music Operations Limited)"
"spotify:track:3dIDJj2RaJGNzPjk7HFONt","Million Voices - Radio Edit","spotify:artist:5fahUm8t5c0GIdeTq0ZaG8","Otto Knows","spotify:album:0RxTS4Tscggk9IohCwattD","Summer Beats 2013","spotify:artist:0LyfQWJT6nXafLPZqxe9Of","Blandade Artister","2013-01-01","https://i.scdn.co/image/ab67616d0000b27352c72dffced76f0b327e0c5b","1","14","191186","https://p.scdn.co/mp3-preview/0cf4ed02d126e9c175139282685ad2d7a7643438?cid=9950ac751e34487dbbe027c4fd7f8e99","false","47","GBJ4B1200096","spotify:user:p8u4bg39u8ew4b58wtkpj73f8","2022-02-09T12:31:31Z","","0.579","0.858","8","-7.377","1","0.0378","0.00234","0.00885","0.0858","0.0859","125.928","4","","UMOD (Universal Music On Demand)","C © 2013 Universal Music TV, a division of Universal Music Operations Ltd., P This Compilation ℗ 2013 Universal Music TV, a division of Universal Music Operations Ltd."
"spotify:track:6FE2iI43OZnszFLuLtvvmg","Classic","spotify:artist:2l35CQqtYRh3d8ZIiBep4v","MKTO","spotify:album:5IenxFp0vpnXBUxPcwJtbE","MKTO","spotify:artist:2l35CQqtYRh3d8ZIiBep4v","MKTO","2012","https://i.scdn.co/image/ab67616d0000b2739474419f15773875a495eed3","1","2","175426","https://p.scdn.co/mp3-preview/b70bf7449452275b0ecf5714bf069e06f1565b45?cid=9950ac751e34487dbbe027c4fd7f8e99","false","84","USSM11301446","spotify:user:p8u4bg39u8ew4b58wtkpj73f8","2022-02-09T12:35:05Z","","0.72","0.791","1","-4.689","1","0.124","0.0384","0","0.157","0.756","102.071","4","","Columbia/M2V","P (P) 2012, 2013, 2014 Columbia Records, a Division of Sony Music Entertainment"
"spotify:track:66hayvUbTotekKU3H4ta1f","Where Are Ü Now (with Justin Bieber)","spotify:artist:1HxJeLhIuegM3KgvPn8sTa, spotify:artist:5he5w2lnU9x7JFhnwcekXX, spotify:artist:5fMUXHkw8R8eOP2RNVYEZX, spotify:artist:1uNFoZAHBGtllmzznpCI3s","Jack Ü, Skrillex, Diplo, Justin Bieber","spotify:album:6bfkwBrGYKJFk6Z4QVyjxd","Skrillex and Diplo present Jack Ü","spotify:artist:1HxJeLhIuegM3KgvPn8sTa, spotify:artist:5he5w2lnU9x7JFhnwcekXX, spotify:artist:5fMUXHkw8R8eOP2RNVYEZX","Jack Ü, Skrillex, Diplo","2015-02-24","https://i.scdn.co/image/ab67616d0000b27357fc4730e06c9ab20c1e073b","1","9","250285","https://p.scdn.co/mp3-preview/baf97fea2e3e1c97092ac69426691b703d20d0e2?cid=9950ac751e34487dbbe027c4fd7f8e99","false","78","USAT21500555","spotify:user:p8u4bg39u8ew4b58wtkpj73f8","2022-02-09T12:36:01Z","dubstep,edm,electro,electronic,moombahton","0.432","0.781","4","-4.038","0","0.0567","0.041","0.00000421","0.0789","0.197","139.432","4","","OWSLA/Mad Decent","C © 2015 Atlantic Recording Corporation for the US and WEA International for the world outside the United States. A Warner Music Group Company, P ℗ 2015 Atlantic Recording Corporation for the US and WEA International for the world outside the United States. A Warner Music Group Company"
"spotify:track:4HlFJV71xXKIGcU3kRyttv","Hey, Soul Sister","spotify:artist:3FUY2gzHeIiaesXtOAdB7A","Train","spotify:album:1CwXS6MAz8Wo7K4TzW9iuR","Save Me, San Francisco (Golden Gate Edition)","spotify:artist:3FUY2gzHeIiaesXtOAdB7A","Train","2010-12-01","https://i.scdn.co/image/ab67616d0000b2736ff8bc258e3ebc835ffe14ca","1","2","216773","https://p.scdn.co/mp3-preview/518c823cf0f8b862bed0fa45e34cc63db5ea58e4?cid=9950ac751e34487dbbe027c4fd7f8e99","false","87","USSM10904113","spotify:user:p8u4bg39u8ew4b58wtkpj73f8","2022-07-26T14:36:43Z","lugn pop","0.673","0.886","1","-4.44","0","0.0431","0.185","0","0.0826","0.795","97.012","4","","Columbia","P (P) 2009, 2010 Sony Music Entertainment"
"spotify:track:7K5dzhGda2vRTaAWYI3hrb","Just Like Fire (From the Original Motion Picture ""Alice Through The Looking Glass"")","spotify:artist:1KCSPY1glIKqW2TotWuXOR","P!nk","spotify:album:09K53TLaJZ156prccNvwuS","Just Like Fire (From the Original Motion Picture ""Alice Through The Looking Glass"")","spotify:artist:1KCSPY1glIKqW2TotWuXOR","P!nk","2016-04-15","https://i.scdn.co/image/ab67616d0000b2732002a63b1572e5cd031ab78f","1","1","215413","https://p.scdn.co/mp3-preview/96959f232f9a9c58355fbf440359810dab5a154f?cid=9950ac751e34487dbbe027c4fd7f8e99","false","72","USWD11676311","spotify:user:p8u4bg39u8ew4b58wtkpj73f8","2022-07-26T14:37:20Z","","0.632","0.702","7","-5.92","1","0.148","0.0114","0","0.108","0.523","162.958","4","","RCA Records/Walt Disney Records","P (P) 2016 RCA Records, a division of Sony Music Entertainment"
"spotify:track:40SBS57su9xLiE1WqkXOVr","Afraid To Feel","spotify:artist:0HxX6imltnNXJyQhu4nsiO","LF SYSTEM","spotify:album:528LrHfHcB7PMAvyp8Obhp","Afraid To Feel","spotify:artist:0HxX6imltnNXJyQhu4nsiO","LF SYSTEM","2022-05-02","https://i.scdn.co/image/ab67616d0000b273ced808ef1567eaf901041438","1","1","177524","https://p.scdn.co/mp3-preview/ef097e0e455e0958ae85f58582eff55537d2a507?cid=9950ac751e34487dbbe027c4fd7f8e99","false","83","GBAHT2200492","spotify:user:p8u4bg39u8ew4b58wtkpj73f8","2022-07-26T14:43:18Z","","0.578","0.912","1","-3.929","1","0.114","0.0166","0.00362","0.273","0.68","127.87","4","","Warner Records","C © 2022 Warner Music UK Limited, P ℗ 2022 Warner Music UK Limited"
"spotify:track:1PckUlxKqWQs3RlWXVBLw3","About Damn Time","spotify:artist:56oDRnqbIiwx4mymNEv7dS","Lizzo","spotify:album:4JApkbiesQxv5drdEZRlZC","About Damn Time","spotify:artist:56oDRnqbIiwx4mymNEv7dS","Lizzo","2022-04-14","https://i.scdn.co/image/ab67616d0000b273b817e721691aff3d67f26c04","1","1","191822","https://p.scdn.co/mp3-preview/eccfdcaa8806d35934078840b549adc92f01fbff?cid=9950ac751e34487dbbe027c4fd7f8e99","true","15","USAT22202139","spotify:user:p8u4bg39u8ew4b58wtkpj73f8","2022-07-27T10:12:08Z","","0.836","0.743","10","-6.305","0","0.0656","0.0995","0","0.335","0.722","108.966","4","","Nice Life/Atlantic","C © 2022 Nice Life Recording Company and Atlantic Recording Corporation, P ℗ 2022 Nice Life Recording Company and Atlantic Recording Corporation"
"spotify:track:4LRPiXqCikLlN15c3yImP7","As It Was","spotify:artist:6KImCVD70vtIoJWnq6nGn3","Harry Styles","spotify:album:2pqdSWeJVsXAhHFuVLzuA8","As It Was","spotify:artist:6KImCVD70vtIoJWnq6nGn3","Harry Styles","2022-03-31","https://i.scdn.co/image/ab67616d0000b273b46f74097655d7f353caab14","1","1","167303","https://p.scdn.co/mp3-preview/c43dd07043b29e800c1a65b3a0102861fa3cf418?cid=9950ac751e34487dbbe027c4fd7f8e99","false","19","USSM12200612","spotify:user:p8u4bg39u8ew4b58wtkpj73f8","2022-07-27T10:20:13Z","","0.52","0.731","6","-5.338","0","0.0557","0.342","0.00101","0.311","0.662","173.93","4","","Columbia","P (P) 2022 Erskine Records Limited, under exclusive license to Columbia Records, a Division of Sony Music Entertainment"
"spotify:track:45S5WTQEGOB1VHr1Q4FuPl","Golden","spotify:artist:6KImCVD70vtIoJWnq6nGn3","Harry Styles","spotify:album:7xV2TzoaVc0ycW7fwBwAml","Fine Line","spotify:artist:6KImCVD70vtIoJWnq6nGn3","Harry Styles","2019-12-13","https://i.scdn.co/image/ab67616d0000b27377fdcfda6535601aff081b6a","1","1","208906","https://p.scdn.co/mp3-preview/9f9a006b49587b8a7a916ea098af0a465e9a5da0?cid=9950ac751e34487dbbe027c4fd7f8e99","false","78","USSM11912586","spotify:user:p8u4bg39u8ew4b58wtkpj73f8","2022-07-27T10:20:44Z","","0.448","0.838","4","-5.257","0","0.0557","0.21","0.000131","0.131","0.254","139.863","4","","Columbia","P (P) 2019 Erskine Records Limited, under exclusive license to Columbia Records, a Division of Sony Music Entertainment"
"spotify:track:0VjIjW4GlUZAMYd2vXMi3b","Blinding Lights","spotify:artist:1Xyo4u8uXC1ZmMpatF05PJ","The Weeknd","spotify:album:4yP0hdKOZPNshxUOjY0cZj","After Hours","spotify:artist:1Xyo4u8uXC1ZmMpatF05PJ","The Weeknd","2020-03-20","https://i.scdn.co/image/ab67616d0000b2738863bc11d2aa12b54f5aeb36","1","9","200040","https://p.scdn.co/mp3-preview/51c08d92815cce4ac2de94a7335a430b81234624?cid=9950ac751e34487dbbe027c4fd7f8e99","false","92","USUG11904206","spotify:user:p8u4bg39u8ew4b58wtkpj73f8","2022-07-27T10:22:16Z","","0.513","0.73","1","-5.94","1","0.0598","0.00143","0.0000954","0.0897","0.334","171.001","4","","Republic Records","C © 2020 The Weeknd XO, Inc., marketed by Republic Records, a division of UMG Recordings, Inc., P ℗ 2020 The Weeknd XO, Inc., marketed by Republic Records, a division of UMG Recordings, Inc."
"spotify:track:6UelLqGlWMcVH1E5c4H7lY","Watermelon Sugar","spotify:artist:6KImCVD70vtIoJWnq6nGn3","Harry Styles","spotify:album:7xV2TzoaVc0ycW7fwBwAml","Fine Line","spotify:artist:6KImCVD70vtIoJWnq6nGn3","Harry Styles","2019-12-13","https://i.scdn.co/image/ab67616d0000b27377fdcfda6535601aff081b6a","1","2","174000","https://p.scdn.co/mp3-preview/824cd58da2e9a15eeaaa6746becc09093547a09b?cid=9950ac751e34487dbbe027c4fd7f8e99","false","88","USSM11912587","spotify:user:p8u4bg39u8ew4b58wtkpj73f8","2022-07-27T10:28:00Z","","0.548","0.816","0","-4.209","1","0.0465","0.122","0","0.335","0.557","95.39","4","","Columbia","P (P) 2019 Erskine Records Limited, under exclusive license to Columbia Records, a Division of Sony Music Entertainment"
"spotify:track:37f4ITSlgPX81ad2EvmVQr","Fight Song","spotify:artist:3QLIkT4rD2FMusaqmkepbq","Rachel Platten","spotify:album:0mFDIOqypzHp6Xd0el1hoT","Wildfire","spotify:artist:3QLIkT4rD2FMusaqmkepbq","Rachel Platten","2016-01-01","https://i.scdn.co/image/ab67616d0000b273a9e4d7fae5dfcc8f9cc96bc9","1","5","204013","https://p.scdn.co/mp3-preview/6f663802836a949b3485a71e13ff92d7a6fba6b2?cid=9950ac751e34487dbbe027c4fd7f8e99","false","78","USSM11500753","spotify:user:p8u4bg39u8ew4b58wtkpj73f8","2022-07-27T10:29:09Z","","0.564","0.714","7","-4.987","1","0.129","0.0549","0","0.155","0.33","175.924","4","","Columbia","P (P) 2015 Columbia Records, a Division of Sony Music Entertainment"
"spotify:track:57pchawV1Tlhk2Wfuu5mJn","Bad Habits","spotify:artist:4hg56haGFxxnKEt3AkW3fo, spotify:artist:7a57CoJL3sui202CC2kdUB, spotify:artist:0QmjDGwdHEo5er9pQnYuO8","VARGENTA, Labi Ramaj, Daniel McMillan","spotify:album:1Yqir13XY418om86nzNVd9","Bad Habits","spotify:artist:4hg56haGFxxnKEt3AkW3fo, spotify:artist:7a57CoJL3sui202CC2kdUB, spotify:artist:0QmjDGwdHEo5er9pQnYuO8","VARGENTA, Labi Ramaj, Daniel McMillan","2021-09-17","https://i.scdn.co/image/ab67616d0000b27348cc067b97e3fd59ae018283","1","1","200393","https://p.scdn.co/mp3-preview/6da8d391ed08c5343f5b855c47ba9b648cd2c59e?cid=9950ac751e34487dbbe027c4fd7f8e99","false","29","QMFME2190129","spotify:user:p8u4bg39u8ew4b58wtkpj73f8","2022-07-27T10:31:33Z","epadunk","0.73","0.652","11","-11.206","0","0.203","0.077","0.0000107","0.123","0.5","134.924","4","","LoudKult","C (C) 2021 LoudKult, P (P) 2021 LoudKult"
"spotify:track:2Cd9iWfcOpGDHLz6tVA3G4","Waka Waka (This Time for Africa) [The Official 2010 FIFA World Cup (TM) Song] (feat. Freshlyground)","spotify:artist:0EmeFodog0BfCgMzAIvKQp, spotify:artist:7AcV1lk8Zrgo1691PDWEle","Shakira, Freshlyground","spotify:album:3pzQF7YgU1f66pBayA8uHv","Waka Waka (This Time for Africa) [The Official 2010 FIFA World Cup (TM) Song] (feat. Freshlyground)","spotify:artist:0EmeFodog0BfCgMzAIvKQp","Shakira","2010-05-07","https://i.scdn.co/image/ab67616d0000b273752d2becbb91841a31c556b8","1","1","202626","https://p.scdn.co/mp3-preview/4d583a07a0ae880aed54efdda211d0440d445c0d?cid=9950ac751e34487dbbe027c4fd7f8e99","false","13","USSM11001353","spotify:user:p8u4bg39u8ew4b58wtkpj73f8","2022-07-27T10:33:55Z","latinamerikansk pop,afrosoul,afropop,dubstep","0.766","0.873","11","-6.381","0","0.143","0.00627","0","0.0764","0.743","126.988","4","","Epic","P (P) 2010 Sony Music Entertainment (Holland) B.V."
"spotify:track:6rmXhRIemCTPyMYZRDN7Qg","Black Magic","spotify:artist:3e7awlrlDSwF3iM0WBjGMp","Little Mix","spotify:album:2FnfZiFMv7bmXAIATOJDHs","Get Weird (Expanded Edition)","spotify:artist:3e7awlrlDSwF3iM0WBjGMp","Little Mix","2015-11-06","https://i.scdn.co/image/ab67616d0000b273995994477ea1ae8097978bf8","1","1","211786","https://p.scdn.co/mp3-preview/f88e620112e99ec23639ee2262b9aa82c93ac168?cid=9950ac751e34487dbbe027c4fd7f8e99","false","78","GBHMU1500046","spotify:user:p8u4bg39u8ew4b58wtkpj73f8","2022-07-27T10:37:18Z","","0.776","0.875","4","-5.535","1","0.0575","0.0343","0","0.314","0.849","111.988","4","","Syco Music","P (P) 2020 Simco Limited under exclusive license to Sony Music Entertainment UK Limited"
"spotify:track:6WC5fhc9XMaCrUNKNjm9xE","Thumbs","spotify:artist:74KM79TiuVKeVCqs8QtB0B","Sabrina Carpenter","spotify:album:7iOAJaGBmk67o337zaqt0R","EVOLution","spotify:artist:74KM79TiuVKeVCqs8QtB0B","Sabrina Carpenter","2016-10-14","https://i.scdn.co/image/ab67616d0000b273d6641a0296d8d09e416e0acd","1","3","216466","https://p.scdn.co/mp3-preview/ad3bd27f3ba71be60fcd0caba55a03e1ff7a9ea6?cid=9950ac751e34487dbbe027c4fd7f8e99","false","76","USHR11637546","spotify:user:p8u4bg39u8ew4b58wtkpj73f8","2022-07-27T10:41:30Z","","0.73","0.718","8","-3.496","1","0.0478","0.0284","0","0.0892","0.127","135.045","4","","Hollywood Records","C © 2016 Hollywood Records, Inc., P ℗ 2016 Hollywood Records, Inc."
"spotify:track:3rk4aJ0vAj3cFUIQEeASkT","Green Green Grass","spotify:artist:2ysnwxxNtSgbb9t1m2Ur4j","George Ezra","spotify:album:1p6j020MWD6BCELPZd8XVC","Green Green Grass","spotify:artist:2ysnwxxNtSgbb9t1m2Ur4j","George Ezra","2022-04-22","https://i.scdn.co/image/ab67616d0000b273e8a6aeabb9c999341e2c405c","1","1","167613","https://p.scdn.co/mp3-preview/0c3b976be5170efd8549b42eb4220a059b75552d?cid=9950ac751e34487dbbe027c4fd7f8e99","false","2","GBARL2200008","spotify:user:p8u4bg39u8ew4b58wtkpj73f8","2022-08-19T08:27:05Z","","0.685","0.738","8","-4.413","1","0.0595","0.0695","0","0.128","0.8","112.972","4","","Columbia","P (P) 2022 Sony Music Entertainment UK Limited"
"spotify:track:6clzeGvi1CFioMOolbAOlX","Stay With Me (with Justin Timberlake, Halsey & Pharrell)","spotify:artist:7CajNmpbOovFoOoasH2HaY, spotify:artist:31TPClRtHm23RisEBtV3X7, spotify:artist:26VFTg2z8YR0cCuwLzESi2, spotify:artist:2RdwBSPQiwcmiDo9kixcl8","Calvin Harris, Justin Timberlake, Halsey, Pharrell Williams","spotify:album:49DV9eFp2xTdtO7veew5xS","Funk Wav Bounces Vol. 2","spotify:artist:7CajNmpbOovFoOoasH2HaY","Calvin Harris","2022-08-05","https://i.scdn.co/image/ab67616d0000b273c5844aae8ac82f2a4fa6415e","1","8","229282","https://p.scdn.co/mp3-preview/3c81ec3a27ad06b514bde46c5a9da8610e83a663?cid=9950ac751e34487dbbe027c4fd7f8e99","false","55","GBARL2201570","spotify:user:p8u4bg39u8ew4b58wtkpj73f8","2022-08-19T08:29:32Z","edm","0.81","0.733","9","-6.338","1","0.0444","0.276","0.00000673","0.288","0.9","125.975","4","","Columbia","P (P) 2022 Sony Music Entertainment UK Limited"
"spotify:track:4k6Uh1HXdhtusDW5y8Gbvy","Bad Habit","spotify:artist:57vWImR43h4CaDao012Ofp","Steve Lacy","spotify:album:3Ks0eeH0GWpY4AU20D5HPD","Gemini Rights","spotify:artist:57vWImR43h4CaDao012Ofp","Steve Lacy","2022-07-15","https://i.scdn.co/image/ab67616d0000b27368968350c2550e36d96344ee","1","5","232066","https://p.scdn.co/mp3-preview/efe7c2fdd8fa727a108a1270b114ebedabfd766c?cid=9950ac751e34487dbbe027c4fd7f8e99","true","86","USRC12201440","spotify:user:p8u4bg39u8ew4b58wtkpj73f8","2022-08-19T08:29:53Z","","0.686","0.494","1","-7.093","1","0.0355","0.613","0.000058","0.402","0.7","168.946","4","","L-M Records/RCA Records","P (P) 2022 L-M Records, under license to RCA Records, a division of Sony Music Entertainment"
"spotify:track:638bKuHUI5evFzk1EOSGnj","Bananza (Belly Dancer)","spotify:artist:7sAqpkrQBaOkddsv1Tz1XK","Mosimann","spotify:album:1BG49hCWgnN9LQe55WhisF","Bananza (Belly Dancer)","spotify:artist:7sAqpkrQBaOkddsv1Tz1XK","Mosimann","2022-02-18","https://i.scdn.co/image/ab67616d0000b273e6a6591fca2161dade760aab","1","1","147881","https://p.scdn.co/mp3-preview/dd6ec350b2e999d54b734e8c022921f01262b6d1?cid=9950ac751e34487dbbe027c4fd7f8e99","false","22","DK4YA2274301","spotify:user:p8u4bg39u8ew4b58wtkpj73f8","2022-08-19T08:32:29Z","","0.838","0.899","9","-4.582","0","0.0777","0.00716","0.117","0.0836","0.649","124.001","4","","One Seven","P (P) 2022 One Seven Music"
"spotify:track:7MIhUdNJtaOnDmC5nBC1fb","Deep Down (feat. Never Dull)","spotify:artist:0NGAZxHanS9e0iNHpR8f2W, spotify:artist:66TrUkUZ3RM29dqeDQRgyA, spotify:artist:1TrfxjXu8quyDw05p2bacX, spotify:artist:2u3rmzZC0psTER2sDfUebm","Alok, Ella Eyre, Kenny Dope, Never Dull","spotify:album:3KpxpdySrMR2S7noneu1bI","Deep Down (feat. Never Dull)","spotify:artist:0NGAZxHanS9e0iNHpR8f2W, spotify:artist:66TrUkUZ3RM29dqeDQRgyA, spotify:artist:1TrfxjXu8quyDw05p2bacX","Alok, Ella Eyre, Kenny Dope","2022-06-17","https://i.scdn.co/image/ab67616d0000b273ed443f0fff29eee63c9ede20","1","1","165752","https://p.scdn.co/mp3-preview/86c654c4b63f69463fb961bad9b9dcd59da63091?cid=9950ac751e34487dbbe027c4fd7f8e99","false","80","DEE862200810","spotify:user:p8u4bg39u8ew4b58wtkpj73f8","2022-08-19T08:33:20Z","brasiliansk bass,electronic,slap house,electrohouse,disco house,funky house,jazz house,nu disco,lo-fi house","0.687","0.818","0","-4.221","1","0.0778","0.0112","0","0.248","0.886","125.952","4","","Columbia/B1 Recordings","P (P) 2022 Alok Music/B1 Recordings, a Sony Music Entertainment company, in conjunction with High Fashion Music B.V."
"spotify:track:57lio22IReowFvXxaRGxA4","Heat Waves","spotify:artist:58O8UPrTdl4u2buM0skj94","Harrison","spotify:album:5fg5SlPOMnaGFy4l3mUohQ","Heat Waves","spotify:artist:58O8UPrTdl4u2buM0skj94","Harrison","2022-02-11","https://i.scdn.co/image/ab67616d0000b27360339d556d62b44fb5c81966","1","1","171919","https://p.scdn.co/mp3-preview/1335347d21aaa8dba63361467299700758195d6b?cid=9950ac751e34487dbbe027c4fd7f8e99","false","23","DK4YA2275101","spotify:user:p8u4bg39u8ew4b58wtkpj73f8","2022-08-19T08:33:48Z","deep house","0.687","0.655","8","-6.111","0","0.0369","0.0391","0","0.305","0.597","126.016","4","","One Seven","P (P) 2022 One Seven Music"
"spotify:track:1ZRblW8yUDxpcF4gvk5BSC","No Diggity","spotify:artist:7sAqpkrQBaOkddsv1Tz1XK","Mosimann","spotify:album:09bni63KJi8vqaqXwfwde3","No Diggity","spotify:artist:7sAqpkrQBaOkddsv1Tz1XK","Mosimann","2022-05-06","https://i.scdn.co/image/ab67616d0000b2737b4292419b2d662b6738640d","1","1","154080","https://p.scdn.co/mp3-preview/76a4ac788a9f4fee365d082f64fda81328d879b6?cid=9950ac751e34487dbbe027c4fd7f8e99","false","24","DK4YA2279901","spotify:user:p8u4bg39u8ew4b58wtkpj73f8","2022-08-19T08:34:19Z","","0.884","0.822","4","-5.921","1","0.0973","0.0158","0.485","0.0969","0.587","125","4","","One Seven","P (P) 2022 One Seven Music"
"spotify:track:77PmH9QCb4RZY6ZlfKJlFA","One Day","spotify:artist:4ehtJnVumNf6xzSCDk8aLB, spotify:artist:56Qz2XwGj7FxnNKrfkWjnb","Martin Jensen, FAST BOY","spotify:album:1mntjDEf0HUFGFMfrgqmNS","One Day","spotify:artist:4ehtJnVumNf6xzSCDk8aLB, spotify:artist:56Qz2XwGj7FxnNKrfkWjnb","Martin Jensen, FAST BOY","2022-04-22","https://i.scdn.co/image/ab67616d0000b273f7583a0e347883cb714566f5","1","1","152990","https://p.scdn.co/mp3-preview/ad863bdf1f48eedc1cb956a5fcd26090aa901d04?cid=9950ac751e34487dbbe027c4fd7f8e99","false","39","BEIW12200189","spotify:user:p8u4bg39u8ew4b58wtkpj73f8","2022-08-19T08:34:32Z","","0.579","0.834","8","-5.879","0","0.306","0.203","0","0.218","0.494","126.289","4","","disco:wax","P (P) 2022 Smash The House under exclusive license to disco:wax"
"spotify:track:2fVlFYMyiDpWu0TIBBF0Tv","Fly Me To The Moon (feat. Vanessa Campagna)","spotify:artist:2iGG4lhqUPgM5g8bA6YKSj, spotify:artist:7taAZJfAXoqv7VflOEzRVp, spotify:artist:4a4KcYuu2DZrL8sTGyu5sM","SilkandStones, Mark Coles, Vanessa Campagna","spotify:album:7H0K40P5QuZRINtznQaJqJ","Fly Me To The Moon (feat. Vanessa Campagna)","spotify:artist:2iGG4lhqUPgM5g8bA6YKSj, spotify:artist:7taAZJfAXoqv7VflOEzRVp, spotify:artist:4a4KcYuu2DZrL8sTGyu5sM","SilkandStones, Mark Coles, Vanessa Campagna","2022-06-03","https://i.scdn.co/image/ab67616d0000b273b6ce3c4c078d25175894e772","1","1","152484","https://p.scdn.co/mp3-preview/4ab733486e75ba456bd9aa6e2fb6714058bb611a?cid=9950ac751e34487dbbe027c4fd7f8e99","false","10","DK4YA2282801","spotify:user:p8u4bg39u8ew4b58wtkpj73f8","2022-08-19T08:37:17Z","lounge,lounge,cedm","0.533","0.818","6","-6.333","0","0.06","0.261","0.000562","0.11","0.225","128.022","4","","One Seven","P (P) 2022 One Seven Music"
"spotify:track:2tDz0gabkgCjFE34CWvwrl","Wonderwall","spotify:artist:2DaxqgrOhkeH0fpeiQq2f4","Oasis","spotify:album:5X1wUxFLiomGBIwi0fLJrb","(What's the Story) Morning Glory?","spotify:artist:2DaxqgrOhkeH0fpeiQq2f4","Oasis","1995-10-02","https://i.scdn.co/image/ab67616d0000b2733991254e8efea7d4ed55abcb","1","3","258906","https://p.scdn.co/mp3-preview/f41b341f52b8a0e272307de91cc0a8e94b5637b3?cid=9950ac751e34487dbbe027c4fd7f8e99","false","2","GBAAW9500189","spotify:user:p8u4bg39u8ew4b58wtkpj73f8","2022-10-10T10:44:42Z","britpop,madchester","0.408","0.843","2","-5.612","1","0.0369","0.00221","0","0.134","0.468","174.452","4","","Big Brother","C 1995 Big Brother Recordings Ltd, P 1995 Big Brother Recordings Ltd"
"spotify:track:6JV2JOEocMgcZxYSZelKcc","CAN'T STOP THE FEELING! (from DreamWorks Animation's ""TROLLS"")","spotify:artist:31TPClRtHm23RisEBtV3X7","Justin Timberlake","spotify:album:40LbnfieVTWtHrK24WQeEB","CAN'T STOP THE FEELING! (from DreamWorks Animation's ""TROLLS"")","spotify:artist:31TPClRtHm23RisEBtV3X7","Justin Timberlake","2016-05-06","https://i.scdn.co/image/ab67616d0000b273ef37416970812293c08e8a78","1","1","236001","https://p.scdn.co/mp3-preview/abf52d96f3f35554fcc0ea7005d9e1ce848efd77?cid=9950ac751e34487dbbe027c4fd7f8e99","false","80","USRC11600876","spotify:user:p8u4bg39u8ew4b58wtkpj73f8","2022-10-10T10:48:56Z","","0.666","0.83","0","-5.715","1","0.0751","0.0123","0","0.191","0.702","113.03","4","","Villa 40/RCA Records","P (P) 2016 RCA Records/DreamWorks Animation LLC"
"spotify:track:2xGjteMU3E1tkEPVFBO08U","This Is Me","spotify:artist:7HV2RI2qNug4EcQqLbCAKS, spotify:artist:63nv0hWWDob56Rk8GlNpN8","Keala Settle, The Greatest Showman Ensemble","spotify:album:7zeegKviS9AGeoEenSdO6I","This Is Me","spotify:artist:7HV2RI2qNug4EcQqLbCAKS, spotify:artist:63nv0hWWDob56Rk8GlNpN8","Keala Settle, The Greatest Showman Ensemble","2017-10-27","https://i.scdn.co/image/ab67616d0000b273b33c769adce9e164764a7ca0","1","1","234706","https://p.scdn.co/mp3-preview/f956356f4a3bf4d34fc93c66e43e6713c85d0a5c?cid=9950ac751e34487dbbe027c4fd7f8e99","false","72","USAT21704622","spotify:user:p8u4bg39u8ew4b58wtkpj73f8","2022-10-10T10:50:08Z","musikaler,musikaler","0.284","0.704","2","-7.276","1","0.186","0.00583","0.000115","0.0424","0.1","191.702","4","","Atlantic Records","C © 2017 Atlantic Recording Corporation for the United States and WEA International Inc. for the world outside of the United States. Motion Picture Artwork, Photos, and Fox Trademarks and Logos TM and © 2017 Twentieth Century Fox Film Corporation., P ℗ 2017 Atlantic Recording Corporation for the United States and WEA International Inc. for the world outside of the United States. Motion Picture Artwork, Photos, and Fox Trademarks and Logos TM and © 2017 Twentieth Century Fox Film Corporation."
"spotify:track:2f0pn9DkEJwAzXApnFh5cr","Someone To You","spotify:artist:4qWnlmXWuGv2TtuxtIWlJX","BANNERS","spotify:album:7jPoliCU7TRA13Wro32AOD","Where The Shadow Ends","spotify:artist:4qWnlmXWuGv2TtuxtIWlJX","BANNERS","2019-10-04","https://i.scdn.co/image/ab67616d0000b273f1bff89049561177b7cccebb","1","3","219801","https://p.scdn.co/mp3-preview/175723afbd4e226b4b6bd57fcb9d43b27550d61a?cid=9950ac751e34487dbbe027c4fd7f8e99","false","78","USUM71705215","spotify:user:p8u4bg39u8ew4b58wtkpj73f8","2022-10-10T10:56:36Z","","0.52","0.903","2","-5.497","1","0.042","0.00517","0","0.254","0.652","74.988","4","","Island Records","C © 2020 Island Records, a division of UMG Recordings, Inc., P ℗ 2020 Island Records, a division of UMG Recordings, Inc."
"spotify:track:4CUX44NA1CPEzd0ibMLQsL","Make Me Feel Good","spotify:artist:1H1sDUWSlytzifZTDpKgUA, spotify:artist:7zAAwgV5Wqmvpb4GzvlRkP","Belters Only, Jazzy","spotify:album:2YNIYdATkvFpTKZexocmEi","Make Me Feel Good","spotify:artist:1H1sDUWSlytzifZTDpKgUA, spotify:artist:7zAAwgV5Wqmvpb4GzvlRkP","Belters Only, Jazzy","2021-11-26","https://i.scdn.co/image/ab67616d0000b2736bbee654d9e5b13c38247eae","1","1","197472","https://p.scdn.co/mp3-preview/4040784afe0f37963656f2f41c8bdf2920095630?cid=9950ac751e34487dbbe027c4fd7f8e99","false","65","QZK6P2113983","spotify:user:p8u4bg39u8ew4b58wtkpj73f8","2022-10-10T10:57:08Z","","0.773","0.74","7","-8.169","0","0.0386","0.0627","0.00183","0.0829","0.504","124.014","4","","Polydor Records","C © 2021 Universal Music Operations Limited, P ℗ 2021 Universal Music Operations Limited"
"spotify:track:6I3mqTwhRpn34SLVafSH7G","Ghost","spotify:artist:1uNFoZAHBGtllmzznpCI3s","Justin Bieber","spotify:album:5dGWwsZ9iB2Xc3UKR0gif2","Justice","spotify:artist:1uNFoZAHBGtllmzznpCI3s","Justin Bieber","2021-03-19","https://i.scdn.co/image/ab67616d0000b273e6f407c7f3a0ec98845e4431","1","11","153190","https://p.scdn.co/mp3-preview/10746d0627d5dd428001083030cf6726c5e92c67?cid=9950ac751e34487dbbe027c4fd7f8e99","false","86","USUM72102635","spotify:user:p8u4bg39u8ew4b58wtkpj73f8","2022-10-10T10:57:48Z","","0.601","0.741","2","-5.569","1","0.0478","0.185","0.0000291","0.415","0.441","153.96","4","","RBMG/Def Jam","C © 2021 Def Jam Recordings, a division of UMG Recordings, Inc., P ℗ 2021 Def Jam Recordings, a division of UMG Recordings, Inc."
"spotify:track:6oYXbji1rn7U6bFuNYekpQ","Run","spotify:artist:4EPJlUEBy49EX1wuFOvtjK, spotify:artist:4sTQVOfp9vEMCemLw50sbu","Becky Hill, Galantis","spotify:album:7JCAQ1ISjY2Le5hcXUmU0L","Run","spotify:artist:4EPJlUEBy49EX1wuFOvtjK, spotify:artist:4sTQVOfp9vEMCemLw50sbu","Becky Hill, Galantis","2022-02-18","https://i.scdn.co/image/ab67616d0000b273c1a5c0964a78a3315c6bb251","1","1","188731","https://p.scdn.co/mp3-preview/869f9753d67a2fd840bb7a0d702b1b4f62f99e90?cid=9950ac751e34487dbbe027c4fd7f8e99","false","59","GBUM72200712","spotify:user:p8u4bg39u8ew4b58wtkpj73f8","2022-10-10T10:58:01Z","","0.601","0.879","2","-2.673","0","0.0353","0.0313","0","0.0793","0.589","124.013","4","","Polydor Records","C © 2022 Universal Music Operations Limited, P ℗ 2022 Universal Music Operations Limited"
"spotify:track:0EJ3Kofm9hYq3hL4VZ881G","Big Energy (feat. DJ Khaled) - Remix","spotify:artist:3MdXrJWsbVzdn6fe5JYkSQ, spotify:artist:4iHNK0tOyZPYnBU7nGAgpQ, spotify:artist:0QHgL1lAIqAw0HtD7YldmP","Latto, Mariah Carey, DJ Khaled","spotify:album:15HgkUTScUcXAXmEu6lZsv","Big Energy (feat. DJ Khaled) [Remix]","spotify:artist:3MdXrJWsbVzdn6fe5JYkSQ, spotify:artist:4iHNK0tOyZPYnBU7nGAgpQ, spotify:artist:0QHgL1lAIqAw0HtD7YldmP","Latto, Mariah Carey, DJ Khaled","2022-03-28","https://i.scdn.co/image/ab67616d0000b273b3ba1d03fb86fbf811f9643b","1","1","181665","https://p.scdn.co/mp3-preview/ca75eb55e0dca764ec0d35505d711f85f5f36262?cid=9950ac751e34487dbbe027c4fd7f8e99","false","59","USRC12200496","spotify:user:p8u4bg39u8ew4b58wtkpj73f8","2022-10-10T10:59:12Z","jul","0.87","0.775","11","-3.703","0","0.0865","0.0421","0.0000018","0.14","0.792","106.001","4","","Streamcut/RCA Records","P (P) 2022 Streamcut & RCA Records"
"spotify:track:1AgSUWSzmza5jF6ER5R68v","THRU THE NIGHT (feat. Bryson Tiller)","spotify:artist:2LIk90788K0zvyj2JJVwkJ, spotify:artist:2EMAnMvWE2eb56ToJVfCWs","Jack Harlow, Bryson Tiller","spotify:album:7xfcihbsBamUi6sezd0oOG","Confetti","spotify:artist:2LIk90788K0zvyj2JJVwkJ","Jack Harlow","2019-09-20","https://i.scdn.co/image/ab67616d0000b27357c38b379fbaa7bfef03934d","1","8","128409","https://p.scdn.co/mp3-preview/0ca2d5bfb2246f4857820d5980a8f2181529363c?cid=9950ac751e34487dbbe027c4fd7f8e99","true","65","USAT21904678","spotify:user:p8u4bg39u8ew4b58wtkpj73f8","2022-10-10T10:59:41Z","trap soul,r&b","0.88","0.58","5","-5.032","0","0.0438","0.016","0.00000383","0.0936","0.754","124.003","4","","Generation Now/Atlantic","C © 2019 Generation Now/Atlantic Recording Corporation for the United States and WEA International Inc. for the world outside of the United States., P ℗ 2019 Generation Now/Atlantic Recording Corporation for the United States and WEA International Inc. for the world outside of the United States."
"spotify:track:6BTjSLvOfHjzV9sbP6BrCO","Jubel - Radio Edit","spotify:artist:1L9i6qZYIGQedgM9QLSyzb","Klingande","spotify:album:4Xp6CE8STE8rfzb0DbVOWQ","Jubel (Radio Edit)","spotify:artist:1L9i6qZYIGQedgM9QLSyzb","Klingande","2014-05-23","https://i.scdn.co/image/ab67616d0000b273bdacb25e18479f333434a589","1","1","148440","","false","1","GBAHT1327082","spotify:user:p8u4bg39u8ew4b58wtkpj73f8","2022-10-10T11:01:29Z","tropical house,deep house","0.685","0.587","0","-6.876","1","0.0329","0.386","0.00307","0.0653","0.2","125.006","4","","One More Tune","C © 2014 Klingande Music under exclusive license to Warner Music UK Ltd., P ℗ 2014 Klingande Music under exclusive license to Warner Music UK Ltd."
"spotify:track:6Awg3vdlBZnLnVWBcyG0vW","Runaway (U & I)","spotify:artist:4sTQVOfp9vEMCemLw50sbu","Galantis","spotify:album:5iLpRq7zbCArBm2Gi0pRIw","Pharmacy","spotify:artist:4sTQVOfp9vEMCemLw50sbu","Galantis","2015-06-05","https://i.scdn.co/image/ab67616d0000b2735e21d0c9ca9fcc32f80f213a","1","4","227073","https://p.scdn.co/mp3-preview/07fb66554af09f90798cadd77255c35df6dda8f4?cid=9950ac751e34487dbbe027c4fd7f8e99","false","64","USAT21404265","spotify:user:p8u4bg39u8ew4b58wtkpj73f8","2023-07-26T10:47:41Z","","0.506","0.805","1","-4.119","1","0.0469","0.00711","0.00193","0.0856","0.383","126.008","4","","Big Beat Records/Atlantic","C © 2015 Atlantic Recording Corporation for the United States and WEA International for the world outside of the United States. A Warner Music Group Company, P ℗ 2015 Atlantic Recording Corporation for the United States and WEA International for the world outside of the United States. A Warner Music Group Company"
"spotify:track:1KMkcUvF7m3SDChDOa7i5L","WITHOUT YOU","spotify:artist:2tIP7SsRs7vjIcLrU85W8J","The Kid LAROI","spotify:album:576UTio7xgY7YUxrHMzxeI","F*CK LOVE 3+: OVER YOU","spotify:artist:2tIP7SsRs7vjIcLrU85W8J","The Kid LAROI","2021-07-27","https://i.scdn.co/image/ab67616d0000b273b4d59e6fa7e5e7cbc57ac33a","2","7","161384","https://p.scdn.co/mp3-preview/0cacbf2acaef9fc50d9ecd1f29eb33e543a5bc63?cid=9950ac751e34487dbbe027c4fd7f8e99","true","75","USSM12006586","spotify:user:p8u4bg39u8ew4b58wtkpj73f8","2023-07-26T10:50:15Z","","0.662","0.413","0","-7.357","1","0.0299","0.213","0","0.134","0.467","93.005","4","","Columbia","P (P) 2021 Columbia Records, a Division of Sony Music Entertainment"
"spotify:track:3iHzKA9HlXf5wsGdsrsnSA","Forget Me","spotify:artist:4GNC7GD6oZMSxPGyXy4MNB","Lewis Capaldi","spotify:album:0ECSyPejfD7oL95dD3jgoi","Broken By Desire To Be Heavenly Sent","spotify:artist:4GNC7GD6oZMSxPGyXy4MNB","Lewis Capaldi","2023-05-19","https://i.scdn.co/image/ab67616d0000b2737cdf9838412bb52df6e9a952","1","1","203666","https://p.scdn.co/mp3-preview/449e63537d6c5811a7f50223335a17cbcb138487?cid=9950ac751e34487dbbe027c4fd7f8e99","false","76","DEUM72204717","spotify:user:p8u4bg39u8ew4b58wtkpj73f8","2023-07-26T10:51:22Z","lugn pop","0.451","0.754","1","-3.749","0","0.0864","0.327","0","0.332","0.674","203.894","4","","Vertigo Berlin","C © 2023 Universal Music GmbH, P ℗ 2023 Universal Music GmbH"
"spotify:track:69uxyAqqPIsUyTO8txoP2M","Adventure of a Lifetime","spotify:artist:4gzpq5DPGxSnKTe4SA8HAU","Coldplay","spotify:album:3cfAM8b8KqJRoIzt3zLKqw","A Head Full of Dreams","spotify:artist:4gzpq5DPGxSnKTe4SA8HAU","Coldplay","2015-12-04","https://i.scdn.co/image/ab67616d0000b2738ff7c3580d429c8212b9a3b6","1","5","263786","https://p.scdn.co/mp3-preview/0b666b9a07035a659c7e5b7cb754f1b81bf1535b?cid=9950ac751e34487dbbe027c4fd7f8e99","false","88","GBAYE1500981","spotify:user:p8u4bg39u8ew4b58wtkpj73f8","2023-07-26T10:56:07Z","","0.638","0.924","7","-3.887","1","0.036","0.00205","0.000175","0.149","0.53","111.995","4","","Parlophone UK","C © 2015 Parlophone Records Limited, a Warner Music Group Company, P ℗ 2015 Parlophone Records Limited, a Warner Music Group Company"
"spotify:track:4QcDkuGQx9824a6X9BZF4e","Places","spotify:artist:1bj5GrcLom5gZFF5t949Xl, spotify:artist:7hssUdpvtY5oiARaUDgFZ3","Martin Solveig, Ina Wroldsen","spotify:album:7jTFTS9Tt190soRQDUuLRD","Places","spotify:artist:1bj5GrcLom5gZFF5t949Xl","Martin Solveig","2016-11-25","https://i.scdn.co/image/ab67616d0000b273ce276a636a73bd477dc7c4d7","1","1","202745","https://p.scdn.co/mp3-preview/fe0e6daec73b835082fd5abe2125cfebfa045134?cid=9950ac751e34487dbbe027c4fd7f8e99","false","66","UK98Q1600200","spotify:user:p8u4bg39u8ew4b58wtkpj73f8","2023-07-26T11:07:43Z","fransk house,norsk pop","0.728","0.854","0","-3.86","0","0.0457","0.248","0.00188","0.149","0.62","121.995","4","","EMI","C © 2016 KOPG Ltd, under exclusive licence to Virgin EMI Records, a division of Universal Music Operations Ltd, P ℗ 2016 KOPG Ltd, under exclusive licence to Virgin EMI Records, a division of Universal Music Operations Ltd"
"spotify:track:6yraFyhgbavO2amB2lhpfi","Waiting All Night (feat. Ella Eyre)","spotify:artist:4WN5naL3ofxrVBgFpguzKo, spotify:artist:66TrUkUZ3RM29dqeDQRgyA","Rudimental, Ella Eyre","spotify:album:2AOpbitJNMvKhSbsi2YD4F","Home","spotify:artist:4WN5naL3ofxrVBgFpguzKo","Rudimental","2013-04-26","https://i.scdn.co/image/ab67616d0000b2731468dc3911c9abea1dcf9676","1","11","292586","https://p.scdn.co/mp3-preview/7e490be7ba1c9e03b867e12f8cb51bb767c45dcc?cid=9950ac751e34487dbbe027c4fd7f8e99","false","71","GBAHS1200493","spotify:user:p8u4bg39u8ew4b58wtkpj73f8","2023-07-26T11:09:18Z","","0.543","0.729","6","-5.357","0","0.0498","0.00265","0.01","0.427","0.282","174.982","4","","Asylum","C © 2013 Warner Music UK Limited., P ℗ 2013 Warner Music UK Limited except tracks 2 & 5 (p) 2013 Black Butter Records under exclusive licence to Warner Music UK Limited"
"spotify:track:7KxWxp0bSa5xBfQSUfgRaL","My Lover - Not3s x Mabel","spotify:artist:40NRiKuuhj1pgGYppptlBO, spotify:artist:1MIVXf74SZHmTIp4V4paH4","Not3s, Mabel","spotify:album:0syM7OUAhV7S6XmOa4nLUZ","Ivy To Roses (Mixtape)","spotify:artist:1MIVXf74SZHmTIp4V4paH4","Mabel","2019-01-18","https://i.scdn.co/image/ab67616d0000b273fb4278cf3d557dc89ca80ad5","1","5","192106","https://p.scdn.co/mp3-preview/215dc11adecaf45b13aaac98c66acf0297d94f06?cid=9950ac751e34487dbbe027c4fd7f8e99","false","46","GBARL1702252","spotify:user:p8u4bg39u8ew4b58wtkpj73f8","2023-07-26T11:12:30Z","afroswing,grime,brittisk grime,brittisk r&b","0.802","0.568","6","-7.147","0","0.3","0.15","0.0000134","0.146","0.597","106.075","4","","Polydor Records","C © 2018 Mabel McVey, under exclusive licence to Polydor Records, a division of Universal Music Operations Limited, P ℗ 2019 Mabel McVey, under exclusive licence to Polydor Records, a division of Universal Music Operations Limited"
"spotify:track:3Dzso9Q2WwupEclqgxBZht","Pumped Up Kicks","spotify:artist:5UUdxfBMwm0hLlLgnZtBFv, spotify:artist:2mdhxkqoWFBLtEC5FRkMD0, spotify:artist:2FMdAViOScZVhMjAunoYNK","Madism, MKJ, Felix Samuel","spotify:album:6ZKLBSAh1rvS3KUQZljytB","Pumped Up Kicks","spotify:artist:5UUdxfBMwm0hLlLgnZtBFv, spotify:artist:2mdhxkqoWFBLtEC5FRkMD0, spotify:artist:2FMdAViOScZVhMjAunoYNK","Madism, MKJ, Felix Samuel","2020-08-21","https://i.scdn.co/image/ab67616d0000b2734134bc0197bdceef89ddcd70","1","1","145161","https://p.scdn.co/mp3-preview/585e4add050b07f36fad1a9732986ac688137d6e?cid=9950ac751e34487dbbe027c4fd7f8e99","false","69","NLT2H2000215","spotify:user:p8u4bg39u8ew4b58wtkpj73f8","2023-07-26T11:16:14Z","tropical house","0.669","0.687","0","-4.753","1","0.043","0.152","0.000016","0.308","0.386","123.903","4","","Soave Records","C 2020 Foster The People, P 2020 Soave Records"
"spotify:track:46lFttIf5hnUZMGvjK0Wxo","Runaway (U & I)","spotify:artist:4sTQVOfp9vEMCemLw50sbu","Galantis","spotify:album:4QcXq4vTVN7dFb7bZa9jG2","Pharmacy","spotify:artist:4sTQVOfp9vEMCemLw50sbu","Galantis","2015-06-05","https://i.scdn.co/image/ab67616d0000b2732b517912fd69652ff10d8e11","1","4","227073","https://p.scdn.co/mp3-preview/07fb66554af09f90798cadd77255c35df6dda8f4?cid=9950ac751e34487dbbe027c4fd7f8e99","false","82","USAT21404265","spotify:user:p8u4bg39u8ew4b58wtkpj73f8","2024-01-25T16:31:01Z","","0.506","0.805","1","-4.119","1","0.0469","0.00711","0.00193","0.0856","0.383","126.008","4","","Big Beat Records/Atlantic","C © 2015 Atlantic Recording Corporation for the United States and WEA International for the world outside of the United States. A Warner Music Group Company, P ℗ 2015 Atlantic Recording Corporation for the United States and WEA International for the world outside of the United States. A Warner Music Group Company"
"spotify:track:1gihuPhrLraKYrJMAEONyc","Feel So Close - Radio Edit","spotify:artist:7CajNmpbOovFoOoasH2HaY","Calvin Harris","spotify:album:7w19PFbxAjwZ7UVNp9z0uT","18 Months","spotify:artist:7CajNmpbOovFoOoasH2HaY","Calvin Harris","2012-10-29","https://i.scdn.co/image/ab67616d0000b273dcef905cb144d4867119850b","1","3","206413","https://p.scdn.co/mp3-preview/b8372b1a0b8d09a5004388a654f29bef6bc37021?cid=9950ac751e34487dbbe027c4fd7f8e99","false","88","GBARL1100748","spotify:user:p8u4bg39u8ew4b58wtkpj73f8","2024-01-25T16:31:34Z","edm","0.707","0.924","7","-2.842","1","0.031","0.000972","0.00703","0.204","0.919","127.937","4","","Columbia","P (P) 2012 Sony Music Entertainment UK Limited"
"spotify:track:6YUTL4dYpB9xZO5qExPf05","Summer","spotify:artist:7CajNmpbOovFoOoasH2HaY","Calvin Harris","spotify:album:48zisMeiXniWLzOQghbPqS","Motion","spotify:artist:7CajNmpbOovFoOoasH2HaY","Calvin Harris","2014-10-31","https://i.scdn.co/image/ab67616d0000b2738fba5806a323efd272677c4d","1","8","222533","https://p.scdn.co/mp3-preview/f8877a2ec4963cb11fa2c282a18e9015f2e8bfad?cid=9950ac751e34487dbbe027c4fd7f8e99","false","89","GBARL1400296","spotify:user:p8u4bg39u8ew4b58wtkpj73f8","2024-02-06T17:25:49Z","edm","0.596","0.856","4","-3.556","0","0.0346","0.0211","0.0178","0.141","0.743","127.949","4","","Columbia","P (P) 2014 Sony Music Entertainment UK Limited"
"spotify:track:4kbj5MwxO1bq9wjT5g9HaA","Shut Up and Dance","spotify:artist:6DIS6PRrLS3wbnZsf7vYic","WALK THE MOON","spotify:album:3mNoFlD1wsoXfkljfFzExT","TALKING IS HARD","spotify:artist:6DIS6PRrLS3wbnZsf7vYic","WALK THE MOON","2014-12-02","https://i.scdn.co/image/ab67616d0000b27343294cfa2688055c9d821bf3","1","3","199080","https://p.scdn.co/mp3-preview/4309fadd9a0d573c1fafcca507e024b3bb51266b?cid=9950ac751e34487dbbe027c4fd7f8e99","false","87","USRC11401949","spotify:user:p8u4bg39u8ew4b58wtkpj73f8","2024-02-06T17:25:50Z","","0.578","0.866","1","-3.804","1","0.0619","0.00701","0","0.257","0.619","128.038","4","","RCA Records Label","P (P) 2014 RCA Records, a division of Sony Music Entertainment"
"spotify:track:2LEF1A8DOZ9wRYikWgVlZ8","Good Feeling","spotify:artist:0jnsk9HBra6NMjO2oANoPY","Flo Rida","spotify:album:7eLwoxxWs6lfkVYJGkGNbk","Wild Ones","spotify:artist:0jnsk9HBra6NMjO2oANoPY","Flo Rida","2012-06-22","https://i.scdn.co/image/ab67616d0000b273871d85943145dde548f4ae09","1","4","248133","https://p.scdn.co/mp3-preview/5c8193af1f76fc8fc05cabbcabb0318e8608a29a?cid=9950ac751e34487dbbe027c4fd7f8e99","false","85","USAT21101961","spotify:user:p8u4bg39u8ew4b58wtkpj73f8","2024-02-06T17:25:57Z","","0.706","0.89","1","-4.444","0","0.0688","0.0588","0.00286","0.306","0.684","128.011","4","","Poe Boy/Atlantic","C © 2012 Atlantic Recording Corporation for the United States and WEA International Inc. for the world outside of the United States, P ℗ 2012 Atlantic Recording Corporation for the United States and WEA International Inc. for the world outside of the United States"
"spotify:track:3DmW6y7wTEYHJZlLo1r6XJ","Shower","spotify:artist:4obzFoKoKRHIphyHzJ35G3","Becky G","spotify:album:4JlzEvVJqpb62Xwc0EmOHr","Shower","spotify:artist:4obzFoKoKRHIphyHzJ35G3","Becky G","2014-04-23","https://i.scdn.co/image/ab67616d0000b273f7f5503cfc6a54d31e65b112","1","1","206166","https://p.scdn.co/mp3-preview/147f604daafe57187f50f6dafa5a052262eedad5?cid=9950ac751e34487dbbe027c4fd7f8e99","false","81","USRC11400866","spotify:user:p8u4bg39u8ew4b58wtkpj73f8","2024-02-06T17:25:58Z","reggaeton,latino","0.699","0.529","2","-7.548","1","0.0487","0.0317","0.0000359","0.285","0.121","119.987","4","","Kemosabe Records/RCA Records","P (P) 2014 Kemosabe Records"
"spotify:track:3E7dfMvvCLUddWissuqMwr","Party In The U.S.A.","spotify:artist:5YGY8feqx7naU7z4HrwZM6","Miley Cyrus","spotify:album:0IuHVgAvbNDJnJepuSZ8Oz","The Time Of Our Lives (International Version)","spotify:artist:5YGY8feqx7naU7z4HrwZM6","Miley Cyrus","2009-01-01","https://i.scdn.co/image/ab67616d0000b2734ea6653890e297d53e93e3e0","1","2","202066","https://p.scdn.co/mp3-preview/b2ba87ea556f5c9f44c947b176ccec21da3e612f?cid=9950ac751e34487dbbe027c4fd7f8e99","false","85","USHR10924519","spotify:user:p8u4bg39u8ew4b58wtkpj73f8","2024-02-06T17:25:58Z","","0.652","0.698","10","-4.667","0","0.042","0.00112","0.000115","0.0886","0.47","96.021","4","","Hollywood Records","C © 2009 Hollywood Records, Inc., P ℗ 2009 Hollywood Records, Inc."
"spotify:track:05XtssRLI22p8wLFIr7Vrl","Heroes (we could be)","spotify:artist:4AVFqumd2ogHFlRbKIjp1t, spotify:artist:4NHQUGzhtTLFvgF5SZesLK","Alesso, Tove Lo","spotify:album:0rKecMSGWfKqhls4Rp3PJn","Forever (Deluxe)","spotify:artist:4AVFqumd2ogHFlRbKIjp1t","Alesso","2015-05-25","https://i.scdn.co/image/ab67616d0000b27301de15d5e4fcd13cd1ac18b0","1","3","210013","https://p.scdn.co/mp3-preview/e5664babfba07567c4e002c7bd9c043835bc6521?cid=9950ac751e34487dbbe027c4fd7f8e99","false","59","USUM71411636","spotify:user:p8u4bg39u8ew4b58wtkpj73f8","2024-02-06T17:26:00Z","edm","0.503","0.748","5","-4.124","1","0.0619","0.0305","0","0.343","0.356","125.896","4","","Alesso / Def Jam","C © 2015 Alefune, under exclusive license in the United States to Def Jam Recordings, a division of UMG Recordings, Inc., P ℗ 2015 Alefune, under exclusive license in the United States to Def Jam Recordings, a division of UMG Recordings, Inc."
"spotify:track:4QNpBfC0zvjKqPJcyqBy9W","Give Me Everything (feat. Nayer)","spotify:artist:0TnOYISbd1XYRBk9myaseg, spotify:artist:4D75GcNG95ebPtNvoNVXhz, spotify:artist:21E3waRsmPlU7jZsS13rcj, spotify:artist:1ruutHJcECI7cos2n5TqpO","Pitbull, AFROJACK, Ne-Yo, Nayer","spotify:album:4rG0MhkU6UojACJxkMHIXB","Planet Pit (Deluxe Version)","spotify:artist:0TnOYISbd1XYRBk9myaseg","Pitbull","2011-06-17","https://i.scdn.co/image/ab67616d0000b2731dc7483a9fcfce54822a2f19","1","2","252306","https://p.scdn.co/mp3-preview/6eafa4293d2b35b2e75ffab5ec1bba8ec00d5082?cid=9950ac751e34487dbbe027c4fd7f8e99","false","91","USJAY1100032","spotify:user:p8u4bg39u8ew4b58wtkpj73f8","2024-02-06T17:26:01Z","edm,big room,latinamerikansk dans","0.671","0.939","8","-3.206","1","0.161","0.191","0","0.298","0.53","129.024","4","","Mr.305/Polo Grounds Music/J Records","P (P) 2011 J Records, a unit of Sony Music Entertainment"
"spotify:track:6Qb7YsAqH4wWFUMbGsCpap","Training Season","spotify:artist:6M2wZ9GZgrQXHCFfjv46we","Dua Lipa","spotify:album:3sqC2sXZc0b9r7WM9z3784","Training Season","spotify:artist:6M2wZ9GZgrQXHCFfjv46we","Dua Lipa","2024-02-15","https://i.scdn.co/image/ab67616d0000b273790260cc86fd7b2678bb204d","1","1","209487","https://p.scdn.co/mp3-preview/5608f578347ae26c20bfebbad47a057eca7b3d5a?cid=9950ac751e34487dbbe027c4fd7f8e99","false","78","GBAHT2301078","spotify:user:p8u4bg39u8ew4b58wtkpj73f8","2024-02-20T10:58:45Z","pop","0.812","0.587","5","-4.483","0","0.0477","0.0349","0.00000264","0.123","0.664","123.041","4","","Warner Records","C Under exclusive license to Warner Records UK, a division of Warner Music UK Limited, © 2024 Radical22 Limited, P Under exclusive license to Warner Records UK, a division of Warner Music UK Limited, ℗ 2024 Radical22 Limited"
"spotify:track:6yARPLK0PV4heEyh7pVMGz","Part Of Me","spotify:artist:6jJ0s89eD6GaHleKKya26X","Katy Perry","spotify:album:4zLOhyT4XIzyyl7KoSHWcE","Teenage Dream: The Complete Confection","spotify:artist:6jJ0s89eD6GaHleKKya26X","Katy Perry","2012-01-01","https://i.scdn.co/image/ab67616d0000b273a56dc57d708c7b62db950105","1","14","216160","https://p.scdn.co/mp3-preview/7a454631475bbbeaa6b2b414b6c924fafeaf6fcd?cid=9950ac751e34487dbbe027c4fd7f8e99","false","75","USCA21102809","spotify:user:p8u4bg39u8ew4b58wtkpj73f8","2024-03-01T15:34:03Z","pop","0.666","0.922","5","-4.645","1","0.0352","0.000348","0","0.0867","0.758","130.007","4","","Capitol Records","C © 2012 Capitol Records, LLC, P ℗ 2012 Capitol Records, LLC"
"spotify:track:7EQGXaVSyEDsCWKmUcfpLk","Die Young","spotify:artist:6LqNN22kT3074XbTVUrhzX","Kesha","spotify:album:5ZQB1ZQ2Yx9YT3nZlR2Pgu","Warrior (Expanded Edition)","spotify:artist:6LqNN22kT3074XbTVUrhzX","Kesha","2012-11-30","https://i.scdn.co/image/ab67616d0000b273a61ba823186287ee1681bc7e","1","2","211920","https://p.scdn.co/mp3-preview/237e17c6319aa02a1fde3ebcd89c5e5e3e03dbf8?cid=9950ac751e34487dbbe027c4fd7f8e99","false","85","USRC11201008","spotify:user:p8u4bg39u8ew4b58wtkpj73f8","2024-03-01T15:34:06Z","","0.711","0.7","1","-4.805","0","0.046","0.00498","0.000125","0.215","0.801","128.001","4","","Kemosabe Records/RCA Records","P (P) 2012 Kemosabe Records"
"spotify:track:0Z7nGFVCLfixWctgePsRk9","TEXAS HOLD 'EM","spotify:artist:6vWDO969PvNqNYHIOW5v0m","Beyoncé","spotify:album:6cBlaud5JVmPjkjxnwIMLx","TEXAS HOLD 'EM","spotify:artist:6vWDO969PvNqNYHIOW5v0m","Beyoncé","2024-02-11","https://i.scdn.co/image/ab67616d0000b27349188fe723e4734b391f5162","1","1","233456","https://p.scdn.co/mp3-preview/0a69f787920bde0a0e1d17af762695ad3cc9d99b?cid=9950ac751e34487dbbe027c4fd7f8e99","true","79","USSM12401302","spotify:user:p8u4bg39u8ew4b58wtkpj73f8","2024-03-01T15:34:47Z","","0.727","0.711","2","-6.549","1","0.078","0.582","0","0.158","0.375","110.012","4","","Parkwood Entertainment/Columbia","P (P) 2024 Parkwood Entertainment LLC, under exclusive license to Columbia Records, a Division of Sony Music Entertainment"
"spotify:track:5Jpz4nv8nA6FIYO5gEyQa2","Alibi (feat. Rudimental)","spotify:artist:7nDsS0l5ZAzMedVRKPP8F1, spotify:artist:4WN5naL3ofxrVBgFpguzKo","Ella Henderson, Rudimental","spotify:album:3Ku8LDPYg53Kh59amfFWjL","Alibi (feat. Rudimental)","spotify:artist:7nDsS0l5ZAzMedVRKPP8F1, spotify:artist:4WN5naL3ofxrVBgFpguzKo","Ella Henderson, Rudimental","2024-01-12","https://i.scdn.co/image/ab67616d0000b2739e3b2d14dee8000a862c941e","1","1","184852","https://p.scdn.co/mp3-preview/e44b10f19a6285a3a35ded9086115cf12cb6884f?cid=9950ac751e34487dbbe027c4fd7f8e99","false","77","GBAHS2301557","spotify:user:p8u4bg39u8ew4b58wtkpj73f8","2024-03-01T15:35:11Z","","0.545","0.793","0","-3.615","0","0.0371","0.191","0.00281","0.335","0.411","87.024","4","","Atlantic Records UK","C A Major Toms / Asylum Records UK release, © 2024 Warner Music UK Limited, P A Major Toms / Asylum Records UK release, ℗ 2024 Warner Music UK Limited"
"spotify:track:4tKGFmENO69tZR9ahgZu48","Murder On The Dancefloor","spotify:artist:2cBh5lVMg222FFuRU7EfDE","Sophie Ellis-Bextor","spotify:album:68ishLKwqH5oH79kUteEHG","Read My Lips (Deluxe Version)","spotify:artist:2cBh5lVMg222FFuRU7EfDE","Sophie Ellis-Bextor","2002-06-06","https://i.scdn.co/image/ab67616d0000b273b736151ed1c04f2d41d5f69e","1","1","230013","https://p.scdn.co/mp3-preview/340bdf7b29f2725f0353cb77cc8f6996cdc9fbe8?cid=9950ac751e34487dbbe027c4fd7f8e99","false","83","GBAKW0100229","spotify:user:p8u4bg39u8ew4b58wtkpj73f8","2024-03-01T15:35:42Z","","0.73","0.849","1","-5.281","0","0.0299","0.00234","0.0000257","0.312","0.887","117.308","4","","Polydor Records","C © 2002 Polydor Ltd. (UK), P ℗ 2002 Polydor Ltd. (UK)"
"spotify:track:59NraMJsLaMCVtwXTSia8i","Prada","spotify:artist:5wCmhq5J2hPwL2r0eKurxn, spotify:artist:5KKpBU5eC2tJDzf0wmlRp2, spotify:artist:5VadK1havLhK1OpKYsXv9y","cassö, RAYE, D-Block Europe","spotify:album:5MU0RmBSpoSxOPYBfcobDc","Prada","spotify:artist:5wCmhq5J2hPwL2r0eKurxn, spotify:artist:5KKpBU5eC2tJDzf0wmlRp2, spotify:artist:5VadK1havLhK1OpKYsXv9y","cassö, RAYE, D-Block Europe","2023-08-11","https://i.scdn.co/image/ab67616d0000b273e4b7dccdfd54375ded9ccc5c","1","1","132359","https://p.scdn.co/mp3-preview/07ca5d41f53802807fd40d2778e66f633a2f3b8b?cid=9950ac751e34487dbbe027c4fd7f8e99","true","84","GBCEN2300147","spotify:user:p8u4bg39u8ew4b58wtkpj73f8","2024-03-01T15:35:57Z","hypertechno,grime,brittisk drill","0.638","0.717","8","-5.804","1","0.0375","0.001","0.00000179","0.113","0.422","141.904","4","","Ministry of Sound Recordings","P (P) 2023 Under Exclusive License to Ministry of Sound Recordings"
"spotify:track:05SBRd4fXgn8FX7bf8BCAE","I Need Your Love (feat. Ellie Goulding)","spotify:artist:7CajNmpbOovFoOoasH2HaY, spotify:artist:0X2BH1fck6amBIoJhDVmmJ","Calvin Harris, Ellie Goulding","spotify:album:7w19PFbxAjwZ7UVNp9z0uT","18 Months","spotify:artist:7CajNmpbOovFoOoasH2HaY","Calvin Harris","2012-10-29","https://i.scdn.co/image/ab67616d0000b273dcef905cb144d4867119850b","1","8","234506","https://p.scdn.co/mp3-preview/b7eebf69c35c95e49505405bc14b9e78fe3c4736?cid=9950ac751e34487dbbe027c4fd7f8e99","false","80","GBARL1201390","spotify:user:p8u4bg39u8ew4b58wtkpj73f8","2024-03-01T15:36:08Z","edm","0.695","0.869","8","-5.066","1","0.0483","0.41","0","0.237","0.58","124.989","4","","Columbia","P (P) 2012 Sony Music Entertainment UK Limited"
"spotify:track:2K87XMYnUMqLcX3zvtAF4G","Drag Me Down","spotify:artist:4AK6F7OLvEQ5QYCBNiQWHq","One Direction","spotify:album:1gMxiQQSg5zeu4htBosASY","Made In The A.M. (Deluxe Edition)","spotify:artist:4AK6F7OLvEQ5QYCBNiQWHq","One Direction","2015-11-13","https://i.scdn.co/image/ab67616d0000b273241e4fe75732c9c4b49b94c3","1","2","192120","https://p.scdn.co/mp3-preview/e7076008e9bccbf5c30ba62adb18a20040987f04?cid=9950ac751e34487dbbe027c4fd7f8e99","false","82","GBHMU1500070","spotify:user:p8u4bg39u8ew4b58wtkpj73f8","2024-03-01T15:36:08Z","","0.731","0.703","0","-5.672","0","0.0368","0.111","0","0.0657","0.595","138.111","4","","Syco Music","P (P) 2015 Simco Limited under exclusive licence to Sony Music Entertainment UK Limited"
"spotify:track:0KAiuUOrLTIkzkpfpn9jb9","Drive By","spotify:artist:3FUY2gzHeIiaesXtOAdB7A","Train","spotify:album:5zseibu9WEsPaZmkJUMkz1","California 37","spotify:artist:3FUY2gzHeIiaesXtOAdB7A","Train","2012-04-17","https://i.scdn.co/image/ab67616d0000b273bde344cc54eedc35050f4c61","1","2","195973","https://p.scdn.co/mp3-preview/04a4331f6e25d0bd2c6de9c1202ad719f24b1cef?cid=9950ac751e34487dbbe027c4fd7f8e99","false","84","USSM11106876","spotify:user:p8u4bg39u8ew4b58wtkpj73f8","2024-03-01T15:36:09Z","lugn pop","0.765","0.837","1","-3.113","0","0.032","0.00107","0.0000106","0.0801","0.721","122.028","4","","Columbia","P (P) 2012 Columbia Records, a Division of Sony Music Entertainment"
"spotify:track:0vbtURX4qv1l7besfwmnD8","I Took A Pill In Ibiza - Seeb Remix","spotify:artist:2KsP6tYLJlTBvSUxnwlVWa, spotify:artist:5iNrZmtVMtYev5M9yoWpEq","Mike Posner, Seeb","spotify:album:6Phl1V5P0sPrWJytXHGFeO","At Night, Alone.","spotify:artist:2KsP6tYLJlTBvSUxnwlVWa","Mike Posner","2016-05-06","https://i.scdn.co/image/ab67616d0000b2731db27fa11dbafa67857da8f3","1","13","197933","https://p.scdn.co/mp3-preview/7bae6aac6d699135151854e9e3e5ae78f1a244f5?cid=9950ac751e34487dbbe027c4fd7f8e99","true","85","USUM71509342","spotify:user:p8u4bg39u8ew4b58wtkpj73f8","2024-03-01T15:36:09Z","","0.664","0.714","7","-6.645","0","0.111","0.0353","0.00000842","0.0843","0.71","101.969","4","","Monster Mountain, LLC / Island","C © 2016 Island Records, a division of UMG Recordings, Inc., P ℗ 2016 Island Records, a division of UMG Recordings, Inc."
"spotify:track:4lhqb6JvbHId48OUJGwymk","Hey Brother","spotify:artist:1vCWHaC5f2uS3yhpwWbIA6","Avicii","spotify:album:2H6i2CrWgXE1HookLu8Au0","True","spotify:artist:1vCWHaC5f2uS3yhpwWbIA6","Avicii","2013-09-16","https://i.scdn.co/image/ab67616d0000b273e14f11f796cef9f9a82691a7","1","3","255093","https://p.scdn.co/mp3-preview/b0f7ab0efb90d7df8535784a2187034e70d0ab24?cid=9950ac751e34487dbbe027c4fd7f8e99","false","83","CH3131340084","spotify:user:p8u4bg39u8ew4b58wtkpj73f8","2024-03-01T15:36:11Z","edm","0.545","0.78","7","-4.867","0","0.0436","0.0309","0.0000464","0.0828","0.458","125.014","4","","Universal Music AB","C © 2013 Avicii Music AB, / PRMD under exclusive license to Universal Music AB, P ℗ 2013 Avicii Music AB, / PRMD under exclusive license to Universal Music AB"
"spotify:track:3P3pw6C19j31Rnzgo3JG7o","Perfect Strangers","spotify:artist:1HBjj22wzbscIZ9sEb5dyf, spotify:artist:4kYGAK2zu9EAomwj3hXkXy","Jonas Blue, JP Cooper","spotify:album:2xZSrcBmvMw9Y8hac6xU7L","Blue","spotify:artist:1HBjj22wzbscIZ9sEb5dyf","Jonas Blue","2018-11-09","https://i.scdn.co/image/ab67616d0000b2735b6bcc59c3562a6f362344c6","1","2","196613","https://p.scdn.co/mp3-preview/99b97634d18a161489f2a8a4d5efe5399dc3774c?cid=9950ac751e34487dbbe027c4fd7f8e99","false","81","GBUM71602437","spotify:user:p8u4bg39u8ew4b58wtkpj73f8","2024-03-01T15:36:11Z","tropical house","0.73","0.861","1","-4.1","1","0.0451","0.39","0","0.213","0.704","117.965","4","","Positiva","C © 2018 Universal Music Operations Limited, P ℗ 2018 Universal Music Operations Limited"
"spotify:track:7MmG8p0F9N3C4AXdK6o6Eb","Outside (feat. Ellie Goulding)","spotify:artist:7CajNmpbOovFoOoasH2HaY, spotify:artist:0X2BH1fck6amBIoJhDVmmJ","Calvin Harris, Ellie Goulding","spotify:album:48zisMeiXniWLzOQghbPqS","Motion","spotify:artist:7CajNmpbOovFoOoasH2HaY","Calvin Harris","2014-10-31","https://i.scdn.co/image/ab67616d0000b2738fba5806a323efd272677c4d","1","6","227266","https://p.scdn.co/mp3-preview/bb032e25471de6482ac8200e690bb1433d3166ce?cid=9950ac751e34487dbbe027c4fd7f8e99","false","89","GBARL1401201","spotify:user:p8u4bg39u8ew4b58wtkpj73f8","2024-03-01T15:36:11Z","edm","0.646","0.823","2","-4.123","0","0.0394","0.213","0","0.322","0.418","128.035","4","","Columbia","P (P) 2014 Sony Music Entertainment UK Limited"
"spotify:track:0FDzzruyVECATHXKHFs9eJ","A Sky Full of Stars","spotify:artist:4gzpq5DPGxSnKTe4SA8HAU","Coldplay","spotify:album:2G4AUqfwxcV1UdQjm2ouYr","Ghost Stories","spotify:artist:4gzpq5DPGxSnKTe4SA8HAU","Coldplay","2014-05-16","https://i.scdn.co/image/ab67616d0000b273e5a95573f1b91234630fd2cf","1","8","267866","https://p.scdn.co/mp3-preview/870ebba9927cd7c73467fc5772f398a8a8999344?cid=9950ac751e34487dbbe027c4fd7f8e99","false","90","GBAYE1400217","spotify:user:p8u4bg39u8ew4b58wtkpj73f8","2024-03-01T15:36:12Z","","0.545","0.675","6","-6.474","1","0.0279","0.00617","0.00197","0.209","0.162","124.97","4","","Parlophone UK","C © 2014 Parlophone Records Limited, a Warner Music Group Company., P ℗ 2014 Parlophone Records Limited, a Warner Music Group Company."
"spotify:track:2tpWsVSb9UEmDRxAl1zhX1","Counting Stars","spotify:artist:5Pwc4xIPtQLFEnJriah9YJ","OneRepublic","spotify:album:20lOt6G8MHv8ZO7ViOmiP7","Native","spotify:artist:5Pwc4xIPtQLFEnJriah9YJ","OneRepublic","2013-01-01","https://i.scdn.co/image/ab67616d0000b2739e2f95ae77cf436017ada9cb","1","1","257265","https://p.scdn.co/mp3-preview/6316f6cf12631da62c5b786421b25e66c3ab4ea6?cid=9950ac751e34487dbbe027c4fd7f8e99","false","91","USUM71301306","spotify:user:p8u4bg39u8ew4b58wtkpj73f8","2024-03-01T15:36:15Z","lugn pop","0.663","0.706","1","-4.972","0","0.0383","0.0654","0","0.118","0.474","122.013","4","","Mosley / Interscope","C © 2013 Mosley Music/Interscope Records, P ℗ 2013 Mosley Music/Interscope Records"
"spotify:track:3x2YIvkLcxvZQsA5x6xyIR","Boom Clap","spotify:artist:25uiPmTg16RbhZWAqwLBy5","Charli xcx","spotify:album:0DgLboDoKVcueitwtpQxe2","SUCKER","spotify:artist:25uiPmTg16RbhZWAqwLBy5","Charli xcx","2014-10-17","https://i.scdn.co/image/ab67616d0000b273f25708a82f08e58dcc7271bc","1","6","169866","https://p.scdn.co/mp3-preview/9ace654d50ca2e58e36cf23ec42c432196def289?cid=9950ac751e34487dbbe027c4fd7f8e99","false","61","GBAHS1400160","spotify:user:p8u4bg39u8ew4b58wtkpj73f8","2024-03-01T15:36:15Z","hyperpop,konstpop","0.659","0.911","4","-2.28","1","0.0786","0.154","0.000304","0.191","0.576","91.999","4","","Atlantic Records UK","C © 2014 Asylum Records UK, a division of Atlantic Records UK. A Warner Music Group company, P ℗ 2014 Asylum Records UK, a division of Atlantic Records UK. A Warner Music Group company"
"spotify:track:0qt5f5EL92o8Snzopsv0en","Geronimo","spotify:artist:6VxCmtR7S3yz4vnzsJqhSV","Sheppard","spotify:album:0ecUmBX4469DFW5iWkuHia","Bombs Away","spotify:artist:6VxCmtR7S3yz4vnzsJqhSV","Sheppard","2015-01-12","https://i.scdn.co/image/ab67616d0000b2738a99868b5a57469de83fb9ba","1","1","218227","https://p.scdn.co/mp3-preview/c6051dbaff789b8f1297278375d791b175e065c6?cid=9950ac751e34487dbbe027c4fd7f8e99","false","77","AUIYA1400002","spotify:user:p8u4bg39u8ew4b58wtkpj73f8","2024-03-01T15:36:16Z","","0.706","0.78","7","-6.267","1","0.0795","0.451","0.00141","0.115","0.451","142.029","4","","Decca (UMO)","C © 2014 Decca, a division of Universal Music Operations Limited, P ℗ 2014 Empire Of Song (Australia) Pty Limited, under exclusive licence to Decca, a division of Universal Music Operations Ltd"
"spotify:track:1SN1vSPsr4V4tIUTR3s8YW","Fast Car","spotify:artist:1HBjj22wzbscIZ9sEb5dyf, spotify:artist:2zzpznMuhKlKlqh1ma7Sms","Jonas Blue, Dakota","spotify:album:2xZSrcBmvMw9Y8hac6xU7L","Blue","spotify:artist:1HBjj22wzbscIZ9sEb5dyf","Jonas Blue","2018-11-09","https://i.scdn.co/image/ab67616d0000b2735b6bcc59c3562a6f362344c6","1","5","212424","https://p.scdn.co/mp3-preview/4982dffa383c7dc43ab4232b2c70696ebd953dae?cid=9950ac751e34487dbbe027c4fd7f8e99","false","79","GBUM71507621","spotify:user:p8u4bg39u8ew4b58wtkpj73f8","2024-03-01T15:36:16Z","tropical house","0.672","0.578","9","-6.621","1","0.0569","0.469","0","0.312","0.548","113.945","4","","Positiva","C © 2018 Universal Music Operations Limited, P ℗ 2018 Universal Music Operations Limited"
"spotify:track:1vvNmPOiUuyCbgWmtc6yfm","My Way","spotify:artist:7CajNmpbOovFoOoasH2HaY","Calvin Harris","spotify:album:0dzeoQhVNzKkwM5ieOJC54","My Way","spotify:artist:7CajNmpbOovFoOoasH2HaY","Calvin Harris","2016-09-16","https://i.scdn.co/image/ab67616d0000b2738d12bc5e3ea5c9f4a967de32","1","1","219159","https://p.scdn.co/mp3-preview/ed8d125912048b01914f6e5861742bec125602e8?cid=9950ac751e34487dbbe027c4fd7f8e99","false","79","GBARL1601358","spotify:user:p8u4bg39u8ew4b58wtkpj73f8","2024-03-01T15:36:17Z","edm","0.818","0.913","4","-3.06","0","0.0426","0.093","0.0000369","0.161","0.536","119.986","4","","Columbia","P (P) 2016 Sony Music Entertainment UK Limited"
"spotify:track:5tf1VVWniHgryyumXyJM7w","Sugar (feat. Francesco Yates)","spotify:artist:3t5xRXzsuZmMDkQzgOX35S, spotify:artist:5X1JzPIIonP3u9lA580pPT","Robin Schulz, Francesco Yates","spotify:album:5XyJzEROSmup2TcWmVjTIt","Sugar","spotify:artist:3t5xRXzsuZmMDkQzgOX35S","Robin Schulz","2015-09-25","https://i.scdn.co/image/ab67616d0000b2733c9047f9aa5d0d1e03827039","1","2","219043","https://p.scdn.co/mp3-preview/702017a73955b159f7da9108fff25bcac045b8d6?cid=9950ac751e34487dbbe027c4fd7f8e99","false","85","DEA621501057","spotify:user:p8u4bg39u8ew4b58wtkpj73f8","2024-03-01T15:36:17Z","tropical house","0.636","0.815","5","-5.098","0","0.0581","0.0185","0","0.163","0.636","123.063","4","","Tonspiel","C © 2015 TONSPIEL under exclusive license to Warner Music Group Germany Holding GmbH / A Warner Music Group Company, P ℗ 2015 TONSPIEL under exclusive license to Warner Music Group Germany Holding GmbH / A Warner Music Group Company"
"spotify:track:76hfruVvmfQbw0eYn1nmeC","Cake By The Ocean","spotify:artist:6T5tfhQCknKG4UnH90qGnz","DNCE","spotify:album:3Wv4X8OA65pGpFzBkuUgAh","DNCE","spotify:artist:6T5tfhQCknKG4UnH90qGnz","DNCE","2016-11-18","https://i.scdn.co/image/ab67616d0000b2738d0a75346badc30c8b845be9","1","3","219146","https://p.scdn.co/mp3-preview/f42a9a2157e1b4653ffe9c54c3bb9357c293ead6?cid=9950ac751e34487dbbe027c4fd7f8e99","true","85","USUM71514637","spotify:user:p8u4bg39u8ew4b58wtkpj73f8","2024-03-01T15:36:17Z","","0.774","0.753","4","-5.446","0","0.0517","0.152","0","0.0371","0.896","119.002","4","","Joseph Jonas/Republic Records","C © 2016 Republic Records, a division of UMG Recordings, Inc., P ℗ 2016 Republic Records, a division of UMG Recordings, Inc."
"spotify:track:6M6Tk58pQvABy6ru66dY3d","No Money","spotify:artist:4sTQVOfp9vEMCemLw50sbu","Galantis","spotify:album:7DNmxxEuJe19wNVrinaXx4","The Aviary","spotify:artist:4sTQVOfp9vEMCemLw50sbu","Galantis","2017-09-15","https://i.scdn.co/image/ab67616d0000b27371340c55289f59acb3ecd40f","1","12","191293","https://p.scdn.co/mp3-preview/c7105b25ab2d6694eab53fe184fe8740c12c52a9?cid=9950ac751e34487dbbe027c4fd7f8e99","false","73","USAT21703594","spotify:user:p8u4bg39u8ew4b58wtkpj73f8","2024-03-01T15:36:19Z","","0.674","0.915","6","-3.999","0","0.0411","0.0282","0.00337","0.273","0.78","126.038","4","","Big Beat Records","C © 2017 Atlantic Recording Corporation for the United States and WEA International Inc. for the world outside of the United States. A Warner Music Group Company, P ℗ 2017 Atlantic Recording Corporation for the United States and WEA International Inc. for the world outside of the United States. A Warner Music Group Company"
"spotify:track:13P5rwmk2EsoFRIz9UCeh9","Cool Kids","spotify:artist:1PbBg2aYjWLKRk84zJK15x","Echosmith","spotify:album:1oHY6eQmEG8skElDvFgKz2","Talking Dreams (Deluxe Edition)","spotify:artist:1PbBg2aYjWLKRk84zJK15x","Echosmith","2013-10-04","https://i.scdn.co/image/ab67616d0000b273106fa02aaa287ec63af85aae","1","3","237626","https://p.scdn.co/mp3-preview/2d57e97d9ab849b35b6462fdd736872a2b983849?cid=9950ac751e34487dbbe027c4fd7f8e99","false","76","USWB11301764","spotify:user:p8u4bg39u8ew4b58wtkpj73f8","2024-03-01T15:36:19Z","","0.719","0.671","8","-6.279","1","0.0336","0.0372","0.00000821","0.12","0.786","130.027","4","","Warner Records","C © 2013 Warner Records Inc., P ℗ 2013 Warner Records Inc."
"spotify:track:3eR23VReFzcdmS7TYCrhCe","It Ain't Me (with Selena Gomez)","spotify:artist:23fqKkggKUBHNkbKtXEls4, spotify:artist:0C8ZW7ezQVs4URX5aX7Kqx","Kygo, Selena Gomez","spotify:album:0IUCAsckpNyV4wHKIHQawC","It Ain't Me (with Selena Gomez)","spotify:artist:23fqKkggKUBHNkbKtXEls4, spotify:artist:0C8ZW7ezQVs4URX5aX7Kqx","Kygo, Selena Gomez","2017-02-16","https://i.scdn.co/image/ab67616d0000b27341f289940f2e6a0d51988d77","1","1","220780","https://p.scdn.co/mp3-preview/b78a834a199aaaff9f0b3025077b2ee302f4c701?cid=9950ac751e34487dbbe027c4fd7f8e99","false","82","SEBGA1700015","spotify:user:p8u4bg39u8ew4b58wtkpj73f8","2024-03-01T15:36:19Z","tropical house","0.64","0.533","0","-6.596","1","0.0706","0.119","0","0.0864","0.515","99.968","4","","Kygo","P (P) 2017 Kygo AS under exclusive license to Sony Music Entertainment International Ltd / Ultra Records, LLC"
"spotify:track:7oGZAicScQt96OAW4AruYy","Want to Want Me","spotify:artist:07YZf4WDAMNwqr4jfgOZ8y","Jason Derulo","spotify:album:59eUYETmE1zi31ESb3SUkI","Everything Is 4","spotify:artist:07YZf4WDAMNwqr4jfgOZ8y","Jason Derulo","2015-05-29","https://i.scdn.co/image/ab67616d0000b273519241bcfc352fc3eaaac5db","1","1","207719","https://p.scdn.co/mp3-preview/41c4fc0c9ed13ba61f99841cfee3182d32976686?cid=9950ac751e34487dbbe027c4fd7f8e99","false","81","USWB11503046","spotify:user:p8u4bg39u8ew4b58wtkpj73f8","2024-03-01T15:36:19Z","","0.775","0.68","0","-5.508","0","0.0629","0.00906","0","0.109","0.656","114.025","4","","Beluga Heights/Warner Records","C © 2015 Warner Records Inc., P ℗ 2015 Warner Records Inc."
"spotify:track:7wMq5n8mYSKlQIGECKUgTX","Hall of Fame (feat. will.i.am)","spotify:artist:3AQRLZ9PuTAozP28Skbq8V, spotify:artist:085pc2PYOi8bGKj0PNjekA","The Script, will.i.am","spotify:album:7JOCOjZTcLysDMkZGWlcIj","#3 Deluxe Version","spotify:artist:3AQRLZ9PuTAozP28Skbq8V","The Script","2012-09-10","https://i.scdn.co/image/ab67616d0000b2732e3049fef96abebf336b7366","1","3","202533","https://p.scdn.co/mp3-preview/466ad3f7e7b495b95cc49fdf7eef90fde9ee7cc8?cid=9950ac751e34487dbbe027c4fd7f8e99","false","85","GBARL1201055","spotify:user:p8u4bg39u8ew4b58wtkpj73f8","2024-03-01T15:36:20Z","","0.421","0.873","10","-4.343","1","0.0564","0.0654","0","0.123","0.629","84.786","4","","Epic/Phonogenic","P (P) 2012 Sony Music Entertainment UK Limited"
"spotify:track:3zkWCteF82vJwv0hRLba76","Stitches","spotify:artist:7n2wHs1TKAczGzO7Dd2rGr","Shawn Mendes","spotify:album:0CnQ0JQajNswRjPkNYVG8m","Handwritten","spotify:artist:7n2wHs1TKAczGzO7Dd2rGr","Shawn Mendes","2015-04-14","https://i.scdn.co/image/ab67616d0000b27375bd5306fb4669a15ee74eff","1","2","206880","https://p.scdn.co/mp3-preview/876dc08f43e2aee97a8ac8fb1d4535f6445f5a79?cid=9950ac751e34487dbbe027c4fd7f8e99","false","12","USUM71500658","spotify:user:p8u4bg39u8ew4b58wtkpj73f8","2024-03-01T15:36:21Z","","0.752","0.754","1","-6.684","1","0.0615","0.0151","0","0.0486","0.755","149.789","4","","Island Records","C © 2015 Island Records, a division of UMG Recordings, Inc., P ℗ 2015 Island Records, a division of UMG Recordings, Inc."
"spotify:track:0ct6r3EGTcMLPtrXHDvVjc","The Nights","spotify:artist:1vCWHaC5f2uS3yhpwWbIA6","Avicii","spotify:album:0h2knr6qpiAq0tV5ri5JMF","The Days / Nights","spotify:artist:1vCWHaC5f2uS3yhpwWbIA6","Avicii","2014-01-01","https://i.scdn.co/image/ab67616d0000b2730ae4f4d42e4a09f3a29f64ad","1","2","176658","https://p.scdn.co/mp3-preview/7866e9567e7398035a01f663104ea1c5c28d11b1?cid=9950ac751e34487dbbe027c4fd7f8e99","false","88","CH3131340464","spotify:user:p8u4bg39u8ew4b58wtkpj73f8","2024-03-01T15:36:21Z","edm","0.527","0.835","6","-5.298","1","0.0433","0.0166","0","0.249","0.654","125.983","4","","Universal Music AB","C © 2014 Avicii Music AB, under exclusive license to Universal Music AB, P ℗ 2014 Avicii Music AB, under exclusive license to Universal Music AB"
"spotify:track:213x4gsFDm04hSqIUkg88w","On Top Of The World","spotify:artist:53XhwfbYqKCa1cC15pYq2q","Imagine Dragons","spotify:album:6nxDQi0FeEwccEPJeNySoS","Night Visions","spotify:artist:53XhwfbYqKCa1cC15pYq2q","Imagine Dragons","2012-09-04","https://i.scdn.co/image/ab67616d0000b273407bd04707c463bbb3410737","1","5","192280","https://p.scdn.co/mp3-preview/63c233fd86794fed3c0b3a3ba5e1e4916e1a23bc?cid=9950ac751e34487dbbe027c4fd7f8e99","false","81","USUM71201073","spotify:user:p8u4bg39u8ew4b58wtkpj73f8","2024-03-01T15:36:23Z","","0.63","0.924","0","-5.589","1","0.145","0.0841","0.00000356","0.084","0.763","100.045","4","","Kid Ina Korner / Interscope","C © 2013 KIDinaKORNER/Interscope Records, P ℗ 2013 KIDinaKORNER/Interscope Records"
"spotify:track:5Hroj5K7vLpIG4FNCRIjbP","Best Day Of My Life","spotify:artist:0MlOPi3zIDMVrfA9R04Fe3","American Authors","spotify:album:0V4laGZGshNCpurfIdUhHv","Oh, What A Life","spotify:artist:0MlOPi3zIDMVrfA9R04Fe3","American Authors","2014-01-01","https://i.scdn.co/image/ab67616d0000b273cc761ba55b0e7abad4539abe","1","3","194240","https://p.scdn.co/mp3-preview/caf61e3a88f77f587e097076ac1590f11a590e88?cid=9950ac751e34487dbbe027c4fd7f8e99","false","83","USUM71302187","spotify:user:p8u4bg39u8ew4b58wtkpj73f8","2024-03-01T15:36:24Z","","0.673","0.902","2","-2.392","1","0.0346","0.0591","0.000227","0.0558","0.536","100.012","4","","Island Records","C © 2014 The Island Def Jam Music Group, P ℗ 2014 The Island Def Jam Music Group"
"spotify:track:4jbmgIyjGoXjY01XxatOx6","Dark Horse","spotify:artist:6jJ0s89eD6GaHleKKya26X, spotify:artist:5gCRApTajqwbnHHPbr2Fpi","Katy Perry, Juicy J","spotify:album:3jB9yFDwRe3KhtGnHXJntk","PRISM","spotify:artist:6jJ0s89eD6GaHleKKya26X","Katy Perry","2013-01-01","https://i.scdn.co/image/ab67616d0000b2731e9a057052d59004caf47e22","1","6","215672","https://p.scdn.co/mp3-preview/7251bb524fb32b7f4feae106ade846f568b7177e?cid=9950ac751e34487dbbe027c4fd7f8e99","false","84","USUM71311296","spotify:user:p8u4bg39u8ew4b58wtkpj73f8","2024-03-01T15:36:24Z","pop,crunk","0.647","0.585","6","-6.123","1","0.0512","0.00314","0","0.165","0.353","131.934","4","","Capitol Records (CAP)","C © 2013 Capitol Records, LLC, P ℗ 2013 Capitol Records, LLC"
"spotify:track:3bC1ahPIYt1btJzSSEyyrF","Whistle","spotify:artist:0jnsk9HBra6NMjO2oANoPY","Flo Rida","spotify:album:7eLwoxxWs6lfkVYJGkGNbk","Wild Ones","spotify:artist:0jnsk9HBra6NMjO2oANoPY","Flo Rida","2012-06-22","https://i.scdn.co/image/ab67616d0000b273871d85943145dde548f4ae09","1","1","224653","https://p.scdn.co/mp3-preview/ea7012e8d63798a9bd4ec40e566cb81c5955d18f?cid=9950ac751e34487dbbe027c4fd7f8e99","false","82","USAT21201745","spotify:user:p8u4bg39u8ew4b58wtkpj73f8","2024-03-01T15:36:24Z","","0.747","0.937","0","-5.746","1","0.0453","0.0208","0","0.29","0.739","103.976","4","","Poe Boy/Atlantic","C © 2012 Atlantic Recording Corporation for the United States and WEA International Inc. for the world outside of the United States, P ℗ 2012 Atlantic Recording Corporation for the United States and WEA International Inc. for the world outside of the United States"
"spotify:track:72jbDTw1piOOj770jWNeaG","Paris","spotify:artist:69GGBxA162lTqCwzJG5jLp","The Chainsmokers","spotify:album:4JPguzRps3kuWDD5GS6oXr","Memories...Do Not Open","spotify:artist:69GGBxA162lTqCwzJG5jLp","The Chainsmokers","2017-04-07","https://i.scdn.co/image/ab67616d0000b2730c13d3d5a503c84fcc60ae94","1","8","221506","https://p.scdn.co/mp3-preview/2b043ab3ea679d2e91c5bd827cbf24ef7a2b1b44?cid=9950ac751e34487dbbe027c4fd7f8e99","false","83","USQX91603031","spotify:user:p8u4bg39u8ew4b58wtkpj73f8","2024-03-01T15:36:27Z","","0.653","0.658","2","-6.428","1","0.0304","0.0215","0.00000166","0.0939","0.219","99.99","4","","Disruptor Records/Columbia","P (P) 2017 Disruptor Records/Columbia Records"
"spotify:track:6h5PAsRni4IRlxWr6uDPTP","More Than You Know","spotify:artist:2XnBwblw31dfGnspMIwgWz, spotify:artist:1xNmvlEiICkRlRGqlNFZ43, spotify:artist:6hyMWrxGBsOx6sWcVj1DqP","Axwell /\ Ingrosso, Axwell, Sebastian Ingrosso","spotify:album:6Ei5WWek37m1x9AjpSXTcJ","More Than You Know","spotify:artist:2XnBwblw31dfGnspMIwgWz, spotify:artist:1xNmvlEiICkRlRGqlNFZ43, spotify:artist:6hyMWrxGBsOx6sWcVj1DqP","Axwell /\ Ingrosso, Axwell, Sebastian Ingrosso","2017-07-28","https://i.scdn.co/image/ab67616d0000b273fba6de0b38b0168d480b1a27","1","1","203000","https://p.scdn.co/mp3-preview/5630a95a43cdbf5380f0590b26b6d6e3670101c0?cid=9950ac751e34487dbbe027c4fd7f8e99","false","83","GBUM71701735","spotify:user:p8u4bg39u8ew4b58wtkpj73f8","2024-03-01T15:36:27Z","edm,edm","0.646","0.741","5","-4.973","0","0.034","0.0275","0","0.312","0.571","123.077","4","","Pophouse Entertainment Group","C © 2017 Pophouse, distributed by Universal Music AB, P This Compilation ℗ 2017 Pophouse, distributed by Universal Music AB"
"spotify:track:4nVBt6MZDDP6tRVdQTgxJg","Story of My Life","spotify:artist:4AK6F7OLvEQ5QYCBNiQWHq","One Direction","spotify:album:7p1fX8aUySrBdx4WSYspOu","Midnight Memories (Deluxe)","spotify:artist:4AK6F7OLvEQ5QYCBNiQWHq","One Direction","2013-11-25","https://i.scdn.co/image/ab67616d0000b2732f76b797c382bedcafdf45e1","1","2","245493","https://p.scdn.co/mp3-preview/9c3f89f926a702034ae182e723b2d601c2bd754d?cid=9950ac751e34487dbbe027c4fd7f8e99","false","87","GBHMU1300210","spotify:user:p8u4bg39u8ew4b58wtkpj73f8","2024-03-01T15:36:27Z","","0.6","0.663","3","-5.802","1","0.0477","0.225","0","0.119","0.286","121.07","4","","Syco Music","P (P) 2013 Simco Limited under exclusive license to Sony Music Entertainment UK Limited"
"spotify:track:6PCUP3dWmTjcTtXY02oFdT","Castle on the Hill","spotify:artist:6eUKZXaKkcviH0Ku9w2n3V","Ed Sheeran","spotify:album:3T4tUhGYeRNVUGevb0wThu","÷ (Deluxe)","spotify:artist:6eUKZXaKkcviH0Ku9w2n3V","Ed Sheeran","2017-03-03","https://i.scdn.co/image/ab67616d0000b273ba5db46f4b838ef6027e6f96","1","2","261153","https://p.scdn.co/mp3-preview/f3cb6f2e07da189bbace23509fd9c03d63949292?cid=9950ac751e34487dbbe027c4fd7f8e99","false","83","GBAHS1600462","spotify:user:p8u4bg39u8ew4b58wtkpj73f8","2024-03-01T15:36:29Z","lugn pop","0.461","0.834","2","-4.868","1","0.0989","0.0232","0.0000114","0.14","0.471","135.007","4","","Atlantic Records UK","C © 2017 Asylum Records UK, a division of Atlantic Records UK, a Warner Music Group company., P ℗ 2017 Asylum Records UK, a division of Atlantic Records UK, a Warner Music Group company."
"spotify:track:09CtPGIpYB4BrO8qb1RGsF","Sorry","spotify:artist:1uNFoZAHBGtllmzznpCI3s","Justin Bieber","spotify:album:6Fr2rQkZ383FcMqFyT7yPr","Purpose (Deluxe)","spotify:artist:1uNFoZAHBGtllmzznpCI3s","Justin Bieber","2015-11-13","https://i.scdn.co/image/ab67616d0000b273f46b9d202509a8f7384b90de","1","4","200786","https://p.scdn.co/mp3-preview/eca5a32b13f68f700b06e06ffdc8110e61e232ce?cid=9950ac751e34487dbbe027c4fd7f8e99","false","88","USUM71516760","spotify:user:p8u4bg39u8ew4b58wtkpj73f8","2024-03-01T15:36:29Z","","0.655","0.76","0","-3.669","0","0.045","0.0797","0","0.299","0.409","99.947","4","","RBMG/Def Jam","C © 2015 Def Jam Recordings, a division of UMG Recordings, Inc., P ℗ 2015 Def Jam Recordings, a division of UMG Recordings, Inc."
"spotify:track:0Oe49j06Bjrxs8PltuVeaW","On The Floor - Radio Edit","spotify:artist:2DlGxzQSjYe5N6G9nkYghR, spotify:artist:0TnOYISbd1XYRBk9myaseg","Jennifer Lopez, Pitbull","spotify:album:543NK5YT3RjGmP7nFzWJPm","On The Floor","spotify:artist:2DlGxzQSjYe5N6G9nkYghR, spotify:artist:0TnOYISbd1XYRBk9myaseg","Jennifer Lopez, Pitbull","2011-02-18","https://i.scdn.co/image/ab67616d0000b2735c7fdd07d99c156401073aaa","1","1","230906","https://p.scdn.co/mp3-preview/21a3faab531df2173b21057ec78826822012be84?cid=9950ac751e34487dbbe027c4fd7f8e99","false","79","USUM71100721","spotify:user:p8u4bg39u8ew4b58wtkpj73f8","2024-03-01T15:36:29Z","","0.758","0.686","11","-6.346","1","0.0792","0.0848","0.00133","0.142","0.444","130.008","4","","Nuyorican Productions / IDJ","C © 2011 The Island Def Jam Music Group, P ℗ 2011 The Island Def Jam Music Group"
"spotify:track:1XGmzt0PVuFgQYYnV2It7A","Payphone","spotify:artist:04gDigrS5kc9YWfZHwBETP, spotify:artist:137W8MRPWKqSmrBGDBFSop","Maroon 5, Wiz Khalifa","spotify:album:6ijGiBcBfUwkoyHn5VUHU2","Overexposed Track By Track","spotify:artist:04gDigrS5kc9YWfZHwBETP","Maroon 5","2012-01-01","https://i.scdn.co/image/ab67616d0000b273fc8633e22a7dba6aab817bff","1","4","231173","https://p.scdn.co/mp3-preview/83402aa9890b9fc79e197d1eb0d2c24d26dd0e3f?cid=9950ac751e34487dbbe027c4fd7f8e99","true","88","USUM71203347","spotify:user:p8u4bg39u8ew4b58wtkpj73f8","2024-03-01T15:36:29Z","pop,rap","0.743","0.752","4","-4.813","1","0.0414","0.0188","0","0.287","0.545","110.015","4","","Interscope Records*","C © 2012 A&M/Octone Records, P ℗ 2012 Interscope Records"
"spotify:track:1oew3nFNY3vMacJAsvry0S","Me And My Broken Heart","spotify:artist:0kkxsdcaWmWU2yWAqclDh4","Rixton","spotify:album:02ae5i5UAoFrt2peVox9Xd","Let The Road","spotify:artist:0kkxsdcaWmWU2yWAqclDh4","Rixton","2014-01-01","https://i.scdn.co/image/ab67616d0000b273647377a36072bd08e44dd32b","1","5","193733","https://p.scdn.co/mp3-preview/92a1dd5814d88c95933f7170200e6dbaf9c3b7b7?cid=9950ac751e34487dbbe027c4fd7f8e99","false","78","USUM71401800","spotify:user:p8u4bg39u8ew4b58wtkpj73f8","2024-03-01T15:36:31Z","","0.545","0.783","5","-4.261","0","0.0345","0.00489","0","0.132","0.551","174.084","4","","Silent Records/Giant Little Man","C © 2014 School Boy/Giant Little Man/Mad Love/Interscope Records, P ℗ 2014 School Boy/Giant Little Man/Mad Love/Interscope Records"
"spotify:track:7JJmb5XwzOO8jgpou264Ml","There's Nothing Holdin' Me Back","spotify:artist:7n2wHs1TKAczGzO7Dd2rGr","Shawn Mendes","spotify:album:3wBabo4pmzsYjALMSKY7Iq","Illuminate (Deluxe)","spotify:artist:7n2wHs1TKAczGzO7Dd2rGr","Shawn Mendes","2017-04-20","https://i.scdn.co/image/ab67616d0000b273ea3ef7697cfd5705b8f47521","1","1","199440","https://p.scdn.co/mp3-preview/a484903cc14132afeb3614b674a01c42a45d8109?cid=9950ac751e34487dbbe027c4fd7f8e99","false","89","USUM71702833","spotify:user:p8u4bg39u8ew4b58wtkpj73f8","2024-03-01T15:36:31Z","","0.866","0.811","11","-4.063","0","0.0553","0.375","0","0.078","0.969","121.995","4","","Island Records","C © 2016 Island Records, a division of UMG Recordings, Inc., P This Compilation ℗ 2017 Island Records, a division of UMG Recordings, Inc."
"spotify:track:2hrUO4drrO63i7FYbCLBl2","Rockabye (feat. Sean Paul & Anne-Marie)","spotify:artist:6MDME20pz9RveH9rEXvrOM, spotify:artist:1zNqDE7qDGCsyzJwohVaoX, spotify:artist:3Isy6kedDrgPYoTS1dazA9","Clean Bandit, Anne-Marie, Sean Paul","spotify:album:1MvF4ulZKH7SaDQs9rE5nc","What Is Love? (Deluxe Edition)","spotify:artist:6MDME20pz9RveH9rEXvrOM","Clean Bandit","2018-11-30","https://i.scdn.co/image/ab67616d0000b27337fb0680110fbb107740de5d","1","4","251173","https://p.scdn.co/mp3-preview/dbf4049b4e6c037a9f03f7ce5299e9512d2ae8fa?cid=9950ac751e34487dbbe027c4fd7f8e99","false","80","GBAHS1600363","spotify:user:p8u4bg39u8ew4b58wtkpj73f8","2024-03-01T15:36:31Z","dancehall","0.717","0.73","9","-4.729","0","0.0568","0.383","0","0.398","0.792","102.002","4","","Atlantic Records UK","C © 2018 Atlantic Records UK, a division of Warner Music UK Limited., P ℗ 2018 Atlantic Records UK, a division of Warner Music UK Limited. Tracks 1 & 11 (P) 2017 Atlantic Records UK, a division of Warner Music UK Limited. Tracks 4 & 16 (P) 2016 Atlantic Records UK, a division of Warner Music UK Limited"
"spotify:track:07nH4ifBxUB4lZcsf44Brn","Blame (feat. John Newman)","spotify:artist:7CajNmpbOovFoOoasH2HaY, spotify:artist:34v5MVKeQnIo0CWYMbbrPf","Calvin Harris, John Newman","spotify:album:48zisMeiXniWLzOQghbPqS","Motion","spotify:artist:7CajNmpbOovFoOoasH2HaY","Calvin Harris","2014-10-31","https://i.scdn.co/image/ab67616d0000b2738fba5806a323efd272677c4d","1","3","212960","https://p.scdn.co/mp3-preview/8cc0178f211851bea0780a38757d301509d20bd1?cid=9950ac751e34487dbbe027c4fd7f8e99","false","85","GBARL1400567","spotify:user:p8u4bg39u8ew4b58wtkpj73f8","2024-03-01T15:36:31Z","edm","0.414","0.857","0","-4.078","0","0.0808","0.0287","0.00574","0.343","0.348","128.024","4","","Columbia","P (P) 2014 Sony Music Entertainment UK Limited"
"spotify:track:6Z8R6UsFuGXGtiIxiD8ISb","Safe And Sound","spotify:artist:4gwpcMTbLWtBUlOijbVpuu","Capital Cities","spotify:album:3WrufJir7I61NkvkDwxero","In A Tidal Wave Of Mystery (Deluxe Edition)","spotify:artist:4gwpcMTbLWtBUlOijbVpuu","Capital Cities","2013","https://i.scdn.co/image/ab67616d0000b27313c6cb6a81c8db4dbc8b9924","1","1","192789","https://p.scdn.co/mp3-preview/5e9a012f06d4c8612a3d378cde706104c00ec621?cid=9950ac751e34487dbbe027c4fd7f8e99","false","21","USCA21203108","spotify:user:p8u4bg39u8ew4b58wtkpj73f8","2024-03-01T15:36:34Z","","0.655","0.819","0","-4.852","1","0.0316","0.000176","0.00374","0.104","0.766","117.956","5","","Capital Cities","C © 2014 Lazy Hooks, LLC, Under Exclusive License To Capitol Records, LLC, P ℗ 2014 Lazy Hooks, LLC, Under Exclusive License To Capitol Records, LLC"
"spotify:track:6cpk00i5TxCqSeqNi2HuIe","One More Night","spotify:artist:04gDigrS5kc9YWfZHwBETP","Maroon 5","spotify:album:6ijGiBcBfUwkoyHn5VUHU2","Overexposed Track By Track","spotify:artist:04gDigrS5kc9YWfZHwBETP","Maroon 5","2012-01-01","https://i.scdn.co/image/ab67616d0000b273fc8633e22a7dba6aab817bff","1","2","219546","https://p.scdn.co/mp3-preview/c8080e7c61e8a83df8cee7a59cc77f8b75d24cd5?cid=9950ac751e34487dbbe027c4fd7f8e99","false","83","USUM71203514","spotify:user:p8u4bg39u8ew4b58wtkpj73f8","2024-03-01T15:36:34Z","pop","0.716","0.821","5","-3.435","0","0.0314","0.0558","0","0.0844","0.618","92.997","4","","Interscope Records*","C © 2012 A&M/Octone Records, P ℗ 2012 Interscope Records"
"spotify:track:6RUKPb4LETWmmr3iAEQktW","Something Just Like This","spotify:artist:69GGBxA162lTqCwzJG5jLp, spotify:artist:4gzpq5DPGxSnKTe4SA8HAU","The Chainsmokers, Coldplay","spotify:album:4JPguzRps3kuWDD5GS6oXr","Memories...Do Not Open","spotify:artist:69GGBxA162lTqCwzJG5jLp","The Chainsmokers","2017-04-07","https://i.scdn.co/image/ab67616d0000b2730c13d3d5a503c84fcc60ae94","1","5","247160","https://p.scdn.co/mp3-preview/4e117abe76700eb13e9e0557fa2d9c44b565b9da?cid=9950ac751e34487dbbe027c4fd7f8e99","false","91","USQX91700278","spotify:user:p8u4bg39u8ew4b58wtkpj73f8","2024-03-01T15:36:34Z","","0.617","0.635","11","-6.769","0","0.0317","0.0498","0.0000144","0.164","0.446","103.019","4","","Disruptor Records/Columbia","P (P) 2017 Disruptor Records/Columbia Records"
"spotify:track:3ZFTkvIE7kyPt6Nu3PEa7V","Hips Don't Lie (feat. Wyclef Jean)","spotify:artist:0EmeFodog0BfCgMzAIvKQp, spotify:artist:7aBzpmFXB4WWpPl2F7RjBe","Shakira, Wyclef Jean","spotify:album:5ppnlEoj4HdRRdRihnY3jU","Oral Fixation, Vol. 2 (Expanded Edition)","spotify:artist:0EmeFodog0BfCgMzAIvKQp","Shakira","2005-11-28","https://i.scdn.co/image/ab67616d0000b27327ddd747545c0d0cfe7595fa","1","3","218093","https://p.scdn.co/mp3-preview/6a46c302864c157a79346b485621a36305ceaaa2?cid=9950ac751e34487dbbe027c4fd7f8e99","false","81","USSM10600677","spotify:user:p8u4bg39u8ew4b58wtkpj73f8","2024-03-01T15:36:35Z","latinamerikansk pop","0.778","0.824","10","-5.892","0","0.0707","0.284","0","0.405","0.758","100.024","4","","Epic","P (P) 2005 Sony Music Entertainment (Holland) B.V."
"spotify:track:6Pgkp4qUoTmJIPn7ReaGxL","Without You (feat. Sandro Cavazza)","spotify:artist:1vCWHaC5f2uS3yhpwWbIA6, spotify:artist:5JYo7gm2dkyLLlWHjxS7Dy","Avicii, Sandro Cavazza","spotify:album:1m3mf7xkXIwssVriaaTjOS","AVĪCI (01)","spotify:artist:1vCWHaC5f2uS3yhpwWbIA6","Avicii","2017-08-10","https://i.scdn.co/image/ab67616d0000b273a26cc58b4d64c2ece3376389","1","4","181672","https://p.scdn.co/mp3-preview/45c1b11194cb8964c23c129e04591ccb9c71cbf4?cid=9950ac751e34487dbbe027c4fd7f8e99","true","77","SE5R71700101","spotify:user:p8u4bg39u8ew4b58wtkpj73f8","2024-03-01T15:36:36Z","edm","0.662","0.858","2","-4.844","1","0.0428","0.00163","0","0.0456","0.295","133.993","4","","Universal Music AB","C © 2017 Avicii Music AB, under exclusive license to Universal Music AB, P ℗ 2017 Avicii Music AB, under exclusive license to Universal Music AB"
"spotify:track:2vwlzO0Qp8kfEtzTsCXfyE","Wrecking Ball","spotify:artist:5YGY8feqx7naU7z4HrwZM6","Miley Cyrus","spotify:album:3RDqXDc1bAETps54MSSOW0","Bangerz (Deluxe Version)","spotify:artist:5YGY8feqx7naU7z4HrwZM6","Miley Cyrus","2013-10-04","https://i.scdn.co/image/ab67616d0000b2736b18d0490878750cd69abf2c","1","6","221360","https://p.scdn.co/mp3-preview/e174e5edd688f7ae112ce20b83741e28367d37b8?cid=9950ac751e34487dbbe027c4fd7f8e99","false","84","USRC11301214","spotify:user:p8u4bg39u8ew4b58wtkpj73f8","2024-03-01T15:36:36Z","","0.53","0.422","5","-6.262","1","0.0342","0.407","0","0.107","0.349","119.964","4","","RCA Records Label","P (P) 2013 RCA Records, a division of Sony Music Entertainment"
"spotify:track:3fVnlF4pGqWI9flVENcT28","Wildest Dreams","spotify:artist:06HL4z0CvFAxyc27GXpf02","Taylor Swift","spotify:album:5fy0X0JmZRZnVa2UEicIOl","1989","spotify:artist:06HL4z0CvFAxyc27GXpf02","Taylor Swift","2014-01-01","https://i.scdn.co/image/ab67616d0000b273b7e976d2b35c767f9012cb72","1","9","220440","https://p.scdn.co/mp3-preview/b276b24d68062f55bc63edefe0c9823aa018c3d9?cid=9950ac751e34487dbbe027c4fd7f8e99","false","77","USCJY1431379","spotify:user:p8u4bg39u8ew4b58wtkpj73f8","2024-03-01T15:36:38Z","","0.553","0.664","8","-7.417","1","0.0741","0.0709","0.0056","0.106","0.467","140.06","4","","Taylor Swift","C © 2014 Taylor Swift, P ℗ 2014 Taylor Swift"
"spotify:track:3QGsuHI8jO1Rx4JWLUh9jd","Treat You Better","spotify:artist:7n2wHs1TKAczGzO7Dd2rGr","Shawn Mendes","spotify:album:1ne2D0NxoGyZd31gAM4HNd","Illuminate","spotify:artist:7n2wHs1TKAczGzO7Dd2rGr","Shawn Mendes","2017-04-20","https://i.scdn.co/image/ab67616d0000b2731376b4b16f4bfcba02dc571b","1","4","187973","https://p.scdn.co/mp3-preview/964acb3eecee3568fb10baf97d094b34887fb292?cid=9950ac751e34487dbbe027c4fd7f8e99","false","88","USUM71604711","spotify:user:p8u4bg39u8ew4b58wtkpj73f8","2024-03-01T15:36:38Z","","0.443","0.82","10","-4.091","0","0.34","0.107","0","0.107","0.771","82.697","4","","Island Records","C © 2016 Island Records, a division of UMG Recordings, Inc., P This Compilation ℗ 2017 Island Records, a division of UMG Recordings, Inc."
"spotify:track:37sINbJZcFdHFAsVNsPq1i","Superheroes","spotify:artist:3AQRLZ9PuTAozP28Skbq8V","The Script","spotify:album:6yd9yk8nFcHalXzy7mgaDx","No Sound Without Silence","spotify:artist:3AQRLZ9PuTAozP28Skbq8V","The Script","2014-09-15","https://i.scdn.co/image/ab67616d0000b27359d2079e141301ab89b6cbc5","1","2","245466","https://p.scdn.co/mp3-preview/195c70c6cda7717f5db543a114586bb52b1eced5?cid=9950ac751e34487dbbe027c4fd7f8e99","false","81","GBARL1400978","spotify:user:p8u4bg39u8ew4b58wtkpj73f8","2024-03-01T15:36:38Z","","0.49","0.885","3","-4.121","1","0.0396","0.00218","0","0.0741","0.64","166.996","4","","Columbia","P (P) 2014 Sony Music Entertainment UK Limited"
"spotify:track:3IQF4xCQUPicbA4hWfTxPo","I Lived","spotify:artist:5Pwc4xIPtQLFEnJriah9YJ","OneRepublic","spotify:album:20lOt6G8MHv8ZO7ViOmiP7","Native","spotify:artist:5Pwc4xIPtQLFEnJriah9YJ","OneRepublic","2013-01-01","https://i.scdn.co/image/ab67616d0000b2739e2f95ae77cf436017ada9cb","1","5","234546","https://p.scdn.co/mp3-preview/f81a9290b84a758db43e278aa603de77bb413f6c?cid=9950ac751e34487dbbe027c4fd7f8e99","false","81","USUM71301307","spotify:user:p8u4bg39u8ew4b58wtkpj73f8","2024-03-01T15:36:38Z","lugn pop","0.593","0.85","9","-5.456","1","0.0447","0.0678","0","0.271","0.344","119.984","4","","Mosley / Interscope","C © 2013 Mosley Music/Interscope Records, P ℗ 2013 Mosley Music/Interscope Records"
"spotify:track:1RidHM9BC4M8DpfSQ6YLJh","Up (feat. Demi Lovato)","spotify:artist:3whuHq0yGx60atvA2RCVRW, spotify:artist:6S2OmqARrzebs0tKUEyXyp","Olly Murs, Demi Lovato","spotify:album:41QyJYx6N181E3QxWpC2FW","Never Been Better (Expanded Edition)","spotify:artist:3whuHq0yGx60atvA2RCVRW","Olly Murs","2014-11-24","https://i.scdn.co/image/ab67616d0000b27328a9032c5bdec6b0c0e9e1ba","1","4","224293","https://p.scdn.co/mp3-preview/076e37a52f7407ec9de9fad43280182da12b4353?cid=9950ac751e34487dbbe027c4fd7f8e99","false","68","GBARL1401280","spotify:user:p8u4bg39u8ew4b58wtkpj73f8","2024-03-01T15:36:38Z","","0.692","0.831","9","-5.389","1","0.034","0.0146","0","0.103","0.676","114.972","4","","Epic","P (P) 2020 Sony Music Entertainment UK Limited"
"spotify:track:0dXNQ8dckG4eYfEtq9zcva","All Night","spotify:artist:7gAppWoH7pcYmphCVTXkzs, spotify:artist:4YXycRbyyAE0wozTk7QMEq","The Vamps, Matoma","spotify:album:69Pj3ce9XFZUi3XuQylLKf","Night & Day (Night Edition)","spotify:artist:7gAppWoH7pcYmphCVTXkzs","The Vamps","2017-07-14","https://i.scdn.co/image/ab67616d0000b273f36a4e2e1687e678f29328cb","1","2","197640","https://p.scdn.co/mp3-preview/2705b6a297be4a11d68fba1091ae2a483ec7b679?cid=9950ac751e34487dbbe027c4fd7f8e99","false","72","GBUM71605342","spotify:user:p8u4bg39u8ew4b58wtkpj73f8","2024-03-01T15:36:38Z","tropical house","0.538","0.804","8","-5.194","1","0.0358","0.0041","0","0.33","0.507","144.992","4","","EMI","C © 2017 Virgin EMI Records, a division of Universal Music Operations Limited, P ℗ 2017 Virgin EMI Records, a division of Universal Music Operations Limited"
"spotify:track:0cVyQfDyRnMJ0V3rjjdlU3","Lil Boo Thang","spotify:artist:4zoRNhOhsGX3w8yBAnFSQ8","Paul Russell","spotify:album:1j5AROUr8rq5xb2CXDIH1c","Lil Boo Thang","spotify:artist:4zoRNhOhsGX3w8yBAnFSQ8","Paul Russell","2023-08-18","https://i.scdn.co/image/ab67616d0000b273f1304c61690f550a0d5983b1","1","1","114233","https://p.scdn.co/mp3-preview/e88af5bc933b5fd272b0131a4b83d21df1f7f3c1?cid=9950ac751e34487dbbe027c4fd7f8e99","false","81","USAR12300323","spotify:user:p8u4bg39u8ew4b58wtkpj73f8","2024-03-01T15:46:15Z","","0.85","0.699","0","-3.292","1","0.0776","0.152","0","0.32","0.915","114.481","4","","Arista Records","P (P) 2023 Paul Russell under exclusive license to Arista Records, a division of Sony Music Entertainment"
"spotify:track:44L2bY93uD65CEHWbozpx4","Pink Friday Girls","spotify:artist:0hCNtLu0JehylgoiP8L4Gh","Nicki Minaj","spotify:album:2bYCNZfxZrTUv1CHXkz2d2","Pink Friday 2","spotify:artist:0hCNtLu0JehylgoiP8L4Gh","Nicki Minaj","2023-12-08","https://i.scdn.co/image/ab67616d0000b273651e1dbc0b5218f2306181a1","1","15","166299","https://p.scdn.co/mp3-preview/5556110590ce09d2658c5c824ddc01f6d745c3be?cid=9950ac751e34487dbbe027c4fd7f8e99","true","66","USUM72318696","spotify:user:p8u4bg39u8ew4b58wtkpj73f8","2024-03-01T15:46:26Z","","0.743","0.785","11","-5.154","1","0.0668","0.0713","0","0.107","0.192","127.014","4","","Republic Records","C © 2023 Republic Records, a division of UMG Recordings, Inc., P ℗ 2023 Republic Records, a division of UMG Recordings, Inc."
"spotify:track:17OqI90oTFZ3J8PVu6j07V","Voulez-Vous","spotify:artist:0LcJLqbBmaGUft1e9Mm8HV","ABBA","spotify:album:7iLuHJkrb9KHPkMgddYigh","Voulez-Vous","spotify:artist:0LcJLqbBmaGUft1e9Mm8HV","ABBA","1979","https://i.scdn.co/image/ab67616d0000b273aa22899360d8ba6704732dec","1","2","309173","https://p.scdn.co/mp3-preview/adb0760cf03e97f3a142a89964afceffa9e323b1?cid=9950ac751e34487dbbe027c4fd7f8e99","false","76","SEAYD7901020","spotify:user:p8u4bg39u8ew4b58wtkpj73f8","2024-03-13T11:40:32Z","","0.708","0.774","11","-6.931","0","0.0372","0.149","0.00109","0.169","0.903","126.636","4","","Polar Music International AB","C © 2001 Polar Music International AB, P This Compilation ℗ 2001 Polar Music International AB"
"spotify:track:7rlCeTnjn0plPZkVAcctPZ","Bills","spotify:artist:2iUbk5KhZYZt4CRvWbwb7S","LunchMoney Lewis","spotify:album:6ItEjseW8RWuVTDLd1vcnp","Bills","spotify:artist:2iUbk5KhZYZt4CRvWbwb7S","LunchMoney Lewis","2015-02-05","https://i.scdn.co/image/ab67616d0000b27304ce014b55b3e6c812e22242","1","1","204600","https://p.scdn.co/mp3-preview/5841a9ea6571e40083940248d216a127a84d79eb?cid=9950ac751e34487dbbe027c4fd7f8e99","true","62","USSM11500429","spotify:user:p8u4bg39u8ew4b58wtkpj73f8","2024-03-15T15:00:11Z","","0.699","0.747","5","-3.453","1","0.0964","0.274","0","0.486","0.683","126.001","4","","Kemosabe Records/RCA Records","P (P) 2015 Kemosabe Records, under exclusive license to Columbia Records, a Division of Sony Music Entertainment"
"spotify:track:3rUGC1vUpkDG9CZFHMur1t","greedy","spotify:artist:45dkTj5sMRSjrmBSBeiHym","Tate McRae","spotify:album:3UOV8XvCwMKaATRNXrYCjN","greedy","spotify:artist:45dkTj5sMRSjrmBSBeiHym","Tate McRae","2023-09-15","https://i.scdn.co/image/ab67616d0000b27322fd802bc61db666c7c81aa8","1","1","131872","https://p.scdn.co/mp3-preview/2988a51e706f891d4ed1d60a3e4660c30906135e?cid=9950ac751e34487dbbe027c4fd7f8e99","true","91","USRC12301932","spotify:user:p8u4bg39u8ew4b58wtkpj73f8","2024-03-15T15:04:16Z","","0.749","0.729","6","-3.19","0","0.0321","0.261","0","0.113","0.816","111.004","1","","RCA Records Label","P (P) 2023 RCA Records, a division of Sony Music Entertainment"
"spotify:track:68mOSKT4uBkKddEAhlMO61","Home","spotify:artist:52N3KGrTWDRhdQJrgBTofE","Good Neighbours","spotify:album:140NIeh2n6kSX9BHAsvlwy","Home","spotify:artist:52N3KGrTWDRhdQJrgBTofE","Good Neighbours","2024-01-17","https://i.scdn.co/image/ab67616d0000b273a1cbd333da5cc7ae8f5981fb","1","1","157485","https://p.scdn.co/mp3-preview/2b14bbe49efe7aaaa943de8c8913e3a49e9f0a61?cid=9950ac751e34487dbbe027c4fd7f8e99","false","83","GBUM72400322","spotify:user:p8u4bg39u8ew4b58wtkpj73f8","2024-03-15T15:04:34Z","","0.584","0.673","6","-4.444","1","0.0298","0.0296","0.0614","0.121","0.138","77.002","4","","Some Action","C © 2024 Friendly Faces Records Limited, under exclusive license to Universal Music Operations Limited, P ℗ 2024 Friendly Faces Records Limited, under exclusive license to Universal Music Operations Limited"
"spotify:track:2FDTHlrBguDzQkp7PVj16Q","Sprinter","spotify:artist:6Ip8FS7vWT1uKkJSweANQK, spotify:artist:5H4yInM5zmHqpKIoMNAx4r","Dave, Central Cee","spotify:album:5l0QlaI3wdZpE7ggoO5Rwg","Sprinter","spotify:artist:6Ip8FS7vWT1uKkJSweANQK, spotify:artist:5H4yInM5zmHqpKIoMNAx4r","Dave, Central Cee","2023-06-01","https://i.scdn.co/image/ab67616d0000b273e3a09a9ae3f1fa102c110e60","1","1","229133","https://p.scdn.co/mp3-preview/2e97b9631a29437339458578ad607eb22d23663a?cid=9950ac751e34487dbbe027c4fd7f8e99","true","85","GBUM72305159","spotify:user:p8u4bg39u8ew4b58wtkpj73f8","2024-03-15T15:05:33Z","grime,brittisk grime,brittisk drill,drill,brittisk drill,drill,brittisk grime,grime","0.918","0.681","1","-4.705","1","0.201","0.263","0","0.0615","0.706","139.057","4","","Neighbourhood / Live Yours","C © 2023 Neighbourhood / Live Yours, P ℗ 2023 Neighbourhood / Live Yours"
"spotify:track:5zuPzhnGl0DRRWmquMi2MP","Man In Finance (G6 Trust Fund)","spotify:artist:3bY2XiDYvps2HqyLXijxgy, spotify:artist:5PoZtBo8xZKqPWlZrIDq82","Girl On Couch, Billen Ted","spotify:album:3d3AJIkcxgFjeJV4LbwcFs","Man In Finance (G6 Trust Fund)","spotify:artist:3bY2XiDYvps2HqyLXijxgy, spotify:artist:5PoZtBo8xZKqPWlZrIDq82","Girl On Couch, Billen Ted","2024-05-17","https://i.scdn.co/image/ab67616d0000b273b219dc3fd6601bbbcd21132f","1","1","151405","https://p.scdn.co/mp3-preview/1d799c762a7ae53b810cbd5cf0c85710e11fe770?cid=9950ac751e34487dbbe027c4fd7f8e99","false","8","DEUM72405937","spotify:user:p8u4bg39u8ew4b58wtkpj73f8","2024-06-21T14:04:49Z","","0.648","0.933","7","-3.947","0","0.0651","0.00273","0.018","0.14","0.402","127.967","4","","Virgin","C © 2024 Girl On Couch, under exclusive license to Universal Music GmbH, P ℗ 2024 Girl On Couch, under exclusive license to Universal Music GmbH"
"spotify:track:12KUFSHFgT0XCoiSlvdQi4","Break Free","spotify:artist:66CXWjxzNUsdJxJ2JdwvnR, spotify:artist:2qxJFvFYMEDqd7ui6kSAcq","Ariana Grande, Zedd","spotify:album:6EVYTRG1drKdO8OnIQBeEj","My Everything (Deluxe)","spotify:artist:66CXWjxzNUsdJxJ2JdwvnR","Ariana Grande","2014-08-22","https://i.scdn.co/image/ab67616d0000b273deec12a28d1e336c5052e9aa","1","5","214840","https://p.scdn.co/mp3-preview/86e074aa8cf7cb9930b5c28415dc7b3a56e5d3ce?cid=9950ac751e34487dbbe027c4fd7f8e99","false","82","USUM71409719","spotify:user:p8u4bg39u8ew4b58wtkpj73f8","2024-10-18T13:50:50Z","pop,edm","0.686","0.702","7","-5.325","0","0.0455","0.00637","0.0000446","0.204","0.29","129.948","4","","Universal Records","C © 2014 Republic Records, a division of UMG Recordings, Inc., P ℗ 2014 Republic Records, a division of UMG Recordings, Inc."
"spotify:track:7pYfyrMNPn3wtoCyqcTVoI","Moves Like Jagger - Studio Recording From ""The Voice"" Performance","spotify:artist:04gDigrS5kc9YWfZHwBETP, spotify:artist:1l7ZsJRRS8wlW3WfJfPfNS","Maroon 5, Christina Aguilera","spotify:album:1snrPQMoTrBsKl73wzSxbn","Hands All Over (Revised International Standard version)","spotify:artist:04gDigrS5kc9YWfZHwBETP","Maroon 5","2010","https://i.scdn.co/image/ab67616d0000b2739585ff55fff75c5c07a619cb","1","13","201493","https://p.scdn.co/mp3-preview/8d8c60dd93ba3d04e8e3c3eaaa8fc4f84d3fd9fe?cid=9950ac751e34487dbbe027c4fd7f8e99","false","84","USUM71109132","spotify:user:p8u4bg39u8ew4b58wtkpj73f8","2024-10-18T13:50:53Z","pop","0.722","0.761","11","-4.46","0","0.0475","0.0119","0","0.315","0.624","128.046","4","","Interscope Records*","C © 2011 A&M/Octone Records, P ℗ 2011 Interscope Records"
"spotify:track:5OFVzqSeFxGpvDGyHvVeLj","It's Not Right But It's Okay","spotify:artist:19VDJ9IKyBSUMDJxLsasP6","Mr. Belt & Wezol","spotify:album:116jZe8fEmfjKBh4d8ZcDO","It's Not Right But It's Okay","spotify:artist:19VDJ9IKyBSUMDJxLsasP6","Mr. Belt & Wezol","2024-02-23","https://i.scdn.co/image/ab67616d0000b27303f9f7783244b38aec79cb6d","1","1","152304","https://p.scdn.co/mp3-preview/f2707ee6ec693e38142c3307ba217fbf754a4748?cid=9950ac751e34487dbbe027c4fd7f8e99","false","83","NLP762300246","spotify:user:p8u4bg39u8ew4b58wtkpj73f8","2024-10-18T13:51:22Z","future house,house","0.755","0.86","5","-4.811","0","0.0523","0.0144","0.00000747","0.344","0.618","128.004","4","","Sony Music Entertainment","P (P) 2024 Sony Music Entertainment Netherlands B.V."
"spotify:track:1Je1IMUlBXcx1Fz0WE7oPT","Wannabe","spotify:artist:0uq5PttqEjj3IH1bzwcrXF","Spice Girls","spotify:album:3x2jF7blR6bFHtk4MccsyJ","Spice","spotify:artist:0uq5PttqEjj3IH1bzwcrXF","Spice Girls","1996-01-01","https://i.scdn.co/image/ab67616d0000b27363facc42e4a35eb3aa182b59","1","1","173026","https://p.scdn.co/mp3-preview/4f557870cbdb569a7c99a62df97f71358d3b8da3?cid=9950ac751e34487dbbe027c4fd7f8e99","false","84","GBAAA9600008","spotify:user:p8u4bg39u8ew4b58wtkpj73f8","2024-11-22T14:50:45Z","","0.768","0.864","11","-6.149","1","0.0324","0.101","0","0.162","0.891","110.009","4","","Virgin Records","C © 1996 Virgin Records Limited, P ℗ 1996 Virgin Records Limited"
"spotify:track:0TwBtDAWpkpM3srywFVOV5","Crazy In Love (feat. JAY-Z)","spotify:artist:6vWDO969PvNqNYHIOW5v0m, spotify:artist:3nFkdlSjzX9mRTtwJOzDYB","Beyoncé, JAY-Z","spotify:album:06v9eHnqhMK2tbM2Iz3p0Y","Dangerously In Love","spotify:artist:6vWDO969PvNqNYHIOW5v0m","Beyoncé","2003-03-10","https://i.scdn.co/image/ab67616d0000b273a9fd4a0405945cd51e8de130","1","1","235933","https://p.scdn.co/mp3-preview/bcd82e2e27606ec0a0d024e10dfdec5c58188a53?cid=9950ac751e34487dbbe027c4fd7f8e99","false","84","USSM10305425","spotify:user:p8u4bg39u8ew4b58wtkpj73f8","2024-11-22T14:51:20Z","hiphop,east coast hiphop,rap","0.664","0.759","2","-6.583","0","0.209","0.00238","0","0.0598","0.701","99.252","4","","Columbia","P (P) 2003 Sony Music Entertainment Inc."
"spotify:track:78JGdUz8IxGBaBpZo9BYKv","Hey Blondie (From Barbie The Album)","spotify:artist:6USv9qhCn6zfxlBQIYJ9qs","Dominic Fike","spotify:album:4xkTjrcq1DSA8fZ09ILDm5","Hey Blondie (From Barbie The Album)","spotify:artist:6USv9qhCn6zfxlBQIYJ9qs","Dominic Fike","2023-07-05","https://i.scdn.co/image/ab67616d0000b2732997c2931fe13cebbcce1505","1","1","141807","https://p.scdn.co/mp3-preview/676841754fc65043fb464ed19f3c3b2edc007a4b?cid=9950ac751e34487dbbe027c4fd7f8e99","false","48","USAT22307076","spotify:user:p8u4bg39u8ew4b58wtkpj73f8","2024-12-04T09:52:08Z","","0.722","0.762","6","-8.819","0","0.0443","0.606","0.0159","0.101","0.716","108.007","4","","Atlantic Records","C © 2023 Sandy Boys, LLC., under exclusive license to Columbia Records, a Division of Sony Music Entertainment, P ℗ 2023 Sandy Boys, LLC., under exclusive license to Columbia Records, a Division of Sony Music Entertainment"
"spotify:track:4kP69y3GKHi9tXckfgp4bK","For Once In My Life","spotify:artist:7guDJrEfX3qb6FEbdPA5qi","Stevie Wonder","spotify:album:3pPBbp1Nl9n1AM9xFpdKtZ","For Once In My Life","spotify:artist:7guDJrEfX3qb6FEbdPA5qi","Stevie Wonder","1968-12-01","https://i.scdn.co/image/ab67616d0000b2734629fe1633a7d9460fe1e28b","1","1","169800","https://p.scdn.co/mp3-preview/fdd50098d238c4063a61c1057cc8587728fc5510?cid=9950ac751e34487dbbe027c4fd7f8e99","false","76","USMO16800531","spotify:user:p8u4bg39u8ew4b58wtkpj73f8","2024-12-04T09:52:20Z","motown,klassisk soul,soul","0.524","0.519","6","-11.903","1","0.043","0.195","0","0.523","0.847","110.121","4","","Motown","C © 1998 The Motown Record Company LP, P ℗ 1968 The Motown Record Company LP"
"spotify:track:7zMUCLm1TN9o9JlLISztxO","Burning Love","spotify:artist:43ZHCT0cAZBISjO8DG9PnE","Elvis Presley","spotify:album:3gpHiNAmT5oXVxe6ewTGuN","Elvis (Fool)","spotify:artist:43ZHCT0cAZBISjO8DG9PnE","Elvis Presley","1973-07-16","https://i.scdn.co/image/ab67616d0000b273524e9e45a2e0067b8189a92e","1","13","170293","https://p.scdn.co/mp3-preview/cdfad3ecd149e4843e9af7def31cf244a9511988?cid=9950ac751e34487dbbe027c4fd7f8e99","false","78","USRC18705934","spotify:user:p8u4bg39u8ew4b58wtkpj73f8","2024-12-04T09:52:21Z","rockabilly,rock and roll","0.66","0.748","2","-11.206","1","0.0284","0.0993","0.00585","0.283","0.972","143.549","4","","RCA/Legacy","P (P) 1973 Sony Music Entertainment"
"spotify:track:3pf96IFggfQuT6Gafqx2rt","Sunny","spotify:artist:54R6Y0I7jGUCveDTtI21nb","Boney M.","spotify:album:1KQUrny9y5zGpktF6hAGd4","Take The Heat Off Me","spotify:artist:54R6Y0I7jGUCveDTtI21nb","Boney M.","1976","https://i.scdn.co/image/ab67616d0000b273dafd1cd6e9537ec8463ea691","1","3","242240","https://p.scdn.co/mp3-preview/dd07d16b7a206e52cb678355c9a061e20bc62c5e?cid=9950ac751e34487dbbe027c4fd7f8e99","false","76","DED168000002","spotify:user:p8u4bg39u8ew4b58wtkpj73f8","2024-12-04T09:52:22Z","disco","0.647","0.868","0","-6.427","0","0.106","0.088","0.124","0.129","0.804","121.82","4","","MCI","P (P) 1976/2007 SONY BMG MUSIC ENTERTAINMENT (GERMANY) GmbH"
"spotify:track:1jJci4qxiYcOHhQR247rEU","Kids","spotify:artist:0SwO7SWeDHJijQ3XNS7xEE","MGMT","spotify:album:6mm1Skz3JE6AXneya9Nyiv","Oracular Spectacular","spotify:artist:0SwO7SWeDHJijQ3XNS7xEE","MGMT","2007-12-14","https://i.scdn.co/image/ab67616d0000b2738b32b139981e79f2ebe005eb","1","5","302840","https://p.scdn.co/mp3-preview/efb065069d22384206b0fc703c6f99734d33411d?cid=9950ac751e34487dbbe027c4fd7f8e99","false","86","USSM10702135","spotify:user:p8u4bg39u8ew4b58wtkpj73f8","2024-12-04T09:52:24Z","indie","0.451","0.931","9","-3.871","1","0.0719","0.00076","0.0049","0.361","0.172","122.961","4","","Red Ink/Columbia","P (P) 2007 SONY BMG MUSIC ENTERTAINMENT"
